unique_id,entity_id,split
000dc27cceeed100ebda6c8c,entity_4343,validation
0011a44f2a7f5cc56f62c7f0,entity_1093,test
001781ac9d9dbc549c8096ef,entity_1012,train
001904e261dd8efd5805ca68,entity_4513,test
0022bfa7ccf69dda4166284b,entity_3148,test
002b40e224cc51cfe29a758f,entity_3327,train
002ec7f3a1ccdb153b5a8990,entity_2506,validation
00326e736d8dcee43a6e5526,entity_2183,train
00391715327d682a6df11e8b,entity_2139,train
003aa7ae412426c11908d677,entity_1480,train
00501ea457ab9cd2ba9b6745,entity_0200,train
0052d4a9d5b973bb0399be0c,entity_2815,train
005d8b6f534350db8a4c9c67,entity_0047,test
005e4280bb274b4c79ca65cd,entity_4984,train
0063f3b637d2fc9ce804f936,entity_4329,test
006d4f809b8fd26531538ff1,entity_0559,train
00795ddcab3d508f9be9a625,entity_4303,train
007b0386301e35aa94a8289d,entity_2370,train
00837c48c484c5ce1655cf21,entity_2012,train
008aab9087f9a92faab24bf4,entity_4102,train
008feff30c969c3867909a1d,entity_0071,train
00a8239dad6fc2b46ec3f53e,entity_1357,train
00ae64be2263735e9ed5cc5e,entity_2015,train
00af14e9ee3357ccf2f4e6dc,entity_0945,train
00b008db164ec03f7b029de6,entity_3939,test
00b1f9a8db3eb823ae2b7c6d,entity_1323,train
00beb25b2d9377d4aa494f77,entity_3753,validation
00c2de3cc2ed7f855883a71d,entity_2798,train
00cfc42ff9888130537fe499,entity_2187,train
00d8cdacbfb9794a81853091,entity_1539,train
00d9a85a76ce978fb6738349,entity_0169,train
00e42dcbbfed54272c49219c,entity_0270,train
00e9a9ce12afd7b01d40bd2f,entity_3795,validation
00f4cd34432d4fabb66b9ab5,entity_2441,train
01064822a7b50d740beca971,entity_1178,train
010950b4f5f14c3d3a082631,entity_0500,train
010b0980e5a039b0cb5abbff,entity_1584,train
010b0fc6310ac558862859a5,entity_2166,train
010b76ef0b4b24a05646dda7,entity_4732,test
010be53689717bb566521d52,entity_2473,train
010beae5eb77f4d0d76bec8d,entity_1472,test
0114c5517a74a76556640237,entity_1224,validation
01166e2500b8b7da33773227,entity_4702,test
01188dd8ffc49b7bee32eac1,entity_2156,train
011fae7e2d3276fd6d5b5273,entity_2369,train
012281b589d1cb770dc3d8f3,entity_2195,train
012b650bd185c1f84fce5792,entity_1765,train
012f0c6e5880ad21e769482d,entity_2027,test
012ff3639674fc2b1b91b7dd,entity_1399,validation
0132ca50f5fe0010cd33349b,entity_3833,test
013529d3edbab84cc6a36f3c,entity_3667,test
01391eb4d1ed6d45d6fc4407,entity_0732,test
013d9ae48261facc4152713d,entity_3063,test
013ed666dccf1f0544e1f0b5,entity_0447,train
0141a09e8f30e491d14be053,entity_4341,train
014981275d559d63fd947b22,entity_2076,train
0152e036013be3ef956353e3,entity_4086,test
01584de0ca31ba58bb8d3ec6,entity_1829,train
015af98f0ff0a643bbc06b5b,entity_4672,test
015f4dc67b44295b1b8b9ca2,entity_0105,train
016c5ae33e52cdb0068355f1,entity_1705,validation
016c6da4e2db9cca3f9aadb9,entity_1345,train
017307d338a66c1a98e4c59d,entity_3984,train
017340a8eca30cc60a46688a,entity_2924,train
0174f4d03aaf2c317ec245b5,entity_2428,train
01798054fef7a1445a9f1070,entity_4374,validation
017d1ebacb132b4a98ecffcd,entity_1203,test
017f3edbd715808a72fefcfa,entity_1249,train
018db0aee6f8ff2542be3217,entity_2359,train
018ef9c8e36d81cd67e75fc8,entity_3107,train
019b832bfa8991197620ac33,entity_0306,train
01a12ca2922174557c586dd9,entity_0167,train
01a28b486501615554e64bde,entity_0730,train
01a36a343717e1d925f1195f,entity_4358,test
01a3eb0d8e05ee4ff8ef7543,entity_2827,test
01b32fe7822def83e3261e2d,entity_0533,train
01bfcf1f5bcc307cb6cc2ebe,entity_3304,test
01c3aeefc751406acf79e0cd,entity_3991,validation
01cede88cda8bac4602fb1d4,entity_4255,test
01d238402e931cba078df328,entity_3487,train
01d2c44b54eaa3fb1b3ea945,entity_3204,test
01d538fe2138691b2296dc1c,entity_3024,train
01d832c1acb3865ffeea0a00,entity_4752,test
01d8c2d06fd3a8e16aa468d9,entity_1837,train
01db204a27550adb5fdcc6a6,entity_1969,train
01e16c9d2ed952ea635fb971,entity_3074,train
01e5b89eeec49372505933ba,entity_3210,train
01ef7881871211c30bd3a45d,entity_4233,train
01f19c7f87fd742699c725e3,entity_3230,train
01f53ccfeae78807e1cf6980,entity_1283,train
021ba8437eb492b4373ee7e8,entity_1714,validation
021da7fd14b631985432b30b,entity_3264,train
0223a9e3f6c29e9c90b5fd93,entity_3641,validation
022aa6a35c2e69d54177441b,entity_4643,train
022d81673f63b6e0ef65a168,entity_2320,train
0233290d60c917fa3f6f84d2,entity_2510,test
0238045a98c37bb512eead82,entity_0967,train
023fbd7b0bb8648e4396abc8,entity_3322,test
0241eb2a4e6588b1fb282635,entity_4017,train
0247b2ddb0bd2512126003e8,entity_4819,test
0256e141c130b4e63fd946ad,entity_4568,train
0259d8ab3a15e1a2bdb78e76,entity_0212,train
026920233de86f10ebb50356,entity_4923,train
02694caa4e55789a5a70ad6e,entity_2103,train
0269eb2fe401341b2f3603bd,entity_3412,test
026d381185df76c51d5c64cb,entity_4931,train
026f7d61de873fc1a04d092b,entity_2393,test
0272ea749503f667d3c9ceef,entity_0564,train
027af75c9dcc98b68b3733b5,entity_3481,train
027b4258da8861de8899c26a,entity_3217,test
028666dcc9c5cbe5f296171f,entity_1128,train
028d0c2a6bf91ba6c14245da,entity_0843,train
0297b7aff76e59c466e5fe75,entity_2137,test
02a44e97b637dc268315228a,entity_1239,test
02a5409612616f811347c0f1,entity_1828,train
02a639baa57c91249d485d25,entity_1577,test
02ad2809e948527459828fdb,entity_4504,test
02b06fb673d83a360580e229,entity_1748,train
02b876038e18a9b66bd36293,entity_3589,train
02bbae407ee3a77bfa35c17d,entity_3016,test
02c18dd4d156e9f24260aeed,entity_2102,train
02c51a7de010558081541588,entity_2967,train
02cbf7968a129ad9e12ffa85,entity_0709,train
02d3a0a255d52cf4a3b231ce,entity_3546,train
02e07a374dd44a95a044da96,entity_0779,test
02e69a159a021a78382f998c,entity_2389,test
02f4f9be2e73d1e09363545c,entity_3771,train
03026b27570feac6f7d55a13,entity_4517,validation
0302f861f6e8f032bffe6117,entity_4106,train
0304394e730a6db2adc07572,entity_2684,train
030baef0223801ea8e4412bb,entity_3173,train
030bdd065639c4ae73d4d684,entity_3911,train
0314ea27d10138081189bd1a,entity_4536,test
03179ae05e38e49cf55bb456,entity_1349,train
032572b13189a478ee9478f4,entity_4305,train
032846fe12dd221f9cce5a63,entity_2631,validation
032b04ce4c038f8c5f779b66,entity_3948,train
032b09fbc4f168cbedfa028d,entity_2047,train
0335dc3f43cd07b54e46a9e8,entity_1077,train
033deb0b0db85a49ba790cb3,entity_4900,train
03400ca869e18e92a007e3c0,entity_2067,train
0341c108db9b11b659f430b7,entity_3356,train
03439c4904f51b4ec43a3374,entity_1795,validation
0345ec7f20451b8b38ffa9fb,entity_4989,test
034961abe89d89cb743a9591,entity_0743,train
035b7664a7eeb58a3e7c90ec,entity_4262,train
0364549b0ac07f1105900810,entity_2774,train
03677b86f60f72b4e17c2c45,entity_0561,train
03684f290dedaa7662981d4e,entity_4488,test
0368942def253511c5020502,entity_2568,train
03695270706dc58c194d0e47,entity_2113,test
036b25b70c37572b2b4439d3,entity_3131,train
037b98b44e6c50042047b497,entity_1428,train
0387644bea82106c56c73d7a,entity_1519,train
03890d1aa2b9f4dca06118c9,entity_0771,validation
038b7093a1d213b7ccb80a1d,entity_1085,train
038dda31e5f68b5f9c004717,entity_0852,train
0393afe289e5dc2979b1e9f3,entity_3295,train
0393dd841e24768423040a4e,entity_3966,train
0394ac61a9660d758eb599b2,entity_0478,train
039f7b2bfac5c75c4789037c,entity_3611,validation
03b05be8b21ad5a31577ae16,entity_4015,train
03b06d483c0d5d9912c2ec73,entity_0751,validation
03b1f79b6cafad4732a26f7b,entity_4169,test
03b27083843c5828d28c7462,entity_3928,test
03c4534007d7b7a3d0a2cd46,entity_0942,train
03d196fbf9917759ed822c18,entity_3064,test
03d4e2494899d1bef0dc935e,entity_2306,train
03d65b8572c9c005e625b0ff,entity_4158,test
03d8862c2b62e309679b23d3,entity_2991,train
03e1717c75d31dbfcf6d310a,entity_3978,train
03e3d4853e1ada4f64b08ff1,entity_1853,train
03fa6cae34bb7c3d691df540,entity_0720,train
040185e112c82cf6581f08bc,entity_2826,train
040225221718236b4305aa7f,entity_0830,validation
0403c72398d739edaaaef382,entity_2443,train
04187f6e0c31968cf012b5dc,entity_3639,test
041d2c4368f1a77549b822ca,entity_0268,train
041e9d1cc0e5c1065fdfc118,entity_2310,train
0429c1ceb3389283caf39f65,entity_3054,train
042a3aa810f9f43bd77440c6,entity_0632,test
042ae7ff60cb1110ca495a17,entity_1141,train
042df0236be8e71cf6a14869,entity_1659,train
042e3b013f3d2188894de219,entity_0379,train
0434490b58dd03e67fb8e1c2,entity_0252,validation
04365141e8d033bc5a29d4db,entity_0561,train
04402341b8c336c1d4d19570,entity_2706,train
04413979bec3e1834cb97c5b,entity_4260,test
044b91dbde35c6f868572bd3,entity_0598,train
045725fcb6bbe746f8f65c6f,entity_4379,train
04680d28743d007fa0e902bc,entity_0610,validation
046a049b7be65c10b6e5b5a1,entity_2179,train
046a97ac36683723f337485f,entity_1518,train
047261471b82854ab1930aa3,entity_3608,train
047ca912fc50e897cd9d2445,entity_2933,validation
047d0e2e08ddd79fc9233cc9,entity_1278,train
048910c0c2eca2eddc61cca8,entity_0052,test
0489154d0ecafb721917c7ec,entity_2386,train
0494adb0b82db9a0beb13f43,entity_1100,test
049f4b864f6a247362d3825e,entity_1229,train
04a17cea0568936a40398e09,entity_3831,validation
04a41ee8079d68cec0df0b39,entity_4500,train
04aa5167dd6c8b90560b8be0,entity_0821,test
04afe2846e5c36a3f7dae36a,entity_0846,validation
04b10377081a175c35cef115,entity_3387,test
04d19ef74afb1c3fd4f071eb,entity_3605,validation
04d492b4740fa81fc924b397,entity_4319,train
04d78af558bb278105284513,entity_3025,train
04d9abc4ffb86d355f548955,entity_4101,validation
04dec3986697e9404b4dca2b,entity_2273,train
04e34edf0264dfd6a07314b8,entity_4708,train
04e9bf57b2cb5ea1e78a21cd,entity_4612,validation
04ea3e4076a91f7b13514ed2,entity_3728,test
04f6f4465f520123e53d4d59,entity_0772,train
0505ce3c1ff55b0e8a82ae50,entity_0627,train
0509b4fdbbe8bb84938220a6,entity_2053,train
050c4e2e4d72a06df917cbd1,entity_1903,train
05155de694ec7ba893bb2d3a,entity_4648,train
051f1d65fa3049dc992c2967,entity_3763,train
052ea7909ace65863b00fbb4,entity_3103,train
052ebd7375c754b0cb009355,entity_4854,train
053587bc4fd6621b56c3bc75,entity_4115,train
0535b02d52fe7db3c8822a14,entity_3647,train
0535f089abc647137d3aa73b,entity_1269,train
05385061db4525a20fc3f6a9,entity_0936,train
0547f866c512782235ffd88e,entity_3417,validation
0549eca12290131d2e313818,entity_0206,test
0552db7475737613da53cb8a,entity_4175,test
055c44bf3050738f65193735,entity_4351,train
055cd85f4a6677cbe30836ae,entity_1686,train
0561ca6f910d7b324295f001,entity_4806,train
05627ef02417f6e218154698,entity_3742,train
05701ea2c77fc6d4c646fdc6,entity_3859,train
0572ffa625b148f0c31ba403,entity_3750,train
05731453ed6aac74a82a83f4,entity_0257,train
057b01b73be758a121d7c76a,entity_3987,train
058ddc81865818042e98e8d0,entity_2643,train
05965687b8c23c2489ada21e,entity_0925,validation
05ab757000e7ab4b011ae275,entity_4921,train
05b0589d8ca5e52280f7907a,entity_4699,train
05b0f3b295904137ed781bdb,entity_2035,test
05c090a9ee8ba358519708fd,entity_1384,train
05d7ffb4e7f0d634a932b6c7,entity_0901,train
05dea11c8fd8d7bf1b06ac60,entity_1879,train
05e72a05f5c755f7cdbfa845,entity_3476,train
05ef2f3123d7f989dc92e67d,entity_1157,train
060043ae487b27eb59b904c1,entity_4222,train
0609969328c90e0d15e124dc,entity_1874,train
061f09a6e1b7091242e8d4bd,entity_2468,train
06276331bc2135322f8324fe,entity_4102,train
06286adbda03eaa8478e56ef,entity_1183,train
06315a3eb73ccd6aa233124b,entity_4496,test
063311c607b42d66f60fc5db,entity_2053,train
063a11be04ce743b2d5a4cf7,entity_1641,test
064d69b4b37fea3b0b6b7d66,entity_2877,validation
065065e36e57408b3651bad5,entity_1636,test
0660de650af05fcec145e37d,entity_1926,train
067e08dd10dcaba091824414,entity_1885,train
0682e9702567fc50c004fb64,entity_0350,train
06846130b0d0138267044ce2,entity_0795,test
06905b673b0e73adfe7c4120,entity_3845,train
06a11e6cb3719a743442d270,entity_1680,train
06a401fae321d3bf96345710,entity_4044,train
06a595e9a5befc782dd3f30f,entity_4573,train
06ab6720fdc15ab3aa64ae7c,entity_1158,train
06ad2cf073d1179ca1855f94,entity_1792,test
06bdacf15d0927420f2897e5,entity_1078,test
06bdb77a914e90b3c569c582,entity_2743,validation
06c1f8bf979d87e82cd68fe8,entity_3668,train
06c3be071018c8dbd44e1c79,entity_3593,train
06c5e6bbc025f12f98d00638,entity_4436,train
06d35b82e652ab9a8bb7cf32,entity_1966,train
06d46252d472ae6ec9eeb8a3,entity_0576,train
06e14d7a800add86d0e450b8,entity_3690,train
06e27b5c9fee0d1c372a4376,entity_3280,train
06e40977c042807b4c2a240b,entity_4564,train
06e653aa0a5f780d9f1be7b8,entity_4372,test
06ef32fbd95ba02f657456ec,entity_1413,train
06f267d1ff961be45e2777f5,entity_3935,train
07003e64d6f7325158dc911c,entity_3663,train
0700ba21f6695de8f2e45e57,entity_1127,train
070639c5f32357c3d9b55da7,entity_0070,train
070eb2ebeae99256b06c8a6d,entity_0306,train
07161557374b3a2aded51d27,entity_4407,train
0716ded07111e812f92afa1c,entity_0524,test
0718455668d211c224010b41,entity_1583,train
071dc9bf673dbd3e59953c1e,entity_3275,validation
071e784702445cf141a8e4e0,entity_4881,train
071ecd7591057ae8b5d8a4b1,entity_4535,validation
071eebe9ef29f6714327a48a,entity_2979,test
072323599ade086b9ab3a036,entity_0790,train
072404a5ef7bb6e658c244eb,entity_4718,train
073081a7373c12123f2a1303,entity_3139,train
07362f3b42f676e350cc7619,entity_3354,train
073de1a145cb107e0df6e5a6,entity_0903,test
073f21e412da73f879907651,entity_4826,test
0748f1ecfe2b2b4c01bc0326,entity_4391,train
075449ab0cda31c9caac0982,entity_3603,train
075787e736094bcde732e825,entity_4890,validation
075a5be8b90b12f5e318d858,entity_3623,test
075aadd23f55351a338480dc,entity_0864,train
075d99c29bdd79f812cfcf6d,entity_4060,train
0761dd9d9cd3deaef19e031a,entity_0301,train
079002b80217ce75675a8ea3,entity_3667,test
079617ddbbf04b59f2507428,entity_3562,train
07a09a5b6c473d039db945ae,entity_3865,train
07a4756bf3b03cd1d58e86cf,entity_4703,train
07a864a5da029c402323281f,entity_4885,train
07a9a26de45f697547a29462,entity_1046,train
07ac924bd613d1943e71718f,entity_1927,train
07b76def5b38a7dcc8beaf57,entity_3380,train
07b9567302f37c7b90a4f527,entity_4137,train
07c1064dc89267ecd4c5a60c,entity_0873,train
07c145e3eb7a06183a3e521d,entity_1966,train
07c30d6ac3bedfd49d34b560,entity_0033,train
07c5a68e0955d434466c0428,entity_0841,train
07cb2125e732c5a40927dd0b,entity_0129,train
07cc206114186376b70f837e,entity_4527,validation
07d8c6241f121ad3b4df4d6a,entity_2634,train
07e06a0f083684c96957243f,entity_3027,validation
07e09606aad7493f69722c7c,entity_4332,test
07e1c600e17c5c20cf851d14,entity_0773,validation
07e9fcd49c53a5982ed5b82d,entity_0741,validation
07eebfab20626c5b93a4bfd4,entity_2624,train
07f2ea1fcbeeb5a3a1540bf5,entity_2187,train
08002487ec147a905bee3360,entity_0902,train
0801380c4872b2b9d4f12333,entity_2846,train
081194dafe99b4b8d28689e2,entity_3115,train
081306d7d1cc6d14b620a293,entity_2038,validation
0815eb6add035a403790fa9d,entity_1252,test
082d74389e9606ae14786b05,entity_0924,train
082f3063db702dec8c821890,entity_4966,train
083aaea3f378bd190e594fde,entity_0260,train
083c140a2a5367d602bc126f,entity_1697,train
083ecb25478231fe0bd01689,entity_2247,validation
084c4d6859b7cbe2538df3e8,entity_1130,train
0855cf56e8471229c4ec955b,entity_1762,train
085814136929578c0401972f,entity_4146,train
085ff301a61b8575bcbdef2d,entity_3545,test
086220238ffd70f030c086ff,entity_2974,train
086d2977e7cf664e9a6b860a,entity_4795,train
087adcf7585e0f69c50dda3f,entity_1416,train
087bcc4de7d38b62accf04c1,entity_2525,train
087d6e4c2ba1b199c72a9cb3,entity_2665,train
088168c7c67724acad0ef15e,entity_1482,train
088b4235908abd8d96c528dd,entity_4309,train
0891464f450f95ecb19355ce,entity_1378,train
089fa0901eb32cdc3bd8b099,entity_1129,train
08b11ede8857e2c97d9120a0,entity_4098,train
08b2f441d6c192f0119b18ea,entity_4205,train
08b3e4bcdb3c0b6397856e7e,entity_2486,train
08b9894e18cf7c5a76151f18,entity_4460,train
08bb1f0cbfaa40a01af22ca9,entity_2201,validation
08c147b2d6c4c860a4663db2,entity_3607,train
08c2d61052f86a9f46a9eee9,entity_0643,test
08c66a70fa3529153970a5d8,entity_4018,train
08ca0e2073119f5860e42fb0,entity_4920,test
08cb5360b35406e39f1131ea,entity_4530,test
08cc624c4bba76af72cc8a36,entity_1498,train
08d1cc3e0256d04495aef885,entity_3439,train
08d8e4197a5f2da9ad6fef8f,entity_0872,train
08da4534a94e91ba7b33c7ff,entity_3108,train
08dc5185a1af9962e5b3738a,entity_3985,train
08e437e088c4a3b7b939f8ee,entity_4892,train
08e588cd8454f90e9f8388bc,entity_3142,train
08e5e7010b6ab9e5359c784d,entity_0586,train
08ec041856ddaf58ce28d667,entity_3254,train
08f20f5a2d924db79a9754ba,entity_1940,train
08f3d84ef2733be3d4178318,entity_2681,validation
08f62dfefb15c8fe407e0012,entity_3474,train
0905cc84456fd066314c82a4,entity_1652,train
09081e6f3364b891bec95405,entity_2131,train
090da1ec86c38084ef68ae51,entity_3880,train
091e44fb3f93a4cf994d9ab6,entity_4055,train
091fbc3f9e9e6a929fe16741,entity_4141,train
0922763b653c179ee8afc246,entity_4066,train
09260e6d85d58ed7e5450cc7,entity_3534,train
0932c1dcf6a4224c2561a5e9,entity_3632,train
09435f24496cd71550f14147,entity_4456,train
09474542d74e9e31bc3d3768,entity_3377,train
094b6d25efe39ea698a75ea0,entity_2674,train
095739281eefc393331811f3,entity_4179,test
095d9b655a7247e240e9e255,entity_0640,train
096487b6a04eff58d8bfbba0,entity_1727,train
09853cc398c4936f54915c0c,entity_4033,train
09996189bf820182f6f5b588,entity_1175,test
099c30434af144ff8a4fe730,entity_3390,train
099c52fa075cc640931c5b64,entity_4176,train
09b3083f32b048d16f6910a7,entity_3461,train
09bceeb6c3add15570739200,entity_3079,train
09bf479359fb8b9c2379f434,entity_1351,test
09c146bfb3d663060054b7f2,entity_1833,train
09cda21ae44a0091127ddf3c,entity_0083,train
09e889d93f3815d478f5243b,entity_2218,test
09eee4cb80841340ffc8523f,entity_0202,validation
09f4db3051b25a308a66ca09,entity_1925,test
0a068abfeae0843f97eec03a,entity_2104,train
0a12c0b4bf95798930fdf3db,entity_4056,validation
0a195e5da34d763dcc1980da,entity_4478,train
0a19b6509894f562515553eb,entity_0136,validation
0a1e6fdd9c492af5df1d0738,entity_0826,test
0a2516845e0250866eaeed2f,entity_2365,train
0a25256e6844be8208c23f0b,entity_3451,test
0a2d3311857fa73502419ef0,entity_4905,train
0a2d57322f26ba33e9c9b0c4,entity_0614,train
0a30b5e095cd36c279139b71,entity_0658,train
0a401e7bea62297d77054f4e,entity_2515,train
0a4026247deb818d0dd7a61d,entity_3731,test
0a43023881dfde800d53942d,entity_4529,train
0a439225f187bb2dabcf5b4e,entity_0142,train
0a462858144a4b4a3276ce79,entity_0469,train
0a4d5f3f4eb675721ba8335c,entity_3413,test
0a4d7c26eabb937e56e63fd6,entity_2684,train
0a5a4f79e00fc924b6e8c659,entity_0667,train
0a5b01b616800ab2f5d234bb,entity_3712,test
0a5db500c5a9f5ba22f2a7dc,entity_2412,train
0a72d4bf6b5bc16e88c5b8c6,entity_3467,train
0a75588dd6329e9e980f01d6,entity_1465,train
0a75d0da7ee1fdcec31b2ecf,entity_4414,train
0a7a5681f051e0835a923020,entity_1496,train
0a7d706f29ee1ca1fd10a384,entity_4226,train
0a7ec877751aac4c3a5ee23f,entity_0303,train
0a7ecf16c6964eb8555f1ade,entity_0731,train
0a803d36a0c1cca98f05dee5,entity_1658,validation
0a8083b618b3dbfac7a66292,entity_1566,train
0a813a360f591bbe0fa99c68,entity_1600,validation
0a8166f45de9bd3ce0ea1bff,entity_2819,train
0a88ce801a8fb1f27093ea77,entity_2802,validation
0a8ad2c7958080e7dd4ec923,entity_0668,train
0a92c2de3b01d484c1e1bf51,entity_4327,train
0aac1645c8d906feec7ed340,entity_1545,validation
0aad0183ac6ffcbc8b1d2dbf,entity_0861,test
0ab18d75942eddfd17be24df,entity_0935,train
0ac5cab02535afdf86876961,entity_1936,train
0ad0a06c2b0c98f14fd0d67d,entity_2664,train
0ad52c1566f1188051a67a2f,entity_3270,train
0ad6b94151dbf1fecb75eba9,entity_3548,validation
0af838650b41ededf5fc4f19,entity_3738,train
0af8c569a52ce531c16c0132,entity_1567,train
0b0316b6f9e3d25aa9aacc63,entity_1214,train
0b09f744b227f25e980e474f,entity_2274,train
0b0b246de19be86ed53b4f14,entity_4270,train
0b18b8f5b425ace0f6e4deb1,entity_3621,test
0b238901ab0e615ba2222271,entity_0868,train
0b36894d9b7e38d59db32c42,entity_2398,train
0b3f19748850a6bcba83d5cb,entity_1458,test
0b4b6e8bbc11662b30256258,entity_3803,validation
0b4ec95735a67ce5b67ab61c,entity_1307,train
0b546409ae8252ec03a92b90,entity_1901,test
0b570eb966f0c8474bc00f7f,entity_0555,train
0b596b38ab67d232b89b1171,entity_1656,train
0b5c78ed62fda56aa19ba6d2,entity_2799,train
0b62360d5edba85690866d82,entity_2462,train
0b63e5ab858298686f021aba,entity_3267,train
0b6d51f733945ab6d353283c,entity_3707,test
0b71cb16daf129ee008649d3,entity_1557,train
0b82daa4ed0561031bb3795d,entity_2799,train
0b86a7caa65aeb5dadd975b6,entity_0632,test
0b874ff779354f869c02158d,entity_2678,test
0b91b35978b5e1984fc1adfa,entity_1273,train
0b99c294327bfa60bdd50720,entity_4109,train
0b9c5851b7cf5963c7799bd5,entity_4253,train
0b9e07f57fba1acdfad76563,entity_2902,train
0ba160886916b06e27435a76,entity_3898,train
0bab454fb9c64ab0b8a4eec8,entity_4551,train
0baf4f9c89d3aebdcfcd42fe,entity_1285,train
0bafcd3398f8fc4225349867,entity_4889,validation
0bb1014d92e934de5c0b0b88,entity_0952,test
0bb15d0bfd88e4a01f9f6aea,entity_0167,train
0bb6e21940ef1667cf8db2bb,entity_3319,train
0bbb7f56865dc19e530a82e6,entity_0839,train
0bc0b7c09010162e921f3414,entity_0073,train
0bc3d5224355fc7530910751,entity_4636,train
0bcdc0874f58c12d8dee4c79,entity_0619,test
0bd4b5068bdf66ddcddf21fb,entity_3710,train
0bd80372d30f9cc929609878,entity_2926,train
0bd889dffb800f490771e6f1,entity_0064,test
0bdf2f4e7339f103b40e8ad4,entity_0197,validation
0be188d83236b172575fcd15,entity_4003,train
0be237ed84a1cdcaa8ee688b,entity_0307,train
0be3bc86e3efcd1d1dd8fe65,entity_1861,train
0bf00dd84a55d6fa9cd6b9ce,entity_0263,train
0bf22aa85b3916fa52e39229,entity_0081,train
0bfc0429c04176a657c7d713,entity_4257,validation
0c05b83ecd6fcf3a4915e30c,entity_4369,test
0c162efe0a3c33654077743e,entity_0732,test
0c1e0092b8fc6d780e1471cb,entity_3421,train
0c1f2d4f389d2b79a88d56a7,entity_0956,train
0c20f106570297ed184552e3,entity_0231,test
0c2245bb5b442fbc099d61c7,entity_2506,validation
0c27b34393f104992db2d5a9,entity_2134,train
0c35e3a291f1acf8ed6f4e4e,entity_1299,train
0c3afe8465048530b3a4ddec,entity_3500,train
0c3de0f65c46142a855dfc75,entity_3741,validation
0c3ecda2543a025fee2be968,entity_3341,train
0c4b823cf94523ddee49875e,entity_3796,validation
0c50d40f7f72053f81bef504,entity_0364,train
0c54d84d0d53754400277363,entity_3516,test
0c5d2955bd4c28f94963ecd3,entity_0111,train
0c61a200b405f64513887ab4,entity_3549,train
0c6500c11ff9d7a595d16054,entity_3563,train
0c68606fd2e4e8b3b672f39b,entity_1640,test
0c6a9f0959774d5de8228d1f,entity_3988,train
0c71a9fa1b40eea3fc4ca29a,entity_3803,validation
0c78f8d2c6d33f71c685b70b,entity_0923,train
0c7d766967ba6d56f1fa7af2,entity_1619,train
0c8417dd26be1b1ffd894db5,entity_2649,train
0c90ca18c61f6439abdb2d02,entity_0971,train
0c9385b8dd4365aa5934bda4,entity_0422,train
0c96ecfacd80a732427c24dd,entity_4420,train
0ca43c1490dd9b9269309ab1,entity_4472,train
0caaec59ff5f5c6f24eb2c4a,entity_0685,train
0cc5a044464bb435a38368e5,entity_3558,train
0cc5b0fab687d5e2d0e539a7,entity_1194,train
0ccbd389ed81557a69e78282,entity_0218,train
0cd96d58af854e013035dd7d,entity_1515,train
0cdc6c67288fa8f6eae74e58,entity_2177,validation
0ceae5213fceb0fd3549d46b,entity_1701,train
0d057a3fe5d048345cbd944f,entity_2227,train
0d0b84b511515d62f0e0be43,entity_4546,train
0d1172e3561ac46944808410,entity_1320,validation
0d14045d817ac56d5e94d277,entity_4134,train
0d1654cd44065873200a4ac4,entity_2653,test
0d181abab56a3e9b1d6b18c7,entity_3487,train
0d1a078a95b37d59c91fd12c,entity_2844,test
0d1a347d2317b89551e29809,entity_0261,train
0d1c4a5486410b9aa2639cb5,entity_0012,test
0d1e149b4ef9f3dc72fc7609,entity_4234,train
0d2144e0588a89a4be126539,entity_2879,train
0d2198e6e49c0ca5a923dd04,entity_0364,train
0d232ed76a606104f6c93e82,entity_4903,train
0d2672e7f9f5766cb2a82212,entity_2384,train
0d26ae86f6dbe630d8c13a98,entity_2221,train
0d3171477626858bd643c812,entity_4139,validation
0d331edc9a2ceff00ed7a107,entity_3339,test
0d4322f7814529d6b0fea4c4,entity_0728,test
0d4847c0aa5c9af717f92525,entity_3326,train
0d4db9748e560f22ae63a212,entity_1398,test
0d597b921aef42b01757fb7f,entity_2344,test
0d5ba59059f388338b90daca,entity_4299,train
0d5c2cc630f42165177d9c65,entity_2810,test
0d5f53654c4c0904f691663b,entity_3723,train
0d606d54037056d9836cb338,entity_3307,train
0d615a8a4a078d6e8660df75,entity_3914,train
0d65f3fc571fdca6df82ad11,entity_2757,train
0d6952eb62922e40192c48cd,entity_2166,train
0d6d4a847b556fc72b788ed8,entity_4995,validation
0d7179986eebf29979d39901,entity_0809,validation
0d73a1985b9a80f775e85640,entity_4701,validation
0d7622c2a673cc87208dcc02,entity_0919,train
0d774c750ebb63272c7f28bb,entity_0918,train
0d7a93b871f1fb214a6bee75,entity_2326,train
0d7bcd4d1a54ff9bcc6ddf8e,entity_3429,validation
0d7ce9de87fc00d5c0c81dae,entity_1349,train
0d83a275f7f5e60833ef5929,entity_0832,train
0d886f456a9b376c4baad521,entity_0120,train
0d8a059ecbab5532ee695148,entity_4952,validation
0d914a05e7758ed831e2c433,entity_0055,train
0d9733bdb87839647045ffc0,entity_0006,train
0d97ce4010dbceb6a284478f,entity_3917,test
0da2176a8a5a73934eefb15b,entity_1635,train
0dadd002a9bc1f52d2974bd7,entity_0619,test
0dbf3edb5a75fa014dd0db9f,entity_4257,validation
0dc0ca6030093a5966980b28,entity_2010,train
0dc9ff21d90de67f107919ae,entity_4623,train
0dd4b5ef906268f55f58179b,entity_1386,validation
0ddc01ba67f743c8d19a8f52,entity_0875,test
0de177b8aad3001c819038da,entity_3910,train
0deab69fde2f02393e31aee5,entity_4395,train
0df7755e09b2fc7e90679d67,entity_0746,train
0dfe9b037b23acdca91eb208,entity_1544,train
0dff7c134ef723dbad33c63f,entity_2022,validation
0e01779ecbb0753fcaf2ea78,entity_2694,train
0e0453e75e3d7dfeacc771ae,entity_0526,train
0e08480cbb591b7854543ce7,entity_2133,train
0e0a9ed9031875d3a2ba0f30,entity_2710,train
0e0c16b0d72ecc039dfa8431,entity_0558,train
0e16eba2d91c268ea544f620,entity_4487,train
0e187ff171fec2598e30c264,entity_0098,train
0e23d4236052dd0837242f58,entity_4466,train
0e27437aaacf883043504c3b,entity_2880,train
0e2f4dd89369cd3f5a1f4c42,entity_0122,train
0e2f95985a22afe3e978ca30,entity_4397,train
0e350e860049ee7fd1e21c58,entity_4319,train
0e3b5fc7ac237d94685f968c,entity_1527,validation
0e4d8bf77959c2d97066f655,entity_1288,validation
0e5ad6578c4951aa5d1b87ba,entity_4090,train
0e5fedde4bd4e2f351825f1a,entity_2270,test
0e642f67196bcead5344f04c,entity_3784,validation
0e6a4c5b22561971f509c6b1,entity_3399,train
0e6c5ff13b2f2844db953e70,entity_2118,test
0e7381edd449b1b662a2596a,entity_3897,train
0e7a7795c956af1d890093b9,entity_2680,train
0e7b4036e156f216ebe6a4b9,entity_1870,test
0e83161c0d7317a016535c61,entity_1059,train
0e9150ad6ba836192fc366e8,entity_2523,train
0e92d0590f0fd0dd7b92fd57,entity_3236,train
0e9bf0ae1b7d17d131d97add,entity_3502,train
0ec078446a2b417603ffe171,entity_3847,train
0ec3bca971f0eaf786a08374,entity_2052,train
0ec7bfbf8a4e7afad1c28c67,entity_4846,train
0ec8cac82b40b956eca2d621,entity_3004,train
0ecb9e42f964c6453d379bcf,entity_1732,validation
0ecfd673f24f4551b796ba0e,entity_1061,train
0ed1822158a0c4663afbc342,entity_4239,train
0ed98e3d008558d13dc3395f,entity_3758,train
0ededefa8d974c01647ae248,entity_4249,train
0ee0f5f1d2937e43b748d26d,entity_1836,validation
0ee3b4161b5dcadde2ad1f82,entity_4264,train
0eea7d2adf9e4e5943f7a69f,entity_2927,train
0ef698d416ce478d2e328b47,entity_1186,train
0ef80ae9e08dfe13025472e2,entity_3288,validation
0efc55d36f1869d0bda86ed7,entity_1502,train
0f089f764f3ba6c5fb803ed4,entity_3825,train
0f1c08db4b5311337cbe565a,entity_2607,train
0f1dbc09fc8238bdd5791551,entity_1756,validation
0f2b6f8bfa5ac9265eb31c98,entity_4578,validation
0f4957589a21e29d8448023d,entity_0620,train
0f506c0ada3e3aadc1ca23b2,entity_4765,test
0f55e66f6c6e5ae9e965d21f,entity_2842,train
0f57fa267cb45821e3a12531,entity_4070,train
0f5a9b1e01af6330fd0fbe41,entity_0976,train
0f6757bd3b8dbd6a3049a27d,entity_1543,train
0f6c951ceef94d44378cf6e0,entity_1373,train
0f71500a47700cfdb6f01c58,entity_2766,train
0f7dd509c23526937d5a722c,entity_0510,train
0f975eab0d2baf9576b3e013,entity_3212,validation
0fa03d4974c4febc9fb87eb7,entity_0162,train
0fa15feb5312562ff4f8a6f8,entity_1175,test
0fa1c948ce263a68393354d3,entity_1338,train
0fa40fa3875cacd5092947ce,entity_4962,validation
0fa93e41b050ca3a44c02e28,entity_3057,train
0faf5f46bc343365764f3a9a,entity_2825,train
0fb8a9e0635c6767a1dd6d15,entity_2579,train
0fba3a700981cd081fa50c10,entity_4922,validation
0fbb409e719c2ea550c39eec,entity_4217,train
0fd5649f18e866278d64be46,entity_2360,validation
0fed1ff962e81a2a8f4cd7ec,entity_2322,train
0fed87406665a7e1710728f4,entity_0897,train
0ff1fa87380c598593a7f805,entity_3653,train
0ff815c6d79ec0437faa5de5,entity_4587,train
0ffdb3b532163433c1d59024,entity_4094,test
10025948db04d1851e25c781,entity_1397,validation
1006b1de9932efa2c1122929,entity_2988,validation
1006e4c537a58dcdc50c46e1,entity_1552,test
100d199e8c401432dc004cae,entity_4326,train
100de59459feca5f4dba8f10,entity_4087,train
100e653f456d0126de43afa4,entity_3764,train
1016a998329d662f13efd412,entity_0385,train
1019b9620ee615f3a038cc27,entity_4968,validation
102452eb56366b8e0372c7fa,entity_3622,train
1026c10717ae773104e3aba3,entity_2977,validation
1032145ae1ea1331381614ff,entity_4124,train
10364f84127e407a0cda914f,entity_1986,validation
1037a7d9211814dbbc6c90bb,entity_1555,validation
103a95f4fcc392a9268d441b,entity_3114,train
103ea3434d73a3c454b90d58,entity_2494,train
104658fcd8c9617bed3d760e,entity_4299,train
1047d400ae3438ea785a1a8d,entity_1973,validation
104ca105cc3412c227a277e7,entity_0284,train
104dc5e8971828574e89a293,entity_2528,train
105101e86559e1925775b37d,entity_1592,train
105896503b93698cecc1562b,entity_3363,train
105f5affa477a71cbd82b3ce,entity_0768,validation
106c27bedf14ea69197d7680,entity_3787,train
106e2de7a86ce6014d8297ba,entity_0093,train
106e596eb70d834843982564,entity_4120,validation
10729fded9c12c035c3c4846,entity_0695,validation
1074da7b485e60b8f180300c,entity_2987,train
107a02bdf67ecd2342d315c1,entity_2543,train
107bef2cda72154fc5c0d147,entity_4753,train
10863c6db31c9b59af92bea4,entity_1821,train
10896b76299780b9d58614cd,entity_1459,test
10917f8e27a856790e82b9d0,entity_4273,train
10957b576b82d082365e3ad0,entity_1614,train
109d379ad5fc9bbe1d21c161,entity_1583,train
10a462e75f365e1e1da825ef,entity_1280,validation
10a8624e63c4c66b8c4e5ec3,entity_1447,test
10ae4a9bd7c70560cb8d24ea,entity_4390,train
10b1acdddb5f64542261e5cf,entity_1883,train
10bb4600cbc1df829b043dc3,entity_1939,validation
10c7b1b07ad72e51d4ada0d1,entity_2024,train
10cdcb8ee9c55e829d0636fe,entity_4754,train
10cf54c509b4760cd298e944,entity_2917,train
10d095324ddc6beb59b45857,entity_2447,train
10efbf07b5928955448efbd9,entity_4410,train
110123ba5debd898d1ccace8,entity_0833,train
1103f413fc22431896519b5b,entity_1393,train
1110ad5948c407055a65663d,entity_3645,train
112086e398eee78914016d8d,entity_4330,train
1123254cfa51b88b228cdff4,entity_1784,validation
1123847ff8800bc5c2b23995,entity_3243,train
112e0082a4139ef80d6e5166,entity_0418,validation
113b68b69e0788e5dde9e263,entity_2338,train
1141649b0d1bad53dfb1da31,entity_4106,train
114357944c5f36975d6b1a67,entity_0611,train
114d6f7209541dd820a944ce,entity_2325,train
11578de8dd4c4a334a97e623,entity_2640,test
11602121ce4ab133b2040586,entity_1201,train
11646dc24c530350a00355f3,entity_3003,train
117a7211e519174fd0ee21ba,entity_0246,train
117e96326c1f76c23509e189,entity_1856,train
1183f78daed522c7fef10fde,entity_0949,validation
1183fdb2a27258234d776044,entity_0348,test
1187af4456e994899da7e17b,entity_3917,test
11896507bff56172a39991e2,entity_1485,test
118a092b56070037f2b18eea,entity_1205,train
118a1384e3597580d2990670,entity_0803,train
1191f46eb145974e4fd25226,entity_4321,train
1196b427a4a1f5e5aed698f7,entity_4162,train
1199b853e0ba9e0c3ba4f302,entity_4808,train
11b073dd9bf2f03b16a9a52c,entity_0043,validation
11bf92378dee4f3607ef9b5f,entity_3397,train
11c13960754cd61eddc84bfb,entity_3227,train
11c3327d0198b4bd865f2de7,entity_0522,train
11ca9954e3d3a4e5dc2722e4,entity_3612,validation
11cadc806d8e39005da42251,entity_1318,validation
11cf4bb2866fe3b17e36f8d2,entity_1716,train
11d2a4f06926ce053768146d,entity_3842,train
11d662f1c98942adc0ec8173,entity_0482,train
11e57955b6a3fb0d51cc4cc1,entity_1265,test
11e595d5d6098d944cd44ba2,entity_3536,train
11e9eefdde0f65dfd3af3c96,entity_4409,test
11ed651fa6ec4f89499e3d57,entity_0330,train
11f3fab185609abc68e519e1,entity_0481,train
11f5c35430abb4f0be869dfb,entity_0567,train
11f6ca1e80bcf6e8b335cd44,entity_3014,train
11f8a7f28a1d4157b881f8ee,entity_2394,train
11fbc921c64cc22b199ffb54,entity_0144,train
11fff270ce8c6438469da870,entity_1376,train
120473db7591ede03f39117c,entity_0235,train
1220685e5c6957c9e027b086,entity_0525,train
1221b8875baa9df2af232240,entity_1945,train
122b5a0fea88ac125f6d5faf,entity_2387,train
1239b54053b198f9fed1e052,entity_3221,train
124048099767d8aac1c186c7,entity_4197,train
1241550cb133f4f89905d330,entity_2327,train
126a7065341fdbeb2699f9b3,entity_1930,test
12711389a172bc8644ebf619,entity_0353,train
1276ba9a092f82ec1850ba2d,entity_3779,validation
127dad506e6df302f4fea301,entity_1921,train
12953e5b4439bd0de90ec3b6,entity_2854,train
12a76eef6e7e49a5c9cd72cc,entity_0644,train
12a80941a44f9f96de3511a5,entity_3186,train
12b1ab9fda8cbc1481f197e6,entity_2005,train
12b4f58cc240588abaf68895,entity_3544,train
12c64d4e25fe5e8f7df794cf,entity_4994,test
12c9e902d4f0f78884eafa3e,entity_4107,train
12d1b054e3b71e394fe6953a,entity_0804,train
12dfe21e50f786e7a9cae50d,entity_4411,validation
12e3bf36cbc39b7a9ef13fdc,entity_1358,train
12eb23e731e91ce4b4be1ef9,entity_3432,train
12ed24f8b17de4d614785fd8,entity_4816,train
12f723d3f7dd68740df42e64,entity_4039,train
12fe37ee06de22d748b6721b,entity_3457,validation
13027e78720d6a552770f162,entity_2529,train
13048fefec05508de00f92b7,entity_0294,train
130b457839292dd2c0f29065,entity_0734,train
130c8e210fbf3fa500f0ea3d,entity_0387,train
13227a7e445d835ce2b9f33a,entity_4571,train
1325bd767979159db4ec7743,entity_1072,train
1327a8404d1f0df8e9cf4517,entity_4369,test
133850998d9e58e83080fcb2,entity_3717,train
133a77fcd6a73f9872098ea1,entity_1674,test
1340982f0f09adeaf36777b8,entity_1296,train
13427d1bddbe8ef1e664205e,entity_0251,train
1349bd3e1ef6333bd1827438,entity_2861,test
1366eb8abd5161b78f6ace59,entity_1451,train
136821344a935d0dabae2a84,entity_4810,train
1372e26640355e148d50cf03,entity_1139,validation
13734d90e0b61b47192492d1,entity_0243,train
137413387747101fa26607ce,entity_3116,train
1379ff2ff5a07491340a3862,entity_1501,train
138f12fe0c461b36fee9bac4,entity_1723,train
139285f720e08ed0ebaea1e0,entity_2282,train
1399642fc629b972ad444db9,entity_2264,test
139df4ce593e03db5d2bd370,entity_4874,train
13a4db413e43b93fe4dc99d1,entity_1946,test
13a9cbc5aa7a6406e575806a,entity_1289,train
13aa6bdd8c5d0921256297c1,entity_2367,train
13aea57255b6a390090dc581,entity_4437,validation
13af3996e6d5162f6beae8ce,entity_4072,train
13af5839e3d1a25a0c323c2e,entity_0953,train
13b993748e3c74dc7b63fa07,entity_2107,train
13ba04576d9d34c769cd0a6f,entity_4001,train
13bac16b8599a4777f562ba7,entity_1424,train
13cf34ff7f19a6960facf1b8,entity_0482,train
13db42935c0b8f766d2fd0a4,entity_0644,train
13e08abb73452e50db22f8d6,entity_0624,train
13e486d978e1a4aecd22a259,entity_3297,train
13e62a0b0dacac49f3c918e0,entity_1625,train
13e806939e140ecb0fd19e25,entity_3271,test
13f050fd97648b023a02521f,entity_1389,train
13f4381f0c80c09e5467ef85,entity_3817,validation
140e503f3eb0e9d16089d872,entity_2155,test
1413f43d6ab18836ead3e05b,entity_0429,train
1415a5c0eb0f0bf5f8dec82c,entity_1952,train
141a4f30e45231f055651e65,entity_0318,train
141fa8e3eca51629ec9cded3,entity_1622,train
142065e4908e9c4628da7124,entity_1834,train
142b8290fd5524f5f67949ad,entity_4381,train
142ea9797ec5efa1fb2240cb,entity_1759,train
142ebb28bbb9099c3cc5703b,entity_4453,train
143024728d43ae535764a588,entity_0613,test
14383857951bdb1b87647fb0,entity_4113,validation
1440ac9e29e203f887b6ed0c,entity_4187,train
1445618647c26928b380e48d,entity_2867,validation
144938a5e22b61669d59b0ba,entity_2273,train
14500096ca272d018d5b8c96,entity_1371,train
14607fe5e3b145a291c69aff,entity_4020,train
1467cda9bb05772020a27b52,entity_0982,train
146a4520696d3a4887324b90,entity_2388,validation
146ab3fffe937d03221782ef,entity_3044,train
146c7b16c6a41f5994392fe1,entity_1469,train
146ce7332e071ff14400e0d8,entity_1422,test
1476b63fbeae940fcd938079,entity_3969,train
147d8c80e8529748b8ed5f37,entity_4005,train
14938e196af41ca702e57eb9,entity_1055,train
14a30e44e4de48f508350ec3,entity_0968,train
14a5611c4a6e8bf07fd9c307,entity_0577,train
14aebcba93054c91f1941657,entity_2397,train
14b5940ae1339296ce5e0a46,entity_0288,train
14baec797898c48ffe3a2535,entity_0446,validation
14bcfc6af7f4ec8574ff516e,entity_4692,train
14c9679a64ff1ba1e121894c,entity_1634,test
14cd3a439dc554539b948999,entity_1917,train
14d2af2e6c4e1738803a2e56,entity_2382,test
14d31027bf4e3443b45fc3e6,entity_4457,train
14e34887ccee2897bfe46d80,entity_4452,train
14e5c75b1b02bc0ab3c004d2,entity_1857,test
14ecfb4338592288112f746d,entity_3435,train
14f623a24c54ee6e9a7f9cb7,entity_4113,validation
14f6b99d939bc2f1a41526a6,entity_3815,train
14fb1225cfbc1025034a9c46,entity_1435,train
1508dc4e6a8cf1ec19d1ca0f,entity_2671,train
15108c7f20f2b7de6284cdc7,entity_3058,test
1515adb6fc0b72e803f3b1ea,entity_0607,train
151b0d2d9b03d9a459899f06,entity_4750,train
15265cb703ce39ea3b64205b,entity_0765,train
152a105c597bba0ad70c6a3b,entity_3675,test
1536d7608d88564971887204,entity_4762,train
15408a7246d06735a29e58ad,entity_4838,test
15452dba70adbb6ad2b72cb9,entity_2383,train
154c5bc15c8c0dc12edf9166,entity_2603,train
154df223f5006fe58eb6a89e,entity_2396,train
154eebb6c4548eec18c1216b,entity_1006,train
155779970bdfd86d988de509,entity_1961,train
15735173987ba95aa537a74e,entity_0079,train
1574dff8fca534887d0effc2,entity_3708,train
1577facf778610252ee4bce6,entity_0495,train
157921cfa02af42f13314282,entity_4528,validation
157a0af981123ab531067dc5,entity_3620,train
157c193c9206a041b0d683c9,entity_0138,validation
157db0406e1f18c84fb8ad68,entity_4080,train
157dcf2209df3fb42cd7ca48,entity_2797,validation
15814072ad28a28e7490a530,entity_4008,train
1581b3475f232259f6e332d1,entity_3222,train
158da4c19a69f5322121362b,entity_2485,train
15990064ad08d0786f1fe980,entity_2284,train
159c9155b652d641993d9817,entity_3789,validation
15a23b23114f9b06eab6a68c,entity_0367,test
15b8a9a16343e503f7927dbc,entity_1907,train
15b914046af9ce3d80669044,entity_2108,test
15b9b7609745789aef7926f7,entity_1726,train
15c046b63151a1f6c100079e,entity_4067,train
15c33c35580b3d5f30c2849c,entity_0898,train
15c6ca97662576e99abe1480,entity_0529,test
15d2a4eccee66636fc1d6271,entity_2507,train
15d692c05e53b30e7a686871,entity_1178,train
15d82aebdc07e4a45d4800f0,entity_3783,validation
15da6a8690ebc20f47c74ff9,entity_2047,train
15dfdf09d50477b398bc33ef,entity_4610,train
15e1e9c3b6085b5cd7bb213d,entity_1608,train
15e2a7b68391f307f4b1cd4f,entity_3986,train
15e300f03abdd9eebb99c7e5,entity_1951,train
15e4267ef6cbdba837005bfd,entity_4182,train
15e462b6f2511e15fd3541eb,entity_1296,train
15eaecdb225379cf1d462d9b,entity_4313,train
15ef1aa060a6b8d88f8e66bf,entity_1332,test
16016be0629fbbfb1b45ccfc,entity_1131,test
160652b73027545d376a1f3f,entity_3135,train
16074ad7570e73e60a141f7e,entity_1060,train
1608e5b34b10888da4224b1e,entity_3792,train
160e3a3612a9e766189c847b,entity_1934,train
160f8b96f1c32847bedc4776,entity_2485,train
16129bbdf6a7e07cd43e6e0c,entity_2690,train
1614338c4d06855098f4c7c6,entity_0787,train
16185514e83e369227ac283b,entity_1144,train
161ee0506bdf7b67f7c3752d,entity_0521,test
162409dbd8967401ef2efd97,entity_1208,train
16289ddbb15355f37bc541db,entity_2126,test
1631ceec4b8bf98fdcb6713f,entity_4781,validation
163430181112b9281f4dcf48,entity_1127,train
163b7eb316ab6e20894de60b,entity_2356,train
164a20fd41ffc144d31b3a94,entity_2920,validation
164af40bd3ea2efbf3955f62,entity_2809,train
165a1511cb238238850eaf02,entity_0467,validation
165c57971be1fa8c16fcc138,entity_2969,train
16629098b2e1a3afc8abf87a,entity_0326,train
166f462d57d463f561fdc917,entity_1648,test
167443ffbdf822e28a406d63,entity_4747,train
167afad0db3a665419aa4c08,entity_2817,test
167c0208934e934cace06ec0,entity_3048,validation
168204773119ca812628e4fe,entity_0728,test
1694ce90d458289e7c2d21a8,entity_0024,train
16a34fc7d3e8ccfcefeffe71,entity_0412,test
16ac8ce42800c3fc691be66f,entity_1132,validation
16b56483f85606bb8ec1c2bf,entity_1036,train
16b96e3dbd56c80825203875,entity_2398,train
16c7a2cdd6356ec93b902005,entity_2914,train
16cbb153f9ad5818fcab534d,entity_4926,train
16d6cc0cbd34b381323d9222,entity_4492,test
16d72e0da97188a12f3b3bd2,entity_3067,train
16ddafc8189d5c17d0d797e9,entity_1591,train
16e195326743d72ae78ffac8,entity_3201,train
16e3309c591cfb734062e4f7,entity_4541,validation
16e6dba03c6e8da755b16535,entity_0800,validation
16eb950b2e19c2f964d22758,entity_4554,train
16f4ede53026197cf0b58f7b,entity_3081,validation
16f63a8c77fbf23018f335f6,entity_0834,train
16f6ac34316f92569370e0fe,entity_1991,train
16f7df0418a11b40410657b0,entity_3497,train
16ff962f8ebccc3d3d0e826e,entity_4902,train
1714a1f60b5212975ec55349,entity_0548,train
1717387840bf081238ea7246,entity_3730,train
17185359e911f9a4c090d0f5,entity_2725,test
1722f199669da97ff1c0bb7f,entity_3554,train
173250ef4020736f3b2bb0db,entity_3977,train
1732f8a1a791805d72ed829e,entity_2357,train
17381fc8322181797a9605b6,entity_4423,train
1742771c23605a22acf92c5a,entity_3137,train
17568752aff3b7180ec117c0,entity_0951,train
1768abbc40dfaa1213521fef,entity_3097,train
1769367bfe4c957d48e7d96c,entity_2622,train
176b6d0ea2317eeb82100973,entity_0601,train
176f8f59fd20eeb7ee9877c8,entity_0645,train
17745971a2c69ce642909924,entity_1385,train
1777e5dc70ce8acc0034ce60,entity_3482,train
177cb103437457586a0f470e,entity_4361,test
178382bc21907eb7832dd458,entity_4547,train
179f47bdd06007dc9629a6f0,entity_4533,train
17a669915f89ba1a7621472f,entity_0029,train
17aa6d914904c1f14ccd1eeb,entity_2285,test
17aea2b4144a4a53da35e0dd,entity_1703,train
17b0513a87c60cfaad28c363,entity_1944,train
17b4535d02eca4d79d23c6cf,entity_0283,train
17bcd321285d52ba870e9c26,entity_2203,test
17c1dfffa6d23ee596cdb4d3,entity_4687,train
17d75cbf26ff5f3ce134b421,entity_1897,train
17dddf09a9fda891c032a6af,entity_0767,train
17dfa91cd9d8a7450d4efce8,entity_2811,validation
17e497e4f7c7f4cf71f8cdd1,entity_1655,validation
17ed643cb6ac1df0f094af0f,entity_2535,test
17eddc8f67b35f3ba493965b,entity_0236,test
17f436610b02682220a3823d,entity_1036,train
17f7cbfa78a0a0afb1041489,entity_4292,train
17f9f9ba3a27b4db429dae0c,entity_2651,train
17fb7f0135b28d9afab11b5a,entity_3144,validation
17ff440f5a906127eb6f7d71,entity_2071,train
180ab1961cfec06155122bfc,entity_4235,test
180ca870af4b17ace4b2e919,entity_4342,test
180ec9c334ae056e2b176173,entity_0724,test
18136c74a10621ca04f7c8f2,entity_1216,train
183620d2ed6026767521bf80,entity_2435,train
183929c260800a7211c1166f,entity_1861,train
183d384fad4870594842151f,entity_1251,train
1847460b78677d62b1685b51,entity_2358,validation
1847c6054d92b3a3a3c317ed,entity_2763,test
184e5afc44ad372bcf696db7,entity_4033,train
184e96770dcff9d4d062f76b,entity_3636,train
18594157f5d194328879da95,entity_2939,train
18645b5256ce33bbf64b16bb,entity_0997,train
18680a0248f98d5910a14746,entity_4696,train
186e8fd34db2cf718775d527,entity_2343,train
1871354676a20e2b8934e0b9,entity_0421,validation
1872adda6f1ffa31ed20e7ac,entity_2456,test
1874be39d21f9de54c25176b,entity_1348,train
1874c776ec53bb10087511a4,entity_0944,test
1876cf037fe16496db034765,entity_4733,train
1879a40f7307a0a3f0225c62,entity_0655,train
187f41bc73cf55efbd052e5f,entity_4339,train
1880f06b10633d27b4c88a26,entity_2768,train
188278a1f37d0a6f4d795f9d,entity_1246,train
18833526cb53f53d2a89a16d,entity_4550,train
18847b97d9164e77a4a736dd,entity_2601,train
188ef35e0fcc049bf8d8383e,entity_3967,validation
188ff532a601f165c9177656,entity_4545,train
1893eb7035b64974fe6d6dc1,entity_3688,test
1894231d9d16775396c5ea36,entity_3745,train
1896414ea7d5f2bf81bd38cf,entity_4494,test
18a3428fa7f348c28e4c5a0c,entity_3958,train
18ae4fd6e67724b5079ffef0,entity_4030,train
18b0fe92408e2f430d493d3a,entity_1715,train
18b12d6b5057a63a98824015,entity_1424,train
18bdd07c7205e67f5fdf6440,entity_3131,train
18bfe3552a13088dbb7471d3,entity_4093,train
18cc69a0bc4aa0944b38ed62,entity_0531,train
18d4d0ce1c5f1f7aa0283347,entity_2013,train
18d92a584dd24100e7650109,entity_0927,train
18dc708573bddd99bb7fbd50,entity_2660,train
18df767c2096bbce4c3e770b,entity_2153,train
18df89df1132701d75188aa5,entity_3800,validation
18e6446f3611534cfc52b872,entity_4608,train
18ecde8e0447507b574fc971,entity_2971,train
18f08bba8be3026ece2bf96e,entity_3992,train
18fe38aa0c65c6ea533c177c,entity_2226,test
19032cc1c07e3e622ea1c264,entity_1381,train
1905ef1b46f0195ce9960d4b,entity_3795,validation
190a332f5d43853e81841c6f,entity_2420,train
190ab9160534a9be185d60db,entity_0203,train
190aba8cdd3d4bf3e8ec944b,entity_3386,train
190cbfcada0d8421abd9c803,entity_4802,train
1911112685c8dafc0ff26470,entity_0722,train
19127c2b5cb031aef3f0b7a9,entity_4216,test
19130cb237113cdd57bb2643,entity_1462,train
191b4b5ff7c3d7ab4212154a,entity_3661,validation
1922db148d2c0bdda1571ea5,entity_0673,train
19231754442ef8fe340c5d00,entity_4666,validation
192e054333c0af42218123cc,entity_2587,train
193493365930966ae2d4a0a7,entity_2491,train
19349d1fc2dd79dac92bb606,entity_2715,train
194182667db3f18a76eb7593,entity_3684,train
1941a7282bdfba82ea660428,entity_3302,test
19430b39e6d4424c9aada239,entity_4660,train
194a600aecdb55f03b9e92ff,entity_0653,train
195ed4f97c76c8613f532eb1,entity_2562,train
196243f93cb29610b04d5be2,entity_1438,train
1969f52d8075a5cf5de71578,entity_1498,train
198362608ffb29220eef39f6,entity_4959,test
198f8ca16adc2cc3e18375eb,entity_0557,validation
19a971763d31a46329b56de5,entity_4727,train
19ab7654be94f789e151d12c,entity_0313,train
19ac664e3138f3afa7622e1b,entity_3072,train
19ae4b623993c2673d6dc917,entity_3671,train
19b0465961149dda2496534a,entity_0475,train
19c0fc990fe8f73573f29fa1,entity_2858,train
19c354931e8e343661f27616,entity_4441,train
19c841082f1b3d459a4c1c46,entity_2057,validation
19cc8a0737afe6877d57be7a,entity_1195,train
19d62f1c08657778190d0b3f,entity_3816,train
19d75000915a2766dffd4a6a,entity_4922,validation
19d958eadcdef579a31d0ac9,entity_3778,validation
19dca9a5e4493371054341da,entity_1700,validation
19e2d3c2162a141ee72f01b4,entity_3979,train
19ea74b3cadd4f0b4b1d7695,entity_4933,train
19efc8244e859977f04a31b2,entity_4823,validation
19f11f789c21f875376fe05d,entity_3758,train
19f42fdc4932d0840d5d0b87,entity_4405,train
19f4a1e4923ad06b9648401f,entity_1022,train
19f5f59452d7a93b99f0a212,entity_0078,train
19fab84ddc2460a7c0cc3501,entity_3963,test
19fac2805060a7f68e906159,entity_0198,validation
19fdaf5e67eebf1694640311,entity_4345,test
1a0549bd99ea09b395237fa5,entity_4907,validation
1a0d64b938125c4af5022040,entity_1948,train
1a10aa32d122f5c765f06e85,entity_4359,test
1a1262114305df69ca18a7bb,entity_3919,train
1a1a3bd72abb8f0041f6a2d3,entity_2401,train
1a26d4b99da09c46e5f640ef,entity_2781,train
1a2e0a80661458c3432b3c33,entity_4659,validation
1a3063844e363b93b90fad35,entity_3929,train
1a3180bdbb060235f7ff04c1,entity_2424,test
1a38ed6d647bfcd88dfc0e4d,entity_0594,train
1a3b1b388ee00fe6c87f7b18,entity_3662,validation
1a491e918bd54f68ade45b4d,entity_0305,train
1a4937a369a2f34510f4e357,entity_0779,test
1a502fd3eb5698f929644fcb,entity_4418,train
1a5398a3e714a30ee1775322,entity_4386,train
1a5425fe83640b5884655c2d,entity_4565,train
1a54c6a5e1f3889d0bc9afa6,entity_1160,train
1a58fd1277223727098956e0,entity_0775,train
1a59ca572ebb302210924a20,entity_2026,train
1a5f348399c57ae85ff59a05,entity_0884,train
1a65c0772d065fc6be9c2f3e,entity_4237,train
1a66e9133205d09cd3e994b4,entity_3158,train
1a8cfe4ce88ac784b1ab6148,entity_4040,validation
1a8e79645c8a36f4164a6db0,entity_0442,train
1a9993320a506df18d5c316e,entity_1169,validation
1aa253b7849cc0226300aa0e,entity_1834,train
1aafa3ee9ceb450a16762b2a,entity_4845,train
1ab79c2a90bd23006f39dc17,entity_2745,train
1ab8c37de2c6ecf52e04e5a1,entity_2181,train
1abe27c07401901b7a44e6e0,entity_2021,train
1ac490b22bf8a414d7c10ff0,entity_0205,train
1adda941ed698e780328f146,entity_2959,test
1ae24789ac524fbbb3f13a08,entity_0507,train
1ae2c025ee8601b1724088d1,entity_3810,train
1ae4b79ef83ba9bd318fa0eb,entity_1291,train
1ae4bd02322dfd93a0ff6b1b,entity_0998,train
1aeabc26c7706d14435c806a,entity_2270,test
1aebd0ec572a2da814285a1d,entity_1500,validation
1aee676302bda893c1e69757,entity_4198,train
1af1afbcdbe609e7251e9646,entity_3608,train
1af1d9cfb9258cfade157801,entity_3640,validation
1af3940c730905b496c2b7b1,entity_0189,validation
1afc529211b93d92c774ce15,entity_3827,test
1b1749edf991a86ff94011dc,entity_1724,train
1b2514f416f6dfd2cefed981,entity_4204,validation
1b2a8512b10648af49b324a4,entity_0249,train
1b32b17b1c27723e0ca6eb5d,entity_2513,train
1b36c46ae2e880d9e81d7b14,entity_3706,test
1b4473989df1c0abf48e44ba,entity_3266,train
1b56d1f9b1896e451fb3c984,entity_0777,train
1b5747a0c6614f6160acd136,entity_1019,train
1b5df8f6141e12e8dee089d5,entity_4726,train
1b60782691e5de51b7f61ff2,entity_2013,train
1b68377d5cdbc55afe174acf,entity_2151,train
1b7e0d866da63dd257b8486f,entity_4815,train
1b831832c8f76dfb13663550,entity_1198,validation
1b841cb0e32b988d2ae6a064,entity_3873,train
1b8516b8452e78d7129e031d,entity_4554,train
1b87d2223d32e19504332eed,entity_1611,train
1b8889f37b8c0253df99a5ae,entity_1853,train
1b8dedf915fc5e00b4aaa633,entity_4740,train
1b8fedabbcc33c7f6225da07,entity_0694,train
1b91260260c61100dea3a053,entity_0966,train
1b9359faad730bfbc786142d,entity_4618,train
1b9dfe0edd975eaf4236f4f0,entity_1298,train
1b9f2cede372fd407c5924ed,entity_3355,validation
1ba1d5c1a392af048344f23c,entity_4415,train
1ba62727d9fe5aa6cf3912ac,entity_3832,train
1baf36fd28f14d53da7e8d79,entity_0315,train
1bb6dff56b919ae4b1b32574,entity_1899,validation
1bba880832c44fb31557add3,entity_2277,train
1bbc30a60e2f766bfea90bb9,entity_4475,train
1bbfba3a8f5f7f53357a5956,entity_0271,train
1bd02e31d5e68e9b26715c18,entity_1975,train
1bd94558892dd796fa5eff70,entity_1220,train
1bdda37267cbd972e128bb61,entity_1813,train
1bde6675ff26377b2ef07e63,entity_3905,train
1be11cfe0e7dfc20c0f0ea7b,entity_1046,train
1bf0c44ebc0fbb95a9b37c80,entity_3561,train
1bf1e711178c3b0f57082240,entity_3090,train
1bfadd9adb34245571b59bc3,entity_3186,train
1bfce7a43248ec8790091683,entity_3405,test
1c194d428644bc01b3d4f50e,entity_0097,train
1c19acd20e7104cc85dd01fa,entity_2087,train
1c1a83ec41b7f7d3b3ac2819,entity_0150,validation
1c2ef66d2f1cd10dcdfa7f03,entity_2051,validation
1c2f58499dac7825cc8dc661,entity_1395,train
1c3363e5867313590a4640fd,entity_2261,train
1c373c7e32f4e9395efafd20,entity_2997,train
1c3ef24a8e7eadab67db8604,entity_2893,train
1c40a2380e5b1acffd6948ab,entity_0746,train
1c4c92484424bae114a105d5,entity_0294,train
1c556604fad5bb4e9f37cbb4,entity_2824,train
1c580ef384f549fffac071d3,entity_0650,train
1c5efb7a83e6f566c05c42b9,entity_3809,train
1c6c0b18ebabee7d320a21a8,entity_3836,train
1c736beff71429478cf12610,entity_1967,train
1c7414f6595aad505b7a1eef,entity_3181,test
1c77ffe9a9f8f77578a3caa9,entity_0131,test
1c7c34ea6bb7466fa26c6c91,entity_1766,test
1c88038e7843630643f4654f,entity_4766,test
1c888a07ee9172639eb26bf2,entity_0612,validation
1c8a588af8f4bc11e4c70b19,entity_2698,train
1c8a93d7347e71533d8cd5d1,entity_3429,validation
1c8ff0aa921a348eb1abfd38,entity_1358,train
1c9123122f605e46fc2b859f,entity_3008,train
1c921e870f1082931365147d,entity_2117,train
1c93d16bc2c8ff871ee872f5,entity_0037,test
1c96195b3879c5ae3de5b3c8,entity_0153,test
1cac3b85cf1499d7db672bf4,entity_0060,test
1cb1b8bd483fe6403f6fe19d,entity_0853,train
1cb8111055f853480c880a85,entity_1672,train
1cc68d12f400639dc7ea453d,entity_4012,train
1cc6accbd33607e7c8e61256,entity_1425,train
1cc9db21b4bc3c1ac6f52ffa,entity_2533,test
1cca95ad24a7c0f356b5cc97,entity_0457,validation
1ccfb443a89845b583135f3f,entity_3840,train
1cd1fc9fa194534e63190514,entity_4836,train
1cd207b6622e605d3c7425c9,entity_4898,train
1cd613e6dde80deafef15f24,entity_4312,train
1cdb291ed9f1c91225cfe642,entity_3715,validation
1ce61b79e18eb902cccd80b1,entity_0683,validation
1cea4450a4ced52c3c4d8b54,entity_2095,validation
1cf57f717a39390b467ab629,entity_1862,train
1cfc6085e1856dc0534446a6,entity_4025,test
1d106e621ec5a2fcaf30ab34,entity_0147,validation
1d22d6b469b44b5f1bd0f34e,entity_3461,train
1d24a76346a76290e6c0c476,entity_3120,train
1d29329c35ffd11f847230e1,entity_3086,train
1d2fb089f24eaf70e45bc36d,entity_4382,train
1d372068ee9bdb858d5c4c7a,entity_4446,validation
1d4c1a0eb7f8527e63afd6b0,entity_0250,test
1d5254245803297ec6235fbe,entity_1832,train
1d5a28baf002b8bd6f0c245f,entity_2537,train
1d6bed462217947ae5f157f2,entity_3075,train
1d6eb71e3235fbd2d99cef2d,entity_3714,train
1d6f098a19d0eda8d8852f89,entity_4372,test
1d6fe3c7859d5bb46ec77b5f,entity_1720,train
1d841c0bcfa4d6fdc0181ee6,entity_4149,train
1d852ea459f0782167bb6937,entity_4749,train
1d8a231e8132cf8d0b09e90e,entity_4354,train
1d8d19c76ac7b4ad98f4a571,entity_1247,train
1d8ed8b9d800c3415b2f4a44,entity_2555,test
1d9226570b9666a2dc4357dc,entity_1047,train
1d93a9e9196a4ab9622a9cfc,entity_0358,train
1d971268b1c5f125187974d5,entity_0008,validation
1d99c1c39e7b7412a0efcca7,entity_4695,train
1d9b2086a6aa6d15776228b2,entity_4658,train
1d9c8e58ea032550e49d5c66,entity_3450,train
1da6b80a98d92d2eec59f700,entity_0516,validation
1daa21481e592903b810125c,entity_2641,train
1dac5b0aa1a2ad341fa910ba,entity_1528,train
1db3deffe917407b44314693,entity_0476,train
1db3ea40d6e0e2a7e0131da1,entity_0005,validation
1dc2253d14a128521f54e482,entity_4119,train
1dc785462b0c2acfcd8725fe,entity_3436,train
1dc92e8ab328b051c2680f91,entity_2204,train
1dcf4f5198db81b82e16cc36,entity_0248,train
1dd9c4f21605111fbf312976,entity_1191,train
1de657ad5a5dea451dcc5edc,entity_4702,test
1deb7fce9de3abe28103b716,entity_2959,test
1df0f195b4d806e541d0d7ac,entity_3521,train
1df5bb08a9f9dad1034984a1,entity_0794,train
1df6b244584f11fdeb7bc37d,entity_0661,train
1e0bb8293dd70d6b5516a950,entity_2537,train
1e1572f5f0b9aa52a1427ed0,entity_1673,train
1e1b6fe4d5a3e1c79ecd3696,entity_4976,validation
1e1bd7863f2ec08398c68e25,entity_3973,test
1e1d4f24e39e30f3b4889fe8,entity_1554,train
1e3402a37c9742dab94f6430,entity_3523,train
1e3dbf8da02d8818b0aa8a73,entity_4202,validation
1e3f67bfab0f5d9131b24107,entity_3475,test
1e4998111ea413c3e60176fd,entity_3082,train
1e499890fe47fb30902ae930,entity_4574,test
1e529c47e3a6399215943edd,entity_4340,train
1e54979216c568ef641dae89,entity_1615,train
1e564f20375497caacbf3d83,entity_1240,train
1e5888e4c57f9e5ae45e12c9,entity_0698,train
1e5a445755a48ac9ddfd7ce3,entity_0197,validation
1e5eac8a59af426d50e55364,entity_2596,test
1e631ec01d0792a0bf281fa2,entity_2019,train
1e63e1da7a43f30323a77a77,entity_0708,train
1e65d5212f7a6955d9a419a1,entity_2048,train
1e69ef3677d49da24adacb3e,entity_4739,train
1e710b453ede4034ad2c2e2e,entity_4045,train
1e71a62f1afeff0ddc45e910,entity_1020,train
1e74f02891a00973c5163058,entity_1173,train
1e75b53e0e99e5e7df5e9599,entity_3106,train
1e85a3ee098113133286babe,entity_2308,train
1e8b8376d2b44d8648731b44,entity_4010,train
1e8cab2f7757dab1cf095854,entity_1846,train
1e8cfb54d313b31fcf31e332,entity_0048,test
1e93d5325c7d47fee8a6aa31,entity_1436,train
1e9596ac5ec97282d71bda41,entity_3685,train
1e9c62809a77e65edcc0e7e1,entity_0209,train
1ea0fd85cbcaa99aa01c41f7,entity_0637,test
1eacce0accc04ed70ea5d0f4,entity_4031,validation
1eb0c279bb55e94990d7bcc4,entity_2870,validation
1ec4ece5eea43455fee2f3d9,entity_0211,test
1ec5c81be121921f5ddfe655,entity_3252,validation
1ed2b0671e7f0c43fd36c502,entity_1790,validation
1ed739327c9b5fa13045c567,entity_1151,test
1edb200f684d32b5e5fa68c7,entity_0785,train
1ee3f72c9a8d577a88095b83,entity_1040,train
1ee7c983f8b3c1ddba3c7581,entity_3581,validation
1eee8907cde3b084a1fc5471,entity_2805,test
1ef3281f22bf1f989d728927,entity_1113,train
1ef7957fe420cb61ea791232,entity_0883,test
1f08aa265f331cdceffe9621,entity_0545,validation
1f0f42de08798ca58b21a4e3,entity_2811,validation
1f10c732bd3c03757f030d6b,entity_4576,train
1f11ae0a6dac1a6a2327b266,entity_1142,train
1f12c9da22ae081b7dd32b00,entity_1757,train
1f21e580451cc0e083fbf5da,entity_2008,test
1f2848b93c87275105d85bd0,entity_1515,train
1f28d4917ba51e5b4562e224,entity_0876,train
1f2ff6364505dc0822cba659,entity_0222,train
1f30b96c1a8b3ed137648b28,entity_3522,train
1f32722a2a05bd9bbf7f609f,entity_3649,validation
1f395b437ac571e1ae9a43ae,entity_0132,train
1f44a14bf22092c64e7aadc7,entity_3754,validation
1f5a94f0b1c4a492d417e9a4,entity_3352,test
1f5cd9984799112ff24ad141,entity_1200,validation
1f626a149bc19ab8a4a125df,entity_0215,train
1f63dcbe985359b308734a41,entity_4724,train
1f66f862916dc6394164adca,entity_4114,train
1f6b4e62de6d1589c80c2f7e,entity_0920,train
1f716a8727799c45b7bdf6d4,entity_4522,train
1f731ba3487504127a148bc3,entity_2460,test
1f7358ef43229cc50e29e9c3,entity_4896,train
1f7be272020847a90a59a2dd,entity_3286,train
1f7dc8b869f8802ca19bceb4,entity_1892,test
1f8c26dec7c8bd1c3388bfb0,entity_3514,train
1f91ae66f845fd412e589c38,entity_2998,test
1f9f3f4e8974ec5a6f261e89,entity_3080,train
1fa36151eaa0685aae46f488,entity_0467,validation
1fbcfd50be6336e0874a84ca,entity_3368,train
1fc03ee0d263677672cc5b17,entity_4635,validation
1fc4459ee115c65118958bbb,entity_3754,validation
1fdd49d9959d344559a42616,entity_1486,test
1fee5edec4351109e786a5a6,entity_2894,train
1ff5e6670ae56bbe63ab5fff,entity_0165,train
1ffa422389a070e261678881,entity_4190,train
1ffb78f0e4d952f2b0c766a1,entity_3109,train
20030225a79a080c54c6c8d3,entity_0457,validation
2007baddb28b2d04ce59a175,entity_1416,train
200fe6e60de2b0558aafbeec,entity_3837,train
2010c431362d4883be001aa7,entity_3846,validation
2019a9a46d07b215f9b25b3d,entity_3332,train
2035b4b81e0df8d3c193c2f7,entity_1556,train
203d5bddc622f517865ebf06,entity_2717,train
2041c6579a6930a9113cba3e,entity_3668,train
204e6989595be544653a4e67,entity_3040,train
204ebf694c0dd20153a2722c,entity_4703,train
2050c80eca161245422a5e1a,entity_1839,train
205f99a7757e111fdd406627,entity_3108,train
20609c50ce66e87766492bcc,entity_0113,train
2062a244083886bad8c24cee,entity_1719,test
2065dd8a455498622cdd288e,entity_1563,train
20672301c7e3637144137e46,entity_3215,train
2073fe07e54776ba2c330244,entity_0764,train
20741ec03162a45daf6e7481,entity_3046,validation
2074b779a8243500350e538d,entity_1253,train
2077900055a3127f19f6508a,entity_1986,validation
207e353b363d51a436277104,entity_2082,train
207fd78245bb8adbf483aa02,entity_3446,train
20885a9df9f63765473714a2,entity_1368,train
2088f7f221cc383326c062ea,entity_4142,train
208e7c77e5b2596291d762d0,entity_0328,train
20907843176357711d13b806,entity_0844,train
209e8acc5c524419f6a366ff,entity_2823,train
20a7fa5c2498038945efcfb1,entity_3539,train
20a8fe4b1f30a4d2ed6c8c44,entity_0082,train
20ad8abdae5abd5297a84274,entity_2717,train
20ba483a05adf7c10d85d803,entity_0319,train
20bc38661c1bd7b50931949c,entity_4983,train
20c1ecbf17615ea1b4d6f362,entity_4364,train
20c37bdaae99b3af25602449,entity_0672,train
20c405700ed376e8a4d890ac,entity_0037,test
20ccbe5248d5bc7442c43f15,entity_3595,train
20d39d2ab987c8809a2c3bca,entity_3805,train
20d43a713dabe86d0b5a1a62,entity_1242,validation
20dbb21b85aaea638b236d04,entity_3610,train
20e386d2913b5b1495571901,entity_2697,test
20e8233b3b89d519ee89e2f6,entity_1754,train
20fd436aaf54d2b29f7b86e0,entity_3244,validation
210bd6cf1190e7e45779c85a,entity_4730,validation
211bb41ccac147d88b4f9cfc,entity_0959,validation
213cec0731c69ec328450301,entity_3990,test
2141e554458a11cf481e8143,entity_2470,train
2142329386d36358c60ad355,entity_2738,train
214306e0a13201123ca85860,entity_3231,train
215816db485332b420440cdc,entity_2373,train
215ada37466455edea68d089,entity_4942,train
215ef228314d8f619fa0f2eb,entity_1293,train
216107023e0596b81e646011,entity_2765,train
2167bd11516fb21323a0c9b9,entity_1703,train
21694c8c299071939f9063be,entity_2984,train
218a599eb3c21211d3a869f6,entity_2150,train
218b5f6cd22690470cf90d88,entity_3605,validation
218dfcf852cc1a8056a3a132,entity_4133,train
2190e4a5ebcd5edf77365545,entity_0733,train
2197dbe2250abe9a5e62b250,entity_4088,train
219d7460b4cb7157a44ad1cd,entity_0061,train
219d88437888147ef085353e,entity_1742,train
219e33cb794b72c6de981a9f,entity_1972,test
21a08e5755c40d0c743241c0,entity_4979,train
21a1dbb59d995ca2ed49de69,entity_3138,train
21ac6b83a98ac0f88f7188b2,entity_0320,train
21af68c5e9fb489f41ebc601,entity_2808,train
21afe028cb3e2d011662877d,entity_0143,train
21bafc358539d0541d6495c8,entity_3654,train
21c126e6a61d238e6b8d6dd3,entity_4403,train
21cdd329057fa28137195ce9,entity_4353,test
21d610d059c369b31753a0e0,entity_2230,train
21e8bec652f04deb3ee3b535,entity_1264,train
21eaa7c281d35ecc1e10d06d,entity_4079,validation
21eafcbbf36a2915b0257589,entity_2982,train
21ef190580373bdd466ea072,entity_4939,train
21f717b5d393b9c63cd597e2,entity_0148,test
21fb29a29ba14e19f55f6630,entity_0048,test
21fcf131dafab937167ed1d6,entity_3439,train
220b4cdcb2ed94d554a4aad0,entity_1711,train
22125574e002d6c23a97b4b9,entity_1977,train
2213700732f47f2e5468fb03,entity_4491,train
2213be6aaf23fffdaaee133d,entity_4377,train
222ad83e95b1a6d18a6580e1,entity_0870,train
222f50afdb08d52a2608220f,entity_1825,train
222f59db2da3246c3d4be237,entity_2410,test
22342657aa4da5650d18062d,entity_1213,validation
223684661b404a6e0b3f3f26,entity_2368,train
224b16e767e9dc60392658dd,entity_4609,train
224b5a53b50443f8fb2fe927,entity_3528,test
2250867a0b8fc57ddc863c2b,entity_4751,train
2258cfb2a67d9e756f2bf428,entity_3888,train
2264faa2ee1088ecd50561fa,entity_0945,train
2266f3fc54395fbb3dad7c7a,entity_2796,train
2269fc547d4ea2dd9a122fb7,entity_3017,train
227514545014bd699e93bc40,entity_4728,validation
2278a03ff3a3a03985be4112,entity_4520,train
227a52428b8e20aa001d4bba,entity_2970,train
2293dff9b20b0b05c13ad5fc,entity_3398,train
229e71784b37dec96f466e58,entity_3395,train
229f63805390c94b9039452d,entity_4522,train
22ad5e7374ea0a262a87dfb3,entity_1873,train
22ae6e8abbf5ef5ae43cdd54,entity_1650,train
22b2a9d6858163818ce26e7d,entity_1494,train
22c1bde804aeed4399ee6ade,entity_2562,train
22c8edcc0388950eda5a2308,entity_1468,test
22c9fb19a7a6b9564762f368,entity_3185,train
22cfe9f8334f2f4644d1af90,entity_4731,train
22d25cb301546a94c211050a,entity_4122,train
22d747ffda42dbb88f353245,entity_3088,train
22d980eb280292f850ede658,entity_4170,train
22db038377af3b9fde49b57c,entity_0246,train
22e27d35ba3afc0d5beec20a,entity_1841,train
23064c931f4d5c6e9afde682,entity_1561,train
230ded118f03d492f0fabdba,entity_2600,train
2311e1149c7c50d28bafa9ca,entity_1747,train
2314cb3e672ae446e6044548,entity_3710,train
23183f983f41372c6987ce3e,entity_1945,train
2328bf05b379859ceb7dd5bf,entity_3939,test
232a104f248d0aedb4cab948,entity_0835,test
2331a2d7c75861b0f279d7e5,entity_0124,test
23320907d775b5e074b7bf18,entity_3708,train
233311a292e17538de1c6b10,entity_3002,train
2336324c22490b0ce8288cdf,entity_4768,train
233b5e12132425f657f1490d,entity_0134,train
23424ba6153ec0b1bff4cfc6,entity_4865,train
2353040fa2b6de2d904d3ade,entity_3116,train
235c31aedaf001d26862a99f,entity_2345,train
236243aaa507b01230e3c298,entity_2762,train
2362a6df1ab09405796d3619,entity_4509,train
2375d2f5c4ee20009bac4f74,entity_1511,validation
237c7611bbb4d12f9b5cde72,entity_0053,train
23814ed13479044950cb70d2,entity_0172,train
238e79881ef13e168bb162c5,entity_3972,train
23906a6a240d9b37d39366ea,entity_4430,train
23963a3100c80b9be62ac054,entity_0889,train
239be4a78592b8e822b3e0ff,entity_4787,train
23a1b0aa58a737de7cc257c3,entity_4570,test
23a430d0d79755b9bbb76c9a,entity_1492,test
23a5658bf09b0270fd65743c,entity_2999,train
23ac9f6f6a1f0cc9590dc530,entity_0616,train
23aee162a05f1c8d0d3945c8,entity_2559,test
23b709669d2fb110af9712f2,entity_1600,validation
23b7fd44f7db23de23fb3262,entity_3435,train
23c39f91b8f2ae106497537a,entity_0394,train
23cc2d341fd8854e942eddee,entity_3047,train
23cc4406b88ffde24cc4fb40,entity_3897,train
23d26237da617f30d9d57d6d,entity_0436,test
23dc933f59ee3ecfec46d5be,entity_3783,validation
23e2746b03c66729a1828d77,entity_0025,train
23f1e41177b102f37dfbae01,entity_1362,train
23fb725fc45d6a9a31f60c2e,entity_1907,train
24049c9af255a0b330f3a599,entity_0636,train
2404af6fa6152673eda4d069,entity_3034,train
2409708210da9cc8eff0b8c1,entity_1310,test
240c356e9f907606931c3403,entity_1893,validation
241099a93731bf8903705450,entity_0760,validation
24125782ed9882577532d540,entity_0287,validation
24194d9bc36e06260356b5c0,entity_3103,train
2425da60def7dd5a3a68b1ca,entity_2397,train
2433d6db514e838d1ab89591,entity_2790,validation
243474fe00bf36e87b95068d,entity_0869,train
244b5c98250d8d6fe0473e37,entity_4544,train
244fe53cfc5e342ab2026034,entity_1534,validation
2461e516bb942065609892f8,entity_3921,train
246fa81b1e4d146bd41ca424,entity_4827,validation
2472d8f02755aca2f813e8a3,entity_0856,train
2496da3b25cbb741f0d926a5,entity_4586,train
249ad56adcf3e7e61b2972a7,entity_3877,validation
24a0cfc42ac6316c3400b27f,entity_1589,validation
24b54ecf4263eb70feaf6af3,entity_3903,train
24b653e82c006a71ffb7913e,entity_1297,validation
24b679a68f321e69410ea879,entity_3494,train
24bab955badd5cb7c3c0266c,entity_1534,validation
24bb21216784a5d97383abc7,entity_1555,validation
24cbcb868a0a810f7656b00b,entity_0327,train
24d33999ccb4908c91353e3e,entity_3271,test
24db9ddc2ec57b4e326dd23c,entity_1452,train
24e833afa89e59a0f43edcd3,entity_0226,validation
24e8928b14804f3743455bf8,entity_4201,train
24ea7acb9948f50eeeae940b,entity_0771,validation
24ea94635eeb5379d299a83b,entity_3119,validation
24ef137463f119d58f57cd13,entity_1048,train
24f1d892785429fda7f4d3cf,entity_3591,test
25038e5b14aac075c35669bb,entity_2044,test
2508229501675739073c001b,entity_2946,train
25132dc6682d8ca772f2b6c3,entity_1803,validation
25224b815f5899286e0de22a,entity_2151,train
252530d79675710899b39b14,entity_2948,train
253b7d1f9b9ec2d338b81d6d,entity_4221,validation
2540939710e0cb09e2eebbb8,entity_1263,test
2547124fa05e25283c498d7b,entity_4006,test
25594a9df2b60acd19431351,entity_2072,test
2559aebe80aaabd4b3fad7df,entity_0514,train
255f3b70caed7c38995b77a1,entity_4154,train
2563514dfaf2efc2d41178fb,entity_2353,train
256794d5c99bb9443ce87a0a,entity_4875,train
256b44ad2d4d831df93e3356,entity_1140,test
256caba6f89e1fa0032a4d97,entity_1920,validation
2571b8975f19d2706c587fe9,entity_0203,train
258005f474362a7b008a2844,entity_0887,validation
2597349ebdc37a4545c81d49,entity_4093,train
25980e359f9d450d39908233,entity_2201,validation
25a04404af7c9b5f135d829e,entity_1934,train
25a2caee8adbdb3bd1f17557,entity_3165,train
25a62b6cf1ab5d556b8468da,entity_2628,validation
25a93d2c217b90b646f74cf9,entity_3078,validation
25b4d8245e2212533899c562,entity_4986,train
25ba804de4fd9c854305a16e,entity_2913,train
25c4bd8b33ef7d4a49082146,entity_2946,train
25d2913045c152c9385075fd,entity_2011,validation
25d3407a45f95ea4718d02b9,entity_4228,test
25d6639a8f4786c390c84fa6,entity_0742,validation
25db4d0c56cab697e08d5dd7,entity_2479,test
25dc7f1d1fd819e9bd4185b1,entity_0985,train
25ed582141b2a92c9deb89f4,entity_3576,train
260b90cf6c6e600e6d8bc2be,entity_2315,train
26117f42427a2cfb4d525642,entity_2549,validation
2613269e29c3d590ee9f26b7,entity_3734,train
261755aa3f3cb477c61e23ab,entity_2621,test
261a3025927cd8ab0f2c484e,entity_4239,train
264145d88401d174cce02772,entity_0836,train
26425abe8882fac8867ba3c8,entity_1360,train
26438edc6e7b1a2ed1661110,entity_3617,train
264bd2daec45627643aecbd2,entity_0072,validation
264e51ecd19204f50d455c0d,entity_3087,train
26522eeb33d9278954f45431,entity_4901,train
26571baf6b11c2a89501264b,entity_2073,train
26624fe51797edb039945118,entity_2714,test
266796c4b333cf9e413aa61a,entity_1490,validation
2670cff4cfa08c40662ce867,entity_4812,train
2675db59c3931c98eda13dc8,entity_1678,test
267a6c2831843c239baf3396,entity_4099,validation
26820dbfb6d937befe4ede0f,entity_0395,train
2692dfe0d72e0f349b05c484,entity_4141,train
26962d31fbbc4dcb32f18690,entity_1408,train
26a964170c96f1e910ac14fc,entity_1076,train
26a9be8d717ebdfe1a2e1e08,entity_0648,train
26adb8114bb1921758128d49,entity_0388,train
26b13b192956a8e416b36913,entity_4470,train
26b9316c8c24d095ec7e4815,entity_1627,test
26bab68013986073b634d1c2,entity_0545,validation
26bef39aef5c014fba053b0e,entity_0180,train
26ddffb75fd808bdc90523ad,entity_1250,validation
26e0a8bb1d31ae06a54d99e4,entity_4637,train
26e3b00ea8eddbb31afadf7d,entity_1846,train
26e8252a755b3afb51ba77c1,entity_1484,train
26f4ba29c429d0501f9006a1,entity_4639,validation
26f79c9d154b4a9b87dd3869,entity_2276,train
27065b59eaf2856b2f6992e0,entity_4344,train
2709bad497ed66df01c519ad,entity_0072,validation
270a81cab773ab2c0a1689d5,entity_0756,train
27155888286bdf3be7777ad1,entity_4871,test
27172b4d9642a9c1776b595e,entity_0986,train
271ea0f0a628c31b94c09609,entity_1691,train
271fb335ad743ddbee738e1b,entity_2481,train
272a78ab3f92a61265240810,entity_2164,train
273022e54973c1d061f9f9c2,entity_0870,train
273301ca9464077e03c33385,entity_1896,train
273a203d7fb771ea58acb918,entity_2753,validation
2748de0987235aea4717862e,entity_1018,train
274bbc9a96bcdb82263c6aea,entity_3226,train
274ddae0f795e441628d2c0a,entity_3629,test
274e8d328682f0e8c49741bb,entity_2212,train
274f2569483e3d355a57bc14,entity_3866,train
274f4965a8648c7e814b574f,entity_1530,train
275627aa2e2c46fbb0a9d3ee,entity_1977,train
275aba8398c53136fca56f91,entity_3477,train
27620f3495d07bfe3d623115,entity_0156,test
27648537c7d1499c0c555539,entity_3214,train
277035451d082dee943aaa43,entity_0050,train
27748108c5989cad899c93ea,entity_0852,train
27813cbd20ffbd8c74c3c24c,entity_4057,train
27860139d2a352e55470fd36,entity_4068,train
278a8251c9f5839363230907,entity_2993,train
2796a35e451d8047583340fa,entity_0397,validation
279a65dcac527283582e37b9,entity_3316,train
27a96daab4fe579f286616bf,entity_2267,train
27aac58673e9d8cc66de5fdc,entity_2314,validation
27b38b792f9f024b0d89c84d,entity_4651,train
27bc7611433f556a38663a42,entity_3819,train
27c24e7e8844375229ecc252,entity_3323,train
27d0dde6543b23bb1c596c2d,entity_4863,train
27de9adf61b3c274633d6d98,entity_4430,train
27f2427680ee808f3dd85c34,entity_1298,train
27f87b7bea3ea70f2d73e429,entity_2184,train
27faedaa48ce1e40d5f75d9c,entity_2025,validation
2804f69eadef94a1b37cb5f8,entity_1807,validation
280cd21b003df5d98e317dcd,entity_4448,train
281624b67b58c2594279da3a,entity_4228,test
281d2e5a12c21dd918338832,entity_2154,train
281df315d5b58ee70d7f8e20,entity_2214,train
2823b98b42dd583a64d324f0,entity_3878,train
283b22fee8854a1e353e20ef,entity_2215,validation
283cfe255399bd6df3f3b317,entity_4065,test
284075fd2e85766f4f3f31fb,entity_2429,train
28431b49161eaff648cc674b,entity_2175,test
285398832bb6fb0651ceb40c,entity_2115,test
285a53ed60c2409cbd06ae7a,entity_2550,train
286377b61ddfc61a4aa5109f,entity_3378,train
2863ac44894b065fa899875c,entity_3609,validation
286469c5891a2875cdda4c15,entity_4051,test
2875c8cd6c3fc8a26912a499,entity_3600,train
287d5b485fc81690a07900df,entity_0051,validation
2880a9183dbc2776b49a95cb,entity_1641,test
2888aa07d8a38ebdbf135715,entity_0676,train
289d8fb84189c13f01935ba2,entity_1694,train
289e8cfdcd0a8080587bd040,entity_1272,train
28a3f564b8ae169f1967b5a7,entity_3304,test
28a97309caf6b4f25842c17b,entity_3543,validation
28aa26fd3bd0e2af633fa596,entity_3558,train
28ad2ef6c34b038f4d13117f,entity_3976,validation
28afab2ccf326403e4f741c1,entity_0918,train
28b8ae86571091812ddc2e1e,entity_4707,train
28ba2cfbd80d1b28f8dc9ae2,entity_2145,train
28bd929739d0e133b4b442ae,entity_2780,test
28c12ce06fec6213541b83a6,entity_2064,train
28c1301c513513d27b818e84,entity_0614,train
28c18f82e62ce7244a85d37a,entity_1189,train
28c2f477eae5174dc9f61673,entity_4114,train
28c8dbd842f478cae3bc8599,entity_0553,validation
28c960bb4d48fa7634d4743d,entity_2944,train
28d03c9e27220a68e8e9ada6,entity_2956,test
28d92568d6332fd418c8f503,entity_1582,train
28f3a351460f6eb7cff7ad2d,entity_0264,train
28f8ef8cf811db214e7e8a93,entity_0831,validation
2901f4f8df11350925af625a,entity_3952,train
290f7d34fa4d353b7f259578,entity_4252,train
291476bc11b62c60930e0eb4,entity_2981,train
2922606d0ae018c29b4786d5,entity_0367,test
2928bbb69b58cca23cdba2d3,entity_2335,validation
2930ca5082a456ba3db3e7e8,entity_1746,train
29363049702ebdeb49c62438,entity_3034,train
29488f99df0bd5d30256d159,entity_4877,train
2963d559c48a4cd3c47b9842,entity_4250,train
29696fb6425831359d107954,entity_1190,train
296a4bc46fed1f91d47a206c,entity_3677,validation
296c6750cc0aab6c557e8d3d,entity_4004,train
296e304f2597bbe68ea3a18a,entity_2406,train
297f08a1f05b7b22acf919ed,entity_2546,train
298681433d05a6670baa5880,entity_1087,train
29884f073fb6f10599ac5bef,entity_3416,train
298c8f92cb82fcccccf279a6,entity_3872,train
298ffa4accf734180ed25c00,entity_1263,test
29914c094e4f35d2404c47a6,entity_3228,train
2993230c3d35f00ccfdfe5bd,entity_0745,validation
2997165286a062947bf60c9a,entity_2590,train
29a5539800ae2d040f67b1f9,entity_3447,train
29a74b6b4b4fbbc96f36f6f8,entity_1023,train
29a7669441d9d40e41b3c74b,entity_2059,train
29a81084f3886406de201d29,entity_4911,validation
29a8363649e1da61089390c8,entity_0336,train
29ae44ecc1222f7a2f5de9e0,entity_4442,test
29b483fdd4e6677318bba176,entity_3411,test
29b5fdeff6751eb4ea4c8a69,entity_2034,train
29bd287192e5c19704a08d50,entity_2632,train
29bf43f8459b7d1f0a70b8d5,entity_1633,test
29c6eb77023a96db1f59ea9e,entity_4455,test
29ca0593adff72c974948c27,entity_3721,train
29d5c405e268dda484484004,entity_4422,train
29d6b34d45afeeb0aea3effb,entity_3937,train
29e8a893e69b41a09a9038cb,entity_2757,train
29ec4d5a9ff7a68239b7f826,entity_1483,test
29f11f35ce8f7f1552b41935,entity_3030,test
29f307ffd2dce8550caebfbf,entity_3019,validation
29f4bf790f723938c556ae55,entity_0141,train
29fd6c1af5501a703ea80c19,entity_0454,train
2a0accc18cc4bcc4803519e9,entity_0997,train
2a136c5e566a98bc02e75eb9,entity_3147,train
2a14aa01962d098b337682a1,entity_2111,train
2a168b41a9a604f7149a4b17,entity_0700,train
2a18056ec63dd3de1f032039,entity_3191,train
2a19058274e5765cdad4ab52,entity_0078,train
2a283e4324cff97a2a5a590d,entity_4796,train
2a3b71e79f337fc1d0934e02,entity_3584,train
2a3d3906389f71e38da90117,entity_1950,validation
2a44de84cbe65fec36eeb931,entity_3821,train
2a4a903b48f90447f2f86841,entity_0389,test
2a4d3c3a85bc79682f4b6985,entity_0442,train
2a4d860cb52d6cb352301da5,entity_4762,train
2a4fd7d423f59eb6ef6f6557,entity_1692,test
2a517bf6f99d6020cd7338bc,entity_2199,train
2a523ee229e1666d6f7ba1bb,entity_2608,train
2a524af1d80b6319ee0d84b5,entity_4580,validation
2a5362fc6e3900a7fa6f42f7,entity_4723,train
2a66453bd33fc6301568d366,entity_3390,train
2a7b26034575270200b38b05,entity_0522,train
2a7d1e584691661044d3d561,entity_4813,train
2a812daaed7a4154a88ddffb,entity_3318,validation
2a825b738f69c630d827e4bc,entity_1978,train
2a8d55f9dda998c8210ac72c,entity_0995,train
2a9022596647c835bf88c2b5,entity_3232,train
2a9af281fd0ff703689edc2a,entity_1409,train
2a9d96058421906867efd25a,entity_3023,train
2aa33d142efb69d0ee03105a,entity_4497,train
2aa519e50292ca69e06fe51a,entity_3523,train
2aac51d77c8469f0671d3ec5,entity_3822,train
2ab0ef415be729b64acb20bf,entity_0266,test
2ab2a77c990568bdd5ecdd3a,entity_4792,train
2abafae6ff80596503796db3,entity_1070,validation
2ac0dff58ffefc8d1763682a,entity_3441,train
2ac1def6c87873b6118b089d,entity_4559,validation
2ac441f426b85dffcc60e9e4,entity_1558,train
2ac4c72c444037c4b5fdc19e,entity_4250,train
2ac9624de2bb2e21c170d1ee,entity_1262,test
2ae0245d2556aa186c02416b,entity_3728,test
2ae2cbc2e1c628f4c8e46fa6,entity_4131,train
2ae6870b61e31e09570a632b,entity_4341,train
2ae786818e9ce9b82668dac4,entity_1196,validation
2ae816af66f8bb0992ef4253,entity_3193,train
2aea16db9a3e57e87a8c6671,entity_1949,validation
2af482387be53eb5192eb5fe,entity_1064,train
2af6e1b691f893de9b108c9d,entity_2558,train
2af82c870d594b92b4c6c690,entity_2910,test
2b17b826bb41d0b5d69b7df5,entity_4164,validation
2b1a1bbb5c295fc71dc3bde5,entity_0091,train
2b1d7bb2f8443ec0615db80c,entity_2763,test
2b24b0977a8e4fa26c71114d,entity_0438,train
2b2dd0015f714de7848bc427,entity_1430,train
2b30ebb5ca639e1dbacaf133,entity_2242,train
2b342d0802d1dd820a4147c0,entity_3418,train
2b347445b76e02e91a162b80,entity_1677,test
2b3f6f5a85068f077a993e4c,entity_4337,train
2b43ffbb57c795bfbf2c08d6,entity_0699,train
2b48b4be41cc3cb5a4a88891,entity_1962,train
2b5000d88ba8660a7451149d,entity_0002,validation
2b5064749380df8cfa17d37c,entity_2784,train
2b5201005b991055f2447948,entity_3891,train
2b53c516a0ab2632bd0e2d00,entity_1284,train
2b59dab0ed47d0cf65605b96,entity_3459,validation
2b6fee8ee6f8e723b88eabb9,entity_4832,train
2b7189e671d6bc50913a8473,entity_2727,train
2b7fb656fcd5bec24c1c52b1,entity_4164,validation
2b8332861349da673c6dfffa,entity_0760,validation
2b8eae54fe15d3b548c31063,entity_4968,validation
2b911d43e90933219faaa2e3,entity_2932,train
2b952e4df285e4f9656d292b,entity_0196,validation
2b9b3c1b20a3f206cae2da97,entity_4475,train
2ba1951787d5d8737b318fdb,entity_4841,test
2ba552ec24da38cb130a2303,entity_1957,test
2bad0270230782f85101f9c8,entity_4374,validation
2baf620e0e4b3c9ada22e592,entity_0241,train
2bafb75cde1040d636bb3bbf,entity_2023,train
2bb2766cf01226c6d6bd4e16,entity_0110,train
2bb609961aedc65058f2f223,entity_4138,train
2bb699ea9f46d40a77c71552,entity_0339,train
2bb9665c3efd4238bd0d493d,entity_4371,train
2bbc12ff2a82bf6c9800d39e,entity_4165,train
2bbf216a46eeb193525e68e0,entity_4764,train
2bc1c26bd0175fa02d850c97,entity_3888,train
2bc27042c646ad31e40c2af4,entity_3641,validation
2bca43a95fd4282d47028756,entity_1112,train
2bcba0a4bf75c16a76244507,entity_3962,train
2bd0f77ae1cfac58a2cc7c52,entity_3572,train
2bdc459de185df0c14cd5464,entity_0428,train
2bf35471d940a58b78f1c4c2,entity_1850,validation
2bf5f85fb0b6cf463bee46cf,entity_1359,test
2bf744af14a0c172be26125e,entity_2360,validation
2c0344b1d1c20b134d3e2b19,entity_3300,test
2c0978a7b157cbc1eeb329ed,entity_4751,train
2c0aa1d1b6b2cf7d80b975f2,entity_2869,train
2c0c9c2e7ac95a26f3969386,entity_3751,train
2c0cf9872598b64b2b36eacb,entity_1157,train
2c16b06eda944c0395cd5c47,entity_3095,test
2c17f47f0ae0eedc0fde2db7,entity_1599,train
2c1b862b9ca0e2c122e4cb66,entity_4205,train
2c1dcdc78282f6ab60eab48b,entity_3467,train
2c1ddbf289f38814ab691270,entity_1717,train
2c203cde37f0c80342a3450b,entity_0349,train
2c222bcd8fdf42d9bebdc3f5,entity_0378,train
2c226075fa9d239376110b54,entity_0527,train
2c2428a44657d8afad05d267,entity_1832,train
2c2cbc5c1c97c468d553126f,entity_3242,train
2c2e1b58975dde9fe353ee05,entity_2032,test
2c338ffff8b2ac460e9bf455,entity_2129,train
2c371238036544760fa194b7,entity_4032,validation
2c37a83c1232f2f4e96c2d08,entity_0263,train
2c4526c3a5208f35fca45d3a,entity_1734,test
2c473da07ad36ac893507809,entity_4671,train
2c556b2036f01385c1b1918c,entity_1769,train
2c57732ee9df617b86aba191,entity_0152,train
2c59c9508aa9a99f8ab2438f,entity_0500,train
2c5b78b733cc983af827650c,entity_3437,train
2c607eccf977d0f1b133d075,entity_0463,train
2c6565e42048b58fcd0929c8,entity_0530,train
2c6b7777243e669cd4932be0,entity_0832,train
2c730a3d9deafd82e24b24bc,entity_0444,train
2c78a2732a86f2116f82dc99,entity_1513,validation
2c7ab7a0ea3ce094f2da5dad,entity_4934,train
2c7cdedfaa7ec435e72d4fda,entity_2223,test
2c7f03f66621b8b30fb5db33,entity_1653,test
2c837b9e307914551d6efd0a,entity_1767,train
2c885afec26e4b417d25a228,entity_2693,train
2c8c75bbdddd0c90664fc2f9,entity_3063,test
2c960861c7a5d7c988dcdec0,entity_0539,train
2c991e718ba103d39e15e977,entity_3055,train
2c9bd69e36cdcc7be43e3ccb,entity_3159,validation
2ca25872ebc156b1502209fd,entity_2097,train
2ca6bb52592e261b8fabae0a,entity_0488,train
2ca89153f0a0119ef0a90360,entity_4514,train
2cadfc6420fccf7c060d7b58,entity_0451,train
2cb7b96978599c728f038c50,entity_4269,train
2cbfd71fbfe646121e74a76a,entity_3949,test
2cc896a2e6d82dedfd4856d5,entity_0742,validation
2ccd8ce2d51591d30cfe11ff,entity_2469,validation
2cda9ed091ca99984e75035a,entity_3009,train
2cf2c66ed583a827abb429f5,entity_3329,train
2cf69735609ae575a7451709,entity_4439,train
2d0217ef27a38855b14e946d,entity_3076,train
2d18c31697f4306d311259d9,entity_0604,train
2d2718a4179462e63c0d05b5,entity_2773,train
2d2a9b754d55237d22866d0e,entity_2017,test
2d2c4683e6c4ea4965972b0b,entity_1445,train
2d2fbaf6b495cf0a794c748f,entity_2857,train
2d396a8ea4ceafe61367cdaa,entity_0417,validation
2d3ce9a608567fc6be799848,entity_3723,train
2d429d849d82970339e13e00,entity_2009,train
2d46cb4bbe897c75f539e0b6,entity_3252,validation
2d46f43a381cbe464f98fce8,entity_4691,validation
2d50625ae88dc8f476304ef0,entity_0913,test
2d51cb815bdba01eca701c6b,entity_4738,train
2d5d184c1f4b84253eed0c6f,entity_4648,train
2d635ad09344bc3889baea43,entity_2144,train
2d6a3f5113753ad612ce8dc5,entity_4961,test
2d6dfab4994e27f568c38fb9,entity_4349,train
2d6e6c829a69f366c6bb9d9a,entity_4847,test
2d7aa40a40a37d47dcba4d32,entity_2859,train
2d8454c0e7c1c8f84f6020b9,entity_2023,train
2d86e3b0eef7ef3ec07a30e3,entity_1866,train
2d876e83ca0cac083ecaa227,entity_1110,train
2d88143fa500f31eeacf3553,entity_0783,train
2d8ba2faad489c6c289e712f,entity_0248,train
2d96fd9c17d41bf0cf58a505,entity_4785,validation
2d9750df6c4f1ff3f947acb7,entity_3126,train
2d9da0848e0ed2adf0926c3d,entity_4026,test
2db0a886a173b62a0224d70c,entity_4443,validation
2db76d05dfa7948d9d4957aa,entity_0864,train
2dbd9063fa2f55a8f69ccece,entity_1538,validation
2dc0a13e5709db226bd35949,entity_3309,test
2dd981a2de813be74a02abe0,entity_1922,train
2ddd76c58d0bf25ebaa603cd,entity_3238,train
2de21e55085a1d99e983e0a9,entity_2309,train
2de811ac08aa899ec5c0ec2e,entity_1316,train
2dece2c2b11f7f152aeb3f53,entity_3697,train
2df2ae3bbed2bb85034cdb35,entity_2656,test
2df882848dfce1a8dafc29c3,entity_4084,train
2e0682e5ae7097a101dbec73,entity_0919,train
2e0850e4336798089d72a4a1,entity_0474,train
2e09a18f78655d6bcebf85b3,entity_0401,train
2e0b5d48a335bce355bdbdad,entity_1814,train
2e0e068f4dbdb4d09ad1c569,entity_0749,validation
2e1451a9b4d7495a9a62155e,entity_1083,validation
2e1a1de073b84cc8fb191200,entity_0589,train
2e1e7e7147da0381555e3330,entity_3756,train
2e3a693bd006a0161921542c,entity_4054,validation
2e3a7d10cd68672a67b46d4a,entity_1629,train
2e3ca910abc713ff87895690,entity_3253,train
2e4412e941cb37ee22c2415f,entity_0244,train
2e461f3a89c1e2431c2b8069,entity_0377,validation
2e4a4069391e46e12cf466af,entity_1381,train
2e4d119466ed797eaef83ace,entity_2407,test
2e5e9bcb4b89bd26bfe4bea5,entity_2305,train
2e5eb6223f3d99d5310091a3,entity_0288,train
2e6e0764046fb2a27b78b346,entity_0217,validation
2e717874bd51e2cde96df9d3,entity_0829,train
2e74292d09c4759c1e43b6a9,entity_0185,train
2e74c7c91853007d112bdb3c,entity_3029,train
2e7658a58cf15f4fcab905b8,entity_1510,validation
2e7a9619b12cf2693a0952cf,entity_1193,train
2e8002138f41622a3b3a5337,entity_2657,train
2e8a775d4e41969b5e40ccec,entity_0949,validation
2e8cc5ba5b64078e7aec50db,entity_2300,train
2e910bb26f51136eb982175a,entity_4631,train
2e9dd81c9e2df07158defb8e,entity_3666,train
2ea9e7c6a3b205e865a0775f,entity_2666,train
2eaa05ef32481e97d9c8831f,entity_1782,validation
2ecc0e2fcdca604e4a8c511a,entity_0019,train
2ed61ff9aa0c9f18c3a59660,entity_3031,train
2ed68949b7f076758ff9ee22,entity_4979,train
2edf2081e45cce1738120662,entity_3384,train
2ee2ee65c78c5029cb83426a,entity_3780,test
2ef18caa3db9f961a2d78d5e,entity_2315,train
2f0bf5218ce3e2de3cb96fbb,entity_1235,train
2f0dfe416659ffc9601741f6,entity_1085,train
2f0fbdd2f44b9d631ff332b5,entity_2988,validation
2f1bc2ce179753d79d387c3c,entity_2183,train
2f1e5a4d516868f01b322a47,entity_4523,train
2f1f4b69cd031063271656b3,entity_2738,train
2f21ff7cdfc73bd1eef0dd96,entity_1587,train
2f279f392b4c24e78fffd3d3,entity_0693,test
2f2847c0694b322142a76eda,entity_1081,train
2f3338bad6838abb2a9f4b09,entity_4665,validation
2f366ab6c94a7899682d8f5e,entity_3625,train
2f3739a85e9d38b6d04d3b56,entity_4084,train
2f3a87d941f6dccaaf442038,entity_4645,train
2f3d8649c41e06b647a7fa34,entity_0437,validation
2f414b7b699b0f6c16694a5c,entity_4283,train
2f4c5f84d53ac703c24fcc3b,entity_2109,test
2f4f42737305e17ab3ed485f,entity_3528,test
2f50126e801db58bbf25e6ed,entity_4426,test
2f5dbc5a52662a95a208cb4c,entity_2197,validation
2f5ddab0af38502af1d35772,entity_4199,train
2f6360d7a3eb5980635e4186,entity_3096,test
2f63be338a3cc9108edaaa30,entity_3842,train
2f683f7d6a0a4827a6b592bc,entity_4270,train
2f798f24eab469a8d4380ec9,entity_0690,train
2f7eec356eb5aee68668e8fe,entity_4675,train
2f82598303a8dbd1e20e7d96,entity_4792,train
2f86b54756c6744bf45850cc,entity_4572,train
2f94b121c595707c3869b64b,entity_0543,test
2f98161acc66fd33c99e6251,entity_1293,train
2f98672c9cecf00a69dbf3c5,entity_4848,test
2f9bcd08ddc147dda3899840,entity_1937,train
2f9d18eac334f9eed9f88576,entity_4744,train
2fab806dc1769e217657a4d1,entity_1571,train
2fadce77b160d43a86e1ef82,entity_0322,test
2faebce7415791e9a6a04060,entity_3035,train
2fb65e52dcb68a732a3ce498,entity_2700,train
2fbd0e61894454c8b06c8a20,entity_4704,validation
2fc227181d2b212bc89a602b,entity_1137,validation
2fcc53109fd411753ff8645f,entity_2511,train
2fdcd413f8898af9537d47aa,entity_2746,test
2fe654a536b7b41b5b38fb15,entity_2711,train
2fe9e91fb861f16b52d50b45,entity_3336,test
2feb06139ad50282986088a8,entity_3748,validation
2feda732ab270c9f147417b4,entity_2200,train
2fee974dcf184d17cd165b5f,entity_1333,train
2ff28923d6e1eb27b478fe00,entity_3928,test
2ff9ea8f5a5ea44bca70c818,entity_1295,validation
2ffdf5a638656ac159a7629c,entity_4247,train
3004e7bb5fb1559434e564e0,entity_0802,test
30084e350bf52f2751a7a5d8,entity_3782,test
3010a61a71aa7b41b4671c72,entity_4602,test
30142fad393ee7cd296b903d,entity_4186,test
3014c38dc69984c2083412a3,entity_4091,train
301a8ef106332ab6e31b3727,entity_1689,train
301d8aece5807a05916d6864,entity_2815,train
301feaabc7cfcd3de42312ee,entity_0107,validation
30215f038f010294db23cc50,entity_2474,train
303ec1005061a0b9c82e79ec,entity_3455,train
30472844cb8f93cae44630cc,entity_3971,train
305ef6a08519db5946ba4abb,entity_3786,train
306412a8213e231eb3c2716c,entity_0631,test
30702d4b45cc2529fc0f96d5,entity_1363,train
307930824ee771d9448dea20,entity_4789,test
307eefe0574a6bf7efd0283c,entity_0542,train
3083f2bbc3acdfd2798ed5a4,entity_1904,train
30933113018545fe0d152a3b,entity_2206,test
30970f193a89e29c1722f42a,entity_1971,train
309af0ff66bd1f27838da4d2,entity_3382,train
309ce0ee1ddd50618e96679d,entity_2522,train
30a3ce5960228be2d9a0c8cc,entity_4380,train
30a5cb6b0a0918af3e70213d,entity_2600,train
30a5f500b6753e1fd832710a,entity_1974,train
30a80e3c0a508ee6d6046e5e,entity_0622,validation
30a9150055931263884ab285,entity_2386,train
30ae1eb8591b144b61d9b7b2,entity_2900,train
30affa49bc8b57e2ce7d6fcc,entity_3583,train
30b0830b05e1e8613ea95e0e,entity_3016,test
30b0ddc947b0188c58377b18,entity_0216,train
30b6e83189f2d1f6ccddc02d,entity_2247,validation
30bcdc0699f8625c7727f92e,entity_1606,train
30bf535c1b30dd789b5d9313,entity_1344,train
30ce5551ce76693c21143d29,entity_4959,test
30d5e7dbf93224f28dcd0411,entity_1812,train
30e4d75a1069e621e2d47456,entity_4679,train
30e7fd6a646cdc989397ff5b,entity_2055,train
30ec793047058a8291701649,entity_0905,train
30ee7e640e769a89e7a9de80,entity_3598,train
30f980821acf96e39cfceade,entity_1031,validation
31017b92720483bfa7bacb2a,entity_3471,train
310a540ecafcb7d572b58308,entity_1860,test
31157b23f47868563b3278e9,entity_4118,train
311da7b4e70d634c9211546a,entity_1531,train
31208bb19644e89f77d2f913,entity_4353,test
312bd27ef115e896473d87fd,entity_0688,train
312bdf9a730f77c136ed94a5,entity_2758,train
3133956d769c14244f380bd0,entity_3011,test
313c1a55a1a617c5e4c98904,entity_0541,train
313fb886bed7316a041bf5dc,entity_2154,train
3145a022b3a5927ac712be13,entity_3146,train
314a2fa1e1521d26d30b4e54,entity_3784,validation
314d5e13e7d6e49f7f1a04c7,entity_4295,train
314e2b0aaf70e73dc6b64331,entity_4963,test
31512ca243d71868a8093f80,entity_3791,train
3158fc554175183621d59ecc,entity_4520,train
3165ec247affd7c832b03652,entity_2890,test
3168aa93c26c40c55db9df22,entity_3241,train
31697214e6a9d39b2fe07be7,entity_2783,train
316c0270c899bceba36950cf,entity_1880,train
316d9a43e5780e0a8d170d28,entity_3852,train
31729cc51475caaba64a01ad,entity_1982,train
317d8542c2853ee4718d9907,entity_2570,train
3182d8464852f39855a611b8,entity_4861,train
318a52f5e1b23eb6211b8fec,entity_0100,train
319258c92733be45e91b42f8,entity_1345,train
31bc677b0e8730d113d91522,entity_1706,train
31be95df119b29a41447375d,entity_4266,train
31cd7b53f9113bdca260fbff,entity_2030,validation
31d6c5a3195720dda3800969,entity_3559,train
31e1fcb3ba5837826e0fb6f3,entity_4948,test
31fdc5d5396a7334c86a6c89,entity_1168,train
32050e9c9bafe3f5c769b885,entity_4567,train
32079a706b7980bab46c52b9,entity_0653,train
320846fe5e0014b108cf8e2c,entity_4704,validation
320b92bf64f9d548b0aecd0f,entity_2778,test
32117547bf28399ff1dc4cbb,entity_4617,train
3218448dbaaaca2abc958e14,entity_2726,validation
3225f4cb74780f6c0256fa31,entity_1173,train
3227456bed44190041629b44,entity_4767,validation
322a55c8323bfb7c5b7b43e3,entity_2534,train
3236cca2b26d3016fe299ca2,entity_3585,test
323f97b31c4148eda5c27fa5,entity_2604,train
324172d7dae2f043e961e426,entity_4272,train
3260dfb17601af243849eb90,entity_3588,train
3264bfc78f7ce6002ac1c597,entity_3701,train
3272062104fa06e45833fa74,entity_4592,train
327f7ff4071b2e3692130c3e,entity_2334,train
32835a95a689ae584802ca57,entity_2642,test
328631508dc0dc25299069df,entity_2385,train
328c1d9acf060f272b307400,entity_1143,train
3297b245e10b24b8a0eff4ce,entity_4103,test
329c4c7140a3ecaaa625d6ea,entity_4596,train
32a25b19f83b4837f0041524,entity_2807,train
32b4d75d206be21661629bc0,entity_4955,test
32b4d9ccf20365e7468b423f,entity_1601,train
32b6018373e13d5c48cc10b4,entity_0759,validation
32c01de48f06c41121204d87,entity_2551,train
32cb98b85bd05432eeaf3aed,entity_2918,train
32cbf0dc52113d3955b9973f,entity_0101,validation
32d01b9130aff40bbe217d9d,entity_4824,train
32d38a8734948b35e6851655,entity_3857,train
32d3a93815dfb5578f63b677,entity_4354,train
32e51b3812fe8cea820a89ad,entity_0480,train
32e67ca2a0e6ab27bd2b29c5,entity_1803,validation
32f69a93c07833150d8966f0,entity_1039,train
32f916a095a6f5e97c246be1,entity_3824,train
32fe972ae948a558acf75179,entity_3177,test
33072759f475182c4c2f3e2f,entity_0679,train
3307dfc2010ccbc0592dc773,entity_1529,train
331cd1b5676d405bb647635c,entity_0752,train
331ff7ac3901dc982550dc2f,entity_3298,train
3327a7ff2f208f484357b368,entity_1030,validation
332a678ee718b0cbb714df0a,entity_1687,train
332d629a09117629c8bbb6da,entity_0639,train
333156094a85fcce74ee9128,entity_2920,validation
33316f746978e178bd9c80f9,entity_2855,train
33335e1ab504a4543eec3f07,entity_3628,train
333591f74fbb484508fac399,entity_2006,train
333e5cf1454277a6ccc6d50f,entity_2700,train
33418c79fedafe950628c24b,entity_1181,validation
334729e242685371f9a4dfa8,entity_3881,train
335b0d0547e98a3f6cbfd6e1,entity_0058,train
335d3f4127e6ea24ebfb936c,entity_3855,validation
3363ad4549d5fbe380a5f04a,entity_1134,train
3365b6b0389652ef23ca4932,entity_4088,train
3367292c070efe3d1a3d0d8b,entity_0008,validation
3369d015da9af46bc6bb1688,entity_3864,train
3370a837c9b5d55302d3460d,entity_1068,train
3375f90d68a0e7fa635d9026,entity_0439,train
337ce4cac84819856c918942,entity_0509,train
33900f7958d42bca9a777e0b,entity_4984,train
3399810939cc334a65dfec87,entity_0973,train
339a7f5cfd4a589158460671,entity_0153,test
339b1c722867f8d76595f0c7,entity_1787,validation
33a2c28703004aa76cc09650,entity_4508,train
33a46ac87485dab6b5b17147,entity_0018,train
33ac31cc36852365ad93d80d,entity_4691,validation
33b1fbbda7394d43ec4985bc,entity_4137,train
33b48651d73c5428654c393c,entity_1823,train
33c58029fbaba03530ad6ad3,entity_0631,test
33cb456175e0042275f5671c,entity_2453,train
33d2e57774c7ce45c31c53b4,entity_4951,train
33d69b0cda3fc4bb6b709f12,entity_3454,validation
33e407e8af7f2555dd2c02a2,entity_2615,train
33f488c42d80543be5a74937,entity_1052,test
33f4ea0d3d42fcc8f96ea8bd,entity_3811,train
33fd1f7f74f7322127653d78,entity_1576,validation
340d073ccf3986917f856d92,entity_2650,validation
341806f593f91e8c9096902b,entity_2874,train
341c68a3d586290f3aacede9,entity_2211,test
3420370565863fc157813e94,entity_2008,test
34204cddf34efe3eefe020b1,entity_3598,train
3421631a97b0e1fe55518681,entity_0375,train
3432303d157fefe27ed289c6,entity_1512,test
3435398a91c34b4c1871fec9,entity_3507,test
34355cba3e527c74f060137b,entity_4089,validation
343ca3dcb1af6e5532fa5269,entity_3743,train
344f237b644cc3f688f58f30,entity_0445,train
344f95b729847fbfb70a99c5,entity_0373,validation
34513edf13cb4432c5c397e6,entity_4400,test
34588c7f64aa49f6d18f44d8,entity_1916,train
345c475c75926bc19e80589f,entity_0133,train
345c62073d54159038c32b34,entity_2182,train
34670a51edce9b6bc91cd432,entity_2421,train
346ce859819f0f1143e273a9,entity_2670,train
3477f6e5bad6ebe919a175e4,entity_2961,train
34824167ac8db1700a019214,entity_1082,train
348b7bb31abd8b954c227c08,entity_1928,train
348e43208e3f656567ea4b6e,entity_3912,validation
349860ca69358c98559f9286,entity_0289,train
34a943b4c05e38c0a8ec30cc,entity_4721,test
34af4f5b22a1b2292a856d3a,entity_0602,train
34b942201486abf95b77091d,entity_1517,test
34baf30ca4d942301ffb97e6,entity_3866,train
34bffeb1b6edcf484da1e7cf,entity_3018,train
34c5dd09d4113422af26c597,entity_1505,validation
34cc540a29b003b632b2f299,entity_2654,train
34d79a88b6d6176b1b222aec,entity_1329,train
34d80fa21b55d66c5f54c25c,entity_4152,train
34ded416bf56a82c503a114b,entity_2756,test
34dedc1aed00581a86fcf379,entity_1561,train
34e034ec8cb6a412da5a4321,entity_0837,train
34eb556fa78d0feccd176009,entity_3010,train
34eeb7edfd0a093a37eff8ee,entity_4817,validation
34f80a31aa0f692b93b1cb81,entity_1620,train
34f8b84ba5b496e5e0d50613,entity_1845,test
34fa979ed6ff13003611103d,entity_3148,test
35008bc8bc106caf0e790bd3,entity_3335,train
3508a0f104318e4389f6976b,entity_2639,train
3509c2c041332482c9a64d4d,entity_3237,train
350e861b867d53f28daefcac,entity_4454,train
351f324e15d6dbcd368fa46d,entity_3882,train
35242487fc3c49c972016e49,entity_3234,train
352ab71010ad328477f0cfef,entity_1923,train
352cfa394dff64cdade54660,entity_3613,train
353be67122e72d0af272fc3b,entity_3180,train
353efb3487ca83dded19ed74,entity_1585,train
355b2ef00fe8a6fcce3b05b4,entity_1519,train
356997a8558e2aa1b0e93189,entity_0034,train
357e663917af31a5d4c5ef18,entity_2433,train
358d52b1d7748af7de108b5d,entity_2791,train
3592e35f28192381047b49e2,entity_3891,train
35963ff9acb2e1dcc37a45ad,entity_1879,train
35a8b8e91901c7a3f2242388,entity_0471,validation
35a8c2f8f9f0020a9dc447f3,entity_2721,train
35a9c5ac4c8344775c83ffa8,entity_0312,train
35afdcde9c203aaaab4879a6,entity_2992,train
35b0f2fbb6b06be644825127,entity_1044,train
35b2626774a58185f3f8b75e,entity_4936,train
35bd03a96c3f408dbba9ebd4,entity_1754,train
35c01f354766a75d184db332,entity_1155,validation
35c23620332acf80265ee066,entity_2265,train
35cee4281fcbe559f77c146a,entity_4178,train
35cf36221e782014c340dbe5,entity_0280,train
35e650864a147731468b6fc6,entity_2167,train
35f08c8d7d39f18697b5ee99,entity_2517,train
35f6cdc3c4a190fc0e1954ef,entity_1102,train
35fb9603c057651bf6e6fe0f,entity_3160,train
35fc9a8699ef89d9eed3dd8c,entity_3276,train
3606851497a9d203e10ea3f4,entity_0720,train
3610ec440e608f1a0d32cbcc,entity_2017,test
361215654a383baa3297a30f,entity_3597,train
36154180e66cf845afe498a1,entity_0563,train
3617d9739bedf4cc113ad655,entity_2892,train
361b2238c3ed999d782cffe7,entity_0788,validation
36242e1159197df0ea7d6ee9,entity_3129,train
362e6267f46e8c9e7b3f95d1,entity_2944,train
36582e66d540da4f7e580aa4,entity_4452,train
365bf979acea9d448e040c26,entity_2121,test
365c00123afd6a4a671e0009,entity_4498,test
366a56f994c5d4a3b621e0d7,entity_2295,train
367497938aa88426c7b70747,entity_1890,train
3674a4c0a9ea8c8f6c43944c,entity_4681,validation
3674b9ddb313dd36a1e20b64,entity_3695,train
367c40e51b64b7b37f22089b,entity_2539,train
368eb34aec4b33d987565c03,entity_1195,train
368f8d1e43348e674ad0b835,entity_2230,train
369097177191f60d19c88505,entity_3125,validation
3696dd407852279a926266a8,entity_3477,train
369c250c4dee558006fc06d7,entity_0449,train
369cf46418d44d334dcbd83a,entity_2736,test
369f314c9cde1c04962dcba9,entity_2425,test
36b57c135e7309a6e159050f,entity_1759,train
36be61babd65e15b7be21878,entity_3049,test
36bfb497302859bf883e439e,entity_4874,train
36c70188ca75e1998d82bdb1,entity_4469,train
36e09e14959c87e49f9ee794,entity_1267,train
36ebaf9172df90800538c646,entity_1844,train
36f64d94eb645e0691cf2790,entity_4166,train
3700441b5b31a641f8b5ae26,entity_3510,train
370661b1cad62eca65e159d8,entity_2324,train
370b870ec397c4fde4c49f35,entity_0211,test
370e5f6c3aabcbf7e9c35dcd,entity_3729,train
37124adb3e5bd4f67e64576c,entity_0857,test
371569a9fe0d6fee4186c1cf,entity_1481,train
3716f3141a28e77975e24651,entity_3870,train
37224f33d477422c3fd51284,entity_4427,validation
37261250a8f7ef1dd0a7c23f,entity_1374,train
37412447358a37fa1dc80fff,entity_0719,train
37474f488d582ef0ec79954d,entity_2316,train
3749945ec66d4efac71a6be8,entity_1353,train
375b778ba7c4d480dbff40d4,entity_3524,train
375ed9ff4b0add7384834676,entity_4061,train
375fb72ab5eaf8cfce26d222,entity_1708,train
37695ee4e2bf66e9ca2880fb,entity_0665,validation
3779d8d34c3cdb36a6bfd366,entity_1261,test
377f5a3f8c7e17e8da2657a0,entity_3180,train
37820f2986053b83e533d410,entity_3591,test
378726168f85183f6c6a862c,entity_0201,train
3789e869487c3615d4f876d6,entity_3978,train
3790c521438ce31254aa23be,entity_3359,train
379d823968f456b5b1eeec57,entity_4149,train
37ab0eb52844639cb3367aba,entity_2916,validation
37b0607839f6bef747f9d930,entity_4843,train
37b7af55111b8c51b70d297b,entity_1793,train
37b94c89c0473dccbfca5a46,entity_4076,train
37c27731ffe8080fe106fad0,entity_0738,test
37c6ef3cb1819d5ff034153d,entity_2810,test
37ce8abad3847cee3031a5ca,entity_3342,train
37cf8540a105314ff0f6bc59,entity_1304,train
37e43ab47bf54502b5ca3649,entity_1275,train
37eab4d9ac074e1a57c9a041,entity_4323,train
37ed99023e6749bbbb1b8c77,entity_2125,train
37ef5cafb39ecd0e0bb01110,entity_2464,train
37f0055089d27ba6b77edadf,entity_3384,train
37f5c67bd8e56e92cc0d6bd0,entity_2046,validation
37f60c304887de2d8e51dfae,entity_1207,train
3818933c6636324c68c6bdc9,entity_2186,test
381c14e0895151fd9ddbfca6,entity_0428,train
382311fe473b89371a454059,entity_2036,test
382319e035ede1fe98b4a337,entity_0378,train
382cdd2ae8a1b8ba5fc1e58d,entity_2490,validation
382dcb1d6dd58e517bdb7acd,entity_3275,validation
38441c81def973f6d97d5e10,entity_4143,train
384dba193e34d91fb82653b5,entity_3969,train
384e0c7cf90e10047d32580b,entity_1728,train
3851f5673b0ba007a4a6be0d,entity_1135,train
3867a7e3a93ce246c1dee95b,entity_4350,train
38753f13b26c51d1628d1f14,entity_2376,train
38768c2df382c17cf5f4b559,entity_2124,train
3876a54c6ab53e7dd467c232,entity_1222,train
387a076f6dc0590b0f242c48,entity_4524,train
389eea89a05f998ecfd7c835,entity_4822,train
38a1d1ed5e9a088d7e0be5b4,entity_0659,train
38a92d730e52f65caeaa8cbf,entity_0705,validation
38adaa3627b9e3d0bb53194c,entity_4575,train
38b19b7f903444d5155a51a8,entity_0708,train
38b6f1014dc55333e5e1b083,entity_1865,validation
38b8c610a49f6a22618ed03f,entity_4974,train
38bdaf153fcba5adeaf582f3,entity_1710,train
38d063e80fd7215fe43a5046,entity_0454,train
38ddb7982388f9a2527eb68b,entity_2866,train
38fc9e4d40f681c2d03bc488,entity_2399,train
38fda3251aa616bdf8f6dc75,entity_2620,test
38fdfa8bd77e48602a007d3d,entity_3195,train
390289fa2a94ac08003c0eaa,entity_0750,test
390516834314ccd0770f8e79,entity_0026,train
3906085a8409325af7375ea1,entity_0748,validation
3907543d6549d083e1dd80ed,entity_0188,train
390a67f6be44a4698b2d875b,entity_4424,train
3911440ba21521018ee1de5c,entity_2520,train
391b7fcd2aacd05e83eab4c7,entity_1568,train
391e9bc407ddf2be3c1af87d,entity_3161,validation
391f5ee5a0cff41becb6ce2c,entity_0228,train
39216d9d76ed49d6ea9008a4,entity_2922,validation
39257881be1969c1d399bd68,entity_3249,train
3928ecfbb43b415a8d359bd1,entity_0269,test
3929c75f70c53fecaf2637c2,entity_3138,train
393d49a38ac5422396d59281,entity_2045,train
393e643c77253cc01b429c65,entity_4978,train
39411a36d051587c8818491a,entity_1676,train
3941e99f698a4bf2660ae8d3,entity_0757,train
394637c32bf0d1dae3e7ed65,entity_3445,train
3946ffef1f48be3a9ecf5f0f,entity_4654,test
395232c14f3e434af5711076,entity_2236,train
39565177b17ac6023774025b,entity_4941,train
396068af18731a9721a6bcdf,entity_1414,train
396594257455a27c05a9b7a7,entity_0789,validation
3969d344d46efc19e8865807,entity_1210,train
3979f582cff9af31edad3830,entity_3269,train
3997ac0e083d6fb2365d63fa,entity_1955,train
399a70a6caa8739a93cf0394,entity_4185,test
399d894a4eb75b7e9d9d0270,entity_1757,train
39a2ceb4b01f61cb96c26419,entity_4236,train
39a602d8d441726c26caf7d6,entity_3830,test
39a683b43933ea29d9c2e09b,entity_3012,train
39a74322b37df92fbf44ba6c,entity_2733,train
39aad5cd4d953a0ea65c9d01,entity_4503,test
39b0e2c7c25e0bc336bac188,entity_3153,test
39b3832dc30b0335b505f188,entity_3203,train
39b3aa59ae5f5e3040cc4765,entity_3802,train
39b81dfbeaeaae4b73ba01bd,entity_4901,train
39c52245e518faf8466aa19c,entity_1256,validation
39cb496c6e205347bea5d61a,entity_3121,train
39d7797de1b5b930662b8052,entity_0503,validation
39e33be201fd25cb925dd221,entity_0038,validation
39e9de3939895f4d6f5b9fda,entity_4027,train
39ea279566e43f61bb31cf7f,entity_0906,train
39ed78c3482097f36ecda62f,entity_1309,train
39f3231c3117be4d6497529c,entity_1425,train
39f75a06739aa62cc1af8541,entity_0227,validation
39f956e386b899815114cb6d,entity_4991,test
39f96cda8a930cd6942dee90,entity_3997,train
3a071314381c6698da0e252c,entity_3135,train
3a0bd4d34901ecc62d32d3e5,entity_3404,train
3a14f13372736affdb218671,entity_2269,test
3a1541cc7d6242c353f3870a,entity_3209,validation
3a290620dd3908eb42ca75d6,entity_2162,validation
3a2972980e05ab189120b26e,entity_2454,validation
3a2da343c3e0957ba61999bb,entity_3975,train
3a2ed13b9e50d7ba741f9697,entity_4797,test
3a35f11382cf733d75636f94,entity_3449,train
3a360bbef2308eeb3ba8e84e,entity_3698,train
3a37ef09ebfbb910c911cc5e,entity_3852,train
3a3848578d5f78eebe5ece6c,entity_0388,train
3a3b00b537719f0ad1d9747a,entity_2041,validation
3a405244169d3223d3f710b8,entity_4271,train
3a465b370db5d45f4f5cf7d2,entity_0710,train
3a50c7f8ef05c89ea33aefc8,entity_3914,train
3a512a7bc83d8359383ddc11,entity_2567,train
3a53b2eaee114e0a671f3747,entity_0063,train
3a545f6f029b57459d03797f,entity_4052,train
3a5592ac2e15c52768ad7231,entity_4322,train
3a5ea81fe713db9caae0fae4,entity_2396,train
3a5f9faccc43c275d06fc437,entity_4301,train
3a5feaec73c2b63eda2b0819,entity_3101,train
3a6eab3e8c57712c991d15d9,entity_3812,train
3a79e8cdacaf04b64e5d129c,entity_2219,train
3a85390e62195ecf4213ba19,entity_3484,train
3a87e9e7e9dfed13debe0e9b,entity_0393,train
3a8da9fc29648e3c3d8c1dbc,entity_1228,train
3a8e3f45a70054823ccd77c6,entity_4837,train
3a9014103ffbeb9c05e7303e,entity_0608,test
3a91119e6160ff7522724bc8,entity_3168,train
3a919b1e1d1ae39674af533b,entity_2735,validation
3a91b364baf85bb911036fcb,entity_4415,train
3a96739d5012f13ba1cf3541,entity_4409,test
3a97cd31ca905bec46d03e9f,entity_1475,train
3a9f073a524d3d4f51b1318f,entity_1516,test
3aab55cc99b869b0f611a095,entity_1560,train
3aab7093ad531d8df6dacf7a,entity_1108,validation
3aaf1b1c4baa163112c74de6,entity_4530,test
3aba9d5662df04509b24e3a0,entity_4713,train
3abbe96541a0536b484f7e9e,entity_1343,train
3abcad2acffbc71a6239d9c8,entity_1971,train
3aca9ed0d9fc62e37286404a,entity_4221,validation
3acaa45d9e925f9c765e96ab,entity_1618,train
3ad6664248302645af3f8065,entity_4342,test
3ad89bff05424df83881b15a,entity_3202,train
3adf33fd0ba202692950784f,entity_2836,train
3aee7bb1544c69a9604aeb26,entity_2016,train
3af32f24dbe94ed8f6a8ce66,entity_1364,train
3afbd8d8e483936c9ed36927,entity_3490,train
3afdc180f89c92f0ce68d146,entity_0618,train
3afe64d5b076fe81411b8ba1,entity_1727,train
3affcabfd1ced47d4b8fd288,entity_1478,train
3b0a34605be4ebd8d7b827e7,entity_4142,train
3b0d5f722444e884910424fd,entity_2582,train
3b0f65e3ee2a5619391be9a9,entity_2262,train
3b11ec3f100d6ebc61795693,entity_4780,validation
3b17dcf429d68e93cb40c3d4,entity_4096,train
3b1d37f895298cc07c73304f,entity_0703,train
3b1e64f666373c0a63514368,entity_2785,train
3b20914b6c03cf6255804003,entity_1627,test
3b26036565527ea186a92828,entity_2455,train
3b265820c1a1c22aa542beb7,entity_1287,train
3b2866a42570b3478174f6a2,entity_3832,train
3b29bcb09d27dc6897a9044a,entity_0265,train
3b2bf80c0078c30c0523525e,entity_0143,train
3b2f0c9d2ab1fc9b37434040,entity_3550,train
3b337f808d14995654ac058a,entity_2215,validation
3b35242d3f58dd4f033a6fbd,entity_4478,train
3b39c687860e79ca80ccaec0,entity_4320,train
3b4bb749046e1ab46dc6bdd9,entity_1760,validation
3b4f27423f2f1d5ccc3627ee,entity_1947,train
3b55bebe48fafdf85341106c,entity_3432,train
3b5846fe4df4433f92397886,entity_2465,train
3b669b5e776dde7363ddc67c,entity_1783,validation
3b6cffa112bbd74b302a5064,entity_2840,train
3b746f1c584ca53216695921,entity_1277,validation
3b7850329feffbed5097fe9c,entity_2800,validation
3b80994bcfa31f804d8dbe27,entity_0281,train
3b93932edf487ac173dc6f61,entity_4689,validation
3b9a622dcf7a1542862b68ef,entity_4748,train
3b9cc8c1473d6bdaaa67487e,entity_3547,train
3b9f11fda61ee08ff3b8df16,entity_4866,train
3ba2f347d105197aa1b8b946,entity_3011,test
3baa3f3abe8a8b8aa5af4960,entity_0220,train
3bbf47c385c4f7b9ac44ab80,entity_2055,train
3bbf501993c95f4c88deed34,entity_3777,train
3bcb1a5354db5cf058df7be8,entity_0710,train
3bcd330bc2bb8d784e4b4bda,entity_4393,train
3bcfe499dd9246b2692dbf92,entity_0204,test
3bd1d3a7fa4a3d9953c77d82,entity_3669,train
3bd2b27135c33cbfc9001f4f,entity_1706,train
3bdb53362d3e973d72a41aaf,entity_1145,train
3bec36504d88ec2f0cf2ec05,entity_0286,test
3bf150e0208544156660bd1f,entity_3741,validation
3c06796c819f27a866fe76f4,entity_3010,train
3c0ec36db95b22646bc2726e,entity_2602,train
3c1032c3e290b9bfcba9a981,entity_3791,train
3c10c4796aec537d903a22e1,entity_4236,train
3c15b341ece9415a9d5db595,entity_3458,train
3c15fe86d1afdbf812147299,entity_3372,train
3c27a414b921fffd612a56f2,entity_3200,test
3c28313e7d2c5d3565cd76d5,entity_4231,train
3c30e20c02f47911155bb9ed,entity_4473,train
3c378404a9085c61c103bcef,entity_4445,validation
3c3a1c7bfec6bff7daa7ea0d,entity_3587,test
3c40897e253fc608ba899db1,entity_2752,test
3c4686b5bf2f7f68a6d412e3,entity_0762,train
3c491a62b4298e5c1bede2c0,entity_2847,train
3c50835194919637fb297fa4,entity_1617,train
3c546fcd3dc43e271478dfb8,entity_2819,train
3c57a1c01868014b59accf16,entity_3253,train
3c69b5883623cd11cd60b2e4,entity_2165,test
3c6b1fd9e0aa7d7a139d6107,entity_2989,train
3c71349524189f3e51f3509e,entity_2635,train
3c758a87413dec4c0762ba18,entity_4284,train
3c76140708a84791112fe867,entity_2461,train
3c7f57f7ec42acfac8808dda,entity_2561,train
3c8b5ce18af82aa7ec40e4f3,entity_4818,train
3c9079a0e822d539dc6077ce,entity_4758,train
3c94fea5019c0135275bc04e,entity_3423,train
3c9535a4dc12f2ddae46d686,entity_0709,train
3c98d54fe6f0815cc999d196,entity_2529,train
3caed549b2853794e3943352,entity_0345,validation
3caf8768a8e5eb6610f4b859,entity_0581,test
3cb9fda423470afa2f948f30,entity_3711,train
3cba472adf87b539555fdc78,entity_4280,train
3cca72ba0c2d689db61d37a0,entity_1432,train
3cd0b14ed0856dfd01de83ea,entity_3997,train
3cd2ff2171a595d57965781c,entity_3195,train
3cd3ac94ae5244205d9b33b9,entity_2502,train
3cd4112f2784dbdff0808235,entity_0815,test
3cd58c0d8cdebdea9bb3cedf,entity_0315,train
3cdf52ee2a2b713a6cac9fc1,entity_0558,train
3ce2f6618d7b7420aea9cd3c,entity_1423,test
3ce5698208b34df2887f8204,entity_1740,train
3ce877ede61a3afbd0b39166,entity_0697,train
3ce9261994f0f789a4013e77,entity_0765,train
3ceea4f9bc6234960307fc1e,entity_0911,train
3cf24ab63b84e94acec6a6b3,entity_4837,train
3cf86429a027ff97f9d03a8b,entity_1302,validation
3cf966784bd151ffd3739ab4,entity_2289,train
3cfaa0ab7f204aa7dba4a8d2,entity_2246,train
3d0ebb849c953ed1ec8a1f8a,entity_3659,validation
3d0fccc611150d35ab377203,entity_0588,test
3d12292b458f84e090cee4c0,entity_3189,train
3d1c677f3b8e4225bafed2c4,entity_2083,test
3d1c9521e07b16b5219b7b04,entity_1783,validation
3d2337023a7365d2c6daa3fe,entity_0490,validation
3d349944b39d8c5ee2316ffc,entity_2168,test
3d37a4a94b235be088bea09c,entity_3889,train
3d3fa690a57f9b35b8a211fb,entity_1755,test
3d4af24e96a94a6d286a031e,entity_3246,train
3d4ea20188fef5c0c7f19ad4,entity_3113,test
3d57b88072374dc69d381a54,entity_4002,train
3d6ddceed3ed4a31674f1e1c,entity_2833,train
3d7828840bd24510941aaa18,entity_1854,train
3d8d02a8bb05f44c9315b964,entity_1553,train
3d8e7d88bf3e6a2776288b1a,entity_0486,test
3d8f51fe6d7687a77fc3d5cf,entity_1450,train
3d93ff25b73746f79b73c78c,entity_3207,train
3da4c867a6f8a93f98ee966a,entity_3743,train
3da9459590da9e7999a17af1,entity_1152,train
3daa2014f25a4056e2991874,entity_4811,train
3daaff8f9bdc75d94fe25f6a,entity_3398,train
3dac36a49380555e0a018d1a,entity_1547,train
3daf84c30a80538ad4fffd15,entity_0115,test
3db8d89738d48116c105ac1d,entity_2559,test
3dbba2e9f946ae3b874e874b,entity_2662,validation
3dc3e824775a55fa32016030,entity_3055,train
3dc3fd66f30f976171c0e474,entity_2499,train
3dc7b39295bffc5760c51adf,entity_3182,train
3dc87172e3cff3a8263f16e9,entity_1480,train
3dd00704e18bfd0b9e57eab9,entity_0215,train
3de60d0ceb6bdf977ddddcff,entity_4521,train
3dec54a12da6b6dab92ab763,entity_0213,train
3dec5920096a363b38d03d28,entity_4894,test
3e015a25b7fcf0629f308b7d,entity_0654,validation
3e1695b77b9393cd1c8bb7b6,entity_4776,train
3e174f442af9cf6448d5e677,entity_3751,train
3e1932b7970cc7fa210bbe60,entity_0999,train
3e1c678a6e05a5be133ff18e,entity_2062,train
3e2e89b4e49712185a496954,entity_2873,train
3e3f7d5800e65a50358b248a,entity_0977,validation
3e47f5670b56b2d0ffd74a6a,entity_3068,train
3e4971034b42426be80aa9df,entity_1535,train
3e4ccee041780cc63d0d0679,entity_0164,train
3e4d0dcc9b549d57850bcbd3,entity_3950,validation
3e506234cc7f0c85be6c473d,entity_1657,validation
3e53ad6a1e606864b6ec9c49,entity_2784,train
3e55775dfbee9080279f895b,entity_2365,train
3e5b853efb95dce8df17fe0a,entity_4650,train
3e6418c90ef0dfdc06cc5f10,entity_4057,train
3e6988a5700f821a8b3db7df,entity_1312,validation
3e6dadb3e77547b0fbba801b,entity_0886,train
3e6edfec8e51e036ab92f05b,entity_1931,validation
3e6f2dac15584f6b39ed2ac7,entity_4883,train
3e7403143be57449907f184f,entity_1849,train
3e781d88aaf4abeed9374cc4,entity_1997,train
3e78962670972db6ba63e911,entity_0817,train
3e7b19f6bd3ad0279a0af73f,entity_0100,train
3e8e87a0ace7c9425675e480,entity_4151,test
3e8f8639d3c72e6456f84ae7,entity_1883,train
3e9cc25e518aaa8dd40da5c0,entity_3284,test
3e9ecb6aafd34491316a8762,entity_3013,train
3ea0662ed4354fbc3c7e6708,entity_3451,test
3ea72e0584452678147134aa,entity_4296,validation
3eafa63457e737272a432923,entity_0681,train
3eb6606465547690217d6d2b,entity_0506,train
3eb69c4c679c20eb3b4e3b13,entity_0993,train
3eb866ef52558f521f5eb460,entity_3296,validation
3ec1fe7e94477d3e26abbe5e,entity_1266,test
3ec91c8f9689f10089b8a2a3,entity_3899,train
3eca544fa42e9dddd655eaeb,entity_0186,test
3ecce568acb7a808335c78c7,entity_4404,train
3ed686c91be6ec282be62787,entity_2181,train
3ed9934c9d4bce588d4099f4,entity_1454,train
3edc49c750719ee3f9ef8c54,entity_2075,test
3ee73042aeb507c8aa8f8aa5,entity_4085,train
3ee8baa6a9fc107330ae6d6a,entity_2804,test
3eecbf77d4be1e1ffed589d4,entity_2652,train
3ef1b11248f690bf00f96db5,entity_2781,train
3ef67896014623d896383631,entity_4290,validation
3f001ff2bc0c1dd5eda71ac8,entity_0618,train
3f00b2cc0bbbea4c0531dfa6,entity_2494,train
3f018d126b64039db653e540,entity_1670,validation
3f09f84ef855755bb642f089,entity_1423,test
3f0b04f5e189532a39bb971f,entity_1628,train
3f0bf7e60ab0b500e218a8f0,entity_0940,train
3f14802ebeae06610f43fcba,entity_4240,test
3f1b163226b691a1a6ff58c9,entity_0160,train
3f1c7860fd1996a24053a633,entity_1773,test
3f1d49601e37cb9f4d1c5dc2,entity_2434,train
3f2241942893505c336087d1,entity_1488,test
3f2e0c9b6225c18b025616c0,entity_0747,test
3f30fa7034971106b0471a11,entity_0435,train
3f3415a7f0ac7c5a2ada9b7b,entity_1896,train
3f35e918c4f13c42192f3e4c,entity_2286,train
3f371aa576f8e3ebf6101397,entity_3577,test
3f3b73b6603b773bd85fdb00,entity_1714,validation
3f44ae74816a12c537b0074c,entity_0302,test
3f47c1cb88da0bedfb307f6e,entity_1987,validation
3f512d9710a5ca07f4aad5fb,entity_3955,validation
3f5a980287a34cdb73ac9775,entity_4042,test
3f5b5c1d18f2f3cda133fc07,entity_4729,train
3f5cbe492452aa697248794b,entity_1655,validation
3f616e807241e9a2f6a11d0b,entity_2772,train
3f70d4330d10bdf9d5a3ac87,entity_4490,train
3f747f80a967c6f1bfcde7cf,entity_4985,train
3f79055d7e23b757d6bec950,entity_4244,validation
3f7fbbe2941b850621bfa451,entity_2026,train
3f809a1924dd82fdcd7852f6,entity_2484,train
3f839ed26d16a510c1048186,entity_4364,train
3f873afa7ef17c2e340cfbc2,entity_4742,train
3f89ecb895f7e9232b179179,entity_4262,train
3f8bd4d3c297f9e465498ad5,entity_2831,test
3f8d822a818fb49fdc5bbc23,entity_1601,train
3f94497d70b041bd23ea565c,entity_3394,test
3f9478daef348987ed339c1e,entity_4002,train
3fa51947cb927f971f26f124,entity_2547,train
3fa5db4fec86a5fe498419c7,entity_2618,validation
3fb40744a6b4feb0b93947de,entity_1961,train
3fb4decfec701bd3c399b8d8,entity_1802,validation
3fb64750f7a5aef62676e997,entity_4670,validation
3fb9e8eb8c025e0ac6beb3f5,entity_0587,train
3fcc07ca4d296d5cdd285c4d,entity_1933,train
3fd2969e0dc848ca89872e20,entity_3680,train
3fd409334db6eb3c611caefc,entity_0068,train
3fd903229d0ad945b88c631e,entity_2578,train
3fe072cd00ac35365c9a111d,entity_1176,train
3fe39fe841b69a00169edd75,entity_0955,train
3fea90a95eba000767f3f9d9,entity_1325,test
4010f4e76520b6795f71e786,entity_4254,train
4018688158d853eff2d50535,entity_0389,test
4019d47476efe8e45c765bfd,entity_4802,train
402f120b7dec5569d343e2f2,entity_3377,train
4040b632bbb0a8f8d4bb29bd,entity_3932,train
4056efa4ce20d8a6b49d2b84,entity_1791,train
40660fc26de098003786aa25,entity_2928,test
4068ffb5a7d4d2e4ec6008e0,entity_2856,train
4072db19f323fb47e97ee4da,entity_2677,train
40744c4369d45972f420efdb,entity_2598,train
4079b67f15e07f68ce52e415,entity_0895,train
408106bd08c15944ecc793a7,entity_2030,validation
40838a181f0dadf8ef19da94,entity_2607,train
4086101a0d8f237adc472665,entity_2612,train
40867789b0f4fa30b2f8006c,entity_0510,train
408b0ac865e0fd513b1136e4,entity_2296,train
408dc3212eb4f3dc80a10a5b,entity_3857,train
4095006d4a4b972773a96ffc,entity_0286,test
40986631e758f54bc216165b,entity_3954,train
409f5194a30e6230d2ff9bc5,entity_2438,test
40a118ffbdd73ddc038b64da,entity_2891,train
40a437d52dfc4bcdeb7f799c,entity_3854,validation
40a8d969e6117a033ff24ba3,entity_2128,test
40b9da1980a0faa6dc8168c9,entity_2260,train
40c0470fc02a4415bfe39d28,entity_2452,train
40c5512ff2e6490258ce452f,entity_0971,train
40c7419b02511909c23b89f0,entity_2292,test
40ca17d5f581311f606b0f6c,entity_3703,train
40cca1eef0131dc1d1fd8485,entity_4521,train
40cd37f90f593c113f14adb0,entity_1388,test
40cd7cc87751a1ac13a00937,entity_0992,train
40cf0a581d3dfeabb4f534bb,entity_4833,validation
40d2115a202f297fd438213b,entity_3687,train
40da589276088236f4eaa854,entity_2367,train
40e26d87cf6a4aae8fc7ea23,entity_2240,train
40e4cca233ca6cde14471434,entity_1055,train
40e742badc7881bd4c8ca782,entity_0026,train
40e9ad41fd9aeeb515eee2e3,entity_4218,train
40eb0d0339dc72a706a7fb13,entity_0059,train
40efdac4d1e4bcd2ae7a7b02,entity_2478,validation
40f98dbba95984f088eb7001,entity_3532,train
40f9c8a434615fda02d971e3,entity_1056,validation
40faeaff4e2fff7a9f8a87c3,entity_0518,train
4102bbea39f857e36de0fdfa,entity_3571,validation
411460691afd0d22a3ce1911,entity_2968,train
412aa5533b16b5936c04ca10,entity_2541,test
412dc306e6a7dbb1c5209f8b,entity_3389,validation
412fecea7ffbaaa898aae5f4,entity_0371,train
413bf3d33a35dfe44bcb3ccb,entity_3537,train
41518cfee2c95f85d92cf9f1,entity_2056,train
41624cd96f46737cb6024d4f,entity_3788,train
416b8598bb411d3146294618,entity_4030,train
416c86be4d2a2c724fd1039e,entity_0163,validation
417c0d0812a65b41d3a82d96,entity_2232,test
417d8359465144a7f364683e,entity_0782,validation
417d858d88616d9ce4dbd759,entity_0092,train
41810481bc07fbfdb7810a10,entity_0809,validation
41823f9076a88776f8d229b4,entity_0365,train
41952d11ff0c0d6d17f0a3c4,entity_1924,train
419edc36933f45f78c4c32a3,entity_1058,test
41a4afc5d892ee5f2c49fc39,entity_3537,train
41b5019004e7a8aeca09894a,entity_2818,train
41c7185d9b399d5103fce8db,entity_4737,validation
41ca16c2100381bda3e8966d,entity_0151,train
41ca37a3463ce1c2f77859cd,entity_0057,train
41cddd906639aa48331a0d93,entity_3179,train
41e4d556de6c2223668bd377,entity_1212,train
41f8f8466a0f9b6f80153719,entity_2050,test
4208bd37cf569578399e0bcf,entity_3444,train
420c02e78a678dfde831c4fb,entity_4049,train
4215d450741ac70db5448ca7,entity_2440,train
421a298d58e351baad1e53b1,entity_1066,validation
421ff3fb37605dfab0f0aa20,entity_2984,train
4228109c7441d6c6c5a197bb,entity_3634,train
422aa5080f50345e690e8055,entity_0675,train
422b5b0270a2d5115fca6a66,entity_3369,train
422c3cf7399797e601434c8f,entity_0603,train
4232041f4abf6693b0545578,entity_2035,test
42426cd0e8c417da9e99b566,entity_0122,train
4242bacf5b648f5b6e88ae95,entity_0217,validation
424ea1e5e0cfd632e7503756,entity_2593,train
42580b52760d5db386eb72f6,entity_3613,train
425d5a8e34a7c3fff2d37fb3,entity_2883,validation
425f5ed711f8264d3a423457,entity_3712,test
425fd4e06f8396396bea5fef,entity_1321,train
4267db6a7d9a6eb8f28f3d48,entity_0423,train
426a1d8562ebb8ec661d1b7c,entity_2442,train
42796ac6538835da72fc7010,entity_1098,train
4286b42a9c9480860960331c,entity_3913,train
428cff929f99f9865655f2e2,entity_2653,test
428e2c66d7a2b6ba647a7206,entity_2163,train
429d88f387caf72a2f1f9735,entity_4601,validation
42a6b68396db29a4ba26ea5f,entity_1513,validation
42a98c7e23ae0d2c0ae395e1,entity_0680,train
42aa1501978f7f0c6274f3b7,entity_0898,train
42ac0921b619a53043c42205,entity_3549,train
42acee56de7436534d2d6856,entity_3358,train
42b3a3c2cb6da18414907bcd,entity_1122,validation
42b5d2cabcb701bce17c6768,entity_1116,train
42bd625a06592c26fdd222fd,entity_2767,train
42be4ceaa68533958ecd0777,entity_3748,validation
42be55617f7b6556406764c3,entity_3953,train
42c961dd821a7387c3c192c2,entity_4673,train
42cd05d492369e2962dad7fc,entity_0380,validation
42d170f2917fb8b868c05644,entity_4006,test
42d6984e70885cdf4b7655d7,entity_1058,test
42e854e28f8d46d136e10aa4,entity_4873,train
42ea0bfde1e82c9f12a5535e,entity_2826,train
42ed162a3edec828d8fcb5de,entity_2791,train
42f28002a8487a2c677cc617,entity_2002,train
42f2ec0afbddce2cd5f9e2fd,entity_4936,train
42f700635555406ef6ffe729,entity_0573,train
42f93ee9c9823aa4899695fd,entity_3999,train
4304f13cf3dcc3402620f6cb,entity_3296,validation
4306b5bc74e9d6d30a91711a,entity_0362,train
43073f3ec844b28d7b0391e4,entity_1130,train
4307426623761d47e31ac48b,entity_0013,train
431ac914c551d17e5c7a4034,entity_0671,train
43264788257d241813003089,entity_0731,train
432a6980ec1eab3026c1550c,entity_1639,train
4330c789370cae85e2662ee4,entity_3343,train
433ad1784d57e00922051a3e,entity_4588,test
433e099d8d566b6480e74eb3,entity_4588,test
43431fc86aa542882abfbaef,entity_2740,train
434ad065bec5849a9950efdb,entity_0210,test
435182b7c64f4464da3cc5ae,entity_2792,test
435993dab4dd3b1b24073405,entity_3006,train
435f7eb5036f0318364d0155,entity_0173,train
4363ff99bffc5a429562d186,entity_0261,train
436b017800b8fa3bbf593812,entity_2431,train
436f8f78c073c6a00473ce04,entity_4916,train
4374ca0e6856adedd40540c7,entity_1123,train
43842ce504a84a14f4018898,entity_3889,train
43883276df83ba85e1fd7d70,entity_2659,train
438a74414efb07b81ba1cb67,entity_3574,train
438ada172e438da6478f0943,entity_2664,train
438cb8de01e69ff65f6920f0,entity_2497,train
438dd66fb7e72c4026d27d13,entity_3416,train
4392e136c5d4d9eec01af5fd,entity_2378,train
4398f8a4f85d644d930dea2d,entity_3937,train
43a7a0198b794cf22a498d22,entity_3410,train
43b28825791b3cc9c3131163,entity_4448,train
43b49e25d89713b543c09f77,entity_4580,validation
43cb46d9c7d63ceaad692b7b,entity_0344,train
43e456c6d53ebc1847cb7074,entity_0291,train
43e4bbe3c1804e189c34b62a,entity_4389,validation
43f4de359a49d206b64bc161,entity_4557,train
43f6cad72901a021601544d4,entity_3330,train
43fadea81aa5d5f05202c1ad,entity_1499,validation
43fbec0adb86e612d3fc0385,entity_2457,train
43fc496e84432aee71e2596c,entity_0848,train
44007931862478aafaa9a23f,entity_4757,train
4400887f896603be20c6bbfd,entity_0635,train
44042de7969599b9bb330282,entity_3769,train
440e3834a4031d499ce73f32,entity_3755,train
441110bd6b824109097033aa,entity_2997,train
4411309ee908e777a4dc8231,entity_0296,train
44192b8b8bb1803a41a232c1,entity_0218,train
4422f50907e939d2533cc8e3,entity_3434,train
443836996f83c8f26c5f2b9e,entity_4850,train
443a8b441940286683ec6414,entity_0266,test
44424e99d98a601ac772a57f,entity_3847,train
44464a9853526843d363dda8,entity_4065,test
4455cd9f10b3eaed96d41179,entity_1685,train
44590cca97d90a3a38b8de1b,entity_1796,train
445bfe1831d5268970ef7e3f,entity_0476,train
445f2eb562c3789da8f26392,entity_3406,validation
446d610539ac60904f9aac41,entity_1302,validation
447a2c1474036880ef49a6f9,entity_3345,train
447a67ea6a474bf6cec1123b,entity_0584,validation
447bd89ae62061318394f0c5,entity_0872,train
4483cd3689552b0a9cc55b53,entity_3911,train
44889de1eee37fa81aa75bb5,entity_3994,test
44922aa4c6712b3cfa15ccc9,entity_4965,train
449292dd30a35ea17c6a4e66,entity_0511,train
44987d5ecdf8727ef7b34307,entity_1639,train
44a04a78875c517404f6e645,entity_2843,train
44a77fc7985973f0b75bd5cd,entity_2037,train
44ab03973e318c37b73253c6,entity_2746,test
44b24bfa2f6a2b788e2aaa01,entity_0535,train
44b78130390bbedd7e4513d4,entity_2621,test
44c1fc351ab45c4958f1fd61,entity_3187,validation
44d5e62455af8e29725b5ee6,entity_2298,train
44e050b4b9717894ce3203d4,entity_2511,train
44e3d5c1c9a814206e72e142,entity_0894,test
44e4f6c8ac982b194b187457,entity_0990,validation
44e57f9d38ae72ece6604e92,entity_1013,train
44ee8a0540843c86ba860256,entity_4560,train
44f04b021010d27a0a4fa21c,entity_3572,train
44f371c1ab1fba4783505eef,entity_4891,test
44f3956a43cbdbfd22c85712,entity_0370,validation
44fef639b259c2714482813e,entity_4304,train
45077f07945b2ecc756fb56f,entity_1951,train
450d746bffd78618cac2d380,entity_1647,train
450da192e75d46e3f9f69381,entity_2165,test
451771003efa0ff0a7e1013f,entity_4844,train
451d20f970d7e2ea96c08cde,entity_2599,test
451fcb1e7153efc6f92b97e8,entity_0610,validation
452398a5779fe8c8e5ad0603,entity_0963,train
452bd569faabae017c351894,entity_3308,test
452c32738223091931f4cf1a,entity_2912,test
453d18ba404b79f05d944f98,entity_4017,train
453fde71d0957bec3c2c61a6,entity_0584,validation
45491814646353677b32a0ad,entity_1565,train
45582d7bde89ad3e69584696,entity_4803,test
456c4fa40c2e31ef14d56f1f,entity_3433,train
456c582b82f95133a02c6453,entity_2003,train
45749de0da187ed5a6eb62bf,entity_0275,train
4574fb7baf98b49a5289e5ea,entity_1101,test
457f2e8e1786367582b14ba1,entity_3219,train
4582e68bf093331d2ddeaf63,entity_2507,train
4589b549d09af076ac5b0057,entity_4677,test
458a6be5baef68ff830d519a,entity_4240,test
458baf82fe12f2542595b650,entity_4248,train
458d639377a9a81724fa4abf,entity_1004,validation
459fe13d7439f4e2b0893b17,entity_2244,validation
45a16b399e9b13872ebee250,entity_4775,train
45a40e265930147407c9c015,entity_2298,train
45aa721e52a9954014a62447,entity_1354,train
45abb16750b28557f73d450e,entity_0094,train
45ae8151e59e31a7749380db,entity_3604,test
45af1dc203e4097a972b5fcd,entity_3161,validation
45b00639bbce702ca04667d4,entity_4069,train
45ba83ef84ebb93a0b292bf7,entity_4761,train
45bae3d4b24a2c1fe066db20,entity_4306,train
45c86c06cc7333c4b7893d35,entity_0817,train
45c9c91f8b9a1206402e6a16,entity_4851,train
45cd1bc94ef711bd5a63e931,entity_3827,test
45d3b6f07f9352c62611928b,entity_4013,train
45e72ce7bf3c5ab485162fde,entity_4325,validation
45ecc39209f3d32a84c1ace4,entity_0941,test
45f397bed1d9b61d71f621e9,entity_2766,train
45f8f3d3e3418e07441783ec,entity_3940,train
45f98c654dddda3931c33501,entity_4213,train
460385821cf0857edd503404,entity_1609,train
4607219d8370229f62c3b3e5,entity_2651,train
460b8828150a99f63984f066,entity_2910,test
460ccabfffd52669adb8b820,entity_3430,validation
46136b3670f41ea1b2448a74,entity_1921,train
4614f7b20c9eccbb7ce575e6,entity_0770,train
46233594a51d718cae5c1db7,entity_2042,train
4623a70c29a21879eaf91ac8,entity_3724,train
4625cb69714bdc1b8af9c3e5,entity_3020,train
46276260bdfe5b220525f5f8,entity_0798,validation
462a2b92506c2d7ff3cee0f0,entity_4283,train
462e7c6bd2e116793f48ed0f,entity_2829,train
463cf9e7ab680f2b383a92c8,entity_3414,train
4640fc2fd0c09bf5459d3e1a,entity_4012,train
4647fedd55aa1a7d95bf21e1,entity_1250,validation
46484203a4aff07a0addd4d1,entity_4541,validation
4652513454576f52921a1ad4,entity_3569,validation
465d6de22d0cbbc7f6501eef,entity_4686,train
465ff9762995d507970543a4,entity_0125,train
46723a69768b5b468ac5d873,entity_4561,validation
46758e1567f76d13be4256db,entity_3760,test
467b14bcee59ac2dd95941f8,entity_3929,train
467ce16ec16d2c34c74d7964,entity_0501,train
468e5b2c3e91847b6c5db85d,entity_0848,train
469483421a69b95dca6d5ef7,entity_0863,train
46971d5098c189443be227c3,entity_3961,validation
469927e69b715f34718de7d0,entity_2021,train
46ace274fa81e8db0be3e081,entity_2401,train
46b9aaac0d31709069e2416f,entity_3170,train
46c22811e4a8657c1362734f,entity_1401,train
46c5a5efe38701d66535926c,entity_1857,test
46ca4c56174006f16fa52a09,entity_1541,test
46ca93df4daca069ebf8331b,entity_3733,train
46cc14851aa21da9042aa0fb,entity_1722,validation
46cccdd410d2d1ed30678f71,entity_2258,train
46cf6887c92075d69497b614,entity_4036,train
46d073ec9813e23208a88cd1,entity_1797,train
46d70fa1ad9bac3b36669252,entity_4810,train
46dfaca26b01de577f3b4a22,entity_0227,validation
46e0170a95c71a4ce7eb172f,entity_3171,train
46e0e82c07468946d266c756,entity_4455,test
46e956d8b62cee3ad2692c7d,entity_3696,train
46f18d6b0921a5fb30dd5227,entity_2304,train
46fa3ee0307463a9d1d5f30f,entity_2311,train
46fba893d5a2c7ee1e2cd53b,entity_1672,train
4702357958ffe0a37aea7a04,entity_4081,train
4708e158133769f132e1a1af,entity_0847,train
470d0557a1fe9207fdead75e,entity_3518,train
470f299bc486bb1c30dbadfd,entity_3125,validation
4718257e2c4a4ca6f00909de,entity_1918,train
4738b5d24d457749d643d7fe,entity_1176,train
473dbffefb5812cdaf685474,entity_2097,train
474448d7dff103e21a6df348,entity_0114,train
474b7fcd8118686d89dffc56,entity_4572,train
474ff51ba2ee5962689201ff,entity_0912,test
475148642ebc62b67008540d,entity_2496,test
475de10282c4a901467ab91a,entity_1326,train
475f0a850c631fd7956f8457,entity_3776,test
47620675575629d72fd67d98,entity_4649,test
4762efe3205c1785050d5a47,entity_2153,train
476641510cc6c427a2b7dc30,entity_4443,validation
476ce049b4325434ddcf078a,entity_0412,test
47752a59ab624d19dc781a57,entity_3371,train
4778e2e89f8e39278cbeb1f5,entity_2898,train
4779ac0e92cc147837d51e2b,entity_3411,test
478099a1c1fbbb595f61678c,entity_0195,validation
47851df6511a208d06ae5d31,entity_1253,train
4790f0d9d34b114ffc9ba1e1,entity_4953,train
47913e8bd777ff8b4560ef3f,entity_3681,train
479a4ebc8b69ff4355963c65,entity_0490,validation
479d682f73bea2fd6424a753,entity_0380,validation
47a0e2bab5faa5dfc5623293,entity_0989,train
47a6671e86f2d86877059d69,entity_4245,validation
47a7cd215e984ad552c6053c,entity_0250,test
47b2935ad7c9e43030d6f147,entity_2767,train
47b48781daf059bff7126f02,entity_4664,validation
47ba1330d9da0e796f293752,entity_0914,train
47be7fad8bb0f50e45be8ea4,entity_2613,test
47cca5197a475e634f7a4d56,entity_2250,test
47cda245e6f5fc5aa77553c5,entity_0028,train
47e5acc092fdb83372ecbd1d,entity_3123,train
47e8b5831e5ff01ca05d3838,entity_1161,validation
47e8c5ed34e8df7fc07dad32,entity_1792,test
48058b8442eb13929c3a4c91,entity_2411,train
48064dd3415fa6ddf7a88c55,entity_2731,train
4806ec027738e4c82b84b189,entity_4302,train
480a033ca546900ae71e0e02,entity_2679,train
4810d7e429f0cf368ddf0766,entity_3321,train
48146aadbbbb82178c9d5da1,entity_4166,train
482762f6104ee4403a499a58,entity_1837,train
4828bebeb51bf555c2fc94e7,entity_0874,train
4835511fe6e37ba49d45bfa7,entity_4447,train
4837c4ea4c88836ae768cc1e,entity_2422,train
484947fa80132de8ad7b7e59,entity_1607,validation
484ce38c90efc4427d2b97c8,entity_2218,test
484d745f05e281046934aa15,entity_4474,validation
48554340c7ab4a5171d75da0,entity_3102,train
486bab296868f5c0f3944d3e,entity_2210,train
48705959b161c8a4d614c215,entity_3044,train
4884b9ea5f373e7970ab7ae8,entity_4144,train
4890a99c33b46113cf7a2f41,entity_2243,train
48a47b39484ad5d53c0841bc,entity_3248,train
48a80d4461f85541b478cae6,entity_3853,train
48ac8ed740e4f595dc92da1b,entity_4358,test
48ae6a7fbcb63964d96de890,entity_3379,test
48b3aee39e03cd91a5c49220,entity_3478,train
48bae7428979d010608d2d31,entity_2635,train
48cb73283655004290590e68,entity_0555,train
48cbd5e452dcc0fc5796f20f,entity_3428,train
48dac4f4dc0896baa6e7c58f,entity_3623,test
48ef2f28014db1fdc3782c63,entity_2202,train
48f38f92dc898ca79e102177,entity_4357,validation
48f7df89712f6a281f7e1086,entity_3181,test
48f85a88d8c8f11e57c9b4fe,entity_2184,train
48f8d9a46a8f0227eec9a515,entity_4104,validation
48fa98ffc9465efe745a3d44,entity_2941,train
4901ad1d6a7b2501c93aa93a,entity_4689,validation
4908b70342bf64fa4d21847f,entity_0477,test
4908f4f3765acd49382bdb99,entity_1132,validation
4911c5927b65b60765a6f0db,entity_0641,train
49124568bad9e70cc6f5ee19,entity_0622,validation
4916bbb8e36fefe8a546e469,entity_4701,validation
491cf7551a31d6e9e5ab4db7,entity_2983,train
4922bf0f664c6ad3381ec87a,entity_1959,validation
492462fd5c56ed03e9a53efd,entity_0560,train
4927eeb3e330f1e7dd8949f7,entity_0702,train
4927f3d04fbe21bb575e08bd,entity_1965,train
4930bfe13453dfb85589aa84,entity_3531,train
49326e863a5e8860062d090c,entity_3704,train
4936b400f9793ff6ccfec700,entity_4905,train
49483d5dfb65549433f54a85,entity_2645,validation
494b695a009c615c7eafd8c6,entity_1989,train
494b80944c4cc65872796e64,entity_4214,train
4950e196ed959e73b9d71729,entity_3231,train
49571dad7c33b9390224c7a7,entity_2148,test
497422e2f66ffc9f9b571079,entity_4562,train
497473b485174b3868130c81,entity_0309,train
4981934be557484617c20c74,entity_0607,train
4981eaa1c32dbdb320056fcb,entity_2158,train
4983382558a79b200b603b4e,entity_2547,train
49837632cde4afeac1dae678,entity_3187,validation
498b38fa79cb2ba5eeb55b4b,entity_4263,train
499a997ae3211f1ac9cb20df,entity_2015,train
499d293e3d20fbe65af23f7f,entity_1954,train
49b2b55ad36eae61cbf28008,entity_2421,train
49ce674fe7f112934c1324c5,entity_4736,train
49d14f936a30ec6cc5a06487,entity_4180,train
49d444085ce599e4cee7e9b9,entity_1404,train
49e0e97d26e3e7429d92e1e1,entity_0369,train
49eb22ca6e57feaf7ffefe65,entity_4668,train
49fbfb3e6c95c4a0adbc9171,entity_3678,train
49fcee25bdc28d4b1758353e,entity_0426,train
4a012c3c0c6d9d22c4290ea5,entity_1034,test
4a01ac7d616343b8947d5442,entity_1564,validation
4a059e8c8402d62f6676fd6a,entity_2426,validation
4a0788230217f22e1bab6c7e,entity_1624,validation
4a1dd51610ab83f70e91a2b2,entity_2548,train
4a20f814a2b16905d8fd9034,entity_4095,test
4a25b18aa3a0ec1eb852c029,entity_3065,train
4a344daa1a0b60f1deb98a12,entity_2838,train
4a359595014751f4ac5e6f44,entity_3849,validation
4a3878b956553c39786fc098,entity_3862,train
4a39aa3387580626b966f449,entity_2624,train
4a3a33ef066be5e95bd0a864,entity_1539,train
4a42d6d87a9f7c3756d52f53,entity_4356,train
4a4635daac022c48f636db38,entity_4613,train
4a4abcd896412736e0930f90,entity_3473,test
4a4cde80402637e5f69ecf73,entity_3604,test
4a635e03a9632a2742384f87,entity_4714,train
4a67484cbbd4dbca2c1a48aa,entity_1143,train
4a6cb4dae65123d0fd8b9055,entity_2300,train
4a807b3d1f8e50182d3132ee,entity_1529,train
4a8d55a04fccf0d02f51b836,entity_2382,test
4a8f17f3e41288285290d90d,entity_1459,test
4a9c65bf11217c23c8bc88d1,entity_1226,train
4aa6264ea9cca2e4afabff15,entity_4547,train
4aab4bfeda1bc258f036bf20,entity_2501,train
4aaccb38a1db0e2459f0e009,entity_1131,test
4ab098cfd22a1e09e8381d99,entity_0942,train
4aba786121bffde513530d64,entity_3286,train
4abd68e6b1896bf928dd5bf6,entity_4373,test
4ac8c51bf8bd48e0f8719265,entity_0086,train
4acb6339aad4b4de9ec53840,entity_1973,validation
4ae5b6407c0383a977e07b88,entity_0076,train
4af340ce55af761453e85846,entity_2754,train
4af5bebdf6e0716659501679,entity_2193,train
4af65f0e426af11a3cee8004,entity_4288,train
4afa4ecf5c4ea4d17498a1df,entity_0609,test
4aff5472580083a03d735d86,entity_2012,train
4b040f5d1d4f4364da480bc0,entity_1442,train
4b0579fa9eae44f01e275ac6,entity_4100,test
4b239faf4cf5434aba63ada0,entity_2706,train
4b266f0e7d87682505e42155,entity_1936,train
4b27f1c5e35c39d01ab84e53,entity_0229,train
4b28188b4703a6d779fcf4ef,entity_4408,train
4b2c069498e137b477182be3,entity_0507,train
4b375f01388a83f1363a9bb2,entity_1474,validation
4b378caac7da0f43a1172e6b,entity_0034,train
4b3bb1fadcd233e274873375,entity_1389,train
4b3ec364ece4e68252bcdedd,entity_0497,train
4b46484034d0f05cf850bf08,entity_2208,train
4b4b715b4f1b7b8a3d46f902,entity_4116,validation
4b4bbab6d497e8db77a32460,entity_2676,train
4b50d659304a92ce904cac06,entity_4035,train
4b583ee34f8d10564416c2d6,entity_0066,train
4b585dcbaf3409f2235f1dbd,entity_3414,train
4b58d426d5bb50a25831e266,entity_2695,train
4b59c76acb2c7296271bd68d,entity_3080,train
4b5b999e0e6ab535935293d9,entity_0145,validation
4b5fce704f21fc624f6b4ace,entity_2282,train
4b66c3e830b288d4b40c8a92,entity_4224,train
4b74830ef3401f7db21cc760,entity_2278,train
4b758d07e3673f1fe8eda15c,entity_3317,train
4b7769de56051b0498374696,entity_0171,train
4b7a2a3dce1fd4f5c9982250,entity_4982,train
4b7ac2bca580f0ade37f1996,entity_1817,train
4b7b3f16021130d7de5467ec,entity_2339,train
4b7c97295771cf8bb302a21d,entity_2056,train
4b7f6f0e4595366c29791d5b,entity_4971,train
4b84b8f0fb8e4f4a2259bdee,entity_4876,validation
4b8edbd9d5ea258cc3e2e435,entity_2114,train
4b8f95d63d8d719df13cd145,entity_3491,test
4b9fe134f86f8ea1461b467d,entity_2534,train
4ba356dbe422d6ddea586b8c,entity_1070,validation
4ba5407aac79be4aeb1c1e8f,entity_0662,train
4ba75610696866a520bc7e1f,entity_3818,test
4ba8cebe766f9be36dd16085,entity_2814,validation
4bab5c1c486d2da2dd6e1755,entity_1410,train
4baf821a68f736ef8c0698ea,entity_2014,validation
4baff16b82491a11cbe10eb9,entity_0515,train
4bb04093fc130dd4f952e716,entity_1373,train
4bb62030a5337a51dbd674fb,entity_0330,train
4bb836b8bcde80af8660810d,entity_1744,train
4bbaabbd53b163f8e315c587,entity_0085,train
4bbe40051a87f217601b96f2,entity_3110,test
4bc37dd25c34488ac0c5426a,entity_2658,train
4bd9891d42572329c98aeaa9,entity_4286,train
4bda58c567092d9c0f3a3d90,entity_3851,train
4bdcfa4f131f8213bbc9c5df,entity_1448,test
4be856b2308800a761e25b49,entity_4363,train
4bf8f2ad560a2db6ec8be130,entity_1824,train
4c0bbb164103ba0891bf4c6c,entity_3577,test
4c0d806f2007676b879a1e12,entity_3362,train
4c0faf15d8412da39a52920e,entity_3368,train
4c14c3eb78ac14de6d20658e,entity_4075,train
4c1512b38b721a227cb2469e,entity_1681,validation
4c166e68f7a869d5078eb84c,entity_2697,test
4c16ed5ef8ae23c39fcb4885,entity_1503,test
4c21eb6883d707066da17368,entity_4331,validation
4c245304bc7cb97c98c01e6a,entity_3801,train
4c277c97626f80e8c76117a6,entity_3749,train
4c345287ad6ca1a0e31fe291,entity_4456,train
4c35b544b6f964a64cdbee1b,entity_1464,train
4c3ceeb4e8c0413db0d72340,entity_4509,train
4c44bdef0c3bbe1af800454f,entity_0453,train
4c48579160ab238af8574793,entity_4663,train
4c51bd03947e7b24f6a363d6,entity_0798,validation
4c56a0b12940d32896b95752,entity_0649,train
4c57e2e5f74c9182775a0297,entity_1623,train
4c5de2afb607eda16523e556,entity_4662,train
4c740ea7972370e4554b9e53,entity_1411,train
4c7ac7dc4c0eef9485097ad4,entity_0374,train
4c85c9e937ea8d75205101e8,entity_1101,test
4c88891e8dd94f221fe96e28,entity_1733,train
4c8a544bbb8b668ebbe59f30,entity_2699,validation
4c8cf91b8188d51ad61242ba,entity_2797,validation
4c8d1ddd62a7eed402c883ac,entity_2855,train
4c936be64fb73556e2cc4a30,entity_2357,train
4ca4b0758c435ddbfe4d690c,entity_1460,test
4ca7541c5f9ba7978b9a9d0f,entity_3981,test
4cbb7403dacf3bd19f10988c,entity_1810,train
4cbbae5755d9cdec17698d3f,entity_0816,test
4cbfd8d91bcb6662189e7a57,entity_0959,validation
4cc83118f68f265d124df442,entity_0357,test
4cce93e8105bf410ca53c4f7,entity_1280,validation
4ccff5d61e1ed89caaababa3,entity_4438,test
4cd92d34951e50dc419184d9,entity_1768,test
4ce92938f227219d540cc93d,entity_1210,train
4d007bb223498e00379f62ca,entity_0556,train
4d0b3cf73d27334db907b696,entity_3944,train
4d1e6acdd658aeb5c3d699ad,entity_1794,train
4d1fc22aca960fb09e49e4fa,entity_0045,train
4d287c25244f896414efdb33,entity_0579,train
4d2bf3177e6ab79e9f3cdd00,entity_3995,train
4d3dfc846439733e21df1c52,entity_4380,train
4d4ea4eccfca94c24fe70227,entity_4304,train
4d51a278b53beabbcaeb3290,entity_0225,validation
4d54d6941d0bfdd34fd3f6c0,entity_2288,train
4d5954f21cd919ba857af1f7,entity_3045,train
4d77a6ed56ae815b0c37a157,entity_3236,train
4d7bbc69206af60c92fd3a0d,entity_0031,test
4d85e943c077756fd583caa4,entity_2749,train
4d89b46f6d6954a559ac479a,entity_3277,validation
4d8a3cd6a9f25dd3033c8fb0,entity_2962,test
4d8c049af2d3dde148bb8fb2,entity_0358,train
4d8ff0c9c92ff8003de1291a,entity_4768,train
4d9506dc4efea12846752ac1,entity_1265,test
4d95432df79374739abf56c8,entity_2205,test
4d9fab408270e83b0a2447fb,entity_1898,train
4da5e6a7af45ebd77327081b,entity_3757,train
4da7d137091bc799059a8476,entity_2331,train
4da87280028d8cb9aac0a8a5,entity_1144,train
4daa174a76c37545e967b539,entity_0035,train
4dae2c7f218cd13c58288b36,entity_3267,train
4dae564b0340a11760d7e809,entity_3843,validation
4db346c24e3d0961d1b640e6,entity_3989,train
4db786acbf6d515277377e33,entity_2261,train
4dbd9aaf3c3f9353e2e9fcf9,entity_0544,train
4dde1f0745992438eb55e9f6,entity_1693,train
4deedcdf402df2e7139cc76f,entity_3563,train
4df11b9d27404d7db69fca1a,entity_2348,validation
4df5a4976ab7203da561df4b,entity_2089,test
4dfd51ee70e9fcd20be0c7ef,entity_4804,train
4dfe9188bcb3a56e67810206,entity_2639,train
4e045b6f43e179f30d6d8cda,entity_2861,test
4e0732e8608f49c4a8b68ad4,entity_3981,test
4e0a241d91ff4337340856b9,entity_2593,train
4e0d23b882f48b3eb0a4fbd4,entity_1135,train
4e13f1e2da683066dc413537,entity_3170,train
4e1f78f19abc5e83ac399e43,entity_1136,train
4e36dbdc910f161e4025df15,entity_2322,train
4e44b4ddc748082eeb741838,entity_4482,test
4e4501730e7ec32d55ed63cd,entity_2996,train
4e45a644dedf5dac07665248,entity_2951,validation
4e495deb736e213e237f695b,entity_1630,train
4e4b327e6a99936157c3766b,entity_2801,train
4e4f9350460c0a472a69b9ec,entity_4384,train
4e516f362c9ef0825db96f2c,entity_0216,train
4e5397ce354dab0912faf276,entity_4988,train
4e580cd7fb0d4fb88bc695fb,entity_1327,test
4e6bc4eec2fe7eff205336d2,entity_3785,train
4e80115cdbda073096aeb2ba,entity_4307,train
4e80c8cb624fbfdf13a01fe1,entity_3879,validation
4e8653e900287d897cde8f13,entity_3818,test
4e93de1f5c03f44349314cb1,entity_3867,train
4ea46a61939fcd10090824b9,entity_1891,validation
4ea9af4bfebf5c091fbef72b,entity_3813,validation
4eb2973a54a9c6f103c6861c,entity_2092,train
4eb5d98acc4ad3c10ca9804c,entity_3120,train
4eb62ef0f94f5d7f87f2937b,entity_4673,train
4eb81ddcaf3df895bb7e234e,entity_2569,test
4ebb1761b389adc2a6730efb,entity_1193,train
4eddc0ff881ef636663e38a2,entity_1051,train
4edeb74ddbce11b2cd9faa4c,entity_2742,train
4ee475f2f5b789fc32421faa,entity_3074,train
4ef70365455b23247456c24e,entity_1422,test
4ef7eea72e2c17f54395762f,entity_3826,validation
4f0d29890277f8fa930abd01,entity_1942,train
4f115f1cc926a71ff11cb22e,entity_2122,train
4f27a6aeed5f9228d1d4860e,entity_1496,train
4f2e029018e7de1d341f4fa2,entity_0515,train
4f3209dc26fa6993d7af3054,entity_4996,validation
4f391b205d0d78b2b64054be,entity_4451,train
4f3d69d47439ac358b2210ea,entity_2662,validation
4f4242fc122d093a1d7aa295,entity_4921,train
4f57de123bc555ae2b4948c3,entity_0346,train
4f67240c7ea6d6c5c29ab068,entity_0987,validation
4f8739ae319d06de80c7b2d2,entity_2786,train
4f960a3f7183a4e4bdf29476,entity_0663,validation
4f9dfb2432b0381bf0e1b106,entity_3145,train
4f9f099aec00aaa2f6f74f8d,entity_2980,train
4fa6341b4d7b897778b49cee,entity_3774,train
4fa750be3271859b9e077fe1,entity_0007,train
4fa7cdb1baa55a58eb9254c3,entity_3571,validation
4fcc82703efc29d27bb1910f,entity_4994,test
4fcd3dbaf4b58d6a3305eadd,entity_3152,train
4fd0331c3d623e58207539df,entity_2532,train
4fd5b808293acbefebc80b7c,entity_4370,train
4fdfea4e66179e63d7914798,entity_4503,test
4ff3754314ae5da3add63f05,entity_0769,train
4ffc01dddbb2c1b0117168e1,entity_3804,train
5008a661b195a3f1e73dc303,entity_2437,train
500cb5cfbf75974c430072d4,entity_4124,train
50103b6622f6d58ea290360c,entity_3165,train
501c5266f4b9a8e8b4756881,entity_0599,train
501f235c9cc70b3ae2fc399d,entity_4439,train
501f7b4975d519e34e9346bc,entity_4402,train
5021fa74fa957083f04648ac,entity_0715,train
5024878e3815c24d9b9f97aa,entity_4556,train
50259c65d883e027b192c2c6,entity_0083,train
5029c4a2b800c100f0a87a9c,entity_2775,train
50389fb0c8bd51444d53ac70,entity_3261,train
503b4ea8c0d0ffd58e8b5193,entity_1816,train
503d32fe95de63e8657c00dc,entity_4064,validation
5040579624c3296657980f7f,entity_1782,validation
50474c7f6ab9af8310a132a1,entity_2594,train
50498946419886fc26db4df0,entity_2005,train
504ee5fdca7edf3746826df3,entity_3117,train
505b741bd99d7da28130d27d,entity_4621,test
50631043fd85f266fca9c0fe,entity_3493,validation
506a7378888592d77339bdaf,entity_2900,train
50835b6af82ac788ead6a5d8,entity_0738,test
50844660623fe3ba68ae26d4,entity_2431,train
508466c3f951b4fd1675aeda,entity_1975,train
5085c6e68b09cc9a0fb24bfb,entity_3037,train
5089078666bd1a2a72b1335e,entity_1741,train
508bed76e2bfb6e3dd7e45cf,entity_1111,train
50944f5dcf5136c7a24758ee,entity_2643,train
50a23a76f918fd6d177704dc,entity_0589,train
50a96b6dca378f6053e4539d,entity_3233,test
50aa1d2244626bcf5052fcda,entity_4519,train
50b35c2251d31f6734b10988,entity_4686,train
50bea90df60ad6d435b6d887,entity_1595,validation
50bf52176a30bcd85864acb9,entity_3301,train
50bf7d4b721b28e934026288,entity_0666,train
50c74ea5cf54072d629b305b,entity_1603,test
50ce798aca7c9feefcfcb2e6,entity_4855,test
50d09c2521086386cd83ebff,entity_3746,validation
50d2ee649d7ca00a0f607bec,entity_3660,validation
50dbd939823aa74bba2f7e2c,entity_1540,train
50dc208028e46d2d262be816,entity_4611,train
50df9b757b9e269d301f2045,entity_2772,train
50e36a3495f81d56babba613,entity_1528,train
50e3713a4eb825c2cfc0cb35,entity_4548,train
50e3e8fc6c90fe8a54129c1b,entity_4786,test
50e6de98ed8c6167a1dcbc01,entity_2448,train
50ed9460ec0e82e0e871b6cb,entity_1347,train
50f1536beaeacc65a49dac38,entity_2616,train
50f265306b7b2a941408079a,entity_0624,train
50f54ae94f75ce947ae27f9c,entity_2238,train
50f7b7430bbe7f0d4f7ed38e,entity_1542,train
50f9c8274ce10fb547eb799b,entity_3994,test
50fc7d4057deb0b8e27f1693,entity_3410,train
510654870449607fba1ea73d,entity_0869,train
510ae3eda37b9372ee1c5449,entity_3205,test
511329aeb4638af6e1199eb7,entity_2949,train
51255fbef5930142b263a405,entity_4526,train
5126f3e6dd1239a2725f829b,entity_4721,test
512cac3a96119dbea6ecc54f,entity_1876,train
512d596d92561c16cfe68d55,entity_2073,train
513179e45417cd38ce682595,entity_3313,train
513a8ceae1a92d85f089e4c9,entity_2679,train
513c5c8b46a9ec4903fad467,entity_4592,train
51465c8d5ea7f5ebc3c643cb,entity_2375,validation
514ca7fe37d2f5e539675e01,entity_0878,train
5155ed73df6938741f1bd8b2,entity_1730,test
515ebc5d348c48dd2ddd1142,entity_4798,train
51698e35fc21d43226cfad8a,entity_0695,validation
517191fb997f2dd7bf43fd23,entity_3735,validation
517d4780a1e76faccb7151df,entity_2245,validation
517db151ad624ccc96448e1d,entity_1451,train
5189e6f5ca6bf29d2fdee0af,entity_1096,train
519702cc760c1d2ebac41d6f,entity_0383,train
51a8b510ea737c6c83ee5fd5,entity_0605,train
51aaa289cb19a2f3d9954556,entity_1514,train
51ae93cc8fdf56e01dff6330,entity_0497,train
51d17876ed474fa209ebf54b,entity_4387,train
51d3cc9af4ad41b205051b18,entity_2904,train
51d71e9e4c77418a970e3b76,entity_1268,train
51db2c61abc1387b9f8a8ce4,entity_3315,train
51ec63e3d5cc2bac333cc13c,entity_0908,train
51f0334eed1ea5a3f8b3dcdc,entity_2605,train
51f0bc9d009a23dd5a175c10,entity_0943,train
51f31bcb29530e1d3c26a88e,entity_0355,train
51f3488ec94d538a258c4442,entity_4790,train
51f9953842ee792b65d8a915,entity_1273,train
51fa9b95b231a9238dfaee83,entity_3671,train
520655d6d64c0efefb54829f,entity_1344,train
521833b4987dbae8dc792fdf,entity_4785,validation
521b886207078ff2acd34b89,entity_3105,train
522257c4d89d145fbf66f1f7,entity_4513,test
5234b344c0dd3c49f75962ce,entity_2087,train
523572e55035656b50045b33,entity_1035,test
52392751311fa2d492666aac,entity_2446,train
523b1996b392c8caccffa450,entity_1683,test
523b22929d0d6d7acc0896e7,entity_4960,train
523ce7a72cf6e38f76c1ff52,entity_4902,train
523ebba8d0d2ab6f80c8f7f1,entity_1604,train
5241786e31e06d576b93a602,entity_2375,validation
52476595ceee67e20bb3120f,entity_2848,test
52567687222113005dc1747f,entity_3242,train
525de61418034d768cf34222,entity_1161,validation
526423c084092997be415d7d,entity_1962,train
5264c4c2709595d1fb070931,entity_4505,train
5272843aba47bdb4e6756b35,entity_3742,train
52735cb5e0b5d4d27a8267b7,entity_4275,train
5274ccab476a0134439f1b21,entity_0403,train
5280c318210899ebc5fb43ec,entity_2727,train
5284939067b9915acf2dc0f9,entity_3861,validation
5285929034720d9d2629abe8,entity_3515,train
528bf28b7d1fd5c7cdf07f4e,entity_4705,train
528f6e66d5ca33a1fd319d0e,entity_3032,test
52af2c56a065a68114e5d6d9,entity_2958,train
52b4e39250485675cca5f03b,entity_3735,validation
52c11d1b6ef23a6e75828f76,entity_0464,train
52c288eec06f425b1c074cc8,entity_4763,train
52c6eac0f0afebba5f0830c6,entity_3084,test
52cfd1876668ab524944b5b9,entity_2157,test
52d1da2bfd5ce2a23f3221b8,entity_2888,train
52d408dc5432e25a93a1a844,entity_4685,train
52d7336638238320cf7e06f3,entity_0063,train
52e09f0dec2a38723dd98e2f,entity_3752,train
52e384238fb0b3b08085d26d,entity_1663,train
52e6376d32b37e1dc3ce1854,entity_2293,train
52ea38f7be536e9101d2d5a5,entity_0491,validation
52f6e1341088b20b45d1a415,entity_4338,train
52fdb4e38dcfc5c0a2645263,entity_1522,train
530790903c6f31bc266f62bc,entity_1166,train
530a76cf58fc14e96bfe28d1,entity_4361,test
530abf2783ba22ef11889633,entity_4401,test
530ad7bcde9b22488b717577,entity_4056,validation
530f75042bd97a8d2e62eb7a,entity_1667,test
5310e92bc5c6243daa98161a,entity_2686,test
531c9d3b31f43a14623b42a5,entity_1914,train
53230b3901a587124eb33cd0,entity_4272,train
53256052317bb71ab0a954f4,entity_2414,train
532649adc34b4aff793bba3a,entity_3469,test
5326b61f616ff76ad3512f9a,entity_2702,validation
532de5a147816007873c5777,entity_3896,train
5334462cae1882bab07f4213,entity_1414,train
53357ca49dffb83b82f1ac28,entity_3400,test
533a0b605d9a2343849904f9,entity_3900,train
533fd828a8b0d418be933627,entity_4980,train
53416dd970f872b753dd3ad3,entity_0399,train
53434e115830be166489dde1,entity_2764,test
5346aac82fcb3168cc811372,entity_4670,validation
534ea97af1f15ca9d715702a,entity_0256,train
5350aa32bdbf95412a3100a4,entity_3265,train
5352a519406770f3f8d5d13f,entity_3247,validation
535b4515a06b27bad9c3aa31,entity_2405,validation
535c6e76174099b57547c3a3,entity_4172,test
535ecdbe5417db754b627d2c,entity_2510,test
535f55f2abefd8c4bdb209dc,entity_0629,train
5361da40b692585e08f10758,entity_3306,train
5368eb947cdbdd3389cc8ff9,entity_3337,test
536d1af62f571f1db9a0e5ce,entity_0908,train
536e29011dd50fe5517c82e6,entity_0938,validation
5372d83ec83a70dd0dcb8485,entity_3998,train
53819bdbf50c890aa76b5aef,entity_1976,train
5389a2f8f4f666e8a2c117b8,entity_1088,train
5397b25adea3161c81248822,entity_0613,test
53a575ee3e22315bcc27b1b3,entity_3149,test
53a98463cf753b5dbea315b9,entity_2839,train
53bb8af57010bd6467c03b0e,entity_0375,train
53c09b5feb9ba86751b4d308,entity_1540,train
53c11025e32059235ae0d980,entity_2521,train
53c14908d95542a6e05750b8,entity_1527,validation
53c2a22f7a6a15d5f9531dbe,entity_3957,train
53cb9be21e4ea8cdb28e8ba5,entity_1811,train
53d189571e681c4982bc7388,entity_3580,validation
53e79125560c3a8535cb818c,entity_4919,train
53ee5bdf714a5cdfd9c796ae,entity_0722,train
53ee90f3dc28ad0aa3d7590d,entity_0208,train
5405c448de66e1b42408de71,entity_4956,train
540c8cd554f7cca45cff67e2,entity_2509,validation
540cb3e9a33f230ea0386ed9,entity_4015,train
540ec5e476a36473e2863154,entity_4674,train
5425d3d57715a350730ebffd,entity_3387,test
54279d381194fc5e425dfe7d,entity_4242,train
542c4e08b705f067f318c07b,entity_1403,train
542d111c2884641e1952e027,entity_2498,train
54326efd4b659e7e0e4c86d3,entity_2558,train
5439f3432d1973206a41fc55,entity_3154,train
5446cb1d57b2342103c47147,entity_2495,train
5455b99e7e82c14aa5aca641,entity_2074,train
545739a4a7cf2479c36d0f63,entity_0101,validation
54609763cbfbd3de221be325,entity_3874,train
546427a6f3ba25879d8c31c4,entity_0004,test
5469c31c4fdfe0ccd269902f,entity_1230,train
546a36c4d4fcf90792728903,entity_2761,train
546bc79e0f132d871b723161,entity_3898,train
547ff5c967c9a9d372b98a83,entity_1334,train
5481a2421ccccb3a3808d457,entity_0050,train
54898629da8b75bf228ff420,entity_2220,validation
549096d50a4aad594895d6a9,entity_3354,train
5491dd0bdd3b6db9144b95a8,entity_1419,train
54a2e2cb2149774c14b5ce98,entity_4929,train
54b0898fd95406583ff6a7e3,entity_2985,train
54b36b4449f4496cf66b5fdd,entity_2721,train
54b5d21ad8ab2ae00c6f434b,entity_1201,train
54b7e29a9cd61983a6d8cc97,entity_1402,test
54b9bbd0ff5c9bf38ab4e2e3,entity_0986,train
54b9c47e132e0aef4f02d69c,entity_4734,test
54c8a6a6f57f293ecca2733f,entity_0419,test
54ce9fca7f935ceefee3136c,entity_4259,train
54e37f694a0f1112d5b448c3,entity_4278,train
54e50f379b34336ef8caf538,entity_0239,train
54f0f304741f2048c77fe1f2,entity_0154,train
54f49acdaf24d9b41ce4d3a3,entity_1998,train
54fe089b4e926fc54ef99467,entity_4092,train
54ffdf3356947890ba5f6621,entity_3406,validation
5500d5b3bc31d234c6c6858e,entity_0620,train
5506acb292f32bb92371eace,entity_4818,train
550a87270f5140062b396cd3,entity_4288,train
551275021e9d157c3d4da9cb,entity_0074,train
551894bbddfdb1d8dcd743cb,entity_4460,train
5526141a833d14fac5e8931d,entity_1993,train
5529cf7a22c142b163b1096f,entity_1441,train
552fcca0e27773cd6a824e69,entity_0297,train
5537512cff31b0321a46ef74,entity_3479,validation
5537fe95a7ac841f87e5a19a,entity_1882,train
555662e944c99449b50c4c6a,entity_0175,train
55599fcb435d076e53bb272b,entity_1717,train
555ada5e4f848cc60b580fc6,entity_4016,train
557529abfd44585a76d03105,entity_0301,train
5576d7652cb52fae6ba83186,entity_4852,validation
557a0fa24487d2be3a2ff83e,entity_4499,validation
558146f08c330258f710a36d,entity_2350,test
5584e27f91c3d7a39e7ca900,entity_1538,validation
558eba40bedc95f1262b3ca2,entity_1536,train
558ff777cfb66230a5ec8628,entity_4091,train
559c4e2c9d1cb7a5a3f1ab7a,entity_3862,train
559f70bc7c65853843459b0b,entity_2964,train
55a65af0eee96c36a1a3d19e,entity_4394,train
55b0b100457dd8dc64ecac8f,entity_1426,validation
55b0ea079cdf22c745a5e8e0,entity_3752,train
55b1a1f14e0eeae22ad71089,entity_4552,train
55b7734e75dc7f961fa683b5,entity_3953,train
55baa2af010b9f22474c4bd0,entity_0827,train
55bfa565fbe69a60f134ea52,entity_3480,train
55ca16ba69f84352b7fde307,entity_3565,validation
55ca7262c4177d451258f60f,entity_0868,train
55cdc7be015a9b6d838ee324,entity_1163,train
55d9dc4d00bb5931b78364a3,entity_2830,train
55dd2bcb01027210273bf67a,entity_3056,train
55eaf73b021b0e03f0196590,entity_0525,train
55f62980d099e5b8b1beae27,entity_4437,validation
55f9cff95ea1b29ad02debdd,entity_4401,test
55fef58e7beb3ed9f1bd4dab,entity_4500,train
5603154a1d022fc2cde0451e,entity_2123,train
56093f01982b2a50f2140482,entity_0907,test
560cdb3a191d5e642b4cbff4,entity_4770,test
560e4450a4daa366548877f3,entity_0470,train
560f7d00a1789e629d7bbdab,entity_0176,test
5611c9ff1830b090932b7dd0,entity_4652,validation
5614ead61ec70ab1e0ac2d45,entity_0508,validation
56150431269009d973a860b0,entity_2925,train
561bf6d53160bfcf60967ca4,entity_1695,train
56225155c126729850414d06,entity_0528,test
562739b12fe2fd4cd19b0d7e,entity_0974,test
562fb9b498422551f38778a5,entity_0390,train
5631767686220da916c647b3,entity_3408,train
5635f153c2b3c202e2f90155,entity_4100,test
563be242aafbd0061218b2f2,entity_3241,train
563f247537b0d3575a11bdf8,entity_1764,validation
5640486ee235b529b63e14fd,entity_1495,train
564423bb136920327eb61c61,entity_3315,train
5645666acc898ee7f55dc7dc,entity_2907,train
56467d486f6287506dd777c9,entity_3588,train
565301932d1466970e09d60b,entity_1001,train
56548a06e19b89dabe98bb0d,entity_4914,test
56609eef2fb075842411a1bc,entity_4523,train
56735eb7bc39685ed806d0eb,entity_4835,train
568a913abba6dcacde5be9ee,entity_0773,validation
569703965917f2efbb953649,entity_4351,train
5699a1253d3bc3e5861b3581,entity_0933,validation
56a319c8a6c7950daacdbfd2,entity_0162,train
56b2f866b7211d461a95b4f1,entity_1788,train
56b3699e233d8a056508fe53,entity_0170,train
56b380268dc049972bad287e,entity_2340,test
56d2b2a1dff4cabb9303f651,entity_4944,train
56d3e9b33b4087c67b27bcca,entity_4772,train
56d7061807ef97b7c863011a,entity_2792,test
56db0cb9de8031fc5dca2edd,entity_4800,train
56e3b283fc7217982380d062,entity_3048,validation
56f27069dd8ad320042410aa,entity_0593,train
56f27819fab68a7959befdb7,entity_0806,train
56f2b44c29283d426db686f4,entity_3317,train
56ff4ce1627b723723b959b9,entity_2318,train
57010e16b8c1baba51b9f6a5,entity_0725,train
5705f02adf6acacd384ec063,entity_4970,validation
5706fb78f0b568488f4b0596,entity_4207,train
570a4ba5134bd893a078b0b6,entity_4357,validation
570bff08b3fbdf2c82647e08,entity_3644,train
57111ed90c0aa5790140f1ac,entity_3201,train
571760cc36e3685376ef9c90,entity_0470,train
571acd4fb8d058b2e029dd57,entity_1211,train
571d13870e01a04cdc6a06c3,entity_2495,train
571ed124ca3b7942a5550f42,entity_2647,train
572aaef6c2bec644a3db6bd2,entity_4284,train
572c2112c3382b0d6b9173a5,entity_4253,train
57308c531f7fcaab5fba5795,entity_1598,validation
5738b8b0bc79823cceb24d82,entity_2695,train
573ff343dd61aedb472bb961,entity_1554,train
57428d212f6f3148be802bd2,entity_2929,train
574e71423ee1f29c774c4022,entity_0014,train
5752586ed0958997e671109c,entity_2275,test
575293c1f613c4f2041513ac,entity_2785,train
57529c9e0910893f9a31dbbb,entity_1604,train
5764d287feb0b585454cb52a,entity_1970,train
5768f05c97e4b4b5c6672022,entity_1613,train
576dfda017aff447554ce125,entity_3642,test
5771247bb4ab2728401fad27,entity_0940,train
57731b90eeebf61a648482b8,entity_3973,test
577f9c4a96143e4a6e690874,entity_3989,train
5783ccf34591ae47d4b7204a,entity_1791,train
578957b532c815878989cf3c,entity_4582,test
578cd438f0dd028324c66203,entity_1649,train
578e5bb764671ad230974ea1,entity_3701,train
5793d0253bf1710819a16a70,entity_0793,train
5798b64a0dc7cfb2a7f00c59,entity_3259,train
579be6a9c4b4a7f42ec9b5df,entity_2233,validation
579db623aacd894a0d7dfcc4,entity_2660,train
57a1f762f37e090df9579247,entity_4097,train
57a86ead8d7ac4c39394d386,entity_0298,train
57aecb4fb0a7cc0d84749401,entity_3849,validation
57c20f7db421379381f9e950,entity_3052,validation
57c248969e421a52a22d1eac,entity_0873,train
57cfbf86c36c19755f6b0be1,entity_4852,validation
57d31f62a8d2374bdb458f3d,entity_3122,test
57d6edbc4e24877addf8ed5d,entity_4869,test
57dae6ec1178fbee897bfa8a,entity_3616,validation
57df6a964e79fda31a7c34e9,entity_2239,test
57e0ba866a7089785b6d8265,entity_1182,test
57e0e9d719c55a9085b63e02,entity_1482,train
57e45cb1d968a4ab8b6e7ce2,entity_0475,train
57e566062739315a860fe0b8,entity_2544,train
57e59eb05fdaffafb8ea860c,entity_3194,train
57f185d7536853b784ea8d92,entity_0821,test
57f1ce1cb2ea199bfa522ba3,entity_0899,train
57f2816532fa2562db80f494,entity_2990,train
5802b6adfaba5933221661cb,entity_3576,train
580a6d527f49397f7d1c33c1,entity_0721,train
5810754ddc74dc8af5e4cec1,entity_4135,train
581849ef03ef745d05818a4a,entity_0502,train
581b6781fd11e2950dad0ca4,entity_0944,test
58202fb03354f6b01405ede8,entity_4489,train
5821c875e7fc53341ab8dfb7,entity_4375,train
5823800584713048731a416a,entity_1062,train
58258b51fc7c9da1bcadb881,entity_1074,train
582b7ec2bef092cd51de4a67,entity_4578,validation
58329a3f405d9d266e1d71bf,entity_0603,train
583465cb02db1c0d401d5757,entity_2198,validation
58407557166fee7efe8fac4e,entity_1123,train
5841c1eb85ddb7ee47496817,entity_0059,train
58470ed46c0c967660ef47e2,entity_4900,train
584a7eaf211f4b774704ea07,entity_3046,validation
58581eae29b84497710e826e,entity_2160,test
5860a49b1ae1d9e0c2a499cf,entity_1064,train
5864a54c5f4eacc83ea61588,entity_2614,train
586a0b08112a179406b5c466,entity_4614,train
587132e9a68c4b3aebc00b37,entity_0273,validation
5879f107c5de788429163b71,entity_1738,train
587a0102277bdf6f9adf5efb,entity_3726,train
587cc1228ad4a74aa81ed79f,entity_4311,validation
5883bfd4d88cd6509470b457,entity_2257,train
58898dc88b457fb22b97e159,entity_3950,validation
588d4498c8795f9cf6044b3f,entity_4918,train
588eb16a713e2b72018ad0cb,entity_0573,train
588fc127a416abd6da414bc4,entity_3508,validation
58950d7c7016e3c3edaa4fa3,entity_4434,test
5897e2997f804efad0486b76,entity_3538,train
58a2a1c3bbf24c292e169118,entity_4741,test
58a41ea63015b1c5f6886b7a,entity_2152,validation
58a9c18ef061e5ece6c51eb2,entity_2903,test
58abdeff2b1e0cc72f9c935d,entity_2124,train
58adf504bb923c78a180ef09,entity_2091,validation
58b25181b37ce617cd84fb52,entity_0652,test
58b2728f6e47a024c8e2fa10,entity_3382,train
58b5d390d196f88c7de5404d,entity_2965,train
58b8a506505a3afcd39523dd,entity_1888,train
58bc3dfddd19153f0c8e2f67,entity_3036,train
58c0d88b7e821f6f8262e709,entity_4336,train
58c323ee61532d3228b6b395,entity_0184,test
58c659e699739bf51ffd41a9,entity_1855,train
58c6f1a48d2f6e25961b4d68,entity_2095,validation
58c7c2e63c84d86e1580209c,entity_4861,train
58cc6e38486981cc5782db0f,entity_3459,validation
58d66a59f4a9af158bd275ce,entity_1290,train
58d7dbb9cfc894674f9db546,entity_4927,train
58e328761542f66997a22aef,entity_3820,validation
58e37b751fa14d4bfe8533de,entity_2304,train
58e3b018da20aec5a1543e9d,entity_1377,test
58eabed8d62acf05bea424b7,entity_0105,train
58f132d960c86db385f6ab08,entity_4734,test
58f841b899ce550494258336,entity_2076,train
58ff49e532abfc17b35c2ab2,entity_0104,validation
5901a96b34887df944ffc9ee,entity_4397,train
59043fa61a81bc061948ec19,entity_0590,validation
5906695aae44c3127f46cf0b,entity_0692,test
590d18326ef56d900aa9f0c7,entity_4125,train
590f8e1b0dae672545bfa9d6,entity_0119,validation
59117d1d284b4278cb8d6bb7,entity_1682,train
59192b667402b4f8e0414b45,entity_0349,train
59192e5f90b156300b96bc65,entity_1315,train
5919f66fbd27807e922b34a5,entity_0209,train
591adf046c18aba49bb8cba5,entity_1817,train
59258bcb10659f27cd76fa27,entity_3341,train
59265c2fb3fcbef68051a91b,entity_2734,test
59336ba8f78518e46fc49027,entity_4276,train
5939b5860c6e0c88674fc366,entity_1501,train
5939c1b78d6ff324b79d2f99,entity_4657,train
593ffe2072052f22967bfff0,entity_1517,test
594f8f55e9c2fbfa065d22f2,entity_3655,test
5954276e14823e0bf39082ab,entity_3130,test
595bc9c68142d339918df6e7,entity_3884,train
595c7585d1d5970d79877315,entity_3109,train
595f1ed69400b77fcb32e15e,entity_4416,test
596a7a2c657faeaaa7581590,entity_3513,train
596ff7766900d5ed8c9c9ab3,entity_1399,validation
5973dbdf06b2c62086f87ec7,entity_1737,train
598dd707a79e2545e4372794,entity_3580,validation
5994f565910bdf8bded296ca,entity_2770,train
59a4f2e4a32b046afd0a1f6b,entity_0394,train
59a7e7ab6b779b6f155cd38c,entity_3705,train
59b2e3bfad7ec1ae824a33c1,entity_0735,train
59b49c6b5844b21814b0dfeb,entity_2500,validation
59b8932c7b397dd4d05f7754,entity_2415,train
59ba78de3e008c9cd6180ab2,entity_3566,test
59bc539f23e40ad5efb745e8,entity_4794,validation
59c7d6934181c5178144512d,entity_2065,train
59ca4073df242b14e675e777,entity_1855,train
59d560db2b2153f4d1930b67,entity_3833,test
59d5d01a3dac846643b8ef10,entity_0608,test
59dc6b6349d99286e3ad250b,entity_1321,train
59dde9ee009ac1d9d725b8a5,entity_4955,test
59e41cd9a8c5098de6f0ee30,entity_2192,train
59ed72bb7dcc56f76a5044bb,entity_0824,test
59f1efdf67735eb75d0c88a9,entity_2896,train
59f3bfe720d8f03015c37878,entity_2554,train
59f738c29df6638af7a847a2,entity_3850,validation
59f923d74663de18fa339e55,entity_3334,train
5a0a833c2ee8021cca3007e2,entity_4385,test
5a0dc69e3c9ffba8b8a5e70c,entity_0616,train
5a0e9eef8d142c53f08eb9f5,entity_2477,train
5a199bde5aa68d896572370e,entity_1664,validation
5a2b045dbea81dedfc83d591,entity_4496,test
5a338af097a070676ed87d82,entity_4739,train
5a35dedd1110df8e32fbf313,entity_3906,test
5a3ec9ab6453d1ec01bb1788,entity_1153,train
5a4180270908081b0c4d1cac,entity_2739,train
5a418589ce9de2ac8e1373e7,entity_0130,train
5a423152140615a464e5fe7d,entity_2128,test
5a4276a70bc322932d50deaa,entity_1805,validation
5a52f1b879003ecf603c1111,entity_4529,train
5a5dd3bfc5b99f945438514c,entity_4774,train
5a5e3622887874cae5ac6e22,entity_1406,train
5a68564e82b3331081205bf6,entity_1509,test
5a743d40ca50a15659721fd6,entity_2904,train
5a74c312f0e51f3c8e339b0d,entity_1449,test
5a778718903684eb970c97b1,entity_3792,train
5a7c5cbede403a396eb79d03,entity_1471,train
5a7edc65d2a874084d54ad63,entity_2216,validation
5a854833966f71a99c354a31,entity_4887,test
5a8776d99231d42784577f68,entity_2425,test
5a8a6e761a1c69a160a7bf8d,entity_2172,train
5a95e734ffee6032beba4c4e,entity_2205,test
5a9ce5a093b346a02f77db97,entity_2936,train
5aa3f2380fed0552aae190e9,entity_3655,test
5aa4a9f41bea39bacbe919a9,entity_4125,train
5aaab8b72fed9aac786eeb57,entity_4347,train
5aad37f7961fe39cc3243b30,entity_2844,test
5aadc8236cc9b1127719d55c,entity_3269,train
5ab5af534546c175f793d706,entity_0119,validation
5ab601a20635b67316be37a0,entity_0799,train
5ab624ea3b5fc03c4da6f368,entity_1105,train
5abf8148bf885cbdb19310e6,entity_4652,validation
5ac03abe89510672ac1fab35,entity_4832,train
5ac271e254a7632afdfaf5df,entity_3789,validation
5ac6ddbf8a67b2df68374bcb,entity_0519,train
5ae3cd2368314310688e71d2,entity_0416,train
5ae99ab8cf9d8ea8f47b4b2e,entity_0062,validation
5aeadedaccbac6d4a00d81e5,entity_4606,train
5affd526a35be12900b6613c,entity_0461,train
5b01004ecf0e94f74afcc682,entity_1895,train
5b0ba97ea2107d3432721e02,entity_4246,test
5b0d6728625f57eeb3041080,entity_2656,test
5b0d6f55770ae335963405ce,entity_2211,test
5b206aa91d32a35540205767,entity_2800,validation
5b274cbe0db5b63f09bf265c,entity_1268,train
5b29b752007c32765d73998b,entity_0964,test
5b2f7eca31afd03e9ab1c46b,entity_1251,train
5b3129694752e0cd6d906083,entity_1063,train
5b4cd85a4ba1e62a872639c7,entity_4595,train
5b4cfe3137f0583f924f3bf2,entity_3488,train
5b574014112e570b45a05650,entity_3030,test
5b5ba060e7b4d41bffd6f355,entity_1113,train
5b65602947e148201f395d58,entity_4643,train
5b6d881fa1def4c20799b83c,entity_0845,train
5b7ba3e4f6b266e432771d64,entity_4676,test
5b8571f6bd9d7ef3bba1b805,entity_0090,train
5b8d931cefad19d0682070c2,entity_3883,train
5b919f5c0c6dd9e916d0deed,entity_3974,train
5ba274431251b1018fbd8592,entity_4259,train
5ba564865920ab6820f82256,entity_3672,train
5badf21230a7367fc1031ee6,entity_0202,validation
5baf2a6234984c8647b8d204,entity_1814,train
5baf5ea769606ac315bccde6,entity_0916,train
5bb5c8cb9ed359c039bfa2ca,entity_0391,validation
5bba52e24eff3090f80478aa,entity_0888,train
5bbb9df9134463a4493ad8b3,entity_0131,test
5bd1e906b3fd63150b402961,entity_2816,validation
5bda378565adf29f9a3452f2,entity_4058,test
5be07a7918d9d9c7d78a8d07,entity_4419,test
5bebf9334a9215e1c3030915,entity_2687,train
5bed6f4a13e61385e291a9a4,entity_0462,train
5bf47a981255fb19d570a427,entity_0146,train
5c0315db07538c6855d3e268,entity_1234,train
5c12337d5b71a27c937d8c0f,entity_3272,train
5c16164c5e5b1280ad422d64,entity_4537,train
5c16f2a24fe40cb844fde192,entity_1215,train
5c2842dff5d4a15caac8642c,entity_4622,train
5c352ccc4f0003abaef367c7,entity_3426,test
5c35cc1aea7bf2fa33ccae44,entity_4808,train
5c39014f9dd737199005d09a,entity_2514,train
5c3b76a8983efcfa8cc45160,entity_2649,train
5c4664e545363d82b3666ec5,entity_2967,train
5c4dc6f3e7c5c9051cc164fd,entity_4050,train
5c4fe0f0bd451f02b77c71a7,entity_0677,train
5c51518d911a352af02fa8c9,entity_3488,train
5c5957d240f316fc19c399f2,entity_1807,validation
5c5b4678cac9e8859dca20ce,entity_1114,train
5c5c5ffdab2510eb2c2a6016,entity_3691,validation
5c7dc0ed41f77d54f99a908c,entity_3762,train
5c83590241ee77b61d12802c,entity_2272,train
5c8778e4c9bba47ff5d682ac,entity_0414,train
5c9f64ea7c579adc99f1ff9b,entity_2638,test
5ca99d1c5e0159e1adb646cf,entity_0192,train
5caa4a0c4de01d4fbe3e8076,entity_1990,train
5cb17a79bb5cab969997e0b8,entity_0293,train
5cb8628bc9028f094f066921,entity_0279,train
5cbb3409b748e6f2ce18fd4a,entity_4038,train
5cddc63b2707aafe302db23f,entity_0422,train
5ce2918ce69e42b73372ee4a,entity_2682,test
5ce5592defae6f96458108c3,entity_0601,train
5ce83aef2b7427d3c4df0cf1,entity_4736,train
5ce92812acb95ab228fb38b8,entity_4840,train
5ce9a6fd31a7e4441ea9e3cf,entity_4390,train
5cee366fd68011f19dbd70f9,entity_3188,train
5cf44d4518bafbb72effdc83,entity_4759,validation
5cf7d4deeeba338fa7082ff8,entity_4589,train
5cf9b46fb606876d6811ae98,entity_2222,train
5d00adacbdd9a80811241737,entity_1636,test
5d05cb262c981cbba82f6f71,entity_0234,train
5d07405a47645c3ab5d99997,entity_1842,test
5d0877d3155649103f382bc8,entity_1226,train
5d128cb1d50fdedb89c43435,entity_4946,train
5d1696301e17ea004e9bfbdc,entity_3344,validation
5d2edfc383b4c9456256e362,entity_1593,train
5d31a9318c6552b1a4e674ab,entity_1632,train
5d32acc4af5b3d16e86aa36a,entity_4343,validation
5d3a5f8809934713d0abe492,entity_3428,train
5d4243d655f6df0d1d57c4ca,entity_2812,train
5d4663824243e4efef43f0f2,entity_2957,train
5d54672522e249a4ea7ab17d,entity_4812,train
5d555cb0943f1743ae832c54,entity_2078,test
5d7c29aec73f6a374c840af8,entity_4371,train
5d8809c447950e7d4b608a38,entity_0890,train
5d8cd2dfa8ecdc80d68b1550,entity_2908,train
5d8cf322b7cfc89d4169d7e3,entity_2001,train
5d8d4c865ed585a7e7451d18,entity_3278,test
5d8d5a2a2c19fbb997ca0cee,entity_1392,validation
5d95bbd1f418c0658754a0ab,entity_0546,test
5da232af44702f2645bd5c5f,entity_1355,train
5da3f562a8b015524d7f0ede,entity_1467,train
5da8994e268bf5a70f9e8421,entity_2830,train
5da96776758d10227cabe194,entity_3167,validation
5da9ab7aaf4be7db5a8ef68d,entity_0362,train
5dad6fdd407fd63f63b24893,entity_0823,train
5dad73ab4206d06795e9d473,entity_4898,train
5dc3c5bd64ce09c562fe1b64,entity_2371,train
5dc504d402ceb88e53f1e9ab,entity_1674,test
5dc650c071b742ff266915dd,entity_2587,train
5dc662e7cd7f7435b2fa9a8d,entity_1532,train
5dd3e262a0b9b9d10c65f561,entity_1420,test
5dd54cc9db6436cd3c66a973,entity_2729,train
5dd6939cbd49fe4ecfe263c9,entity_4612,validation
5ddb92826cec6ba4e0ee355b,entity_2806,test
5de460bd235111a94716486a,entity_1607,validation
5df1000b280ed68d649358e5,entity_0135,train
5dfff0740b678b8f292ecd4a,entity_2876,train
5e01fff618493b310824be58,entity_0717,train
5e07ebc995244cb98c14d09e,entity_3147,train
5e0cd1b2d095d8af1f285a4d,entity_2577,train
5e1151d4d1939d9716280ceb,entity_2426,validation
5e1cc7aa6abc68e5e3d77cf2,entity_4274,train
5e22a9af9d1bd197feaf64ea,entity_2466,train
5e2df90e9ec063df60a90ac3,entity_4248,train
5e2e7aeb6ec06cbf0aacf6ac,entity_2933,validation
5e35f88b66ab0970bc9644f2,entity_3509,train
5e3bea2b802d967be3969064,entity_2032,test
5e4aa3d418921f56f6569091,entity_1346,train
5e4e5c1df010e8b87b781bd5,entity_3620,train
5e5167317f9e8af61da3c7d3,entity_2975,test
5e53c2930df0a4e55458c7ef,entity_2718,train
5e543f5d4d356d1ba855ce83,entity_3931,train
5e544c7031326e075de86826,entity_1362,train
5e55173a00dda1f20875751d,entity_0562,test
5e57c204669e2293b56e9cc5,entity_4660,train
5e5b0523a9364554108e6a8c,entity_2132,train
5e5ec094885343c0e46093a2,entity_0229,train
5e5f724b4c1cfa3c06a4012e,entity_3933,validation
5e61e1444ff57e16809a39b4,entity_3650,validation
5e68376e1710fd59a117a9cd,entity_3853,train
5e6aac3c564acd7a3303f324,entity_4895,validation
5e8989a9e130771f2b429ae1,entity_0706,validation
5e8b5950c17f999da16a2fe4,entity_3859,train
5e8c28635210c9dec3fac1a5,entity_0251,train
5e91985a8666d70ce836a3b8,entity_3510,train
5e91c709c6759dffdbb95d9d,entity_4880,train
5e9671d81ba5277ddac00d44,entity_3607,train
5e99eed9dd75ac3506084001,entity_4886,test
5eaa313d3173db1fd1f089e0,entity_3024,train
5eaedac761bd3293055903bb,entity_2470,train
5ec789e3e132a14831baf7c3,entity_0734,train
5ecce9c65ab9062719d82464,entity_2948,train
5ece7ec564d0cf88f4db85ca,entity_0964,test
5ed6cf9e0eb1a144c1bdabeb,entity_2436,train
5ede478f16bb5a95a58e5247,entity_1069,test
5ee04452ba3e456094f3fdd6,entity_2445,train
5ee308b36d5bda46beaa4db3,entity_1796,train
5ee33cb03f8cbdc273bc0226,entity_1913,validation
5ee5ac08657f10b273da35b5,entity_3699,test
5ee747c139c745c5b2c763af,entity_3381,train
5eea8950c1d4686ed2ae32e0,entity_4943,validation
5eef7d8f9b9adbe7ac35f062,entity_2487,validation
5f1aec21ae871ca92a83a21c,entity_1437,train
5f2afcddcaa19df853d98fbd,entity_3086,train
5f3380fd1498dfe05d7b8a35,entity_4276,train
5f361fa1bbbb85db5a94d2b5,entity_1073,validation
5f3cb63644e10a1214a6729e,entity_4542,train
5f403db6e74d3f4dfaeb8ab3,entity_1182,test
5f502bbe504705450051de4f,entity_1843,train
5f5454805839d9ee702e2631,entity_0481,train
5f5b48853e2ae6adf03cf48b,entity_4566,test
5f5bfbe3acacc9c7a2c1f636,entity_2739,train
5f5faf137220037cd6255446,entity_4849,train
5f6a1628cda9bc09f4df1209,entity_1336,train
5f6b705a751de8d51c53e503,entity_4546,train
5f734aabd069a721bad927fd,entity_2340,test
5f73bb193702d41e737d9ab3,entity_2950,train
5f7a255aa315340ac8e81152,entity_1429,train
5f7bd8c2a42e1e21965f491a,entity_2918,train
5f7bf78009c58572a7bead59,entity_4611,train
5f874ef464240a83998c0a60,entity_0570,train
5f8e4775143069a5905e68da,entity_2723,train
5f91dcdeae7a86ede28bf07b,entity_4545,train
5f92ff33737712a8e2230073,entity_0103,train
5f96f64b2eb20156c0858ebd,entity_1225,train
5f9fa6354037a95962950889,entity_3727,test
5fa3eb2902df6153e61a64d3,entity_3739,validation
5faeb5da88cdc4c724a05497,entity_2866,train
5fb8380aed5f0eedd8850824,entity_2685,validation
5fd64a2131f34b94fd04fa1f,entity_0276,train
5ff720cdf13aec31a209610a,entity_4970,validation
5fff0549fc81a88916ba8922,entity_4549,train
6002599bad9e98bdb1afcd47,entity_2501,train
600800fae54c3bc9186159dd,entity_3078,validation
600fcef3ac5984ef86d392de,entity_0569,test
6016a21fc829f40854bb0808,entity_2350,test
601f4096a43d897bcfd75daf,entity_0547,train
6023410017228c685aac8eba,entity_1288,validation
6024633c8e406510cfcc7d89,entity_1599,train
6024ce61ae7776417b663bf4,entity_4910,train
60271305567243d846aa5455,entity_3687,train
602f6689aaa7b4f4bf8ace8b,entity_2301,train
6030cf9918c562344fc98850,entity_2890,test
604211aeab9c8611ff026392,entity_0338,train
604c2c588514e0aaab39af04,entity_0849,train
604c71b01fce729bb0240fb7,entity_2140,train
604ccf59fdd778249e78ce11,entity_1623,train
605454df25e4645c9bdc50e2,entity_1590,train
6058464e82d105195dd980d6,entity_1542,train
605979656753713ec3bfd231,entity_2996,train
605b866b5e90e1311ee99bdf,entity_0040,train
60625f29e435447e6abb07d4,entity_3424,train
6066dad60642b313255d480a,entity_4951,train
60679b53d0c769e10fcb372e,entity_4764,train
607058be265b19684fe179eb,entity_3776,test
607ab6230aed62016e63b48d,entity_1884,train
607b6e68f1ba41443b74c662,entity_1390,train
608208a15e87fa71ca95e766,entity_3986,train
6087391ca30d1b3d70d718f2,entity_1909,train
6091186186988c46da062e9f,entity_3264,train
609a1614e8b0010321579f71,entity_1489,train
609d67c6cf944ea7559cf6d1,entity_2109,test
60a15d3a17cc7909912b62a6,entity_0052,test
60a24c3eea273a78a1e86c45,entity_2347,train
60a2544c121ff692963a7e2f,entity_4320,train
60b0083609baa767b661a21c,entity_2698,train
60c321f0e4c26145c242d1ee,entity_4795,train
60ca9ade2b5ebe952a2e4588,entity_2332,train
60d082289716f1ff9de4c987,entity_2407,test
60dc54baccf4825df294b664,entity_0520,train
60e236832e17aec5dd575ca7,entity_2207,train
60eb31c43f508aeef1b56795,entity_3890,validation
60eba56eb8fd56cffacf2178,entity_1768,test
60eff6e00abfbbe9ca806392,entity_2120,train
60fdf1b59563cf7a881bad26,entity_3370,train
610579f1e93cc4951558e4cd,entity_0148,test
6105c07121a25ba049fbfe7b,entity_4431,train
610d60c725262fb4467d69a7,entity_4217,train
61100f2b0466bd58c2085217,entity_3793,train
611106279da2fc22ef487206,entity_3915,train
6112752a71888914730147ad,entity_3035,train
6112c4a4ab423348f10d707b,entity_4954,train
6119178817942958c86ed704,entity_4411,validation
6122d3f12797f3d0da4c053a,entity_1659,train
61282673070abc0939f56254,entity_1119,test
6129f1fbe7a35c426955e65a,entity_4756,train
612c3ef19bbf6dce5d282a55,entity_0871,train
612dd4b0fdc6a8d436a1af97,entity_3761,validation
612fe0bd59c454b159dc0f43,entity_4251,train
613e7fd866516a422c7799fd,entity_4987,train
61410a646269620db638ce6e,entity_0900,validation
61436c7e50bb977d68fdfe91,entity_4435,train
614380c2ab60e759640a72e2,entity_0159,train
614605e5f03a60c2e8044fb5,entity_4413,train
6151f1b6477ad325aa0d1e70,entity_2446,train
61520026992b0540e6afa26d,entity_1354,train
61562a4fb872732fe2fa43e5,entity_4829,train
615b65079227668a25531870,entity_2853,train
615c86bbed8b5cb3a2e480b9,entity_2373,train
615fb258dcd2af490a7674e1,entity_1013,train
6160b45e7a8d23fc6289e917,entity_0070,train
6166f42dc869c74bfab2f051,entity_2389,test
6178e057855918d99205b887,entity_0814,validation
617fedb1970cfedd67203dc0,entity_3982,test
617ffd6ccc3a1a4a4c16064d,entity_4279,train
61807b2a75cefc452216590e,entity_2832,train
6180dbcc061d20bb183e6f43,entity_4995,validation
619b93c07e481225c97de42d,entity_1187,train
619fbf55f1024c02f49b5031,entity_4003,train
61aa50cb28bcb7858128e3fe,entity_0592,train
61b565471bd00f930cd4fbf5,entity_3970,train
61bf5d61aea13bb65a5b7b85,entity_0021,train
61c6fc818135828a849b7f15,entity_2730,train
61cb6e5fd0e9ad0cac859b70,entity_1165,train
61cdefb52b758caad86f43a4,entity_4041,train
61d052d0bb77d6ab88fedb0c,entity_4447,train
61ddf64a4825d8c1a8a247ce,entity_3968,train
61eb7d982082c9d42ff51301,entity_0782,validation
61edc60fb30f3ad6aa654609,entity_2749,train
61f02bdcbe3b484902045f6b,entity_0295,train
61f071e5b50a07617fcf66e0,entity_4209,train
61f5ab5f08c2a250711c0c3e,entity_0021,train
6210fc77ec48a576d954865f,entity_3299,train
6215dedc84d6e97d2d4c9bb9,entity_2845,train
6216d2b2891f34377319f367,entity_0103,train
6223c76b94951266ef712783,entity_3483,train
6228091d64ee252210bf8556,entity_4062,train
6228ad09ebf9026eb22f5fef,entity_1016,test
6230081e60c39c5605132f35,entity_2094,train
62456d293bba3c1ef0b81535,entity_2333,test
6259d9244685130f67951dc7,entity_2687,train
625aeac1b682aa43a3a6e830,entity_3934,train
625e0b173cbc51822903bb45,entity_3526,train
626b1a5cc75fe48ab7314a8c,entity_3466,train
62746c17b90ca6ac63b80e09,entity_4590,train
6275f7a167e8f7d69ff1b54a,entity_1011,validation
62774d16c0f5ae3ab57a8e91,entity_1390,train
6277aed5a291a90d1f09dfbf,entity_0684,train
6283ae8d567966277119639f,entity_0823,train
62990f21667ba06bed1bbd67,entity_2145,train
629a8d3b04e52ddf8dc74648,entity_3031,train
629bd7f3e60f6a28d5753c2c,entity_1885,train
629e01c58ed4fa4bb617c00d,entity_2319,test
62a51e59c6b845e215c9c82a,entity_4348,train
62b2c8f88da843fd80b3289a,entity_2909,validation
62b6ce7a0854116d244ac934,entity_3091,train
62beb10960353c1a63f15a1a,entity_0744,train
62c1055fc5da192a2925c714,entity_1054,train
62cd9e3cc0f72c877cfd5cd4,entity_4858,train
62d5e15e3852f7b106a23ce3,entity_4828,train
62daeb7d2b52182c7e37e066,entity_3052,validation
62dbf8406d9f5f4102c1cb94,entity_2242,train
62f52bb5ce89ccb6058a55e1,entity_4126,train
62fe2bb2c2ef42c5da74e3e3,entity_4079,validation
630578961367da13f16873cc,entity_1822,train
6310c147aa2e90a726cc7ffc,entity_1612,train
6326696c49ecd7697f7c6224,entity_4540,validation
6327a1ebaa2567da04d50acb,entity_2319,test
6328ad26376deb2178bb07d8,entity_2162,validation
633155328a934ae4e9255953,entity_2043,train
6339ec399d0c292c054bc529,entity_4928,test
633d9a85c2b427a093d78a15,entity_1568,train
633f0c73191af9dd0bed23a5,entity_1944,train
6341725665de6cb8ad0f92a5,entity_4714,train
63444c0b6318e67869cfa823,entity_3129,train
634590cd4340f47ce2341d1a,entity_2786,train
63464385412c8da3fb28f97e,entity_3583,train
6354130269f913e07dca17fc,entity_4459,train
6355809b4b7cbc428ddaf6f9,entity_0296,train
635a5eebee1ee21114c69dd3,entity_2941,train
635ae0a0e0d8caa70b660210,entity_2935,test
6369d72ebf1cf9aff1197539,entity_0544,train
636e6acdb84ba47fc3aace86,entity_4649,test
6371cc688ee0add8e7d494ba,entity_1875,train
637cc2b21c3193b455a63fb9,entity_4941,train
638290e4dd8e8ecebec218f2,entity_0270,train
63867a1cc7949e857634862d,entity_0759,validation
6390b8676b6d44ac0de7c074,entity_1309,train
63920f0eaeb304caddb1ae7a,entity_1462,train
6392ea9d3231a62bfee14a08,entity_1653,test
639fc94c83bd8ac7d56073c7,entity_4725,train
63a27e2895368a5b1d7517c2,entity_2594,train
63a3408a68eae4b997de2c47,entity_2940,train
63a47bbfc1d03ce3a42fb231,entity_4726,train
63a6c2d556a9580e21b68f4a,entity_1875,train
63b868c4ea31be953e2c4d73,entity_0536,train
63bfb1fa19ebe22a0db5e455,entity_0912,test
63bfd519f6a845536252cbe6,entity_1745,train
63c8963a0d6cdba71b8ced7e,entity_4904,train
63ce4ec2a30323bfaba6f174,entity_3850,validation
63cecc4bf5671c002169d11b,entity_2383,train
63d506ca2207a3b9fa394401,entity_2219,train
63dc739d4e5337f99a2285d4,entity_1245,train
6407246dbac30d19b4f9307b,entity_3894,test
640a72003f2056e26c3098fb,entity_2955,train
640abeb316eee40dc5490c03,entity_2634,train
640d2e555f7b5b175fc12127,entity_4477,train
6422c0985f02f178d295b385,entity_0633,train
64273f02dd383785c227cb4f,entity_0932,train
643dca75a0beb9864da592d0,entity_2750,test
644508e71c37770c30487e8b,entity_2251,test
644ea8190540971d0ee6952f,entity_0091,train
6454b9eca776fe2b658fe497,entity_4227,train
645c14141f2a586317622534,entity_4773,test
645d29537952193754e3a845,entity_2339,train
64610b130adf218f9ab4feba,entity_1261,test
6462d80631a887c775a19d0d,entity_1666,train
6468472c6a1a8a4c92fbab2d,entity_4755,train
6469fed6d6198de7b5193f0e,entity_3759,test
647f933e8bbb37bfe6d0e6c1,entity_0830,validation
648b50ecab01d4b240cc5670,entity_4501,train
64989d7da2de7c7efe6cdb2f,entity_1024,train
649913ab4afdbdf979539a9b,entity_3438,train
64993d057eee0b98e9e05eb4,entity_1408,train
649e2b4827964b0f2971fec6,entity_2519,train
649f79b4a1e3848385190989,entity_3258,train
64a37eac1904457221152230,entity_2402,train
64a4cdf34b5b292515ee0ffe,entity_0623,train
64b051288eef52fc4e285894,entity_4527,validation
64c2cc5c3f8ebf68b3748f05,entity_0399,train
64c329af2466b2c9b6439456,entity_0875,test
64c5c89df5fa8e3c0cf73cd9,entity_0612,validation
64d80367d43555ddf7485bef,entity_3007,train
64d8337e3093a76670928a3b,entity_3357,train
64d9ee48f983769e097bae3e,entity_4603,train
64ddc1bf84477a6169f18416,entity_0166,test
64e49c8aae0903f0a357a97a,entity_4048,train
64e6ab5f6c8795f7458cad18,entity_0592,train
64f5ead10a6d78fe655b9285,entity_0053,train
64fc38ef8254db0daf2161b4,entity_4908,train
64fc806970978d963a587eca,entity_3127,validation
64ff87437cbae9fcdb0bfe2b,entity_3006,train
65057b39ef23b5f245fe162f,entity_0435,train
650d2c15136d70fb735dfcde,entity_1633,test
6514448d6232f9910f252bc8,entity_4037,test
65182d77a2b5c135ee4e9248,entity_2174,validation
651b6a8c39a43aff34e1a478,entity_2395,test
6521761d7eb0b27f4d30b0c1,entity_1612,train
6523267446ed2d9a90098959,entity_3462,train
6523d937fd8a6608786888cc,entity_4619,test
6528265dd29795c549beaf34,entity_0970,train
65294a4f92e51f0298cb7e9e,entity_1955,train
652a73c4cc4b42b665c0897d,entity_4398,validation
652ada7e64eeb4897aac2028,entity_0342,train
6538eb5dfcc0bf76eb4fb3c6,entity_0866,train
65419f34e3b4f45301d4cf69,entity_0238,train
6547c29a985a8dd533314b7f,entity_2519,train
654975c17d87f5a880b5d1ca,entity_1780,train
654f1cd3db8d5537728f9a49,entity_2956,test
6553572020c8d2cb766250ee,entity_2197,validation
65571c544f6006516522eeec,entity_1124,train
65580af7f5441c182ced10ae,entity_0077,train
655af7b48b9c7fe7a4e92bd3,entity_3501,train
656156736cc19ca17169567e,entity_2816,validation
65642bd29926982fa1a1fe34,entity_4594,test
6566fc8ceda29e92825407d3,entity_3216,train
65678306fbb49aefb038b1d7,entity_2508,train
656d2c7236f1bff369da8b24,entity_4716,validation
65719eaac7bf8c60185e6e23,entity_2256,train
65773e641f3a029e2e6e7bd0,entity_1219,validation
657ed6e1641810ab304d5567,entity_3259,train
65801325114f18d4fc89430e,entity_0130,train
6589477658a1991781a9eec9,entity_1622,train
65a78c47961bfb963d87a45c,entity_3443,train
65a7c81e9e7a9ab9e5ab3bd5,entity_2137,test
65a84821b15e57e53036a615,entity_1679,train
65afaa5d264293f2d2b714ef,entity_1629,train
65b2c777442d99c96aea3bd3,entity_4759,validation
65b548e7e7b39728959af9ad,entity_4684,train
65b8fb8d2b9a9e17e434938e,entity_0842,test
65c94fe8eb75727c6ec30468,entity_0087,train
65d2fc0656f114c9f47ae800,entity_0496,train
65da6607e31ff37b2e2cffe7,entity_1478,train
65da7c089e21fe19a64f0ced,entity_1560,train
65dd64bb4ee90c679218af96,entity_0917,validation
65ec136a043a9aa8e5a5564a,entity_0473,validation
65f1ad27e0fa4447171b9168,entity_3892,validation
66002710197743dc309f54de,entity_0015,train
66035ed49ed300b78c5a8779,entity_2935,test
660a1a224e5caaec995cde00,entity_4645,train
66136b2d97ef005ac21178c1,entity_1449,test
66170ed321f95eacc91d0b93,entity_0642,train
6620faf2e59c5514f2ea880d,entity_1450,train
6626c14b156dc643de0065e2,entity_4926,train
662c9079ce2978d4adb8c1c6,entity_2586,train
663816debbb485e501e9ba45,entity_0893,train
6645fe47521dc635b7427727,entity_1258,train
664cfb1cf6bbfa11a4506b33,entity_0377,validation
6650fcf9bd44e75b0643bae4,entity_0837,train
665775d46494e02b79a04126,entity_0698,train
66589d13df02ddbadea81396,entity_1826,train
6659e1b40750fca05658f96c,entity_0712,test
665b90628b4ba4f5de6cadbb,entity_1494,train
665de8a476d77359f5e54086,entity_1439,train
665ed4ae7db56d807f5743ae,entity_0714,train
6667be3f939d0a4a94dde997,entity_3951,test
666a3a600ac861d72ba503be,entity_2221,train
666d38f69c367564688ef658,entity_0425,train
666e96143a69d95b10d77e18,entity_3674,train
6679537785e7d57679f52a6d,entity_0979,train
667d011a2dafb4acdd84916f,entity_4828,train
667ea2dcbe20c1903b56043d,entity_3814,test
6680b68125700a3460fa5643,entity_2074,train
668999523b0b7e4d39644af4,entity_2430,test
66994f724bd7e64798a284e2,entity_4586,train
669ac4b6c7ed9045946e1db1,entity_1383,train
66a3f502615867c86f5de88b,entity_3098,train
66a80589d1bdf4ad593e54e1,entity_4195,train
66ab224de3114112f41aa117,entity_4230,train
66b1dfb0a6dc290ef1f6866c,entity_1910,train
66b1f1a20d91e35a8d57f938,entity_0253,validation
66b99ec37f505513f97e6a87,entity_2182,train
66bae3e68379cb655d593d2f,entity_3648,train
66bed41bdd660a84ac10ee99,entity_3364,train
66c2cee568f46123ca916ccd,entity_3499,train
66c6524c79165465ff6ee456,entity_3601,train
66e24841fc173105e2b3925e,entity_3026,train
66e2c8379f32dbde086970f3,entity_1341,train
66e2d6c79430c82db4a3b52b,entity_1229,train
66ea791a5ad0fe00bc4af9b4,entity_2828,test
66ee919a56603125dd971016,entity_3496,train
66f2cf91f37f4dcc74e38f3b,entity_4047,train
66f348d08a80ae61cd4b0e25,entity_2136,train
66f37f1bf17ce3e8b9338d8f,entity_2054,train
66f464d2161cdb6695e8138e,entity_0020,train
66f84fed369c534f28dc9f3e,entity_0967,train
66fd7cffe512569f4660b51e,entity_1773,test
670178d7b1feb3b44e3c9197,entity_0003,train
6705c8844c53212abb26c509,entity_3926,train
671038973bb7cf07a6c57616,entity_0299,train
67219e0dbc5c994fe187c8dd,entity_3696,train
6733e7b6bbd01ca51e5df52c,entity_1990,train
673c97b023f2a0540ca2ed47,entity_1418,test
673d67a9a9ca65c8a0da9016,entity_3499,train
674b1342144560a9f3df8877,entity_1043,train
674fc3ec74858d46853bfea0,entity_1497,train
6753dbacc99ddd95c80c5161,entity_0849,train
67655f24a5411b569ef21ee1,entity_1710,train
67751ffb467ed8b241484c8c,entity_1091,train
67764ba4e6f166df6c9e22f6,entity_1852,test
6777bfd4165aab8cef5399f3,entity_4744,train
6777e331abdca2e71f6e3bcc,entity_1588,validation
677ac6aec9898606b68f60de,entity_0676,train
6781227e4caae1cf21a5f36a,entity_3364,train
6786b11ab10d2efceae8943f,entity_1172,train
678e52259044cea557e4f6fb,entity_3863,train
67957b5aea89658daf273d04,entity_3952,train
679a15fc1868c8d6fe7d6d6f,entity_4108,train
679b53301ce16225fea9ccc9,entity_0718,train
679d67f392d75bdaabb01d02,entity_0811,train
67aab7041e4adf0bfac0b91e,entity_4741,test
67ac4ea2f02f972eef580027,entity_0599,train
67ac536ebaa2aa695aa1c46a,entity_1168,train
67ad34fe9cd2496778f28090,entity_0483,test
67b308ebc6815cbd89c48495,entity_1025,test
67b6270643fa6bf0d52ef13b,entity_0076,train
67be40155d56821a6271893c,entity_3568,train
67bec9c906d13f31c4811845,entity_2234,train
67c551dc4e42718dd1ecc7bd,entity_3987,train
67da1690a701429e726d46e4,entity_4515,train
67dd3b1e03c8950247311d8b,entity_1016,test
67dd5e9554bb8c6e4b0777ab,entity_4778,train
67def620c13b90ee9f46b9f9,entity_2255,validation
67e24b3ba2cf9ef212bd9717,entity_4929,train
67e44415b52600c832ab4ea5,entity_3464,train
67eb17238fe5385df85c577e,entity_3434,train
67fbda0374de60669608482a,entity_0338,train
67fc9042fc87fb0700a4fcb2,entity_2794,train
68007cd4f6476d74147599aa,entity_3584,train
680cdb968a4970af9f311d05,entity_2335,validation
680cfbac57e3123c095f2930,entity_0704,validation
681064f17ec205ba040204db,entity_4330,train
68157a1932cd824407fef639,entity_2449,train
68198c5da97ee53053ceebe7,entity_3211,test
681b56ead2eae7cc44efe1d8,entity_0368,train
6821fbe1625a37a7a3c03421,entity_4333,test
6825e43cdce3a807e3cddb44,entity_4245,validation
682dce82bf1f02bf1e1eaa74,entity_0418,validation
683ba5b33888a057a663ae31,entity_0796,test
684814e5e6ea5e1b40493d1f,entity_3923,validation
685456f3103a8c42dcd6d8d9,entity_4173,train
6859db8abcef1d03c813b79c,entity_2379,train
686c447dab269ceb29c336d2,entity_1745,train
68731f33cf7f234bedb63821,entity_4047,train
6875e05527d805953a656342,entity_3223,train
6877655d93e5796db614523a,entity_1795,validation
6878c4a429163a1ee3ca81aa,entity_0634,train
6882d76d791212724ce27c22,entity_4394,train
688c687aa493b422aa051106,entity_2429,train
689478174d594d3ee1a30e6e,entity_2862,train
68b1b2e8185732750927e9e4,entity_1771,train
68b41a8bb8b443355a55da8d,entity_0327,train
68b72300e7d245885fb12412,entity_1772,train
68b9a8c266276a85fe407c3d,entity_2550,train
68d2d4c2a9f978d7272645f7,entity_2696,test
68d407b059c6729d74f9a2fe,entity_0409,validation
68d75acf526627cd150470f1,entity_2688,train
68d86a878794e1efa39b675a,entity_0646,train
68df3bce0fe698321b31b4de,entity_4622,train
68e4c0f5aeda0397a6a18761,entity_0780,validation
68f4efaa7a4a96449b6789be,entity_2027,test
690a6fc012b29a83d7988624,entity_2169,validation
691dd0391fe8d54797aaeafc,entity_0701,train
692946a39c80849619a20164,entity_1392,validation
692a30da70541fbf889c7aa0,entity_3197,test
69310b3e834707f6df7621a4,entity_0516,validation
69333b33917a3ecd617b39fa,entity_1370,train
693b869b79666a0ed83a6a8b,entity_2374,train
6942f3c64d5dfa2eb74dde30,entity_3136,train
694498580042cc502177dada,entity_1671,train
69470281779e30371d669c4d,entity_3095,test
694c62b7f04d6ab0bc56f626,entity_2320,train
694e3ef325916e1a6236b33e,entity_1084,validation
69546df53cd07ce5f606565d,entity_1331,train
69597e0c6e618bb4fa4157c4,entity_4840,train
695ed0e732a7b0ecea484b27,entity_0489,train
696086106e8e95a44938b8f8,entity_0794,train
69617bbb58d5f6a67e45a53e,entity_4227,train
6961cf9a70da85226e667f08,entity_4935,validation
696d75b1ec52cb6e1aa9dd8a,entity_0018,train
696ff2e0dbc86885d2b07933,entity_2505,train
6975422daddc6dad75ce61fd,entity_3277,validation
697e237964e0eb1a264f3bca,entity_2509,validation
697f6f50b4c7c5ffa36dfe96,entity_0534,validation
698cb590d0a57d00d44176e3,entity_1095,train
6990ff33e0347bcce76e6672,entity_2731,train
699c70cb2ebc0ea2e0bd4b60,entity_1806,test
69a4205733ea28b5fa7fc0d8,entity_1415,train
69aa0cce12000ba339b890ac,entity_0238,train
69bbc1d692c6c52ef43087b8,entity_2337,test
69d4b2b5775cf45a911229c2,entity_1038,train
69d7a905e1bed3a0184a4f02,entity_1905,train
69db77932d4300824d2bfa99,entity_3166,validation
69e85996d39e3081e60ab270,entity_4915,train
69f0313c5b6e2e38cd92f8b5,entity_2841,validation
6a079bd6500f51f03b2f373f,entity_2931,test
6a07db80721d63dfefb1f93a,entity_4813,train
6a0a6077d69a7fa57d5fb380,entity_3301,train
6a0ffbc33ea0190eadcd9ece,entity_3760,test
6a1404faf517c2a8e909f990,entity_0916,train
6a213bb4656ca9fbab3db86d,entity_2132,train
6a24d272255716c70bd84096,entity_2106,train
6a287635b57c678dc5f754ff,entity_4055,train
6a337e77c5eb39b4faae36b2,entity_0567,train
6a3b13da7c8ff483da422a4b,entity_0982,train
6a3e94bce99f619da85f13e0,entity_2235,train
6a4a07fb9638db277969b19d,entity_1862,train
6a891f92300f101ed671a732,entity_0044,train
6a8b1a272ce0f8a9aa6bebc2,entity_1356,train
6a931ec693eabb6be6a53f0a,entity_1563,train
6a99e68ce2ff92c0874a307a,entity_4710,train
6aa811ca3708ca6f4bce8058,entity_3415,train
6aae9ff062861f08fb548558,entity_2994,train
6ab1b921d795255bdb20bf97,entity_3050,validation
6ac2fa4cbdc7465fb9af5f81,entity_4121,train
6ac4e0ecf121bc1bb0b2ddd3,entity_3570,train
6ac7edda779df9bd113b9daa,entity_0498,train
6ade9f1abe80cb5407eeaf6e,entity_4862,test
6adea34fe44a3ed247ac4950,entity_3594,validation
6ae59b55476f53a706da6e65,entity_2780,test
6affce6c2583671bcbba2806,entity_1304,train
6b139f54346795bf744da6ea,entity_2675,train
6b1a1df2eef3aa863f090598,entity_3798,train
6b23321c7f08c789c3e80cb8,entity_1585,train
6b27c7abaf613ecb301a3e20,entity_3042,train
6b2a27a612aa575791107214,entity_3408,train
6b391bab85e250b9b5916639,entity_3075,train
6b39271eaad8551276600cd7,entity_2075,test
6b4d7154bcef241572501e3f,entity_1020,train
6b4fa54678e9edaac16b3ff4,entity_0352,train
6b55cefa7250f975febe0291,entity_4555,train
6b5ca0def7c266bba6e81930,entity_4073,train
6b5ca674be928b064cbddae4,entity_3995,train
6b5f5274b954a06abf5a36bc,entity_0894,test
6b64f35cee5b8c6071dd42e1,entity_2801,train
6b74a607cb853c69977a659e,entity_3482,train
6b7568f31eac6cee7f9d78de,entity_3927,train
6b7d6bc1196c8df46babb88e,entity_1231,train
6b7fad3ef8baab2fffc8b47f,entity_0339,train
6b8a97c42041a5a63bd68cd6,entity_2553,validation
6b8c94d00adee2928cee668e,entity_2647,train
6b98ce1271de512591d38a56,entity_4556,train
6b9a6741f7c45ad451f7cbab,entity_3194,train
6b9a8b27953db5ea45a18b7b,entity_2578,train
6b9f61cf8719ae30375c98ac,entity_0625,test
6ba053e0242d999b65952fa2,entity_0328,train
6bab219330c50b442ab3b17a,entity_1958,train
6bbb77b8d60f2889fedd87a9,entity_1427,test
6bbbf0831d76d4800cf7c477,entity_2249,validation
6bbc673300ddda92735bc3e0,entity_2893,train
6bc1ec580514beb9a7c64b67,entity_1625,train
6bc2112d6bdf61ce635cc585,entity_3404,train
6bc666e5b3787d5670e62a71,entity_1764,validation
6bcf65190b5643fd8956242e,entity_1676,train
6bd9289a466056d3e58c1bdc,entity_2850,train
6be6d2cbcf11bae81dfbf132,entity_1698,validation
6bf82475f200e48b1aa6c578,entity_3440,validation
6bfa1c0c2a880ab639fd004f,entity_1943,test
6bfb4b0aa0ae3e12faf43c6d,entity_2542,test
6c0551ecf97c07f145ef016a,entity_1923,train
6c1ff3e7a76c53e854bdfa3d,entity_3802,train
6c22d23b68aaea0bb55303aa,entity_3407,train
6c2a7878b1e6fbca60cf06f8,entity_4653,validation
6c2ab52733b0ab2d8e1fd556,entity_3072,train
6c2f77266556ceedfd15f6e1,entity_3493,validation
6c35097f6f98af165495ea02,entity_4472,train
6c4eb03910a7bba65d624b78,entity_2566,validation
6c625460c6e2159baf5b261d,entity_1417,train
6c65d3cf28c39033e3980818,entity_4782,train
6c6a053fa8f43c72b0035141,entity_3813,validation
6c6b8c8f711bad52c09c94d1,entity_3331,train
6c77b316b7f39df5a2862307,entity_0395,train
6c8becf2c621829dc982372c,entity_3017,train
6c8f9869a3a3f76f2ceedeed,entity_2019,train
6caaffd3f00601c3667be159,entity_4233,train
6cace65638a6e40484a8e7a8,entity_3617,train
6cb21446a70676aa4a046be0,entity_1297,validation
6cb5affcc196516b50e1c44c,entity_4517,validation
6cb7bd4bb871b40313d35fd2,entity_0381,train
6cb87cb7040d0c0692f51495,entity_4188,train
6cc7fd832d9e34aa36b1991d,entity_3713,train
6cd21565dd5b07e047dd406e,entity_1579,train
6cd7cf09334c5dde04aa35fe,entity_0486,test
6ce7b0b797acf08c7cce8c21,entity_0874,train
6cf09d1af79d9aaabab9e8fb,entity_4150,test
6cf1ab6f27bcd19ba449fc9d,entity_2812,train
6cffe5edd2218d5d4f10ead1,entity_0176,test
6d007d9fec5db01a1b572ea0,entity_3312,train
6d074b1c8eb7eed86efe24e9,entity_4817,validation
6d0845f417f96ba3093ed082,entity_3841,train
6d0d6fdc459e10eabcbd39f3,entity_1042,train
6d0ffafee5bdba727edbe5f2,entity_1382,train
6d1fe3e9ce035b96f076dc3d,entity_4310,train
6d220dec78469002430c7531,entity_4886,test
6d262d58fc831b5ccd49ee72,entity_0960,train
6d43d5afd0fce9d4ac4f7284,entity_1698,validation
6d539207b1c5aaa087931b54,entity_1960,test
6d57c60f5876b1dbd7b1d6ee,entity_4647,train
6d6edd7e18aef34336bf5080,entity_1991,train
6d74bc8e9b2e65cf97d1e698,entity_0054,train
6d7bbdaf2de5274305759a82,entity_2173,train
6d8b5de7c7bcb10a0dc72d7c,entity_2947,train
6d9de9ae12dffefcfe602799,entity_3255,train
6daa90768c3c1b1c7442639b,entity_2954,train
6dca1667f5617bb26b8cd001,entity_2093,train
6de08b64ac369e0279b3da20,entity_4194,train
6def7f8391bf6592edc73145,entity_0549,test
6df269f5ed4d8c4c1ae45a9e,entity_3043,test
6df3ef3d93c1e6c1e34d33d0,entity_0219,train
6df4d464bf21be7bb8f4e51e,entity_2782,test
6df72d54e68386f65276e44a,entity_3123,train
6dfa84b9e5a1ad927e1f93e8,entity_0430,validation
6dfca0ee5a16afaf4c00a5af,entity_1596,validation
6dffc0526e0be5fb211e696d,entity_0194,train
6e0b2573c37cdda29118684f,entity_1799,train
6e0c8bdb4cd8e7fe76025aa3,entity_3678,train
6e10ff933b8ce15190f45100,entity_2718,train
6e1256037938ea29fb0d33af,entity_4555,train
6e152bc773dbfaa9898b4853,entity_2868,train
6e1542947bf66382e192283c,entity_4382,train
6e156ad0b287d0ab15513d1a,entity_0237,train
6e16e2f0d966c32a3fbe4f8f,entity_1073,validation
6e1b67149716b3e63c76fe90,entity_0182,validation
6e30e81b41478268e48ee6bc,entity_4301,train
6e42719602de2346daf9ef0b,entity_3322,test
6e45f7785e00382937728315,entity_2982,train
6e49bab0418ce843f297a0ba,entity_3258,train
6e4e54de25ab425920864d09,entity_3291,train
6e5a6b9011d2a5c2ebefad3d,entity_4507,validation
6e5dc8f52f3ea5f35f8edf3f,entity_0772,train
6e5ea2f14b79e8c52720f6bd,entity_4668,train
6e6829d013f4c54e0a6dbd2a,entity_2986,train
6e6a3dfcb27d3c0bdef1cd4e,entity_1787,validation
6e6e76cbd9200c3eca488e31,entity_2613,test
6e799e1bd7556ccd0a8d7da2,entity_0711,validation
6e7d00fe3b74110fdf3643ef,entity_0262,train
6e7db64a08100ed7c3a02401,entity_3091,train
6e9704a4f21e1aeffff0127a,entity_0713,validation
6ea20564ab6eb4d6502e00cb,entity_3848,train
6ea66f9c29df1a322312bb3f,entity_2963,test
6ea9bb5d5ec5d47a1a4aa194,entity_3505,train
6eaa78e7a3a1e085b09add9e,entity_4171,train
6eaeb49dc9703c045e04b70d,entity_2302,train
6eb6138ecae8ae41f815f8a0,entity_3954,train
6ebc767b836c8fa3262edef4,entity_1387,validation
6ec048b53f9498b5c180da20,entity_2258,train
6ec7f9fa774d35f627840813,entity_1974,train
6ece627bdb474ef31f18c748,entity_3606,train
6ed46709f2eaeea680ce9141,entity_1427,test
6ed7bcba8239dea837af106a,entity_0174,train
6eda1e388dfde226aa156cdc,entity_0411,train
6ee2ec43dbc14e67fec72240,entity_1322,train
6ee3e740e6289ea8d92d700f,entity_3469,test
6ee49f59d9f62fdac38643a8,entity_4277,train
6ee7cdaf6a49dec13af635e6,entity_0233,train
6ee7daa00754e8bf05b78ffd,entity_2911,train
6efdc5eaed49fdb55af0c59f,entity_4742,train
6f002b2bfe1d7ffc027e4b74,entity_2099,train
6f065a2544e0938f59844dda,entity_4181,validation
6f18d4911a9a9fc5b7302bc7,entity_3702,train
6f1e998987383a6a47d7d238,entity_4298,test
6f2128580397d5ab9fd315ba,entity_2846,train
6f2296f708b10487e7bbbb4a,entity_2994,train
6f2e554b8621058069b9c238,entity_4966,train
6f372978a9d233aaac084cfa,entity_3494,train
6f498051080166551cc0618f,entity_0739,validation
6f5315279de73a3de4646e86,entity_1460,test
6f5a67b07f73e0717f47d036,entity_3396,train
6f61fa899e04d56e4e60509d,entity_3171,train
6f62571052a5bc0071d4db46,entity_3020,train
6f63cf4df1c7f2f4a10b8642,entity_2268,train
6f6612faf634ac56cd2a2f9d,entity_2293,train
6f6aaddc2e75d95ee1300fed,entity_0983,train
6f85f2970a02be860f94fb02,entity_4609,train
6f8dac92c682da570d73e73e,entity_0995,train
6f912aa1a543af9444bdc729,entity_0088,train
6f9b74ef07a812aa3420f757,entity_1718,train
6f9de94c7a984da269f6fdfe,entity_1736,test
6fa59769aee66b5acbeb91f5,entity_2358,validation
6fa77791d4d21b8d09aba5c7,entity_3214,train
6fabfa38069ea8a926b934b2,entity_0045,train
6fae1a41ffa005a389e1171d,entity_4366,train
6faf8cffe3557461ac892f1a,entity_3773,train
6fb38938ba0652e3c0705b77,entity_1339,train
6fb472a0fb6b2d8983719737,entity_4160,train
6fbde40a8af965ef360c3cdb,entity_2066,train
6fc13f291444edf06d21082c,entity_4715,train
6fc3209607963252a7fdface,entity_0049,test
6fc8fa658f13a8ed4034f40e,entity_0726,test
6fd0a2af8f08d6f87d17f3f0,entity_0459,validation
6fdee77ae17d166bb0bb7bb9,entity_3704,train
6ff14a6434eb9eb7576f2eb0,entity_0845,train
6ff4a2162b5987b98749b68d,entity_2079,train
6ffea4313e4fe558b99c9830,entity_2939,train
6fffb406ba38e1429265e14b,entity_2403,test
70013864d184b345e35dcf1a,entity_3314,test
701247b090777975bd3d71aa,entity_1752,test
7014d7f0ba30adc912672b3d,entity_0993,train
70162feae50e9838aaa8397c,entity_0493,test
701de28cccbfa12f03c9d1cf,entity_2040,train
702d596dccc503c01c7562ae,entity_0016,train
702eea1a518512f13bf8cbe1,entity_2412,train
70375c8e0a5b43cb15d82b09,entity_4155,train
7041e4134c92f55d9f8250c4,entity_1138,train
704378bb679211c8ecfa5d85,entity_0928,train
70485d7713553982c997cd1b,entity_1869,test
70499d48ebc40aeb3c6346dc,entity_0768,validation
704f4538f570d734144ace0a,entity_4112,train
7051d9b70fd308ddcbb1560c,entity_1337,validation
705700334616df06ca36cb5a,entity_4993,train
7063a5becbaa049c3a8f9e80,entity_4625,train
706824cbf4eec81aa9e6c8f7,entity_4934,train
706ab68088604e4f379bad16,entity_4347,train
706be65922bf40cd50f951c2,entity_0402,train
706e4f9213c1b93a492bfc45,entity_0446,validation
7071a768b98b3d40720c980b,entity_4062,train
7073598064539328534f5de0,entity_0571,train
7074dbe1bb324686a0dad189,entity_4870,train
70776f6b59a30ac45f412617,entity_3067,train
708bad553f89d5088ab4a13d,entity_1505,validation
70a3db750638e4050cb05fb4,entity_1120,validation
70a6b05fa67bf255e5deb13b,entity_3628,train
70aa2cc49d800c8d509261fd,entity_3960,test
70b3ce45058fedae5f556e41,entity_1984,validation
70b4fcec3d881531beca9cf7,entity_2449,train
70b62d02c51a526ce2b13d55,entity_1526,test
70b75fafe0193825bb097f6e,entity_3115,train
70cdc116e6134e92b32a2486,entity_3422,train
70d55e21ecac7b4fc6f72ad5,entity_2865,train
70d5b9b2d9919a5c2723125b,entity_4090,train
70d813ed605f9cc2e1fc47b0,entity_1179,test
70dd40d18b66443476aecc35,entity_4067,train
70e393d33ea6135e78a529a1,entity_4826,test
70e4d5f0cc4db64a2b219289,entity_2980,train
70ed9303c5398348fc37bacb,entity_0810,train
70f0403342b419fb6f75dfdf,entity_1906,test
70f5311b2221747db0729714,entity_3298,train
70f6efa8ae586688ac6f7bc0,entity_1610,train
70fb4f6982f46be2b602df36,entity_1651,train
7100b57f933e62215761e9ad,entity_1942,train
71023fab4c7364ec661aba00,entity_2450,train
71028f6c7f8a769d9d3a9423,entity_0420,train
7116a530f4fcab8a44a65839,entity_0941,test
71170a02e99d1b727232cdda,entity_3599,train
713a58784a9b4ebf8b9a6389,entity_1221,train
7141734939b72f5659a8a92a,entity_4038,train
714803b6644b91fa6d77162f,entity_4083,train
71490a8675d2a1b3422ca618,entity_0436,test
714d3a6642f2d1dfe6f9418c,entity_3085,train
714f21ff6e1c665181949f1d,entity_1185,validation
7153e3ce36e3046f4f82ae5d,entity_1544,train
715a2bdaa745e96674afd063,entity_4748,train
71612de67673d0b54ba2a5a2,entity_3143,train
716729a6cd027269760dcc0b,entity_2238,train
71756a9966d2494d45e5a5bb,entity_4362,train
7175b090c2c02577da8e8006,entity_4280,train
719afada980367728f290626,entity_3334,train
71a3f3b703d8fd1ed8aa4487,entity_2524,train
71a4718e8038f61f479f17e0,entity_0761,train
71a7dc89ef073fd88713d33f,entity_4052,train
71bd2e9c6d4eb96c4803dbcb,entity_3481,train
71c33ad3989c3403c06d06f4,entity_2899,test
71c5d68f206fabc7c1123b76,entity_3069,train
71c70f26d7e90271455a372f,entity_2326,train
71c87e3c97dd41bb20a407ed,entity_2930,train
71c9229b9e22f983a19e9187,entity_0766,validation
71d92b64347c3757e9577af9,entity_3615,train
71dcce977370adfd8c4df60a,entity_0806,train
71e38496aa083f72708bbf9b,entity_1671,train
71e46f0da8c8d4f5143e36ae,entity_2224,train
71eb41609a49f603b73eb700,entity_1649,train
71f02417aaf4e35834bed96f,entity_1431,train
71f3184962885bd83dceff13,entity_3329,train
71f5654d2a3ac214b042f073,entity_3799,train
71f5e3c8e988f51a1cd5eb75,entity_2000,test
71fa0ceb5223b883d80913ce,entity_4425,validation
71fec78c87d586b18d7ad413,entity_2299,validation
71ff09705b5af528098066ba,entity_4700,train
7208979cee666dcd531a8a11,entity_1943,test
720dfd977b502881d135a28a,entity_3352,test
720e154a8e3fbaab9dfdf69f,entity_3507,test
72138bff4c443be542728bb0,entity_2418,train
7218f1999c18a0d09f86331f,entity_1596,validation
72205ca0e386d6dd8142abad,entity_0321,test
7221b0981cc2b591b0e035c8,entity_3870,train
7224dcc095626f384c7b2a01,entity_1682,train
722e9d9efc373d1fd5d4953d,entity_1994,validation
722fc4c7ae9b2190cc068482,entity_4597,test
723590bca5078242fd7573ac,entity_0015,train
723bd19b96bb442f8601c057,entity_2472,train
724d1b279cff34703254586a,entity_0242,train
724f7755fdbb96e97339a8bf,entity_2666,train
7254f1e8b485368f812cdfb8,entity_4032,validation
725a78be8e327ea3b0226fab,entity_3164,train
7264d6278d9085e39c15793b,entity_3448,train
72663bddfc29d1efbeab3ab7,entity_2415,train
7268116df90d11c151adc18f,entity_4479,train
726997bc57370f2fe5bdbda9,entity_0441,test
727856d9310e9b9691ef0662,entity_0934,train
72785d4f7911b63712955c34,entity_0799,train
727b0c61c8734518e5ed4f6e,entity_2241,train
7285529548f447b0799698b3,entity_4946,train
728a48aedc20dc7b6bbd364c,entity_4274,train
72a693ec6e152768d26c9000,entity_3285,validation
72a782c06b6c0499d9bb5df8,entity_0040,train
72bede5d14573507bbefa924,entity_4883,train
72c2841c2745642f33b71630,entity_2894,train
72c4a3044e18b3745b6d1312,entity_0254,train
72cbadcf4c436f9a3852a991,entity_0465,train
72db784ab76a7c73e0887d74,entity_4206,validation
72e3b1a3b7497c17483fe772,entity_4328,train
72f7c0dcfde0db849433989d,entity_4859,train
730085c97082784a6ca0e562,entity_3460,train
73081ddbad2d3b8d08ec8b43,entity_1109,train
7308af23a8da2c7b080e69cf,entity_4222,train
730972859bad102a22e23c55,entity_4672,test
731ad44ba82b28994e5d8728,entity_4982,train
731e7579a0aeef72ba48a92c,entity_4376,train
731ed2a7968909e446b297ca,entity_0527,train
731f8cdf9d01644ea2d4286a,entity_4577,train
73213994208557d126aca7ca,entity_3838,train
732d0710923b2d56d9c5039a,entity_3068,train
7333d93c2a10940ab1f2a8fe,entity_2098,train
7336593b1d8576d4422e89bc,entity_2159,train
733ad7b0128f9adb393fe5cc,entity_1819,train
733b1bcf712db52e23416998,entity_0753,train
733c1edbf3b30a5355d7c56a,entity_0417,validation
733f9a57bded152f2b91900f,entity_1634,test
73419f3878f88e823099cbb0,entity_4879,train
734290b507693c6be257ef82,entity_1781,train
734703ca43374122be7009c7,entity_1851,validation
7355d7375f38d65041ec36d1,entity_0297,train
735f8fc3852ac45295f7e9a5,entity_3646,train
7362e2df1e80ebb4298ec7d2,entity_0828,validation
73764efdbcb59b5cecda8503,entity_4310,train
73798ccdb9dacd8d74f9b074,entity_3093,train
738573f6c5538e55bb7aff31,entity_0254,train
738b20eec2f15a8f14c7fffa,entity_1204,test
738cdab2c9a3b2ca6040d505,entity_3661,validation
73961f1c9c950515ca731dd8,entity_2520,train
739a816fef6cf3f8682fd13e,entity_4140,train
739c8528f97d7de1d99ebad5,entity_1484,train
73af5e9dccc81a3e08f3791c,entity_4683,test
73b64463fc391875bf93e002,entity_2612,train
73b6e81bf09cefb030392e83,entity_2001,train
73ba27640d28d5c7b4afca41,entity_2472,train
73ba72e717f46349db8fe104,entity_4097,train
73cd209bd5a5c953d534b581,entity_0360,train
73dae5e3b4dae33bde79a36b,entity_3295,train
73e79184fefd4608297b1ba6,entity_3621,test
73ed9f1671af5215b0eed69a,entity_3625,train
73fa8e86ea8402e30d9e55cd,entity_3106,train
73fb5100411c8a491e20b255,entity_3184,train
74098681fdbae7707fb7eabc,entity_3763,train
740baf30b003b9763fa235b8,entity_3550,train
741495f7575ded4461c9381b,entity_3070,train
7416295523aa1b352d6ef89e,entity_2129,train
7419a6fdefb56effd2cbfe30,entity_2031,train
741db895ab54923e8b4b1723,entity_4308,train
7424845f13f1054acaed71c9,entity_0685,train
742b480a4190f8d3d3e7a0af,entity_0329,train
742b8dc79c3ae1183f21065f,entity_0406,train
743d477aa83b6202a0748197,entity_3831,validation
74453f731a87eba5b09fc27a,entity_0755,train
7456194b2f75642d75929da8,entity_0473,validation
745bb059dba9b7bad0eb74e9,entity_4862,test
74624ea8b478a1b848f8b067,entity_0326,train
747d9253204400621c4e0b96,entity_2018,train
74872bb731f6d2bd926bf4d4,entity_0689,train
749f43a57b844b8afd657c61,entity_4553,train
749f4bd6fcc1ef78bbfb3918,entity_0952,test
74a3bff5eefa2b7bcc3dcc8d,entity_4186,test
74a45df0410b728dcc886e07,entity_3503,train
74b017c685095768d1c9fabd,entity_4480,test
74b9331de74991c159996bcd,entity_3403,test
74c174f44c86cb7f0836126b,entity_4950,train
74c3a1f4fdc7436720ebb2d7,entity_4620,test
74c6ea4fdacbc5f5df8226c5,entity_2913,train
74cce80496bebbb4bb57cca0,entity_1624,validation
74cd25543feda9907b49bde7,entity_1394,train
74d7129ddd1c21e35ec0209f,entity_4897,train
74df5cc5b709b2c768e0fe59,entity_4597,test
74df856f35c40fec30bce071,entity_1545,validation
74e7312d8f2cd5a4680044e8,entity_3915,train
74e7f14077dec6092f672350,entity_3675,test
74eba9c1237c97e50a38ec1b,entity_3596,train
74ef7182d170ea05703365ae,entity_2658,train
750007856a6ee486975da313,entity_1490,validation
7507089c1aa1ac115200aec0,entity_3022,train
750de49e4e0d50fc153d97e6,entity_2961,train
75165ee754114b4afa7c7b14,entity_4335,train
751bd5257dd696ea960e9fb2,entity_2884,test
75204e55687356226ac70890,entity_4819,test
7525d2ae5e1909cad4e22975,entity_0801,test
7532f74a6519dda834d0b5aa,entity_1702,test
75368e5209b0a5e16770d33f,entity_3391,train
754249fc5a552ec716bbcc32,entity_3166,validation
7545850af172bfb2210a4f4d,entity_3643,validation
7547c3ed1a5f39c986b35712,entity_4275,train
754afb4a043149707ec84f10,entity_2860,validation
754e4184a5ff8cd6b81f0097,entity_4887,test
75515269b9b35f52dada1f21,entity_0882,train
7553540c002781bd950aeff6,entity_3287,train
755620d36d8f137d65e80c7b,entity_1809,train
756054636114fcdbd6741220,entity_0636,train
7560a7165ccfd6f74e2cd6c6,entity_4129,train
756b1f3f778d56d7b3abf9bb,entity_1707,train
7573968f1e464e32a1387a04,entity_0840,train
75746f141eedda97ca92b85d,entity_0933,validation
758172d12a3bf23d113c9b9c,entity_1500,validation
7586b8398129f5bedfd87be0,entity_0518,train
758964710574b605dd4a68bc,entity_1334,train
7589afe6847788884ddf8c57,entity_1797,train
75931c91577d52a4e36879b4,entity_0391,validation
759554ab8ce2aecc3cdef890,entity_0113,train
75a28c26147bedb003a274ff,entity_3385,train
75a59c03ffb1f21ef2dccf4f,entity_3114,train
75a9f0a8c9855bf38b9f4682,entity_4899,train
75aa8dde7d83091aec352e71,entity_1456,test
75b3ec828009034bd26ec8e3,entity_0803,train
75b70d976fe6a75cc3054a4a,entity_1463,validation
75b92b431e7acd251d22cbac,entity_1005,train
75be349abbc379d288d54eea,entity_4042,test
75c10f05705722ab7b31b0ab,entity_2862,train
75c3f50e388acce2a6e4b6cd,entity_4195,train
75c4e917c5e3359b9a4700b9,entity_3192,train
75c9f644c456db00899349ba,entity_2760,train
75ca058c5c8c38138cb7ceda,entity_3861,validation
75da1fc81266cadd8e4a2cd7,entity_3053,train
75df0bb6e28b2498910fafed,entity_0366,validation
75df47bbf5a654a7352daf58,entity_1220,train
75e15af60013d82c498d0aaf,entity_3243,train
75e409e5ef1c1d698aa0e348,entity_4352,train
75ebaf7827b8a5795dab63da,entity_1983,train
75f3eba10cb168486b35c455,entity_1766,test
75f7df8a44023ad9cac43e18,entity_1644,validation
7602c4dd496196dd3abbe6a6,entity_4215,train
7608f3bf2c3830be9776fd04,entity_3956,train
760fdd8a1367a83016441b07,entity_1915,train
7613b2c1f70772586dfa5cb3,entity_0865,train
7614311866a52964f765acdd,entity_3957,train
7617d1772f6f14678bc7dfbc,entity_2912,test
7618f4a1cc8e00581a93c70c,entity_0795,test
76340bd18f816e1bdc950deb,entity_1003,train
763a51b95beaea22c593bf0c,entity_2333,test
763d5c36aa9718df57176619,entity_4583,train
764b7010221992e1fa0dbf4c,entity_0226,validation
764d2df6f9a14e5f7f3d9f59,entity_3905,train
765a74dc7295a3ccf2f8312c,entity_1115,train
766c1270f1d516b962d79ff1,entity_0102,train
76769fcdea3a50218db60113,entity_3305,test
768e2cc1feca89a0b6776678,entity_4335,train
768faeb3acfb96fe34568366,entity_2686,test
7695906391340c393060bf0e,entity_2101,validation
76a251bc3a1e8019f0205bce,entity_0299,train
76ae8c23789255468e7c8ebb,entity_0763,train
76b79dcbdfd02fed5b00cf3b,entity_3485,train
76c6fc970b3609a48e613bb8,entity_1246,train
76ccc14ea62aa1348421b8b1,entity_0647,test
76d2300084e405c3ad071fc7,entity_2899,test
76d965a32e15f60ba7676f01,entity_2050,test
76eb5283ea795a0f913f2392,entity_4028,train
76f8d3082ba823cc1815ea41,entity_2329,train
7708f7dc63dcd37248141341,entity_4230,train
7725a0db6f278648a3a4fd87,entity_1384,train
7737275f813a9692f4ae8c2b,entity_3238,train
773ab608d358cd3328d3c708,entity_0290,train
77400cd81b6616ccc5ba2806,entity_1695,train
774e116e4ea0706d4d36694a,entity_2188,train
7751f17493a5deb471cb4391,entity_0384,train
77571a21ec98c1ecf813f1ff,entity_4960,train
776f0903ec487b181e678dc8,entity_4638,train
776f6181e9379c85b504e273,entity_2281,train
77701effd8059ad438411c2b,entity_1821,train
77735553334eaaf7618de7fb,entity_0549,test
777ca7b195ef29c4e3768b44,entity_4167,validation
7790c4520c64546a5556e4f1,entity_2564,train
77961abbb3cb5cfc74bc6362,entity_4150,test
779ac6a82f830ec23d0a8b24,entity_2341,train
779b7475fb70331c4f9b5cc9,entity_1303,train
779c9a9789a5196066f8303b,entity_0836,train
77aa94d8b373deeb260990d1,entity_4040,validation
77ba48258042746c93811b2a,entity_2130,validation
77cb90497c7a1f19596952a6,entity_4857,train
77da1ca73e8f304a3360d93c,entity_1946,test
77dc6e4297fb04780273dcb8,entity_2477,train
77e5ab16fe5ac5df7f3c8ce6,entity_3685,train
77ef29617729ec2ff280b57a,entity_1421,validation
77f06577e4e0c7b87fc9d347,entity_4595,train
77f343e1460953a27a79b50b,entity_4964,test
77fb2deabe2dfd9958de9d25,entity_4709,train
7809a1ea8b6d050a3afb13ca,entity_1003,train
780a61f3bea80622549c3982,entity_0084,train
780f172ebede6ebd85c016b7,entity_4823,validation
780f7b83e54b784de5f2e594,entity_3065,train
782025ef67b03c9ebb84956d,entity_2999,train
782365fae7da20e0e613579b,entity_0683,validation
7824184695630cbdd99ad785,entity_0858,train
7829a02a0f5836aba3b042ea,entity_0690,train
7829ef3bcedf9c5d14989737,entity_0450,validation
782cf3712ae33786dbd1503c,entity_0017,validation
783dbba7ed04ebabebc5914f,entity_0020,train
784bf8b5ae1561b983dfcbdb,entity_4963,test
786159d56fc7b915587448a4,entity_2381,train
78645043830e7131959522ca,entity_4173,train
786a0aeaf14e2bbe1ac0477b,entity_4210,train
786ed07878dfa42a6dd9979f,entity_2033,train
7871be7c5193d3ec3ac0b42c,entity_4406,train
787d86fe4c1d1f7eb403dd43,entity_1692,test
788695d6fb7e3d414b1b4370,entity_0069,train
788a52927cc7575d2c4226e6,entity_4557,train
78923c66c419d49518f014f9,entity_2103,train
78a0cda7e1629b59d23ea7fb,entity_2729,train
78afaf680e1929d25b74b4d2,entity_3715,validation
78b2c4e5b812dfb0a72e56b9,entity_4864,validation
78b96dff62729dc9892de495,entity_3246,train
78ba0984c8f70a80e303775b,entity_1808,train
78bc7b1d44e02717323199aa,entity_4291,validation
78c18ecea65945df0cd3bbb4,entity_4043,validation
78c9f998f0586a2696e8138a,entity_1887,train
78ddcc041ba77e2dba09dbdc,entity_3869,train
78e06197a39105fd49b24a0b,entity_1777,train
78ed88269f77470a0c0fc402,entity_3347,train
78f7b85707551af7097dc35b,entity_2680,train
790252b4e3fffdcfbc8f9520,entity_2116,train
7906cd3aaef08c9958a7eea0,entity_3468,validation
7908590822b8af6e92469a25,entity_3711,train
790e1b960e08f0aba0b7150a,entity_4831,train
79174abfb1570507127d3414,entity_4022,validation
792b1a97636aee0fe41364a4,entity_3529,test
79435fd8d557a08ad13582e9,entity_3912,validation
7943b6e6752e0d37bb32ddc8,entity_1119,test
79472e7044b5400fadaaf170,entity_4146,train
795156d07cdaec06498d7b05,entity_2954,train
7952f3b1b827c0d357f66652,entity_0938,validation
795b6fcb308819245668ba30,entity_3622,train
795bb8e1a7d41d296d332289,entity_3179,train
79605ed43a817c34dbe91e9b,entity_0905,train
796117dbd1f879ab53acc428,entity_2046,validation
7967fcb5c22bf3d756e7cc3e,entity_4930,train
797fbc99be8d5349a55a3211,entity_3884,train
7980a53615772ff461595231,entity_4589,train
79858944b2c3439dc9355479,entity_3262,train
7987085b3a3cbfff50096b86,entity_1428,train
79873c0cb93865674d0fd648,entity_1760,validation
79890091e300e9f8c9bc6148,entity_3979,train
7989f7bfa7ef24f27ade7406,entity_0354,train
798a0918a7196615f0bcc2cc,entity_1412,train
799d64741a0c2ccfab9c4bdf,entity_4446,validation
79a8be1c87c45b345ccf8529,entity_0643,test
79aba7bb18611d0c3bf6146b,entity_3935,train
79c1c5a9ed112eb18c3eaca4,entity_0658,train
79ccc3462b1d70dab096842b,entity_1100,test
79dbb5187a370beb77e12f3f,entity_2625,train
79def3c541c45fa10e0efc46,entity_4700,train
79e0de4373bbdfd69d03985a,entity_4719,train
79ea4ad131fc1b46ef185110,entity_0090,train
79ed671ae95f8e54f4927765,entity_2833,train
79f3a6b3344ca285c8ab30d3,entity_1124,train
79f453ee86e8a5dca3bac8b8,entity_4842,train
79fbb85050626760def98ea9,entity_0604,train
79fe67384f7a33b9af3cd023,entity_1763,train
7a02106b686ccbe07c571fbf,entity_0796,test
7a10525f54aeef6796904d12,entity_2213,train
7a1676d4b35f1eb5ff6942a2,entity_1447,test
7a174ef2b84b6d03e72b2fbe,entity_0694,train
7a2974299d9b85799c0ac1f9,entity_0398,train
7a2c9e8efaa7a630e5aa41c7,entity_4531,train
7a2e8bc29955a11397614424,entity_0926,train
7a330c0752cf292b53d58c5a,entity_1241,train
7a467f034aff6249a6d8e631,entity_4630,train
7a49ad970150847c8e42ca8d,entity_4287,train
7a570c7c1b8fbe0615a9e575,entity_0468,test
7a5a26d1ca248c7d64f09086,entity_3984,train
7a5c2c780c6fa44d4fa7c7c6,entity_3152,train
7a5dcb659b1ff4b6aa9dc743,entity_1464,train
7a5f577166508c04a618930f,entity_2560,train
7a74658d3f8cb1a0cba533c0,entity_3726,train
7a8e50ca1884acddf7511388,entity_4797,test
7a8f8fbe734fa86a3a6bc5de,entity_3517,train
7a98c7799c0441a2e9bcd887,entity_1306,train
7aa1ae29dcbfb7bc16c60083,entity_1162,train
7aa55f681e28fea5cbf1e367,entity_3956,train
7aae46009c3648a32643949a,entity_2644,train
7aae73ac07a0b9bc3d60ee59,entity_1404,train
7ab82b5e6854cd46ef1d138a,entity_3945,train
7ac70c38c61889774a4d2d58,entity_0259,train
7ace35845cf5727caa37d285,entity_4616,validation
7ad2fd24eb591c70b6586df3,entity_3569,validation
7ada8b9641742554aad99a4d,entity_4023,train
7adb3cc6ba476dc7749b079c,entity_2208,train
7aed1fb84dc8184849586675,entity_2052,train
7af75bbd9146c9e0372e848d,entity_1849,train
7afc9379d3a9712c03ea7b44,entity_2857,train
7b0029b405013cfd38294f57,entity_1743,train
7b0047f572745a94eabbdc72,entity_2203,test
7b005c40f13add6374e41cfc,entity_2925,train
7b04c5a1e1692e4563ccc7e0,entity_1019,train
7b064ca96c13a90d1b77afaf,entity_0541,train
7b0770cd1eeeedccd978fe1c,entity_3828,train
7b08ae4eae65593bd689566a,entity_0988,train
7b09f88a21f3bca414578946,entity_4370,train
7b1958e13ea6fd89bf892a2f,entity_2676,train
7b1c660ab4bade18e3b46099,entity_1092,test
7b30368e4d0fb4a2b52c9d0e,entity_3716,train
7b33ba27f80243449f88bdcd,entity_4345,test
7b36c2898bd59f7ae2920d9c,entity_3963,test
7b3d4a08521e20006da2c806,entity_0109,train
7b465cbd115307e9e859cdd7,entity_3894,test
7b4cd8bbb06fa3a1e9bf7c4d,entity_2619,validation
7b4e924a689d8e0cb0f9d951,entity_3361,validation
7b5c30839e0f10c8b0a177ac,entity_0499,train
7b5c9c86f345e609798bd273,entity_2263,validation
7b5fc07d1fdd5548e403e0e1,entity_2422,train
7b65db3f7bb571f985b02cba,entity_2111,train
7b67a084584bae8cc0f0857a,entity_4623,train
7b6c580ca2ccc6a8377f18fa,entity_1420,test
7b7409ba4f65685fba09edce,entity_2574,train
7b7423e446bc6c2bff15c143,entity_4920,test
7b78e97a363be176460984f1,entity_0127,validation
7b791ba0374460c0792cdb00,entity_3755,train
7b7bb3699dea582e4c071163,entity_0351,train
7b8182ef369d5a1743c8b8f8,entity_2625,train
7b832369f93eda5bc81ec082,entity_3594,validation
7b840f69d14b76cc609412b3,entity_4026,test
7b8e4747177840b072cb7987,entity_3222,train
7ba0541088789e67908a7652,entity_2725,test
7ba0d68d150a304744f9941f,entity_3132,train
7ba2fb997b33540a731fea7c,entity_2992,train
7bae201519c3ae498b2f510f,entity_0106,train
7bb3950a5563d3d582c2be5c,entity_3420,test
7bb7c06b382294648ee4acdd,entity_0757,train
7bbf04f537c82347551b93fd,entity_1075,train
7bc0e87c7e7ebde78bdc2566,entity_1789,train
7bc502372aede1643b4f1425,entity_1366,validation
7bc6380095368a04aeab3f0b,entity_3206,validation
7bc7f8f60e9a9fa7c1508825,entity_1289,train
7bda06c8f645d2c57009eab2,entity_1412,train
7bdd7faf2299426effbca6dd,entity_4018,train
7bebfd3e3af4b8588808dda1,entity_0180,train
7bed38cd4078c32eb2b1a065,entity_1067,train
7bf01c4c244cb6ee1420d443,entity_1474,validation
7bf05248410be5aba2f96e55,entity_2755,train
7bf1b39d417d8e67571a64fc,entity_2364,train
7bf1e2069e4aee4d75fbe71a,entity_1666,train
7c04cfa4251c20c3683aed1f,entity_3496,train
7c10fdf717de607efe10d08f,entity_4458,test
7c16345082d7dc8d704be18e,entity_1357,train
7c16c00181818112a6860174,entity_4048,train
7c2320eec859f7a2d03694ca,entity_1487,train
7c23a9628f2b121943747d2d,entity_0571,train
7c3178847717f09b3a18678f,entity_1704,test
7c3d2f63953524f4c4d76faa,entity_3614,train
7c3f040e012a1dd7f91d975b,entity_2693,train
7c47071ee4f108eea8bd4f3f,entity_3119,validation
7c5282576d554fe24d8a967d,entity_3808,train
7c54b9addbae73f546ec9457,entity_4077,train
7c5706d91c32dd43b416b129,entity_3649,validation
7c6616cfc66658d9d91fa085,entity_3828,train
7c6e36b41e693d5c94c281e4,entity_0706,validation
7c756ef550eb21f2e0d4b08f,entity_4642,train
7c7a4aeb7f29a26863712ce9,entity_1893,validation
7c7b81ea221602b8d2edcbc4,entity_1532,train
7c7f313092d64589ff61e41c,entity_3073,test
7c837987834169337f20498f,entity_0554,validation
7c839e1564afa2b9c9307f05,entity_3049,test
7c8a8dffee02658152474d7e,entity_2224,train
7c8a9cc74a37673a52a814ce,entity_3560,test
7c948b431b8aba6729eafcfd,entity_1025,test
7c94ac87bcfc161697794b57,entity_1457,train
7c98c52260193b878f1a0ab0,entity_1120,validation
7ca2c4d7b891ed4ce596f2dd,entity_0553,validation
7cab9c4314f1a4fdef546c19,entity_3770,test
7cc05765f2960c20b758711c,entity_4587,train
7cc412bc630b43b946bbae85,entity_0972,train
7cc60171d8db86be67c48204,entity_3913,train
7cc65468216282be796d3ae5,entity_0921,train
7cc70f74d28fbfff8e0ff3c2,entity_3110,test
7cca21392f3110848b46d9c3,entity_1034,test
7ce001597527d54c9e83644a,entity_1310,test
7ce3edf191c742a27ccf966d,entity_2444,train
7ce5af36228942ff5534678d,entity_1952,train
7ce722a23825a6c42548a61f,entity_3766,train
7ce9942029bfa5ee046cf3c1,entity_4558,train
7cebb4e7d5b6082a62c328cc,entity_3333,train
7cff07480e43f8df00f95f95,entity_1572,test
7d0b7383dbe90e2dfb2ad893,entity_2039,train
7d10819696f2e5b3bb0f6e62,entity_0581,test
7d1ee041a66f296d6eb82dda,entity_0200,train
7d1fe7bcbaf364d68777dd2b,entity_3616,validation
7d21f21a1b6a662745f85963,entity_3205,test
7d24cc636fb6ff2ae04df157,entity_1646,train
7d2a1f00529f810f53f6d4c7,entity_3595,train
7d2aa376504f62a86b4fa275,entity_3005,train
7d2d576a3bd485feda27abe0,entity_1227,train
7d30724b5d4a8e0869ce50bb,entity_2376,train
7d419136ee91eb2730d40475,entity_4429,train
7d5c540d4a1c0122e4a28a98,entity_0786,train
7d5daabcd475a303788f3205,entity_4559,validation
7d659644d809c233327f7dc2,entity_0778,train
7d65b93191adaa455fdffdd7,entity_2880,train
7d6acc7963e82a9d663cd0b7,entity_4127,train
7d6f34945eca4dc31d534729,entity_3658,train
7d6fbac3330266dd358eed9c,entity_0099,train
7d7756f37bdefe7eb5057558,entity_4315,validation
7d7e3fc4a94bdcd43b7e1daa,entity_3643,validation
7d8120e5bcf4ffba41e90bcf,entity_4453,train
7d815aadae6d86732120d6fc,entity_1208,train
7d840a4e8fa81034f1d21909,entity_3362,train
7d85d591c0c6b16eb4270524,entity_3069,train
7d8a41cdf5bae783fcce34dd,entity_0906,train
7d91a31fe923adf7bf92edc3,entity_4646,train
7d98f9f928f0413fc929f098,entity_3976,validation
7da099373d7ea213c8a6c99c,entity_2294,train
7dabc33658964416d69ac7bd,entity_4407,train
7daca7e99d9af98a0806d4e3,entity_4974,train
7dbc39027df13f252b6e42da,entity_0448,train
7dc2f5cf36249740f6169ff9,entity_0939,train
7dc9f77091aea50761a37ed0,entity_1573,train
7dd14790b6ffb2504a7987f8,entity_1245,train
7dd2e25a8542ce4f287914e0,entity_1160,train
7dd70a7a27646bedd8905b65,entity_3113,test
7ddaa4a2825e4b21e4f72fac,entity_2250,test
7ddfb7dcba3e0d84be2fa94a,entity_0548,train
7dec2fe01d3062f49d0c7e9c,entity_2436,train
7ded9c48ecedae8d2821afde,entity_1098,train
7dee46017c6d9e73cc5106ec,entity_1881,validation
7df38b7ba884db8ad2aac7bf,entity_4463,test
7df57f4e6ed21dde02b4cd85,entity_3777,train
7e01f4c4c9ffff6ab9e84a2a,entity_3587,test
7e084a8c4f9e042763c9ae10,entity_1188,train
7e0bcc91a3da163f57ad93f9,entity_3229,train
7e0eaeb36e659affa5e6c5f6,entity_2943,validation
7e17059786e22d6ff4d64188,entity_4294,train
7e32a096bd6c5064efb8117a,entity_1812,train
7e38c42704fd057200b9c541,entity_1092,test
7e4c45492b047b55246da1dd,entity_0822,test
7e4ec1728ef4d60716d8cffa,entity_0530,train
7e519e707212c231bbbc64f6,entity_2617,train
7e55f92c313acfadf6fe20e1,entity_0579,train
7e570a033d68d395d8d952fc,entity_1900,train
7e57c63370d4d396f77d28e5,entity_3417,validation
7e61b6bd38c3dcd20b75d8c3,entity_2615,train
7e65d5f5b1795c62ffbd7132,entity_2834,train
7e725cb64d79b566fdc71019,entity_0405,train
7e7282e33007b09a54ca2670,entity_0932,train
7e7f6cbad1ecc8d5533746ea,entity_3651,train
7e833a6829ae82ba61fc360d,entity_4011,train
7e842e8458220b561fc765bd,entity_2379,train
7e9171cba25a0bc1614f5bfa,entity_3560,test
7e952bf5c8025461b6315979,entity_1166,train
7e9b76a3818e3759234dfacc,entity_2264,test
7e9ba488fbbbe8fea023fa7b,entity_4488,test
7e9cdc5ddd4f312d49745d76,entity_3830,test
7eae6bb2efe25fb5e8d01a89,entity_3015,train
7eafe7d9951cac532281c47f,entity_1898,train
7eb4d8ed55189a94a8eb3a73,entity_0172,train
7ec99faaf58ee48c0421ea73,entity_0332,train
7ecd24dda34be90e7fd6754b,entity_1591,train
7ed24451b56b9ae2352850cb,entity_4461,test
7ed33cd9d4e513d501eed514,entity_1818,train
7ee3f6785c2ae93acb9ff631,entity_4925,train
7ee591cc26947108eea51bd0,entity_1240,train
7eed99aec04a6839797ddc89,entity_1804,train
7eef51d26dd41135e1928857,entity_2062,train
7ef2901d92a05bb0e9f7b1b3,entity_1535,train
7ef4daf7e47a8ea1b208e876,entity_1521,validation
7efb0c9fa496a5a50f140f77,entity_4958,validation
7f05cf99ecf7c572500ca5ba,entity_1512,test
7f0853fc6a22f4bd2a06a0dc,entity_3266,train
7f0e6b5cd6685aa6262d4fcd,entity_4486,test
7f12d95bf45172a4ba9463a0,entity_0273,validation
7f18cc187dce403b25fd1969,entity_0095,train
7f1b00223a12da6e4ae9ed86,entity_3421,train
7f1ddcdba18db7b7e04efc5b,entity_1640,test
7f29da6d04ff90a8ccf19bf6,entity_4467,train
7f30732aea2d91e47a7e2faa,entity_4685,train
7f35ff3e5dfed3934c8eb402,entity_0606,test
7f3a84942ed9cdbbafcaf8d3,entity_0781,train
7f3aab5f5bc80971a15f1f17,entity_1400,train
7f3d186d0249f4316475e756,entity_4243,test
7f45bb0c5b35ee1c1d9eaeaa,entity_3066,validation
7f49204325c9984c8fdda1bb,entity_1295,validation
7f59e59c986c4a505754df2f,entity_3183,train
7f5e1a0b7202f72814f2c7f3,entity_1530,train
7f6223f049409a3b767aebba,entity_4470,train
7f6281c9f3e6d60100e1cd43,entity_4646,train
7f635d7b0ac5de50efa99e94,entity_2638,test
7f666ce231cfde3a82d7f494,entity_1385,train
7f6f81af701835f1d54d53a6,entity_1227,train
7f71ea704d6ca3a5a079070e,entity_3918,train
7f72e8d9095516d30f835110,entity_1110,train
7f752f81f9141c3a586cd9a5,entity_4853,train
7f7bbc927798de47d4fe2344,entity_2876,train
7f8118364a3de7bc46606d02,entity_1049,test
7f852c579fb084a2fad0beaf,entity_2313,train
7f86d8f7caafa40b17541459,entity_0290,train
7f88f4aebe1cfc04085aac7a,entity_3611,validation
7f8be6b0a8cd48e09204c25f,entity_1035,test
7f93ed2b54f7b668cd1aa743,entity_1662,train
7f9b10e810c2a71bc8b1caa8,entity_4115,train
7fae6838d045b8f6a1e9f545,entity_4034,train
7fbe1c0b948f64cc58f94a0d,entity_3634,train
7fc5d1d7127697752cae0164,entity_1421,validation
7fd310a99201e456c968432d,entity_4020,train
7fd53d7a538aeb782f3966dd,entity_3790,train
7fde8f8e5d265af9bf85929d,entity_1032,validation
7fe26d1803866a822cb16ae1,entity_1626,validation
7fe62cb51a9552ea592d7b79,entity_4378,test
7ff74a3c26aaf0ab91712fe2,entity_0534,validation
7ffab4868bb6772a5d54095b,entity_1012,train
80079294c245c9540319b229,entity_1749,train
80083f3ad4d6a65858b4102d,entity_3162,train
800e73caa3262aecc19431c5,entity_4760,train
80104294ba4ab64ba03a7d82,entity_0191,train
801dd17bf9ca22640db45d2c,entity_4550,train
801e68f399ffaa0a18d20a65,entity_2417,train
802c1ae57326a50b4032bb54,entity_3268,test
802fbbfda63f26061328315c,entity_1920,validation
803fca95b4712db511eaa7ed,entity_2570,train
80492838be3a6bf49f53eb4d,entity_1470,validation
804bb4778ebd711d3d3ccafe,entity_2517,train
805227eeb825d8daeb8ddbde,entity_3003,train
8058819ec9b154ad6ac6539c,entity_0140,train
8059c0ad050c0f48aadb8536,entity_3021,validation
805a878040d67d376767b5f3,entity_4885,train
805e5def0bb876d9f857cf90,entity_3005,train
8061b403a244bd70a9c3680d,entity_0568,train
80627069d11d9eb195532ca8,entity_1902,train
8063151c1b867afa993bebca,entity_2761,train
806fc8053c5c0d40ef2d29dd,entity_4307,train
80710855167f4a71a8a811fc,entity_0650,train
80726b4a2d34d1a493a54daa,entity_0962,validation
8074a71193e4a8e538f66fb5,entity_2788,train
807f47b41f5b7cc65c0de80b,entity_2193,train
8084505cf395696f92f70ae1,entity_4235,test
8087ab6f30a0ce43d42b7dd3,entity_1242,validation
8091329664abab63d0e2a45c,entity_1848,train
8094db2b034e23aa49012b43,entity_1014,train
8096feb2e008a8f884346fc3,entity_4805,validation
809a7fce31ea0ae5769bc4d9,entity_0181,train
809b752cc8e7501aef84435c,entity_1901,test
809fa77f362d041241e42d67,entity_3230,train
80a5195b540cff2ac11d0215,entity_1811,train
80a7ed264c13599b7fd63b21,entity_3618,train
80aa786c593314a9ed059f7f,entity_1165,train
80b04f423e5c6307f78f35c5,entity_2620,test
80b2536982c0d62247042ba4,entity_3737,test
80bad784bfd5c3603124dbaf,entity_3736,train
80c3bf9cde56331d998f4b48,entity_2364,train
80c5f99b60a06b286edfc21c,entity_4432,test
80cc1d95e254283b9fa7fd5a,entity_1573,train
80e149be81931cc3c4393e85,entity_4261,train
80f13c397683da9922816428,entity_1523,train
80fecfb1bbd7b0df5cb77e9e,entity_4476,train
810703151dadf6a1b8716458,entity_0838,train
810bc9781bb301e75f6d9ff1,entity_0149,train
81140d045837617f70c20c28,entity_3757,train
81171486e68e75e0b1cb593d,entity_4542,train
811d1ed2078e649e48f766b2,entity_2773,train
8123f4a42d077a5abd41c88c,entity_3038,train
81251483945b940f370dbe81,entity_0892,train
8127a023f4e31e09fc3118dc,entity_1546,train
8129445b617bc42335798ae1,entity_4865,train
8136a176c5c85d6bcac5151c,entity_1454,train
814636f53156b4fcdefe7ff1,entity_4108,train
81496a9829546366f9e1b4e3,entity_3386,train
814b963072962661b1a1e5bc,entity_4433,train
814d0cec34a4ac3c200642ca,entity_3960,test
8169ee1bd37a7815e4b76c1a,entity_2433,train
816e76f8291e651aee7a2ad3,entity_2098,train
817ae4580ff569516f631a98,entity_0638,train
817e39f169fb6b97364d46bf,entity_3555,train
818b03926500846d61b57a35,entity_2427,train
81996265127d620b7022f33c,entity_2093,train
819a0754c44e86c60e2c3ddb,entity_1594,train
81a402adc35514edb2525447,entity_0413,train
81a95f90659792dcc30f7c11,entity_2916,validation
81b2faf0aa2566a8116a68f4,entity_3249,train
81b309246c25f45926514c1d,entity_3690,train
81b43732a645f815455dc18b,entity_3040,train
81b94d230ed35d9be04673ac,entity_4417,train
81c53c2164b0c01ab0982a93,entity_2871,validation
81cba6c462e1679dca93119c,entity_2338,train
81ccfc55de6afc37a70629f3,entity_4873,train
81cd1522ffb252c6a396529b,entity_2622,train
81d969a203c370a98609cc1f,entity_4667,test
81dd14f3bcddffc932d85c65,entity_2461,train
81df96c65d4290bfd0c2bea1,entity_2823,train
81e5f88e6c7863119f706178,entity_0747,test
81e688dd3ec52c1575cf1de1,entity_0539,train
81e84a42885f0e1011f0a53f,entity_3216,train
81e982b0d42209b0ad81ab15,entity_2458,train
81eef6d3d74e0c89a18bcd12,entity_0177,train
81f7d1654367a938bc19390a,entity_0807,train
820c130f4e305cfff0fbed9d,entity_1069,test
820e987cb287fe0cec54d453,entity_1400,train
820eb541b8a26bb6305c610a,entity_4518,train
8216acf75f96a17d3281b754,entity_0891,train
821843998414ae21c90c574b,entity_0586,train
82249aa5d97a5458bbd245fe,entity_2059,train
8224a31d7f4f28e0c09c67c9,entity_0909,train
8224b05da429e908dd9ef03d,entity_4919,train
82301b56c834b37951f5655a,entity_1779,train
8231487091e3204afecdc36a,entity_4772,train
8233c0fe006c71b334b24356,entity_4046,train
82435c5e489016a64a5e98bd,entity_2463,train
82514d401cf02fbfd5805b5b,entity_3731,test
8258f90fd2324497c0c29ab6,entity_0046,train
825b27465493da6bc9b02985,entity_4788,test
82622d30d162fcbe8df3014a,entity_4961,test
82670871e4e2b4a9f9e311f8,entity_2267,train
8269c9d37ac01861be5ef1e9,entity_0819,train
82721f23912aacaa32347dcd,entity_3036,train
828dd751d3eeb012aa6fe564,entity_0969,train
8291243c60e332b49055678e,entity_0696,test
82a645434362cfbe8ef29712,entity_3112,train
82a8649b10fe40c364a4f404,entity_4247,train
82b1620ed23148e0ca31fe87,entity_0355,train
82b1ea610e2a2531a2147a21,entity_0915,train
82bbdd09f22626ecd387150f,entity_2312,train
82bcc6b3e7b93467b9addb4e,entity_1788,train
82c2ad952fb5726ac1bb406b,entity_0240,validation
82c67c7f3b37e0202c421515,entity_4816,train
82c704243c563357507d4d68,entity_0580,train
82c7142c149b4dc985430bdc,entity_2101,validation
82ca4cc5a68c4569c94cf8bf,entity_2061,validation
82daa8500b838af9414ae8f0,entity_2730,train
82e12e7328a148e5f6bfecdd,entity_1804,train
82e23a01c2b72a6727ce3496,entity_1578,train
82f1f544d40e6d7a1127113e,entity_3855,validation
82f6f47eb9edc3b13077d26a,entity_3642,test
83051c3c748ebd5af9d01ceb,entity_0222,train
8306b1bb55593383134f084f,entity_4110,test
83076c8e4c1983c2cd7f03af,entity_1139,validation
83112ddd516bd6395cd631d5,entity_0590,validation
8320613e14d6ef167adc345c,entity_0177,train
83260fe470418e54297c548a,entity_2246,train
8328df3c1ef26af5ae4c3e1a,entity_2645,validation
8334b4487d0099c0befe314d,entity_3999,train
8337222cbe460b8e01e9c7f3,entity_0565,train
835a0f6027e5ec82083492d8,entity_1286,train
835d1606ff90e75ff9ca2863,entity_3546,train
836577ae0bbb9c79fa1d4668,entity_4203,train
836ef925dac41b1ed81f1444,entity_0750,test
83739fe62c8e8231fb6d2d9a,entity_1592,train
8380fa2e219aaa5ae6362c69,entity_4258,train
83814ecddc301b8af322253d,entity_2058,train
83868cffdff4067e9d5ba2a7,entity_0175,train
83899497ad92f1c2e54c999f,entity_3808,train
838f4ca80fcdd5ae760111b7,entity_0808,train
839030a66b363330a4c98265,entity_2888,train
8391b7642c18c07dd15f70ea,entity_3553,test
83983f6b039fb43abdd11cdf,entity_4824,train
83a7ef6f309324638621b241,entity_4766,test
83aa5da1a3a6bf70c84bf4bd,entity_0173,train
83af9967314e9b688381d6b1,entity_3926,train
83b1be438b5dd80b124232ec,entity_0141,train
83bbd10f9acea24ccec2d32a,entity_1407,train
83be815c356686ba41245ee2,entity_1330,train
83d70e6cdd870195d0ef11f2,entity_2321,train
83e550a3cae79737f94e3cf5,entity_2905,train
83e9860c2102232f22ed72a4,entity_1380,train
83e9fe5b3fb2459161151744,entity_2704,validation
84017c8675e2b1a2bd0bd8b8,entity_1723,train
840636643ca466c44991efd4,entity_3381,train
84067dbaac4d51bd6cf53462,entity_4998,train
840b61612835a6581814edc0,entity_0233,train
841af4e64cfb7491930014d9,entity_1071,train
841b0f8d44ad4b39e23b7a0f,entity_0166,test
84221f7739bb97a338c7c5ba,entity_3350,train
842521673711e552a28c325f,entity_2719,test
8427a9af6c05c2b7f7e4e846,entity_1657,validation
842e153cb920c8ed464ecc71,entity_1953,test
842e1d257887f0a163ea98cc,entity_3240,train
84352cac8257755fe2a08594,entity_2973,train
843956a382420da9f17755c9,entity_1935,train
843986306cc6c453e280d972,entity_1840,validation
8449b7bfd7c913442f8a5bda,entity_2480,train
844d7ef9d854d780530cd522,entity_0181,train
845ed3c6e41cb3266389d09e,entity_2789,train
84682901703034154088cf68,entity_3683,train
846e245ccbb52837015f768c,entity_1841,train
84707ed27a9bd1ae9361d815,entity_0696,test
847525d65c87be25e6d7938d,entity_2567,train
848b3d08752ba13705aacbf8,entity_4932,train
84976a466c3765545779d1d1,entity_3348,train
849fd620c5c43849d54f2aed,entity_2209,validation
84a0fa297d08c54b8acdf7e7,entity_3388,train
84a548b428992de69547c046,entity_3761,validation
84a8709d8e6d73c4607bec62,entity_4999,train
84abde0dd6bfb8955688dc11,entity_2450,train
84b25df6d5b6a379c3641c74,entity_3498,train
84b7d0b7a365891766947f8a,entity_1218,train
84bb915b446e7071f458048b,entity_1239,test
84ceaa3e410bcc3d0792d016,entity_1661,train
84e165a57b42736819cd0735,entity_2237,validation
84f2ebc6df027254f0aa6dbc,entity_0449,train
84f4e0cb8a02026256cfb7a3,entity_2455,train
84f9a46497655733beeb404a,entity_1366,validation
8502bf7975a83e091fcf0afe,entity_4442,test
850b856ce2b39b4f99f027ea,entity_3639,test
850bd6ccd0d4e3807c41fe8a,entity_3602,test
8516cc559a35f75e696ad88a,entity_4627,validation
851d2d941bb27e0e26a94837,entity_3765,train
852458fbb0e4c1e845966b78,entity_1859,validation
8539ac5a529cbcca65dcc099,entity_0117,train
853ad09a43ad8eb1bf0520a1,entity_2928,test
853d19ffaac3bc9a17ba7ab1,entity_4375,train
85415103d387367cc39738a3,entity_0016,train
8541b66371823026450cd8bd,entity_0456,test
854200607c8389ad11158ec7,entity_3814,test
8545b633b4f227d1e4691f5b,entity_0005,validation
854f622bd874c3fce3f3309c,entity_0563,train
8556f2e6084990cef72e7fbe,entity_0205,train
855d64544c9a4bedb9badb7e,entity_3863,train
855d88a62b9b6495bfa233b5,entity_1992,train
8561aa50fe108ab6f5f15f28,entity_1584,train
8565cd1834d77fd69e132dc0,entity_1574,train
856d0e7066c8d867dd504fc1,entity_0769,train
856f5e99e2595873ddf725b9,entity_2167,train
8575f10269e6ac492df1ccc0,entity_1477,train
857801f805efd9a89a233844,entity_0684,train
8579278084c579116778e0f8,entity_0444,train
857cbaae524b1a933bbb05d2,entity_0204,test
857edab50557ed4672ddc739,entity_3707,test
85830a52c2ffe23cf1dd598e,entity_1284,train
8583c92b4c1ac78710a8af2b,entity_4914,test
858542941530037b569f859d,entity_0170,train
858570e2a6bef1b96a093f5b,entity_2673,train
858974c52cfad0882d9b62ed,entity_2716,test
858e3e9e6b9fc696eed64f05,entity_0739,validation
8590bddbb9803e0310754955,entity_2366,test
8596abf96051e7c7f2b7ecbc,entity_4021,test
85988524f5094dc1c5e263e4,entity_2285,test
859fba46615a6f4e3a776d57,entity_2456,test
85a52b82cb89879f8fd87790,entity_1281,train
85afae5f8047652538364482,entity_3579,test
85b015b5b38a646676b9a845,entity_1562,train
85b0b67cc485a03013409204,entity_3325,train
85b1a2b755b42e89269d1d67,entity_4807,test
85b6ea843f6a9f7c51c7b590,entity_0019,train
85bf7e887854c042097e5d17,entity_2080,train
85c9c298dc988e0d0d8d6dc3,entity_4629,train
85ca8605a0b9957ca013d95b,entity_3652,test
85ca91cb5a242c1dea9145b9,entity_4192,train
85d07be773b783b57566bb2e,entity_3260,train
85d333c496e64e1141bb7b32,entity_3638,train
85db1999fdccf32225f1a176,entity_3430,validation
85eff922c9059a4d22b6f138,entity_2598,train
85f2cb89fae5cf280f4c75e3,entity_4318,train
85f7a6865e9a1f125c21ef80,entity_2878,train
85f7e1819d6857f6cbc22e21,entity_2754,train
85fa7b9ac022496e7c6fd01c,entity_0984,validation
85fe700159eb73bfebf80632,entity_1981,train
8601e6df4573be977f688bce,entity_1729,train
8602a3198c994ae93c9f6780,entity_4956,train
860547ac43d023d5123c5719,entity_0144,train
860566ae47eca1952c3df91c,entity_3211,test
860610d2dde4b8403665eb70,entity_0317,validation
860f5618511802af5bde0706,entity_4616,validation
8611af882e9423a146c4368e,entity_1410,train
861a67c8b0a2e3b2283ff111,entity_4306,train
861c58f7b63ae71e1947e0b5,entity_4620,test
861eebb1058fa2fc23522a39,entity_2688,train
8626b308d8ed406a08c72dc6,entity_3527,validation
863237a023c8e8fd3c4c2c54,entity_1996,validation
8647d0759edfc3e80aab7ee2,entity_3441,train
86505692d7fd5e660ab2c6fd,entity_0621,test
86531139926ddd2dd1419635,entity_2482,train
865c5cc55003462587988430,entity_1735,test
866831ce7f847510c17533ae,entity_3121,train
8669a2a587bb837599da1579,entity_4121,train
867b1358e69c7fe31031b40d,entity_4793,validation
869141ff283485fb06c50626,entity_0858,train
86996dc136c1e02bc3037cdb,entity_1935,train
869b2d7d38f8d7af0bfff835,entity_4163,train
869cf0c81d29261f4cdcfe85,entity_1065,train
86a0829df927bef9f4212f67,entity_3871,train
86a228de1f3895cb89001003,entity_2352,train
86a772ada52c887687c78b88,entity_1548,train
86ab426ae37aa48c534d8192,entity_2976,train
86abd75cd5e551f6475aadab,entity_3702,train
86ad2cb8bc89faa39b005ee2,entity_2952,test
86b4ea64cb9f140d71b95d1f,entity_1324,train
86bcd647ec83f54ebf1ad718,entity_2629,train
86ce0d7ded8ef153f78de907,entity_2975,test
86d4dad4fa3930840ba17d8f,entity_4912,train
86e02c3194a85cfd146118ab,entity_0353,train
86e4a59b41fd42cd7bff76bf,entity_3365,train
86f2f3469178e6745e2ae299,entity_1367,train
86f9d28517c4f2a27675de4b,entity_0980,train
87066822acd5137d35a2f4f3,entity_4779,test
87093e7858f34f9b30d7da93,entity_0329,train
8716534244ede823c1a64b9e,entity_0126,validation
8716bbd93eee241c960809ce,entity_2535,test
871afdad65722bc46f28b12c,entity_1988,test
871c4fc4d14b422bdbcb39f6,entity_0517,train
87254a50fe10183ba2fb65ca,entity_1299,train
8729ee94e71cf79081e650ce,entity_3680,train
87348f0834b7ff33d80695be,entity_0478,train
87455cc74a02cdb897dd0057,entity_1868,train
8745898957835caffe834d4d,entity_3902,train
87473aae90d770679eab6dd5,entity_2077,train
874a9546b276e90f990838e5,entity_0562,test
874bcf3a47fe4e73fae9ec2f,entity_1326,train
876189975d0f08b7e88eaaee,entity_2591,train
876464ee928c4b015e99fb8f,entity_3520,validation
876d0202067cff8caff24d69,entity_2742,train
87858be27954ffa28c7e756f,entity_2150,train
878a68b2708cc33d22945194,entity_4872,validation
878a7759edd37cbbb42e8abd,entity_3793,train
878ca26fb371299804b23856,entity_4220,validation
87999e7e2b05799302635fae,entity_1507,train
879d8142a3bad4b428313a4c,entity_3420,test
879f5eb04ef95202c7bd7dc4,entity_1121,test
87a19d111b36453b9cbc6a3a,entity_3918,train
87aa3aed58c6424238eb6cbd,entity_4794,validation
87abbe7be629434b3c526705,entity_0729,train
87b16e098c2adea8e8d99286,entity_2423,train
87b4fc08090401334bfc25c5,entity_3071,train
87c1f5f6fc04453bcada8c95,entity_4193,train
87c318661434a165f9177b9d,entity_1314,test
87c360c8b3e87d15f1ce2130,entity_1401,train
87cba002d0349fdd7c39a137,entity_3727,test
87ce13eaf81848836498c4c6,entity_2341,train
87d237b92a93c8a802905550,entity_3807,validation
87d6deb7dcb3ff22e0631de3,entity_1391,train
87dc92b200b452b8fb2cbffc,entity_1677,test
87df9e87850c202a14e494ea,entity_1767,train
87e05f9390423b39092e9e5f,entity_1202,test
87ebeab61d4fb4a099133b95,entity_4468,train
87ee6226393e492ecb4f514a,entity_3172,test
87eee5cd15450fb0d37fffa2,entity_2413,train
87f463bb6dc3896850877811,entity_3293,validation
87f52916c9629b769ec66c53,entity_1999,train
87feb546e679d2bd988abcaf,entity_2465,train
88046392db6364b231b8ec11,entity_4698,test
880dea4f37724267751474d9,entity_3285,validation
880e1d42c691f263ba22f873,entity_1835,train
8814bd8c4efbe5f705c39675,entity_2588,test
8815c9fdc40b75440d12a42d,entity_3081,validation
8828949a3d8fa637ff2ae113,entity_2054,train
882d8e17a0dd6b6f0ea472c9,entity_3155,test
882ef5801b2bbf635decc55a,entity_1318,validation
883a6fdde32f4c580ac8e9f7,entity_1294,train
883bae494c5d0e4be2329833,entity_3385,train
8846fbad44530974daaa2840,entity_0298,train
885ce674fc3ac28c182fef10,entity_1181,validation
885f72c6a8d57ffb8e59e164,entity_2135,train
885fec568b047343cc0add12,entity_2768,train
8860275c73b8a07e06ab2d61,entity_1559,train
8861f9ca0f0437a20cf5f2d0,entity_0095,train
88683039eb3460f061c5b66f,entity_3686,train
886920a18822cc4be290faf0,entity_0505,train
886c3aada5632ddfe9878dfe,entity_3593,train
8871518db8003d6168e840ab,entity_4863,train
88774671e0b230251e6d3486,entity_3633,train
88947b3f1f27a3d6de37dd31,entity_3338,train
889b59c2a9fe2f78dfe55fab,entity_3155,test
889ec1fa2364912f60a58cdb,entity_2556,train
88a5f6ae9db6aed6a45f0c1f,entity_1353,train
88ae39a94a4f0cf7e44aa573,entity_1929,train
88b5dd368397e12587d18fd9,entity_2546,train
88bf1f80ae9d6454d60b69fb,entity_3790,train
88c4e13c0b1777b7b3b2655a,entity_1125,train
88cfa51c823d9cf32838c36a,entity_1228,train
88d7e9dfed65668821b527d2,entity_1776,train
88e148ad2fc148745528fafa,entity_0369,train
88e5901c3a57bd6a1da97eca,entity_3256,validation
88e9186cfee34e7d1e059da6,entity_0321,test
88f85e8a3b6bae3c21b74d05,entity_1683,test
88f92a057d7c2c22b0c67cc5,entity_3217,test
8908f034944d4e33b3f88cf9,entity_0258,train
890ff63ab7a9e5442d94e8d8,entity_0309,train
8913307204a49f0845da9eb0,entity_0493,test
89166b7e5d2ac8ce290cb3c0,entity_2808,train
8918811a1b0e3b950a0be5fc,entity_1335,train
8919935eae9127dc957758d3,entity_1900,train
89275b0a3127584fbfdd9af2,entity_3159,validation
894311030a11464d8297eb71,entity_2178,validation
895463061c78b743862f8e17,entity_1551,validation
8954b42fc17c8fd042bc4f01,entity_4626,train
895596391c1a016cf629a484,entity_2539,train
8957127a33a049fbe73f01c8,entity_3199,train
8963daa406cd2b9af64ae38d,entity_2821,train
8966bef40b30d638c4828d4f,entity_2259,train
896ae5e20a865bf8bda2d5e2,entity_3519,validation
8974a024a2f36c99ca0a8832,entity_1283,train
8977161077f0a61cb13c9f68,entity_3858,train
8981d1b1cbae97596c43016c,entity_4154,train
898757f6b0a51eb558df19c0,entity_3089,train
898d0f9bde077730f3804c9b,entity_2323,test
899163eef2c09e640df791e5,entity_2589,train
89937f94d18fd9ddc93d794f,entity_0583,train
89941dab576012cf5eaccced,entity_1775,train
8995ca82c14391e7aeb3517e,entity_2919,train
89981e988be9bb15a5ef904e,entity_4653,validation
8999fa5add8159a1e52f1433,entity_4427,validation
899b189b5c72770accaa0ca6,entity_4877,train
899b911f94124bcc98919647,entity_4624,train
899c73dd56fd9dd807feba1e,entity_1170,train
89a54289df5e2d3e4a1746b0,entity_3573,train
89a7b463ffd00b6663e76e87,entity_0084,train
89b06bea51b1f36a6b79f634,entity_4034,train
89bd508abbdef95c467aaae4,entity_1831,validation
89c4a0e392da343fc6f3ac76,entity_1199,train
89c6ae8fd456a8682f1d2c98,entity_2854,train
89ca7d59fd55e62e220547a1,entity_3305,test
89ca9cb4cc50ab5ac88a0009,entity_3419,train
89cbb2d31ce9846af43fd2c3,entity_1269,train
89cde669089cf14082079a64,entity_0373,validation
89d7563881845d710f68700b,entity_1236,train
89e1c8a791e34eed0f3111ac,entity_3794,train
89e2059a9f487c4b2c27e1f2,entity_3890,validation
89e4a7ebec7deb869dbdc50f,entity_4143,train
89e79bd9728f9cbbe7d6d42b,entity_1453,train
89f7d0f11decf2dec66ebcca,entity_3637,train
89fa64c419d1f3480d7f2cac,entity_0190,train
89fbdf2eb1e0247cbda89164,entity_2334,train
89ff78dc7615b2925b55be30,entity_0397,validation
8a0021e606c34d55fc3dbe4d,entity_0183,test
8a0118cf5ba2b163ebd2de3b,entity_3941,train
8a03f05de94536e3d2db3082,entity_1405,train
8a0a50dcb92261f4c301981d,entity_1008,train
8a0daf72c1480c3b298d1da9,entity_0120,train
8a11b1b3a6db4dc861fd99f9,entity_3468,validation
8a16d2b4da3c05f9aaa7d2b7,entity_4575,train
8a1b709ffc252138cf4e5c03,entity_2294,train
8a1e27ac61fc3e3411516718,entity_2518,train
8a1fdfe49c8f79affce266d6,entity_1741,train
8a2685433aa88907fee5a2cb,entity_4845,train
8a31a7e068db5a69df93b143,entity_3746,validation
8a34d1773957282a15fdfcb5,entity_3627,train
8a39dcb94666502d516b36b0,entity_2732,train
8a50e085411f853af1d8f6c0,entity_2086,test
8a512a13515c1223fab51963,entity_4278,train
8a5419dce5ee3716c81f7e3a,entity_0262,train
8a5661ac02ae27e65143459f,entity_3782,test
8a62636a4aa444d48d485b2b,entity_4185,test
8a62e288270ce48546db4841,entity_2530,test
8a6cf0249746ebef2561f017,entity_0056,train
8a702c2fba3c8608e34c9681,entity_4519,train
8a76b8b5d66a9ce1fd2ec81b,entity_2943,validation
8a7915e63e2db78c737c8437,entity_0859,train
8a8287e53ace583c5edd2929,entity_3392,train
8a865c19b3550abef8524778,entity_2080,train
8a90c71a379988ba70825d1f,entity_3597,train
8a90f00d96eb80a664c5a3d1,entity_4434,test
8a92496f3511f7f2126a3e88,entity_3993,train
8a9853fad7e8c9b552560d3a,entity_3509,train
8aa3eab5f5defa23e6d7a55e,entity_4224,train
8aa54490959ec279d5c4fb43,entity_0032,train
8aaa74ac94a487a593b68bca,entity_0556,train
8aad260e89c3936021af0e8c,entity_0512,train
8aae467790bb9d87ea79a800,entity_4060,train
8ab1d60921c9527ea38ce797,entity_2454,validation
8ab7127dfee1e5e8b718b061,entity_2753,validation
8ac1df7f73534758b3015811,entity_3300,test
8ac5b00d56e2d574a2174095,entity_1953,test
8ad97dda4bdc24cb7c208ad2,entity_3968,train
8adc17977966921f52e2be79,entity_4175,test
8adc6fce9c740407c3f2f758,entity_3640,validation
8af05de32f64d1823aebce6b,entity_4552,train
8af0b15584596fa551994457,entity_1311,validation
8af868e6181924b1d79cf8f9,entity_2884,test
8b0146aed0d75b4b369b57f4,entity_2737,train
8b01d474c82c8d5d2961b4c2,entity_3514,train
8b06d3df32b8b714a1332d3a,entity_0519,train
8b0fdfdc082cc1971d793800,entity_1643,train
8b13aac92f85d51ed0b3fc73,entity_2155,test
8b192064aaf0b102e1f4735b,entity_2392,train
8b21a73dee7c5ea04072552a,entity_0472,test
8b222602ad4adf1231cc71b9,entity_1433,train
8b24bc3815daef9a989a5090,entity_4105,train
8b29398f2f16cb63efce4a29,entity_1172,train
8b311726477fbc9e8c1a76d2,entity_3373,train
8b3cabbd638730c3ee6fadd4,entity_3991,validation
8b40f7744a9701d6012c5236,entity_2733,train
8b447fc08826fe59a365019a,entity_2782,test
8b48b6baa978892a77969f12,entity_0856,train
8b4e000029a201b1e835cceb,entity_2217,train
8b711910a9e65c77929fd9e9,entity_1960,test
8b73d5e0353b097b541471c1,entity_0880,validation
8b7844e926e524ee33a306f5,entity_3279,train
8b7971e2d112e59d0909ad10,entity_4656,test
8b79afe4039cf6c6628bbc80,entity_1090,train
8b8064c63a370bb0dbfd63b4,entity_1323,train
8b86663f09389d62c00dff45,entity_4579,test
8b8f8d2d4a43bb7066924aac,entity_1654,train
8b98e1944afc2fa0a71ac661,entity_0001,train
8b9d9f06f66ef48a4afb0199,entity_3158,train
8ba656d4c90b5d46bda8f63b,entity_3143,train
8bad5f68109bba88386849b8,entity_2898,train
8bb31a9fbf0fc4bb7d6c239d,entity_4218,train
8bb4bf9ba8db07a62d1d7e3d,entity_1205,train
8bb6e44e5b6a66611f6e6a21,entity_4158,test
8bbcda0c4079f97f87e4b02d,entity_0954,test
8bbd510a91d4de21dffcd9e1,entity_0371,train
8bbd572386c94f2b533668b2,entity_2734,test
8bc6ae86ef0fa3c2c7cd4bfa,entity_4605,train
8bc99ece7903abcadb489ffc,entity_4779,test
8bce82eb0702e5dc1a200f64,entity_4421,train
8bd2357c3de7656e4e89ac24,entity_3134,train
8bd38c89c580560070ef4c46,entity_4763,train
8bd968cf86637f5fa210bad6,entity_1301,train
8bdb9a7ead2a3d54373431f1,entity_3908,train
8bdc596115039a4cef8f634c,entity_1255,validation
8bdc63cf74e0d5edd46abb7a,entity_2557,test
8bde21c2840f0e7faac9f6c5,entity_1282,train
8beda4a101ce4ad619371cfe,entity_3355,validation
8bef94632cb8513725075b77,entity_2329,train
8bf9692af8eddb0d55f5a906,entity_4798,train
8bfd19c71f10cdf67829a135,entity_1079,train
8c015eb65469f9ebeea332a3,entity_4619,test
8c0dbcec25254d802d7a8c25,entity_3720,train
8c0e2ef3ff28ac8baf6f1930,entity_2777,train
8c0e582184c742ac94fbdbea,entity_4907,validation
8c1d4de776133605ba00f73c,entity_3626,train
8c34796c19b7c723e3697695,entity_0320,train
8c3676579eb77639b40354b8,entity_0244,train
8c3764d16cd7a1a44a1cffb0,entity_3268,test
8c3b410e0481a1f1ae34e74b,entity_1533,train
8c3dedf088fec2e9a36d87a0,entity_1687,train
8c3f6dfe6de8f2153d96dbf0,entity_1180,train
8c448bd881e3e33bd43d9a58,entity_1347,train
8c45be1d1e36d4d85aeb6a55,entity_0660,train
8c4729abd40c998b16a51709,entity_3542,train
8c47b996774874b5bfea4c67,entity_1732,validation
8c4fadfaebf94536069716a6,entity_2482,train
8c51db55f0a3c00b8e9f8d54,entity_4607,validation
8c5fe0c257a38f6b35880519,entity_4096,train
8c62d14eb0a0dd406879d4eb,entity_0179,train
8c6a09e9fa4f320213062618,entity_3141,train
8c6baf1aeda6cf0f82e4c974,entity_1894,train
8c6fc19c43ea3f0c120bd220,entity_1994,validation
8c706afcda84f8a674384a0a,entity_2212,train
8c7d0e8274456680a8add458,entity_3199,train
8c7f9c0efbb9cd383455e770,entity_0193,train
8c82a6e6c777beab4d73a015,entity_0877,train
8c85ab1b3065bbb36a1d7818,entity_1115,train
8ca210e975ee79bb660e3b72,entity_3466,train
8ca354db614bd4516a1a73be,entity_0134,train
8cc43ec708373c28ea8fb8f8,entity_1155,validation
8cc44c0e0c5214e4a83f9227,entity_2479,test
8ccbd9d6e2b9c020932d5dd5,entity_0247,validation
8cdb5b3d0f558b988b3f6c21,entity_2233,validation
8cf27209ecf7421ac184f8c7,entity_3251,train
8cfb0bc84d03330081eb2c1d,entity_2269,test
8cff3487dec2c6883348fa0d,entity_0243,train
8d026540713d10bbd1337ef5,entity_2640,test
8d0eac659a70611d33237ebf,entity_2064,train
8d13bd812b902445f4776cfb,entity_3283,train
8d14c7138a957391de4709d1,entity_1473,train
8d15e9a55b142a64586d9365,entity_0009,test
8d1749b8188c3ac3a91695c1,entity_1819,train
8d1b59be556bc30023167fcd,entity_4120,validation
8d2103c68580e80fa43466ae,entity_3345,train
8d2de44c3a3d21aeb58d2340,entity_1094,test
8d31f9123adfdcdb6e5d74b8,entity_4029,validation
8d33b404ff84d9d1202f4ac1,entity_2265,train
8d3e76b9be5a459d548f5e27,entity_1864,test
8d49c9f9e76989d2d3945fe8,entity_4483,train
8d4fff617e6312d1aaa80a88,entity_1007,train
8d5f9bd460d59ecd4a2d0b90,entity_3089,train
8d64fc73c4ff4e680f5ae130,entity_2281,train
8d65f265086d6aa69c689eea,entity_3940,train
8d6a71e7986608cbe1f737b8,entity_3397,train
8d73048e3145d13dcc38228a,entity_4167,validation
8d77b1bae32718c26b40c3eb,entity_3489,train
8d7964169bac6ab7c6cf6e11,entity_0151,train
8d8b17c14eee1382fa25769a,entity_0585,validation
8d9b2618195501d05f59a0de,entity_3343,train
8dc2e769b92765d9ea4dcda0,entity_3575,train
8dc3620507a922c924bafc5e,entity_0602,train
8dcb77a5f5f0e59b4ee6d243,entity_0241,train
8dceb9ffe300572d2faaa99e,entity_4796,train
8dd8c62506d04012442bd9ca,entity_0679,train
8de437dbb4cb4fba9884ed87,entity_3437,train
8de98a7ba106978155e1c210,entity_2626,test
8deb55a87749e228fc2aa0bd,entity_3807,validation
8dedc62043ed5a1845d4fa0e,entity_1054,train
8e348e3f5d77dd9cfa8f9271,entity_0341,train
8e35838c7acca47e814ea7a6,entity_4594,test
8e37e821f4c0d667f066cc22,entity_0697,train
8e3897bc97f2778e82bf3e73,entity_4332,test
8e480dbe5776fe5c92f6623e,entity_4975,test
8e4aa111d716c235f7ca51c5,entity_4231,train
8e5185ea7c1c991fad24f02d,entity_0392,train
8e5226095fa6f894ef63e7c6,entity_1378,train
8e54b6855eeab6f9fa2b7fdf,entity_0936,train
8e665845d45ee143886a04a1,entity_1149,train
8e66c95deae105965c4f1c99,entity_1177,train
8e6ad502900c7c384ecc5035,entity_1699,train
8e6e4a49546fd18147788694,entity_3332,train
8e790fd887d08527edec4743,entity_3938,test
8e7fd5da3c733bf7b2d1c430,entity_1880,train
8e8cdd911102e2b8bb86b5ae,entity_0366,validation
8e9f3c68c47afa2106d974ff,entity_1235,train
8ea21650c070ec7e6eb13cd4,entity_0594,train
8eabe2d434770591439bcedd,entity_4973,train
8eb3c55b03463b2545117014,entity_1688,train
8ebfbe43d5e2faad1abfd26f,entity_2908,train
8ec82372e34ba039dc608ca0,entity_3966,train
8ec898f9012ace87d8e3c5b9,entity_2115,test
8ecfa2b9ad1754327e0bb31a,entity_4558,train
8ed0f73b0f24c5834940bfa6,entity_1605,validation
8ed170d32165f612f4ff54d9,entity_0116,train
8ed1ebe22814ce11fc2f7d94,entity_2631,validation
8ed48df437671927d57491a4,entity_0718,train
8eda33752849886a71fd9165,entity_1635,train
8ede63456bf21816ea1e1fc1,entity_0410,train
8edecdcd9f53e8eca63f680a,entity_1581,train
8ef03b4c12817ab6262e0ae0,entity_2195,train
8ef256c54b2d1f73dd7ef270,entity_0304,test
8ef5e1db00d01fbd6ab965cf,entity_1701,train
8f083a379f049a82a227b80a,entity_4092,train
8f13920c649e4d08541e0836,entity_0681,train
8f1ac2e1da48fb7b7c1a57ed,entity_1888,train
8f1c91dc44d33b2745514f55,entity_3700,train
8f1db97425ccf78781de5964,entity_4211,train
8f1fb7c982b3122c3973a4ea,entity_0494,train
8f22fe08b020a917430a9b98,entity_4743,train
8f291ff482e9356def102244,entity_4952,validation
8f2a71f339f89bb14198393d,entity_2553,validation
8f2ce4d0a61a8d6472f3bf12,entity_2863,train
8f2e942b66491561da152e09,entity_3586,train
8f353d7993e488c232a831c3,entity_2720,train
8f526a0b86841458d6468816,entity_2192,train
8f52bf68b0d170fc8d1a2c29,entity_3660,validation
8f58064b666b069f8a15e4b3,entity_3346,validation
8f5bd5a8ab89b6c759e367e5,entity_3925,train
8f5dc229c1ebed87f659a110,entity_4591,train
8f5e770184c72b0179875df6,entity_3045,train
8f63cad4ead90086776ee220,entity_2249,validation
8f63ef03ff9659a5daaaece8,entity_2775,train
8f6db53a3594b34d7b2e9361,entity_2882,test
8f70c55d314ff3d7557fbabd,entity_3875,train
8f7d3f9e9f3b95f2d8cc9a77,entity_3778,validation
8f7f6743e9434032519820f0,entity_2071,train
8f817b872aa02844c06a2c94,entity_4328,train
8f839fa58af38079b45a955f,entity_0660,train
8f8862c63197e5deffd97ac4,entity_2353,train
8fae9ffd34bce8feeb486b1e,entity_1094,test
8fafe9b3038d43824054decb,entity_0430,validation
8fca2c28f0b49a0ba3aff313,entity_2883,validation
8fce4b6aa4eb8c0fec6a8556,entity_3256,validation
8fce5c6ab88914544fd36fe9,entity_3374,train
8fd2710e3bddc6fadcd6a54b,entity_1755,test
8fe095b8405022d2f8ff0c8a,entity_3239,train
8fe32012750a701f76db2c7f,entity_2807,train
8fe51647a3e7c7afcddf73eb,entity_4417,train
8ff09d8b00516c74e6e9afb1,entity_2787,train
8ff10cbd2301983480959703,entity_3126,train
8fface81c3561c646865a410,entity_2009,train
8fffa85c8709500384fd84a5,entity_0281,train
90066e0ced96845d4177803a,entity_0106,train
9008ec9c9484c7967b39eaad,entity_4485,train
900fb5785bd94ec9d3b24272,entity_3328,train
9018d6242cc0774021d2234f,entity_1838,train
901be9b132fd0c0018c2a169,entity_4349,train
9021435b8faa979d980f87c9,entity_3767,test
902986155648cfe043564f5e,entity_2829,train
9033f9271a0f53daa4e29a5f,entity_2641,train
9039387c0be5928c21ce65e8,entity_3366,train
903a72876a4e9ebf8d1ad4df,entity_1061,train
903c21ec8039963603309e9c,entity_3409,test
903ea09335b33e3a6ab648b0,entity_2850,train
903f8c7856576fd38482df49,entity_4987,train
904212cf62e02bc35dff08f4,entity_4561,validation
9044787f529a26bd064d5f3f,entity_1231,train
905cfc283dcaec470665d08b,entity_4708,train
9069202243a018365ede9540,entity_4716,validation
907736d2a5e5854ea371544d,entity_3688,test
908143c65dacb63410421d75,entity_3151,train
9088e9e25cb55fa15fb41ab1,entity_4408,train
908eb0bab7d93dcae45bd06f,entity_2672,train
909e932b0d5b112bf56b1131,entity_1126,validation
90ab8c2cdc73ec1461948178,entity_2028,train
90af39793ea6b63c11a11568,entity_3465,train
90b1456a81c4926f13ba3e05,entity_2138,test
90b2b84cddd6ffc61eff7ea1,entity_2207,train
90c0c14d37322cdb7b674435,entity_2125,train
90c2838f6d3231e93bc3b46a,entity_3736,train
90c411726bc659dc7ecdcaed,entity_1587,train
90c6740f9a57cf14b767cf80,entity_2004,train
90c84b640a2a0aab7056bf93,entity_4212,train
90d15035455197e25ca6aa10,entity_2451,train
90d5662ecdc13e8e74f4e31e,entity_3251,train
90d6902abd197a9a52d73088,entity_0431,train
90d6daf1b04dfb7be945a839,entity_0092,train
90e63b71a200d3cfed3edf5f,entity_1336,train
90eb519684d2a7069cfc724e,entity_4438,test
9110f59a766434035a604857,entity_4463,test
91111b77f26dc720648fc2b7,entity_0668,train
9113654137c94f329e1653ae,entity_2157,test
91152ad906a9c0b08d8b5ced,entity_1466,validation
9117e033816483666c6475e0,entity_1567,train
911b4116cea4c03ebe062c4b,entity_2202,train
911f982b1df230a8c6b94a48,entity_2551,train
912117397047e87ad1983b80,entity_1305,train
91246922220b623a44248b9c,entity_2584,train
912695785348d3ec7a340000,entity_1270,train
9128d824f6cf1ae9ec2b2585,entity_3084,test
912b9e28101b8e3445ec54d2,entity_3529,test
912d388c848344a7bd31199c,entity_4596,train
912f157345755fd264b0e574,entity_1660,train
912fa8d6ad579684085d396d,entity_2484,train
9136fb3a6ef0240c8769062f,entity_0484,train
913d60721080c32c50ae5118,entity_1949,validation
9141b0bddf1cd5d3071f02ec,entity_4225,train
9143a16b53f45bcb5cae3e08,entity_1409,train
9144354cb845065bebd75657,entity_4820,train
914b2214f750b4cb1c9d28b9,entity_3521,train
914b9dd1702b888cf720a348,entity_1308,train
91521ecec05e5959914aea39,entity_3896,train
915e85438a13dc3f87872123,entity_1547,train
9170b325c8d05ca9afcf5a11,entity_0488,train
918363e817e62c5a63c83883,entity_4117,train
918557d96024b2efbdd3a83a,entity_0051,validation
9190c9c752283447218f9164,entity_0118,train
9196013bcb38d6f302d99acc,entity_3470,test
919f1421ac6155f2ebb29be2,entity_2891,train
919f9fc091e317abe4195623,entity_0023,train
91a36f003b5bdbb2cd64f8fa,entity_1099,train
91b5c4b1d9c767330ead5367,entity_4344,train
91bc614ca791bf4776cdf86f,entity_4103,test
91c24e02e54abbb717f3fdef,entity_2279,train
91c9a7259037c7046203cfb7,entity_3454,validation
91ca7ad2e0fbc5ceb448fb0d,entity_4950,train
91ce58e11d1feb4256db9c9e,entity_1902,train
91ceb32ce5ea2eefadca5836,entity_0458,test
91d3872e1c8860dbd6c2358c,entity_0289,train
91e2bf015b4072e4d6f21c63,entity_2770,train
91e453a772a0105666f9a305,entity_4604,train
91e674f14946240cdb6733fd,entity_0572,train
91eca723dbb95b5f671b1037,entity_1950,validation
91f1c918674c54d3fcc29d7a,entity_4229,train
91f30cdd37e41f59ea6d9c1c,entity_1342,train
91fbc873a758c5884194f488,entity_1222,train
920607c150096d5f8f4aef5a,entity_2432,test
920be9ac7533b18b877ac2e7,entity_3843,validation
92104bbcaaf0adaac4c65014,entity_1171,validation
921570fe2c5a395c9b3f7bdd,entity_1441,train
9224f821449d95e89bed9891,entity_2444,train
922e21620306adab4a00f814,entity_2735,validation
923fb7abece8e065defefbfc,entity_4780,validation
92424bfa50ca3e016324a99c,entity_3491,test
924e566e959d0999f5a960c4,entity_2354,train
92680818923afb91c65f4fcc,entity_0533,train
9269751145f7ec6d8cf805c8,entity_0878,train
926a9902c354c31cb5ba1a22,entity_4194,train
927609bfe19d9938a806d2c1,entity_2942,test
927700eb840dbc4e23f25f14,entity_4007,train
927988d54abf69d6aa92be42,entity_3498,train
927ae3943be3e458d12970ed,entity_2116,train
9288b17618c1356b86497200,entity_1918,train
92954184293ad6e5eb02a406,entity_0039,train
9295ab6977d7a84f031bbf05,entity_4761,train
929ea01cf138b5f34a030334,entity_2795,train
929f4afdc9234f0057a41d18,entity_0511,train
92a3068cc3c62bac63232ddd,entity_2355,validation
92a69cfae1e395cc15058af7,entity_2123,train
92a827a927705b1b6c1cf341,entity_1967,train
92ad392b087a4950083221b8,entity_2225,train
92ad76a073cee9b1f8921127,entity_2736,test
92c4ee02c4d660efc6757caf,entity_1769,train
92c4fc5aeded278f6683e229,entity_3102,train
92cd96f3b91b7db3456f210e,entity_3659,validation
92d8f636f88eb739a2c54f76,entity_1010,train
92de56f662f19ad66c618804,entity_0961,train
92e2ae1cbefc19b38c17e095,entity_0767,train
92e68aaf5a3d6d6838ba5462,entity_1503,test
92ed62c53cd5ecbdc6628ceb,entity_2709,validation
930260b96323d5354a35320a,entity_1869,test
930a5cc347c5b5569c8bc5ac,entity_1780,train
9315c12b61a176785ef7257d,entity_1292,train
9317617d0f9c9c8a8dacbd8f,entity_3344,validation
931d78bdce242be4c93fcf38,entity_3331,train
9324bded57aff7292c6a80ac,entity_0946,train
93392e8ed8a25639a5b49f82,entity_4715,train
9340b06635aa7188a9f1ea62,entity_0566,test
9343104fd64e141d75de571a,entity_2750,test
93436e9b9f7a826577f87faa,entity_1679,train
93475dbee0a6244df6dd4694,entity_2262,train
9347a3e82efc57c83b58bfcf,entity_4843,train
93542b812de79f2f639ef784,entity_3877,validation
935cb89285bbb8d540fba11e,entity_0641,train
9361a711530f965b21fffe2d,entity_3245,validation
93683c76836eb7716dd4df24,entity_4212,train
93699dc1f76b5c071db50e48,entity_4331,validation
9369cf0ca97c9c304999fb80,entity_1004,validation
936ad7277faf6acf9a55f46c,entity_1930,test
936cb0e9aa2b4d446c26af72,entity_0109,train
9373cabc201c4f8a1aff46f9,entity_0472,test
93759d5582ca17175d37081b,entity_1367,train
938503d46bc5e6155984e785,entity_0409,validation
939929088095adbd15cee6cd,entity_4271,train
93a619cb3e5f78bbc247b83a,entity_1197,train
93b07e46352e5fdb93687d7c,entity_2143,train
93bacf1c2672944c0f276614,entity_4976,validation
93bb0aae233e5bc4d7e9a89f,entity_1802,validation
93bf1339e6fe76c226d03231,entity_0479,train
93c7fac2b958f1d082ccc092,entity_3378,train
93dffd3b5582e1c22f9d6a6f,entity_3652,test
93e6420fcfe869953e5280df,entity_4637,train
93e7062e9a9335c5287d0ffa,entity_1894,train
93efb67f3a0c14b9dac8d828,entity_3508,validation
93f16012390956af5b14db49,entity_4831,train
93f8292812e8d568cbd57673,entity_3365,train
93f873a485bb232c97539330,entity_1331,train
93fb80bde80077bb3d5e74e8,entity_2576,train
93fc11bc86f55fb7eca3bf41,entity_1198,validation
93fe23d016c72fd8c98e6c4c,entity_0664,test
93feb16e01adc0fcc00d4420,entity_0461,train
9403d2ab99fd7a9e59a34d42,entity_0506,train
9406a5fe6201d66a4ac95ddd,entity_1461,train
940a8345c6f6a999218295c8,entity_0319,train
940ae143e51ebe0319c0cbb6,entity_3431,validation
9415ea0a4f7811003ead01e3,entity_3192,train
9418846affa9b1c21e7dba31,entity_3873,train
941b045a39f014c4418d3959,entity_1050,validation
94214928dab6485d5e570f1a,entity_3933,validation
9421c3f66e7fedd1a95244a9,entity_3985,train
94385aa2061482425e0d90e4,entity_3585,test
945f505bebd5a85fcc3aae3e,entity_0911,train
946938410289a00955df58d6,entity_1107,train
9473b6d61e0d2452397845ad,entity_0404,train
94745bb0af18d48d6c911576,entity_1525,train
947fee22586cab9058411748,entity_0829,train
94803b9d39edbc3518d69948,entity_1761,train
9480b4e99cef129606954f39,entity_1650,train
948989d08772d3bb4b063314,entity_0831,validation
948d6c22f9985578235c25f4,entity_2424,test
948df2c837a17fe2812917e9,entity_2793,train
949e2e7c08a06762b5fc94f1,entity_3400,test
94a83302e6d0db474b99401d,entity_3895,train
94a9699ee81decab82e07693,entity_2051,validation
94b63ff6f841c80243f9e9e1,entity_3619,train
94c200b047230ea4f57425e8,entity_1956,train
94c642b1bebbdfb4ef0b1dcd,entity_3703,train
94c65a2793ff870d8057fed6,entity_4891,test
94cef825ed3f70460cb7b0de,entity_1702,test
94db5e82f7260b1f6825d81c,entity_4659,validation
94e7885b9aed6e86d955fd03,entity_3733,train
94eaf68fe623d9de32ecad55,entity_1396,train
94ebe6d8a9cafabb2f65014a,entity_1652,train
94ee6b14d8d962bd1809e64b,entity_3892,validation
94eeb94338427d7a692ef339,entity_1684,test
94fc2a9145efbc8210e1bb48,entity_2995,test
950cc7070deb1c3780d65afa,entity_3083,train
951e6c983e1362850cd906c4,entity_1343,train
9526902c96692dbe226d1229,entity_2392,train
9534d3a7eef74d8ef267a60a,entity_4027,train
95369d6edaa02503f1adffaf,entity_0783,train
954daa32ae367c8080d220d2,entity_0304,test
9558b58c86f9080a60f93133,entity_2740,train
955c82d05cd22d7ad29c55e7,entity_0199,validation
9564ca3a452b8211c4f2bcae,entity_4767,validation
9568759516ee1c974c2f3ad3,entity_4492,test
956d09499f80534abc1b8043,entity_2707,train
9571affe10ab91d0b17111ba,entity_4799,train
9579b0df9820b8d77eb0b7b0,entity_1924,train
957cdda14b0acb1c2346cdf3,entity_4532,validation
9581115b57c10bcd2d6c59a2,entity_1329,train
9584e4ae9e0a027e022d01b2,entity_2352,train
959298254640d9be20e5ab07,entity_4722,test
959c781340325ea720880220,entity_4765,test
95a1c82f49df21b797ad95de,entity_3324,train
95a228db5f70f8dc36bb4a1c,entity_0135,train
95a3f856452b5f881539c391,entity_4293,train
95a4d8d8fe49ff1a2657e8c5,entity_2536,train
95a655dcedbd9ade69e7c34d,entity_3820,validation
95af68856e34df3b65641926,entity_0962,validation
95b8862a2f633d755ebf53a5,entity_3001,train
95c110b4b0ba4b63c3713eec,entity_2512,test
95c2597e5a5d7fed565fe41f,entity_3845,train
95c378fd47114994f965d672,entity_1081,train
95c46f6ef734bc3b42e380fd,entity_4525,train
95c4b882e241f7d317ed712d,entity_1351,test
95ce1e2574dfab2ad1efbcd9,entity_0260,train
95db72e8897d68aa4c69722c,entity_2324,train
95df3c95b4da8e79a3b268f1,entity_3244,validation
95f6b73387586fcba69b86b2,entity_0043,validation
96030ebc5b5e71dc079a590b,entity_3456,train
9608bbd296726764f8d53e7e,entity_0206,test
960a5ae16baa6d17d00d79d0,entity_1776,train
960ab589924dd8f28d9cb7e4,entity_3511,test
9611ae69100806e5081e6ee0,entity_3805,train
9615c2ac6c7887333a42b1d2,entity_4632,train
961ad975149af4ab923a3cb4,entity_2851,train
96212375cab9c891c8c7e66e,entity_2438,test
9625f22db76ed0035f5cd9c1,entity_4769,validation
962a9ce91de090f3eaf6bdce,entity_1232,train
9630270f0886e7e0854da8be,entity_2705,train
964b33f09e3bacd70fbd5ec5,entity_1472,test
964c1d6961cff5b9be8e889c,entity_1084,validation
96511b4d611270bd8b204145,entity_1968,train
96644992dc788ebdd48ab2e0,entity_3150,test
9667c758bb76012150529a8d,entity_2307,train
966a3786a1b2a822e032ecb9,entity_2544,train
966ac31b80617ac66d4990fd,entity_2372,train
967b6fff7aa605fc6f376db1,entity_1316,train
967baad7795f138048607414,entity_2789,train
967d6484e6dece330a633a7f,entity_4591,train
96842cbaa692329b383908e3,entity_4445,validation
968ee371f595948d6deea84c,entity_1248,test
96a7b63c74b3b9f5f6022001,entity_1810,train
96ad50f0b1d017266cf203cb,entity_2871,validation
96b09dff865bd4a7a7b55e57,entity_0431,train
96b37013184e4f5fb4cef7c9,entity_2743,validation
96bcefa4b76889d0f5d6b03c,entity_2583,train
96c4c70cdde9c50cd5ec3226,entity_1981,train
96cb7fc61bc210b29f0d5889,entity_2107,train
96cb935d70f1698b58a6d850,entity_2646,validation
96e66061d421a189a160917a,entity_2464,train
96f410cc4fc55bc49e5b02ae,entity_0528,test
96f5f5ac3445ddf022f0df40,entity_3722,train
96fe720dd9d94fc26dd2b447,entity_2538,train
96fe75dbe8a890f4010bb8a8,entity_3260,train
9701ede0cd06ecbc3b8e9552,entity_2532,train
9715b8bd7a7fd7d85cd3b2ca,entity_1919,test
9717a8d86b4fa783f9e0d76d,entity_4363,train
971cb7e7f482a0f2057eecf6,entity_2245,validation
9720ce234d1f3ab58e717f02,entity_0408,train
9721080e777789935b6ba8a0,entity_0862,train
97229502d38cfcf26225c2e3,entity_4498,test
972680307bb0fda7169852e5,entity_0897,train
97299b4454990f1968a75fd5,entity_0946,train
972b8225ae1ac9fa586bb305,entity_1616,train
973dc0698e6ab5e9dd2b24b7,entity_2991,train
9742b3faf3dd954e594b69da,entity_3769,train
97494ae21ddbfb10a629b370,entity_1452,train
97568612cf9f4a063aaf0b3e,entity_2831,test
976505563deb54889d2c8ee0,entity_3054,train
9765b393c0fab17f5fca2f5f,entity_0585,validation
976609bbdce7e69467232cbe,entity_0356,test
97668a98abb2ba29a1a90819,entity_1204,test
977a2caca9f738ab909cd94d,entity_0108,train
977b186a6148656b19248dec,entity_3762,train
977d5ec45cfafa9061ee7be4,entity_2701,train
978d3a9952e818d0c3a5bdc6,entity_1015,train
978dc60600f24b5732b81944,entity_1876,train
9790229b195c63c2bd3a1b93,entity_1089,test
9794da4fa4aacdb1f495cd25,entity_3657,train
9798a23a387407e014a61293,entity_3709,train
979cfdfebb3a91a1fd1c7c16,entity_4846,train
979ea793572425cc56976217,entity_1842,test
979f79db364237bf0a1a4368,entity_1271,validation
97a66336d93f0e4abfe2477e,entity_3672,train
97a83cd2ef3a6dd44c9b7c69,entity_2690,train
97a96cb436e583ecb5186b6c,entity_4600,train
97b25699d2734e6c89de1a1d,entity_3480,train
97b2b0e865926cdfc61494e3,entity_1571,train
97bb1b9ab8d50d358654c0ed,entity_2127,train
97d77964dcd71b7bd404cb56,entity_2805,test
97dbaa46e07d55d58b4bfaa2,entity_1405,train
97df042a50cea93db6a259a3,entity_1156,validation
97edca757cd9bbd9f97ebc5c,entity_2475,train
97ee83d5c48470267910ef71,entity_0615,train
97f53c0256d5802748aa2239,entity_2276,train
97f96ede8cd26e51ca306617,entity_4481,validation
97fd87972cb14f1f2cfe28dc,entity_3822,train
9805b88f73bd8c14dc0cb769,entity_2117,train
980fb0117791c6f286143f0b,entity_4468,train
98128fa7e97048f0a69f22f6,entity_3949,test
9815a94242c17dacc143895f,entity_0013,train
9819688fdb675be50a6eb514,entity_1664,validation
982c4c1d44300ef157a7b083,entity_1106,train
982fc9a4d9504efa4b9a6d18,entity_0753,train
98407c4710cd9030146d5889,entity_2493,train
9844ff8091b72d3bdce64677,entity_4516,validation
9849146d9988f1910bd06b70,entity_4746,train
98495a4e7907a27a754077c2,entity_3210,train
98498434099006030ce7ab48,entity_3412,test
9859d1dbca31622b41f864ca,entity_0344,train
9862152eb03f2debbf7cf8a5,entity_1260,train
986b87520301bf0a5cf92420,entity_2020,train
986d66613ad202346e8f1c1f,entity_3559,train
9876cc1362bc05210625a094,entity_0815,test
98774d13f5010c705d6a625e,entity_1734,test
987c1b9bd1d0f48854e0a23d,entity_1720,train
9886bdaf678de1d17f15200d,entity_1303,train
988849f40527f97f260b7521,entity_2474,train
98915cb3674f1ef73e2bf821,entity_4532,validation
98946e9fa2c1bdea750cab90,entity_0957,test
989b2e0337de06c329a8d446,entity_0966,train
989c8d4a7b0842547187f43d,entity_2585,test
98a09d60b801d892e334eea3,entity_1254,test
98a211e431cf00d52317fc09,entity_4493,train
98a909e54c751dd4d4ba566c,entity_3773,train
98adde8cf5a4022983668b43,entity_1031,validation
98b6c36a4fdd3cd95548b1ca,entity_3699,test
98c4fa4b9e54a9979877734d,entity_0112,validation
98d697f4052a31c553159236,entity_4679,train
98d7c138ac5f68d8cafae02b,entity_1252,test
98dc6fba88cd478fe6e13ee7,entity_4717,train
98dcdfd04005de5e406c6dfc,entity_3232,train
98e25680fc2963f6558f3678,entity_1915,train
98e268fd890415206d98fa9d,entity_3934,train
98f3e8918146bb997d669e83,entity_2295,train
990193cc94ed884245a2af65,entity_2235,train
990e7934b2f6bf11afa9f0ff,entity_2390,validation
990fa482ef04ff1cda640a82,entity_1080,train
991ea095a70b4c0015b194fa,entity_2611,train
9923f9fc342e4aba73a64b43,entity_1509,test
9924c7cd1837c0b5d00ee674,entity_1258,train
9925586457d3bd494375fb72,entity_4814,train
9926e9da00d0fc7b5137e33e,entity_2486,train
993585f16e4733781784c1e0,entity_1180,train
99472cdd3d2763f5db75a846,entity_2637,test
99493e5bda4d92a199d66ac3,entity_4760,train
995c6d203c1c7d6038eff5f0,entity_2174,validation
997191b8081a45d6bd144af1,entity_3374,train
998b6f1d2c76350cf177fbc4,entity_4334,validation
998ce9e97d53912631ac47d0,entity_2405,validation
9999888b272b1bc148189013,entity_3359,train
99a059c5bd1208b86b5d2214,entity_2471,train
99a5db21c3f6233cc21791bd,entity_2906,train
99b598f95416fccaa4c09586,entity_2609,train
99b669354e270caba4e931c4,entity_4267,train
99b89f076a0314dc89788a97,entity_4938,validation
99cdb29d4ac3e1c64a2b2c2b,entity_2288,train
99ce973bf848abd0640f04b0,entity_4553,train
99e00eac5ac3d5afa53155db,entity_4396,train
99f2c4d5af0a6ddaff41c118,entity_0664,test
99f6f5103c32f304ad23812c,entity_1103,validation
99f9b14319927cfa0160ba45,entity_2254,train
99f9caf3c212dd8a7c8536ed,entity_1000,validation
99fbb3d6f358522580c9c370,entity_2254,train
99ff98a01d305005790259ff,entity_1151,test
9a0c9db8b8f9f4a16d67aaa9,entity_3533,train
9a0f2338169b35b6e401b7fb,entity_2962,test
9a1d7e3e8bb4406dac94ee8b,entity_2314,validation
9a2a0372b83eab3b43804c6a,entity_1520,train
9a2e4591f09a407560463a61,entity_1233,train
9a2fc1e9ea57ec2bf279a105,entity_1148,train
9a3611cc805928e8c69e10c7,entity_1147,train
9a364c66a216dc498fb87df9,entity_1763,train
9a3f30704c997ec38ff5dded,entity_2419,train
9a3fc1341c841b0a3b108aac,entity_0267,test
9a43b873adde6185a4605bd1,entity_2011,validation
9a453833f5e1d34f7fa4a6b9,entity_1045,train
9a45fe9da6e4ccfa201f10ea,entity_0646,train
9a47acaa9fe58def66e7d257,entity_1675,train
9a48cf0ef26c4dbf0c88af7f,entity_1725,validation
9a493ac79c54bcd303a5932f,entity_0303,train
9a4950034f41017cba0749cc,entity_3615,train
9a63f47cd7cb3fe466562c98,entity_2957,train
9a669520a05af520ca00f92a,entity_2834,train
9a6863413dde322148136878,entity_1164,train
9a6c08eee1370679a2a5a83f,entity_3172,test
9a6fa7ad00de3044aff5819a,entity_0682,train
9a80d5e5bea331191ff8d75e,entity_4082,train
9a8305750044cd735a7e2baf,entity_3909,train
9a8533cee7fa37a6ab9f8c5b,entity_3144,validation
9a8564fdd368fed920c0b04a,entity_3133,train
9a8b3fd0ab89b30c683a7c68,entity_1187,train
9a90810ebc52443abbaf8286,entity_1712,test
9a94f37f1d3ce4963f87ceb0,entity_3879,validation
9a9a82285d62fed89e02b913,entity_1598,validation
9a9fb3089cb5307ebcd2fd98,entity_0503,validation
9aa11d49d5c223ae686441a6,entity_0948,test
9aa1b19dcafa61967dd496ef,entity_1645,test
9aaa59e31f51e6428fdfedfb,entity_3177,test
9ab9911bfdc4be05f7993bfb,entity_4534,validation
9aba377966ab7fe91e4519fe,entity_4508,train
9abc1f327b74118d1ac9aa1d,entity_4144,train
9ac02bc989d0f0a80c66f636,entity_0996,train
9ac82693c5bbd58246b3d929,entity_4348,train
9ad42b130fc7b4750c913684,entity_1681,validation
9ad5037c0644e20074fc8b07,entity_4258,train
9ad57d3c39439509396c58e5,entity_2171,validation
9ad686a741bcd994d471c8fc,entity_3073,test
9adb8b31326a9c2e66066ea9,entity_1183,train
9ae25679d23d8f6a7b27253d,entity_0483,test
9ae5db494b363b160a626844,entity_4305,train
9afb89fba5e2a898f9f510d2,entity_4942,train
9b0529aeb559b1aa71685012,entity_2533,test
9b0d8bc09109947c695c9921,entity_2492,test
9b14ac49c3322415dd2bb13b,entity_3612,validation
9b19988cd282e99082953cb4,entity_3942,train
9b1a2673f6e0fb20803b5f03,entity_1964,validation
9b1f34107df676dec7ddee29,entity_4858,train
9b236f91955db42cc061b7df,entity_1324,train
9b24551720cd111ca8f7d27e,entity_1956,train
9b24d41e65d83a9f8c99e02a,entity_3732,train
9b28d1c90e9ffa2178ef2208,entity_3064,test
9b3665d4bb3cb68accf6a04e,entity_2146,train
9b3e04d96f343007cea89023,entity_2526,validation
9b3f0138631414e8c26092de,entity_0827,train
9b4abf0ec61ae27f891c7398,entity_1863,train
9b56b5349e2d67ecc35be741,entity_3213,test
9b64689b47acd8e72e37f3c9,entity_1848,train
9b6529c44c0b12be512337dc,entity_3834,test
9b6543590f03172f58ce2715,entity_3936,train
9b65617709299f2eb7f5554e,entity_2566,validation
9b67e021507106eee5ad626b,entity_3255,train
9b69df2be3d124bc480c66c8,entity_0284,train
9b75c3f3b7e50b4bd61009f8,entity_4706,train
9b771829cfef5acee6b3a438,entity_1586,train
9b87742243646208d932bbde,entity_2200,train
9b93634595806a4dd6ff2977,entity_2196,train
9b93c14ffedf34aa61abd56c,entity_4075,train
9ba1f1fd0f09912b013b104c,entity_1637,validation
9ba437ea20690a7b3974155a,entity_3502,train
9ba90e27127d4d240f07885b,entity_2762,train
9ba91a4c80a706b2ecd62662,entity_1730,test
9baa3575e79ae8a2d34e08a8,entity_2724,test
9bb49f701f8660cbfeee1395,entity_3039,test
9bb79ef1ead33e4a73a35108,entity_1609,train
9bc185d5bddfa29a883a1157,entity_3220,test
9bc694fee022e79067be4fe9,entity_1556,train
9bca60334dd7c55a17ef1e38,entity_4625,train
9bcfa8bd666da9cc9170f954,entity_0094,train
9bda5d9926161bc73bf7b494,entity_3050,validation
9be2c1669e49945027a580c1,entity_1669,train
9be6ad3f546f729a5229a8e1,entity_0542,train
9be804bd42282e40705fe0ba,entity_3943,train
9bf249cf9dce2f23ef7e3344,entity_1214,train
9bf5f180c959f34e269b0892,entity_1995,train
9bf7cc059a7b1516b9a1cb94,entity_3547,train
9bf84c4822d0e4c417d1ac98,entity_2987,train
9c07a0249473e6a7a91908ed,entity_3140,train
9c0cf8a798a22766a0c7c1d3,entity_0667,train
9c181d084d254ac516e5f103,entity_2022,validation
9c27b61d9656060c43d9b03f,entity_0784,train
9c2adbdf8364fdd667f14fa4,entity_0010,train
9c2faec18becf881d51d7c6b,entity_1154,train
9c359bccfe00e5622941b8b2,entity_0692,test
9c37d42ba94fff7dc7ec92bc,entity_3361,validation
9c39a00fcfbeeee43d09f295,entity_2872,train
9c3be5264e4600059311442c,entity_1162,train
9c42dc4ce34652f9253c8f7d,entity_3372,train
9c457caecdb175d933299b0c,entity_0311,train
9c4887f3fe6e582fee2dfee9,entity_1638,train
9c49ec7c265668652eee41fa,entity_3501,train
9c4f0c2d94fc96151fd51333,entity_4184,train
9c58249d9fddd1611c077e2d,entity_2189,train
9c6685662b800404fd24b82c,entity_1150,train
9c6db86afd6e50e68820fc14,entity_1996,validation
9c751b9bd00624b79e65cc63,entity_4536,test
9c754e7f765f2342a0b17a12,entity_1997,train
9c7d87882df3094c4a3c791d,entity_4610,train
9c84337da816b7c841e05d24,entity_1375,validation
9c843eb2fbffa79290e5ef0b,entity_2173,train
9c912dcf1a80a202901231bf,entity_2644,train
9c9649c1b0b733e15d0f769a,entity_3310,train
9ca96e93defd35bcc3a1384e,entity_4713,train
9cadcc915cf498841af89466,entity_3681,train
9caf0262e8493effb5461342,entity_1009,train
9cb91728b61c77bf9e446e8e,entity_3633,train
9cc4b5ba9d313c7692a2f157,entity_3682,train
9cc6b1c854efa99113403c9f,entity_2082,train
9cd040a84f8c8b4ecf698472,entity_3208,test
9cd3483fc2c5d3d1b1ecf620,entity_3840,train
9cd433d67c68a0aa04049762,entity_1906,test
9cd78f4993a202752a03768c,entity_4884,train
9cdcdf25ec734980d4f8761a,entity_3319,train
9d096428195f1cb9f609f7ce,entity_0332,train
9d0acdd93ed1950b2343b7fa,entity_3124,test
9d104988d3a99f19a9e4f96b,entity_3714,train
9d16570203b2e0355ce6d2a5,entity_4949,train
9d19a108277943a66510b98b,entity_0097,train
9d1dd57028aff1bd9e8e6d6c,entity_0396,validation
9d1deafb352c08f40f6952cb,entity_4809,train
9d295c57cbb200d37a395c68,entity_2388,validation
9d378dbc96e9590436b081bc,entity_0265,train
9d38bf07bb39f78cba540937,entity_0333,train
9d401e3ba7e2018ae009e616,entity_2758,train
9d48d7fa32ef7040a4c96b89,entity_3885,test
9d497da33be2512d1782a32c,entity_0724,test
9d5428fc593214626ca22ded,entity_3512,train
9d55c4cac084f5f6790e511e,entity_2048,train
9d5d45f3d357cadb410fc649,entity_0951,train
9d640fe55d78200ecbdbc42b,entity_0220,train
9d7a6c37aa87f618aa22dc34,entity_1159,train
9d95accea0816174886ac420,entity_1052,test
9d97e6627060d59fd56b851b,entity_1699,train
9d9c61d35905ec718054586a,entity_0334,test
9da2099d665425bd55708e7a,entity_4261,train
9da3f5d5be5d0b5adb35de33,entity_0282,train
9da418081d94e63e4edf5d2f,entity_0805,train
9da41bef3b45b2e9d4c1b597,entity_1217,validation
9da47045cdee17713615f89a,entity_1957,test
9db26aea186629ed568e86aa,entity_4168,train
9dba7e9b6df8b80dddaea5fd,entity_3706,test
9dd06a61d24970945b79a9d5,entity_0617,train
9dd8462342745d31ac951d5d,entity_4321,train
9deb07c2406db89a4b18314e,entity_0316,train
9df88290e3ea7ba31082d312,entity_4972,train
9e07c2d7ab5d1e88645d937b,entity_1536,train
9e0c2457d3eb4fd1949c5060,entity_2702,validation
9e0eca0868415fb9a3023638,entity_4025,test
9e1bff9032dd47bf31b96eba,entity_3998,train
9e2c96cc63828e1ada8a3ff2,entity_4947,train
9e3c184e4fbcd7d8a598acf6,entity_0854,train
9e3e58a33e31ddf54b51bdae,entity_3085,train
9e3f3afda228b3c8c3026738,entity_2160,test
9e460efedaf73434f9865c71,entity_0064,test
9e49bf51675c01b68e0c6196,entity_0883,test
9e521f35979bfbdf783f1704,entity_4657,train
9e52aab3fc2fad8fe89fd03d,entity_3651,train
9e5ac557450793cee525184b,entity_1523,train
9e64b0df6fca919ba63c7400,entity_3839,train
9e663daea8b4cee1936b34b8,entity_0356,test
9e72998d15520318432fee31,entity_3958,train
9e7667656fddd96c0ebfa0ea,entity_0543,test
9e79f6f2c5a3db158143ffd8,entity_3749,train
9e7eae3224d43faa744f40d3,entity_0778,train
9e832e473841ae39859d32b6,entity_3972,train
9e84af1f5448e81c51ce392b,entity_4848,test
9e8c34b5f63a1fcb19a4a99c,entity_4292,train
9e8d6a7952f069a5fce45d4e,entity_4156,train
9e937523dc4255797817000f,entity_1149,train
9e94ab5a51594e482a98dc83,entity_2968,train
9e9574ae77c9fedebedcf69c,entity_2100,train
9e95eba2d41296bce1de25fb,entity_1537,train
9e96599a3946d12d8aadde3c,entity_2972,train
9e9e273e9dd29380ae517d83,entity_2297,train
9ea4def12a72c1790e0982bf,entity_3128,train
9eab41688fee962f56fe48c9,entity_0910,test
9eb041618116f5c11a67aefa,entity_0807,train
9eb32b88b7813705c1befebf,entity_2741,test
9ebf1c6985f53b4584493d3d,entity_1091,train
9ec427015e995fbb6b55d3b9,entity_3311,train
9eca91c3a8b5091414a4b31d,entity_2462,train
9ed1be8257683a1a019173d8,entity_1984,validation
9ed4ec72ea443b99cd45b489,entity_4638,train
9edae54d12acb4de8b644063,entity_4568,train
9ee049896d57ecd18d4ee56c,entity_3907,test
9ee96c7883b267d393bdc102,entity_2191,train
9ef3ea4f13f943b743577758,entity_1492,test
9efb0f4bb43cee91f3fbee53,entity_4917,validation
9eff6b7ecd77b798109fc437,entity_2555,test
9f01704fd021370f7be8037b,entity_1844,train
9f075edfcb91f6bc2f3f7876,entity_3901,train
9f0b0b6e44a06b17b11a5d40,entity_1006,train
9f0b5029fdf1679852e2e319,entity_2409,train
9f0ce66f3baa0b31a8bd1a24,entity_1658,validation
9f0e0c88cf0e8b1c6b6ac0d9,entity_4400,test
9f222dd28c43cc1ad563ba11,entity_2336,train
9f259d142a54ea25866574b7,entity_0009,test
9f2e39729d1fb368686e77e8,entity_4123,train
9f32e44c89a61c65c64c8166,entity_1137,validation
9f401a8b027c173407106e69,entity_4526,train
9f4679ac9fa0db73fcaba893,entity_1206,train
9f482c8cb6aad304a6d5d5a7,entity_3504,test
9f48ded7e2f876c9e805aa7b,entity_0774,validation
9f4dd0e66e6cef2b0cf10899,entity_3601,train
9f6007b31b6fac388b768c8b,entity_0340,train
9f6a58071d8db9e39302ee96,entity_4181,validation
9f6f81b91a10ae50b4293aac,entity_4775,train
9f8117b8fcb97cc4a3da4dd0,entity_0036,validation
9f86c1ee212db1fb719cf70d,entity_2668,train
9f90d8504bc1de36eb1c8b97,entity_1684,test
9f91650ebc9e166248457074,entity_0231,test
9f9190391f53d0fabb4a18cf,entity_2190,train
9f9b0e216908813616f572a1,entity_0930,train
9fa5c5a53a6ec17fa7f2f20c,entity_4669,test
9faa354a2b2ca2994c3c81f2,entity_2366,test
9faa69b3053de7a2603126cb,entity_2308,train
9fb685fc73a53150f38cca96,entity_1581,train
9fbf1e38f817b6c908346054,entity_0295,train
9fc480bd6ec2031ce84d5146,entity_3340,train
9fc5499ff6fe2b668e6b112c,entity_3942,train
9fc89f161afe3e40a1569e3a,entity_2945,train
9fca91d711b6a618570f3aab,entity_3543,validation
9fd324f703550e1eade5a8c1,entity_1980,train
9fd3d92fb635f440324a23c9,entity_0560,train
9fdb2b545a6891633e244e8c,entity_0980,train
9fdb743d49f20b56120b8f51,entity_3007,train
9fdc552fdab93bbd430ab9fe,entity_0909,train
9fe18190059707afb7d11cb0,entity_4317,train
9fe6cf94d5958d7490b20b59,entity_3797,train
9ff639e0d5f1957702315cf9,entity_0777,train
a0091850a958c5195ac4c977,entity_2216,validation
a00a0310c19c99e568066c0f,entity_4694,train
a00e06bc3c52c9e4103e2d3c,entity_0595,train
a013367ea549d7b5fc74f9c5,entity_2682,test
a014cffb2519a4cc41c4dfef,entity_2563,train
a01713e1e9756bedfe29b73c,entity_2229,train
a024c2d9e5af4788bc5a0b00,entity_2452,train
a02e12687e3859bf53b1a207,entity_1306,train
a043dd9f6cb35170965ca91c,entity_2796,train
a04b22f7cd5c70f47a90c040,entity_0425,train
a04c38930e056349dbdddd1b,entity_3157,validation
a0539ed3d82ccb16a4182fe5,entity_4156,train
a05f9fc19bb36a9acac6d4b3,entity_4937,validation
a060e1851727d36ab0f70c32,entity_4467,train
a065dba60840cc2d82d9ba47,entity_1777,train
a0662be020a12549ce34e270,entity_2673,train
a069caddae8f4fea2a276875,entity_0439,train
a06ab2e1d07f1664b7cac3d7,entity_3239,train
a07101a55407239470a31a16,entity_3924,train
a07b9eb160dcc50b7f74fc11,entity_2929,train
a0811257ab928a7b84dc7ef6,entity_0538,train
a0860d6d997597855e39862d,entity_1963,train
a08f0092d7adb6143d3683ca,entity_2572,train
a09d7730af6a1ad88f114b92,entity_4777,test
a0a3bfa1786774021b0e41a2,entity_2921,train
a0a5b59a6e3bf20b573b6f0c,entity_3734,train
a0a7250a1735e0c4cd7cea2c,entity_3097,train
a0aef8109e061a979e8d6c55,entity_0565,train
a0be08ae5005b21916ac224b,entity_0735,train
a0c6b7b956a02d33e12e037b,entity_2882,test
a0cb2267a971bf391b0a7759,entity_4842,train
a0d0503ba07691ce948c6df1,entity_4632,train
a0d37f9dc40bcef5d979739d,entity_1476,train
a0dbd2b90ee18a4a117c7d98,entity_2851,train
a0e2302d7ebc76b8009c8630,entity_0075,train
a0e67b4c736e1f954a24a72c,entity_4789,test
a0e7cf859580015678cb647b,entity_4940,train
a0eaf5c75e1d9cc4333d3bee,entity_1188,train
a0fccdcb5885a1cddab829ba,entity_0923,train
a108785c97b6d5ba6e95b94b,entity_4001,train
a10e58e80c924ed5a72bb14b,entity_4931,train
a1140a94c6d918e2100d9af5,entity_2824,train
a128a78fd261029f6f9bb9d2,entity_0726,test
a129c5ad8fdbc657a6c4261d,entity_3637,train
a12b595a1c96737829d81b7a,entity_3142,train
a12e6d006782a861ece90dca,entity_4563,test
a132d17b1d8f5fa831a5dbf8,entity_1437,train
a136db1a9aaedf85bded3c6a,entity_3174,train
a13e28beebcc8c6a53e58f59,entity_1243,test
a1423706dd4b38f480a3acce,entity_3294,train
a14363b431cd73ec4ef4b117,entity_4844,train
a1445b618c03053dae55e7cd,entity_4600,train
a14e07bf151abaaf6b3a5cec,entity_4656,test
a14e383f789be498295fd8f1,entity_0770,train
a150b42d15d016a8325358af,entity_2938,validation
a157e18898512d285dd1c1ca,entity_4518,train
a1583e52fa2e5dd09d09c5ef,entity_0559,train
a166ec89ee62ec1ca2e0e96f,entity_1170,train
a1693b835dd5e384c663396a,entity_1290,train
a174034232f63bc335e650b1,entity_4973,train
a17c3c10f898f0b34a3f7a53,entity_4719,train
a1879e8f2dca1f138545b9cd,entity_2381,train
a18a8999068933cb60f9462b,entity_0463,train
a192463ff7ddb2405be58441,entity_0480,train
a19664d5c562ed222888c2d3,entity_4359,test
a19823a22b2a72324d97f54f,entity_4461,test
a19c6e1490e9ce46230f484e,entity_4023,train
a19e02e3599b9845a21c4934,entity_3564,train
a19ffacea3ec98a50663e4a4,entity_2683,test
a1a5935d5647fa883c758c0b,entity_3720,train
a1a59ff142ee271a96b44aa8,entity_1257,test
a1abb1ace3d44b4460d3165e,entity_2223,test
a1b4ddbfc3e01722b95d5a8f,entity_4640,test
a1c09ec551aedb99082a7983,entity_4878,validation
a1c0d97ceb3d062c7cba8960,entity_4308,train
a1c1f46d5122b995d14338aa,entity_0276,train
a1d76736c6e7428fed6a2776,entity_1589,validation
a1d8a4c4028f49f489b9cd3b,entity_0902,train
a1ddd4a8eb42e7c9c4fdf304,entity_0950,train
a1e00922cbb3e4f4942596e0,entity_4669,test
a1e6291ef5ffa1bcb7f4bcda,entity_0744,train
a1ee72702e34438a9ce35890,entity_0813,validation
a1eeb10364dccd8ecb02bbcc,entity_0038,validation
a1f4ece44cab5623c5d7f18b,entity_2589,train
a1fefe955ad2c2ddfc3b5c01,entity_0673,train
a20535317264e99c7119ae10,entity_2675,train
a21a47d5371c2e111d408741,entity_4481,validation
a21bf1135cf4906668e8ef46,entity_2875,train
a2205ac600264285b1870d49,entity_4071,train
a230cebbc0e23a944017d534,entity_0228,train
a231f76dbcfb2aada9346fdc,entity_3221,train
a2426bbdff09dff7e3b76369,entity_1184,train
a24e84b066cd85a947a51c60,entity_0062,validation
a2701a64121e0f7b627ff472,entity_0707,test
a270fd3ba4ac56e64b85b472,entity_3815,train
a273282df65b2293861fffd9,entity_1550,train
a274b9359f3b23e0714c8fa9,entity_2531,train
a27baa937af2d22d09260ca8,entity_2597,train
a281c6f48de1be0fa6991f3e,entity_0363,train
a28699cf41b4834b1076fe86,entity_2667,train
a287ce5a1f1b54d8ac7c059a,entity_3729,train
a296a825db1a30c00245f4f4,entity_4147,train
a299c4cd9b69d5e7a6672ad7,entity_1041,test
a29f2d4cf206ca91c77ed6da,entity_4859,train
a2a4748d45343b7f549f526d,entity_0224,train
a2bb4a8ab9318fd096874568,entity_4424,train
a2c4ec0e0af5bfa65c281fc2,entity_0552,train
a2cbe1f1d8d9e3e1d0677e02,entity_0656,train
a2d10ac4ddf6d1d5c57512f6,entity_0956,train
a2d2a62f8cf698b21dd6bbae,entity_4281,train
a2de1e4f5aa92285507734fb,entity_0323,train
a2df2c20cda2cbf878eac543,entity_4220,validation
a2df8dfb182343a8957e67ab,entity_0479,train
a2e00160b14b02a162e5be4a,entity_0950,train
a2f05ce76ae42c0263860be0,entity_2475,train
a2f6608fbfae518526ed062d,entity_0031,test
a30a7e7064cbe1b0c7b2fac6,entity_1301,train
a30b789794077d90e5e5f4c5,entity_2595,train
a30ef8663c61526c812d7c27,entity_0086,train
a313d9c66c643805320126a6,entity_4422,train
a316753276a490e6979ff204,entity_2498,train
a318af239ecd60330c1831bd,entity_1525,train
a31b4998fb796f5c8b096217,entity_3851,train
a3201420a5f0f1696c9b94da,entity_3947,validation
a32515b652b29ec7a5936990,entity_2809,train
a325c72ad1b24798e9f22b49,entity_2018,train
a325d45755cf89c11b9e6162,entity_3568,train
a328a585b0dddf10f58367da,entity_1668,train
a32ec71d657d1fe08ae264c2,entity_4433,train
a3323ced792ff2b8da410da7,entity_1005,train
a342eed6538ccefcda038917,entity_3291,train
a3452b77ddb953c3489d71fe,entity_2840,train
a34537e87c6072b561bf9369,entity_1445,train
a347f3471fd6d90c7a062915,entity_4346,train
a3501fe299d1fc9aa5a15338,entity_2860,validation
a3502963ebadaf097539cde4,entity_1153,train
a35077585b0caa41befcda64,entity_1948,train
a3528a2eff953387cb6960aa,entity_2514,train
a35abcb0186d57e9a8a3d72f,entity_3283,train
a36b461cfda8f4b61707fe4a,entity_3920,validation
a376287967501419fbbeb712,entity_4104,validation
a3773d897e1083efa37a6cd9,entity_0929,train
a38398ed290016ab42b3fd53,entity_3732,train
a389fe67c1dd423db13ca471,entity_0743,train
a39152bc1f8c7550e8f8f20e,entity_3393,validation
a3916a3e9e5eea003cd20940,entity_1892,test
a3a0337b3ec080c5d558e9fb,entity_3590,train
a3a0d06d2e99d4eaada49dc3,entity_0818,train
a3ad335f5c4a06a493ebb504,entity_0491,validation
a3b7b3e1b1ed3fd271403af8,entity_2896,train
a3b983c39c3ec1e4b7d3fbea,entity_0208,train
a3ba68eb28cbcbff19c5a82f,entity_4675,train
a3be6f0aebff8326bf737587,entity_0466,train
a3c970753cbba6201e3aaa49,entity_0702,train
a3ca96029e75f729030ed9f8,entity_2960,test
a3d1187638385ea8cb86ce86,entity_1756,validation
a3d998a257036f3f0510b84d,entity_4480,test
a3dda96cc730b96c299a5347,entity_3835,test
a3de49d0fd84c2a1debf4b51,entity_4151,test
a3e613c611ad5517566d36db,entity_4566,test
a3eb2753147b309641db0c4d,entity_2728,train
a3ebff5b654a3044926ceed5,entity_3191,train
a3ec5ac27d19bf87cfa5dc4d,entity_4356,train
a3edec8196c1fdb757bfd994,entity_2463,train
a3f5eba80d449d69e3e57a55,entity_2253,train
a3f79e66b0c9c17447523841,entity_4037,test
a402d78961dfde142354ff85,entity_1912,train
a40310cf3948f0a519bb906b,entity_2400,train
a4095dd40793eeffb2f6569e,entity_4690,test
a40c918c9e8eb8f4f54f374f,entity_1368,train
a40fa2ec321f748b44a4ff56,entity_4449,train
a41135b81b32c69e66fdad5e,entity_3670,test
a413fe796c62927dd0263417,entity_0536,train
a414ef4849f5e4ce88b8ca31,entity_1413,train
a418635be965e044b3af7589,entity_0881,train
a41d03e6c192fb690fa9c362,entity_1874,train
a4209d79ed2a4d879b72f7dd,entity_4543,train
a43aab71d6bb5826048987c6,entity_3330,train
a44153bf588c1969d316daad,entity_3725,test
a4444cabe4591da9a8bff3a8,entity_2303,train
a45775c2b5f39df51c8801d3,entity_1566,train
a457cfd87d62ffbbaa746a89,entity_0647,test
a4678ae6338d27c7ed44b5da,entity_0687,train
a46b14e07c69db6219f928ca,entity_4771,test
a471b0a7f1d5980269e8aa16,entity_1742,train
a479d5c332db97a73249d4fd,entity_3971,train
a47cac00cbef2b04ff3952cd,entity_3339,test
a4806f1b95692afe4ebc11f0,entity_1884,train
a48c02fbc6c1c54308ef2962,entity_0155,train
a48cf33f13596aa7d23d4d43,entity_0239,train
a48d468355536b18a6f4288b,entity_4105,train
a48f274822aa5683bdac4f5b,entity_4161,train
a48f9a2c2b00e1b26bcfce7a,entity_2478,validation
a49213b970f407e225a96f4c,entity_4890,validation
a4939dbe03136aa7d3f38c2b,entity_2384,train
a494f795bbb530637287c8de,entity_4263,train
a4b42d665af86197eaa44ccf,entity_0628,test
a4c01a53c292e6bfff1deadc,entity_4024,train
a4c56c5622b25a7533798ea9,entity_2732,train
a4ebcf3b0708869fb255321d,entity_0343,test
a4ecc3da2f3255e32b7a51b3,entity_2930,train
a4eceb3be1ded8600fac8ff5,entity_2852,train
a4ed72c979977cf566856812,entity_0199,validation
a4fc834eb8415a1744c88d0f,entity_0764,train
a4fdbe232e91bc095577bb76,entity_0253,validation
a500027d4b875e00731ee1af,entity_4484,train
a503824bae33caf1867c5407,entity_2390,validation
a50f6f85ae17026b6d76322f,entity_3670,test
a51663a1bd1168ee320baa7d,entity_3817,validation
a52207c3c5a45be00bb80e07,entity_0939,train
a5255ef2afd78405629d9c6c,entity_2198,validation
a52668718d3ee6ff60d66512,entity_3835,test
a52d258e716b76159f30cf82,entity_4133,train
a52f07fa74f03a09e54d5f1d,entity_0654,validation
a5349c5c7fb22c005e18865d,entity_3289,train
a53d7195274346eefc689f48,entity_2528,train
a546abab097eb1a13a33dd34,entity_3351,train
a54b249ffeb07b0501d2e446,entity_3413,test
a54e386167064b1127ae2f02,entity_0121,train
a54f5114ce476e965cc45f23,entity_1771,train
a552820e84eb2a6c0e537a39,entity_0642,train
a553cd8b4ef672123f080297,entity_3781,train
a5542baaedd36df7c1798064,entity_4022,validation
a56a794410927150c3b32d22,entity_2591,train
a56e6fe5d94b8454fde4ccc1,entity_3263,train
a56e9897f7d112f8c04a0861,entity_1049,test
a57b85af52605cdb0acaa4c8,entity_2708,train
a57f2892a34032850a54924b,entity_1104,train
a5879207f0106c00c4d217c7,entity_3834,test
a5a42de407b3276a8bbfe5bf,entity_4725,train
a5b08146f8160289df940279,entity_1219,validation
a5b367ea31a02c96168c997b,entity_3176,train
a5b58ededf5d06d0ee58455a,entity_0526,train
a5b9bf45a16fd0dd5c0d7cdb,entity_3829,validation
a5baacf6c7f844877ee2eea9,entity_4510,train
a5c210dee5d4da8261ae7598,entity_4933,train
a5c9c4d6da693133ad7bbea9,entity_1964,validation
a5d8d09cfae4bc36b56778f0,entity_1097,train
a5f5b668a769bc624b3afa26,entity_4322,train
a607d3b3ed5df39178204b41,entity_0780,validation
a61fc45e00c0f4db9b2c5602,entity_1458,test
a6236fc8c7cb52d8f91acdcb,entity_1643,train
a6284d38acf3b236eca786ed,entity_4066,train
a62c502f5a48d54971ed1f29,entity_2209,validation
a6350128d59d34ce173f2ffc,entity_3899,train
a635a2b1fc607d740c1722ba,entity_3719,test
a6371f57a8715c4b44990e60,entity_3541,test
a6391d09ac5d163cbc043c40,entity_1493,test
a63d9bf020ff0c38b61527bf,entity_0838,train
a63eb561d51835345f83454b,entity_3174,train
a643d676b4b75494c69322d4,entity_1065,train
a64cc61132513b3b5ebf8b5a,entity_3868,train
a65f4d9e8272a12510757b25,entity_4059,train
a66b8c231bcb3a49b1fdba26,entity_0805,train
a6928ad28a1b00da2246176d,entity_2608,train
a69751a9afac99b7d151efda,entity_3290,train
a6a24f727d9d430d8fc15992,entity_2756,test
a6b6a05f15fb4f6ba4db4eda,entity_4384,train
a6bc2339d66fbbf3cab77643,entity_3721,train
a6bcbdc9959c19f8a2980b4a,entity_4860,test
a6bdafab3c7c27bafff1bb7b,entity_2689,validation
a6bdddeb96bf5561591d1f49,entity_2144,train
a6c74a0cdc51be3c927633fe,entity_2874,train
a6c81b1879f5976b4dc2e672,entity_0221,test
a6cbaaa9b0ba2268b3b5a068,entity_0762,train
a6cc1efd4e17c877f43cec25,entity_2689,validation
a6cdb6ee10d413599d55a607,entity_0027,test
a6cfab37ead9946f9c911b73,entity_3691,validation
a6d6e1e1a481f002162ebc17,entity_2868,train
a6dcbc70a2941bde20a9bb29,entity_3058,test
a6dd6d9974655f0a78b2fd83,entity_2349,validation
a6f6ebf8f621873cf5a4e4e3,entity_0104,validation
a7020cf5c601f351f4d7441b,entity_4179,test
a720d3fffd4d6bfab399dd97,entity_0678,validation
a7265c587c5532e2502ccf70,entity_4827,validation
a73338a125290bc227adee8d,entity_1610,train
a7341371fed596931e5e8943,entity_2037,train
a739ac66f087971dd4983a1f,entity_0723,train
a74ae00013ddbe7be833af99,entity_2669,train
a7569139869cc49fda6ae7b5,entity_3157,validation
a75dcb305af64aeee532a745,entity_0056,train
a762abb329129302ad3bfcff,entity_2803,test
a7714cc0a0e44a731d6b2f91,entity_2257,train
a773057e79d5de1e868095cc,entity_0146,train
a77c8135e45388e70ce29a8f,entity_3032,test
a7841b0655a532be2a533bdf,entity_3740,train
a797b8f70d48fdc34d752e64,entity_3839,train
a79b25ac915d1c888de2e262,entity_2060,train
a7b100a96da45ec7eea44139,entity_4618,train
a7b53e119ee3e2df5b197d0c,entity_3700,train
a7b8f210da8907e6049e0821,entity_1816,train
a7cf44fb9c30730f97739b14,entity_0812,validation
a7d25a10a44c2b508938d84c,entity_4213,train
a7dc041f79749fb6dac09027,entity_3071,train
a7ee1a6194c7a3480432b88a,entity_4799,train
a7f754b7eff41ef619f796f9,entity_4880,train
a7fdbf20ed71dd89cdcd5e93,entity_0174,train
a80e7dbfe102909ac1c4912e,entity_3785,train
a80e8544fd4b12b934716af2,entity_4314,validation
a81ce44e6733bb6018e6f5f4,entity_3619,train
a81f21188a08fb6c23dbeddb,entity_2499,train
a841aee6f8790dc4405542cb,entity_0310,train
a849f0d8eed3f6f3c5862164,entity_1502,train
a85c8c20e9636a67e9be8966,entity_4925,train
a8661a96ea383680be51ba95,entity_1118,validation
a86663f66455646848e92783,entity_4256,train
a8675d94c84c0100b8a26e11,entity_2907,train
a86ec1f2fac5a85671aad58d,entity_1440,train
a86f4e76d082367cb1950b75,entity_0112,validation
a887dca2abd0198f63e00b25,entity_4635,validation
a8888cf4d1dbd272d397fe3b,entity_4605,train
a88ec17d9ef5b06b2fed29cd,entity_2630,train
a88f832eae82f49457512022,entity_4444,validation
a89250d7f810df0afac2530e,entity_4201,train
a8981c84356b139816c46934,entity_3662,validation
a89f539e996c9af5ec845cea,entity_2068,train
a8c0cbd96d425d06b236948f,entity_3423,train
a8c5be223ed8f5c7c9b9ce3b,entity_4977,train
a8c626f19ba5bb13084c2915,entity_4825,train
a8cc72f719ce72212d28b50e,entity_4134,train
a8ce49a9559bf7e42d157755,entity_2490,validation
a8d50613bd08abbe99f532c7,entity_1805,validation
a8d8b4edbd7390341a1b7cd4,entity_2691,train
a8da70f54ced0f907576ba05,entity_0582,train
a8db735765f1e66ba4df284a,entity_2028,train
a8e3b5d1927f2ed938fcdc82,entity_4391,train
a8e5e6cc3ef892879941a4b6,entity_4576,train
a901f8cd22ad7bfe7d6637b7,entity_0374,train
a9075713a43706ba372468e3,entity_0455,validation
a9117789fcc9a45892d7f474,entity_3635,train
a91340e3b589e70a6db5a741,entity_4860,test
a91f68e10add63bf27c3b3f0,entity_3043,test
a9235a5f7ae3118ba64a6f48,entity_3518,train
a925d1a617c116726e55453b,entity_4183,test
a92e27ae68737824f0deeab3,entity_2889,train
a9343373aa15c608324c9f1b,entity_1209,train
a95e4a72fc3116984b473012,entity_4381,train
a963a1411ec5e98436222bb9,entity_2611,train
a96b55eea9f7d4e11112d8ef,entity_2368,train
a96bfe4f450ed48486de6cb5,entity_4107,train
a97695ab3109e6dbcd7b41ad,entity_1148,train
a98b817b922cb734d2125055,entity_2971,train
a98ee7cfbc5db2b0ff46d2d1,entity_2210,train
a9a766bfdeabdcf063112bb1,entity_3552,validation
a9ae0070f7594df50f71f6d0,entity_3288,validation
a9bd40b600416deebc909a28,entity_1511,validation
a9e0e3034fde2f5dac7c096a,entity_1322,train
a9e26e5a99b5160613573813,entity_0578,train
a9e5612d4c49759ebbb5f759,entity_0189,validation
a9ecefcadd8cb275d085a83d,entity_3042,train
a9eee0ae5ad3826fd3569365,entity_4459,train
a9f101adefd8098ec4316c12,entity_4720,train
aa0682f43c1bf5da651157fb,entity_4510,train
aa084367ba7f19550c554cdd,entity_1524,validation
aa142744098c737d79b7ef15,entity_4268,train
aa144695f05ec2da17931509,entity_1711,train
aa1d3981b6b7f2350a8f1fc5,entity_2563,train
aa238c60b115e04368fc3f18,entity_3198,train
aa2ab05ca184951a01099afe,entity_2806,test
aa32762386871f7c79a3bfa6,entity_3525,train
aa3fc506d99839ae9ff50e8a,entity_0433,train
aa48aea95dd288fc78279f18,entity_4059,train
aa4d93e47132bb18776470e4,entity_4916,train
aa4ee26d160ff244d4b8c820,entity_2778,test
aa5361a12c6e370f95c6b2e2,entity_1801,test
aa5858cef0f60c52c5b866f9,entity_1958,train
aa7573ca7178548dcefed356,entity_0087,train
aa7b4f041bd7abb36a457e00,entity_0275,train
aa87f664af4865776482aaa3,entity_1255,validation
aa88ad152ed9e95961642e14,entity_3276,train
aa8aacac3a4d006dca841e5c,entity_4211,train
aa973762ce17237da4ff5160,entity_4954,train
aab37f484e9d625cd41c9c15,entity_1379,train
aab871296cc7b1656f3bf81e,entity_0591,train
aabe063ee5730c2ab4aad448,entity_1338,train
aac841e7373cdb3d5515584f,entity_2152,validation
aaca41e3bebbeb9ec67caead,entity_0492,train
aacfde7f3e39358116586b59,entity_0677,train
aad1039f66066d7631fc48b4,entity_2760,train
aada8f1d73d0f07975a23a05,entity_0866,train
aae20d678d2875b7e515e5e3,entity_3438,train
aaf0301884130cab677327db,entity_3292,train
aaf1e8d6859a5b22b5c40ce7,entity_0927,train
aafe0eb54804232311381cbf,entity_4745,train
ab013afcd1d79f52f4e086ce,entity_0331,test
ab061cca43b8308ed29dbb7f,entity_2391,validation
ab0d6a12366cd90209a11c1e,entity_2031,train
ab15b74821ff778e86be7593,entity_1959,validation
ab197015d01108578dcabbef,entity_0994,train
ab1e7127be14195e5d2cc25d,entity_4193,train
ab203b6935fe3c54584f1d01,entity_0977,validation
ab2b66a63a1ed63f53f9856b,entity_4058,test
ab4816a38bbc0cfb3592bfdd,entity_4903,train
ab49128442ba8d82af5ac007,entity_4117,train
ab5007e30c33e49afd530d2b,entity_0626,train
ab56641faffef1ac30cbf034,entity_1443,train
ab5ed545c105a62cc0e7bdad,entity_4013,train
ab6309d440164eebef031aaf,entity_0158,train
ab6b38a658a1e3b982cc6aae,entity_1068,train
ab6bfcfedd299026d77e3295,entity_3689,train
ab73684d2c657e17642bd3a0,entity_3038,train
ab7517c81663a8e444ed321d,entity_4159,train
ab81be779263a886cf65f973,entity_2523,train
ab9565e0200814dcb665e0ca,entity_1747,train
ab95f0b731a52e39dad8bd6c,entity_1154,train
ab96eaf496cb13382b3fbc7d,entity_4938,validation
aba52dce5d02806740adad05,entity_3000,train
abad1932b9c8f6e34664b434,entity_0188,train
abbb2a1cd93bb2fef6466ff3,entity_4939,train
abc3e8d532404296a43de905,entity_0851,train
abe286f5a0be2e394a036735,entity_2995,test
abf0700a309f46a22d8494f9,entity_4291,validation
abf1da8a43afbe2855170006,entity_1976,train
abfcbed8deddcc7c8b37b677,entity_0924,train
abfe931261134b4298814092,entity_2332,train
ac02ca8a68330d64c421815a,entity_0766,validation
ac035ffd202c389bf4addc45,entity_0359,train
ac0baa623df8831e6f3a60cc,entity_1015,train
ac0c13e31e6e4ebe2a6ad0db,entity_4720,train
ac157a42ce0a64e8002f5ea5,entity_2655,validation
ac1b103a703d157c09dafd9a,entity_2234,train
ac1f45654a6da78fa27c603d,entity_1468,test
ac2772f9c176053654dcaaf6,entity_0789,validation
ac2c49d530d29aaee2ebaf39,entity_3596,train
ac309b8f143f03f606251580,entity_0651,validation
ac365481502a41f19f54550a,entity_2190,train
ac3a981943b926845809460c,entity_2776,validation
ac3c6aa444f801386303d799,entity_0132,train
ac4a5020e765e27b95528dc6,entity_2266,train
ac4db8f335417b49710804a3,entity_3869,train
ac50caa350619fb10343f61c,entity_2970,train
ac53df22bd62b05b423e2bd0,entity_0027,test
ac54a9eca596fe7300877cd5,entity_0029,train
ac57ad9e4953b15ae68f363f,entity_2843,train
ac59833274e5c240b9519796,entity_1613,train
ac5b78ca0291f462fd11d1ea,entity_4991,test
ac62373de4f3494ea5351241,entity_0659,train
ac6784feeeec2283bd96adfc,entity_1051,train
ac68dcbaa6df0b7b5395d711,entity_0363,train
ac6dc61cdf9256436bc71d7c,entity_2188,train
ac715dbe2b2a2ff98e737328,entity_1789,train
ac782bb88d3d051f686b6f1e,entity_0387,train
ac7b6cad9a154592811681f6,entity_4454,train
ac84957efb2225748d642160,entity_1877,train
ac8575910327367b7a4ec950,entity_4524,train
ac96739230214c51411ee572,entity_4165,train
ac96ad8205ffac035dd18306,entity_4189,test
ac9b9847d10b2e1f7dcded66,entity_2121,test
aca003eb36431e24cfd9600b,entity_2764,test
aca0c2985fd55f8b5be78492,entity_1845,test
acb0eabf47a44560ccdb8fbf,entity_4992,train
acb1642f01ebf4683ac24a4e,entity_4071,train
acc69e5b94bc9e4f014fc1a7,entity_0609,test
acca94f03c08e0a06ecc2e18,entity_2955,train
acd507cc79802c44e5bcafc8,entity_3353,train
acd7622e1aff9e27b77f0921,entity_2924,train
acd82ca4128ffafdf5409ddb,entity_4506,train
acdaebdf9c180550484537ce,entity_3522,train
acf34323c6e8962b8f769123,entity_4821,train
acf3458acd16bd640be91c5a,entity_4450,train
acf76090058318ea851b84a3,entity_3079,train
acfa78cda18a5bf79f3b7a9d,entity_2527,validation
ad0283047199747e22806a16,entity_1940,train
ad0335fb138cb277ccf27f7f,entity_1102,train
ad038c7007a886190324f17a,entity_4490,train
ad057903feded39030b83da8,entity_0920,train
ad0a87df16b0520b4378f294,entity_2029,train
ad0afc87b79204497e9675f4,entity_1375,validation
ad124cce8807249f06f7992a,entity_0580,train
ad12baeeb00969963d82c8e9,entity_3156,train
ad1babdef3fee4447cac074c,entity_1033,train
ad1da079a890fcc6d8a3b9c7,entity_4614,train
ad21ea5aa3d2bfe0fd8bf16d,entity_2041,validation
ad2718256ce7e6d7fb057014,entity_3257,validation
ad3643140b52ef1f5427cf07,entity_3648,train
ad3719514d6ddfa445c14518,entity_4882,validation
ad3ae78febe247a4b6a9f8b0,entity_0003,train
ad4daf3e36ab66a523fb5869,entity_0992,train
ad588afef9ccdaef6f59a31d,entity_4749,train
ad60e724c4165e98af18ce73,entity_0406,train
ad680945d39e1eb1026ca5ac,entity_2361,train
ad68b13c0edeb8c38ec9eb9b,entity_3013,train
ad6f7b522d9cf99c8441a73a,entity_1728,train
ad80dddeaeef35e3741be7e4,entity_0976,train
ad86535ebbd9c088bfdafa6e,entity_2915,test
ad9adfbc140534a26b09ee1e,entity_0323,train
ad9db85ff3f885fc4a3272f1,entity_2416,train
ada8d153859e784ac303ca89,entity_1177,train
adabbbb5c7b65069e8fcf950,entity_4389,validation
adb58dd7491caccdb337d2be,entity_4911,validation
adc075d1af38a4559f4170e0,entity_0981,train
adcad63baeed7fd60c52e5a3,entity_2423,train
adcb37d5d65215a7fdd2079a,entity_2317,train
adcc6bb6740c209e4eb295d5,entity_0046,train
adcd14c55ac7ee97ad0da3b4,entity_0159,train
adcebdae28173ad779faa852,entity_2020,train
add3fbe193fd31a43be3aa02,entity_4138,train
addb47d1edd4700c5fd84976,entity_0011,test
addc9953e00f422a1e0b582e,entity_1365,validation
ade1ca720b8663154cb94cf3,entity_1858,validation
ade4d55ac63bd8d976ad43d4,entity_1457,train
adeba3bb2fce2becaefb6132,entity_4913,validation
adf56f5f1b24a67684e8000b,entity_1419,train
adf7be1b5539ae39855658e2,entity_4393,train
ae021f790e07b8b31a5d202e,entity_4988,train
ae073f9e164abfc65c87aaeb,entity_2488,train
ae075ce86efd8a955aedc366,entity_3349,test
ae0c94badf2e1a048f0de106,entity_0252,validation
ae1f634fa4742082e2b66066,entity_2813,train
ae217e5ce5c1dc8354ace252,entity_3836,train
ae29dff73d2f72e7f887e8b1,entity_3916,validation
ae2c1777a8a070934547af14,entity_3677,validation
ae38fe6e8cc6895aefc0cb68,entity_1196,validation
ae3ae01a5d9048e6d7511242,entity_2949,train
ae481ca79f37ba724228c17e,entity_0948,test
ae4c766bff39bd620258f47d,entity_1197,train
ae4eaf867629b12bc2fccacc,entity_1203,test
ae4f3b4c8707d2b930d72ba8,entity_4908,train
ae510f302f38259022f82ab4,entity_3996,train
ae547c167005ac0a1e082bab,entity_3768,train
ae570a8461d7a87faa4766b7,entity_2691,train
ae5f3b81448f28f76d72da45,entity_4644,test
ae6141e086096149775b386e,entity_0000,train
ae7f0a8c69edf39acc566709,entity_4564,train
ae80bd71e987d48722dd49ac,entity_1434,train
ae97808aa0cbb578b8c7b308,entity_3284,test
ae9d717d6905dc00ff76f795,entity_4362,train
aea1fc7e8edbfd3a112aac21,entity_0292,train
aea4f80e88f427dcccd0b0e0,entity_2134,train
aeadfc0c2814fafdf30c4cd5,entity_2618,validation
aeb2e48ef35b3aa521c3c23c,entity_0381,train
aec221db0fe2f2c67f4cdabd,entity_4943,validation
aed2bf4ba02e1ce9657118aa,entity_4630,train
aed5b1f093a5196c7e78f79d,entity_3645,train
aedeff9f046540c3de1de9c3,entity_3602,test
aee14171af4266331a7531ed,entity_3077,train
aee4a8c7c700854da1fd913f,entity_1446,train
aeebb8f0f15775e0d7f2130d,entity_3556,validation
aeebc7a75862db0e6e0bfec6,entity_4940,train
aeeed5d80fd4f82bd3ca27ef,entity_0968,train
aef4c1828f4eff51b10c8901,entity_0855,train
aef89f002a4dd74c8e586cb4,entity_4169,test
aefd67a54f85e50ae09204d3,entity_3324,train
aefdb8089ec17c5572748332,entity_0645,train
af0d8ec248af05b558f384f3,entity_1147,train
af12f436b52d4ed76eec40a5,entity_3788,train
af196566b25f55e9bfcdef24,entity_4537,train
af1e05403ebc78de7c479bf5,entity_1415,train
af24c1b7c851e0ee66fd3e2b,entity_0161,train
af37651025d19a2852ea4454,entity_0310,train
af43dd6b17ef5b9dfd7a7152,entity_0432,train
af46454ddc9c3961dca0c805,entity_3876,train
af47f3f614f193bea4dc5c75,entity_2410,test
af4e0facdc8d3409d7e156ac,entity_4834,train
af506ca414e5e56ad283953b,entity_4087,train
af5d4847628348861c8f93c6,entity_3393,validation
af76ab76c18650a6a603a87b,entity_4945,train
af83d74d92c37ffb718df9f4,entity_2668,train
af896f7cc2e0247faccd9c61,entity_1886,train
af9f71d16b1d552108a8d9f6,entity_4528,validation
afa1a3ae99888970c996c2f7,entity_4582,test
afb5159f476a7c17fcd1566e,entity_1750,train
afb77389b1216b10bf6620ec,entity_2468,train
afb9295c8bd83f285c234bf4,entity_1190,train
afc347d3d910ddc6f7cf5b21,entity_2280,train
afc3a1b6f954e0dbd4f4f354,entity_0185,train
afcace5e2d6bef9fb653e689,entity_1603,test
afd6bdd9846833a04b654ff1,entity_3033,train
afe06429e8078f2a095c0b8c,entity_1026,validation
afe2e52e0c76bbc2f91e9264,entity_2327,train
afe5e945df01b1b14a2303de,entity_0540,train
aff11107d432908a81591d6f,entity_2290,train
affd14d25d330cce04dda7f1,entity_2923,train
b001e68b459a295d40493038,entity_2793,train
b00638c5b879c35ef85bb82b,entity_0925,validation
b008a4a4ccdb6bb5202ac2cd,entity_0680,train
b011a8029461d306b0ca5896,entity_0935,train
b016dd31afb11258277abaf7,entity_4641,validation
b020d5d8a40df975f564eb9b,entity_4009,train
b037a31d2c8d2a0b597a3a2d,entity_0393,train
b03ab8bfbe4c3bd594421807,entity_3656,train
b03c5368072b01c5af000aa3,entity_4985,train
b040e18f5a23fad0a6a2dba4,entity_2400,train
b045996c1972c74f6d8d87b7,entity_4857,train
b0522721d22d2fca87056763,entity_1808,train
b05ebcdca10990f431a1cfaf,entity_0621,test
b05ebf0691e1340a602b8325,entity_1192,test
b06c98329716fd71e54d13f6,entity_4972,train
b06ca7519b169d28c8df0cd6,entity_0156,test
b0775de3707db1dc91b8883c,entity_0150,validation
b07f1da8c91dfbcdd97e13fe,entity_4070,train
b08dfd34bef1b91c405790e1,entity_2316,train
b09818f08ad9a17f0d2ad5f0,entity_3290,train
b0981a72035ea13b1bb69d4b,entity_3779,validation
b0983f95d8571b806343174a,entity_4226,train
b09fcabfd5af76f47f0ffa9a,entity_2170,train
b0b35ded83e4c58e15ba8b12,entity_2602,train
b0b3ba5190969182d3abc885,entity_2642,test
b0b804b2e207094d459025f7,entity_3486,train
b0b86f9e612b3f1c6c22b65c,entity_2083,test
b0b8c5f5f68535b38bb2a42f,entity_1271,validation
b0bea9eb7cbc0124bba11618,entity_4655,validation
b0c12da69a185a48c9f89247,entity_2500,validation
b0c5a733105cb0a340674e06,entity_2845,train
b0c7fe9446201b90ef8f5ace,entity_4543,train
b0cb179d22f7d2b612be5af2,entity_3137,train
b0cc1041affea74eadb47c1d,entity_1260,train
b0cd0a94b58f79382074a745,entity_1150,train
b0d1ccde6d3bfde02f96eded,entity_4219,train
b0f0964c5413676d2aa8ef76,entity_2610,train
b0f15411144832724078d2cd,entity_0268,train
b0fa83c097bc7523b1ef2c30,entity_3415,train
b0fc67c1c03d0c472b3ea798,entity_2189,train
b0fd5b784bd769683d4b7f30,entity_1969,train
b103a27440a543ac35aab6a3,entity_4871,test
b103ba211d53cd3f7cae5850,entity_3389,validation
b10d2743d04e19df865be40f,entity_0978,train
b11092428aadc9d3cc8fd271,entity_4718,train
b120c47363ebf2993276ad06,entity_4054,validation
b123df4778c7edc0b97d1e5a,entity_4678,train
b1253f83eb1c8b9c2c8f06f0,entity_4237,train
b131fd73e04692cdc4ec677e,entity_3846,validation
b1342f8063158be940275220,entity_1602,train
b135152e31f767d1d3ba296d,entity_0953,train
b1380c91b9e7e9a4aaedf2b0,entity_3931,train
b148345114a8c60e54913b63,entity_1558,train
b14d13476e6e685fd465e0a5,entity_1199,train
b158cc144ae92dea6c310e57,entity_0236,test
b15b66ac5e33b27a73af133f,entity_0460,train
b167183241fdfd30dd7a3bc7,entity_1794,train
b17414ab831780a20601ed84,entity_2581,train
b1744fb77dd5c4b8ea4246cb,entity_2601,train
b1757de85d8e214d31bac0f3,entity_2802,validation
b17dfb99820fd437ab1e5caf,entity_3812,train
b183c80b5afc2479df517a33,entity_3189,train
b1840bb2ed1bac0267b58fb1,entity_2369,train
b187dc883300c22cdd0ad982,entity_3346,validation
b18a6ed232e7486490ccf14d,entity_2577,train
b19960f2797f2b98d4fecbb0,entity_3561,train
b1c6c2cd1ef9ecb809c0fff8,entity_2990,train
b1cba54c2e800ac34aff5cee,entity_0357,test
b1d0ad5d6394f4919678c019,entity_1275,train
b1d1f10ecf6a95941d7d914a,entity_0271,train
b1d55b98615b4cea968b6950,entity_0701,train
b1d90222ac16ac1641be9bcf,entity_4268,train
b1dc3df26e7071c3490975c5,entity_3536,train
b1e3857a8e6b9de9164600af,entity_4937,validation
b1e3d1e3e3d7f561cd84caf3,entity_4340,train
b1f67cfdfebbe47481152f0a,entity_1785,train
b1fe5b393dae6c9015251989,entity_0517,train
b202989408e9aa6b0ae18f6c,entity_1495,train
b20c9db82e8fce7505b26b6a,entity_3780,test
b2173ce24a3c9158cf63a460,entity_0416,train
b23544d44fc155183ac5ffe4,entity_1040,train
b24241b964203daa4d5fb8c9,entity_4583,train
b245a3fa9baa7acff91961f3,entity_2926,train
b249dd4ce70ca16605067e13,entity_1831,validation
b24d40b941bf859c30714464,entity_4197,train
b24ff3ebca4a9c5b4673cf39,entity_1112,train
b256d99a67933034fd6af54b,entity_4285,train
b262715876e86e809d7df1f6,entity_3272,train
b26717260183c592dc3ae859,entity_2467,train
b26e8c9712e457e0687b6f9d,entity_1341,train
b26f41a2a79c991a0aa555d5,entity_4507,validation
b2754ef2c6793af823be69eb,entity_0523,train
b27608dae415790d1a7fb05b,entity_4560,train
b278329ed152d22b2f5a4d8a,entity_0300,train
b27fc3e60a72181f7fc2711d,entity_3059,train
b282cd26856e042051e013e8,entity_2503,train
b28655334aa836361b4e1e78,entity_0115,test
b288bff3156336e4e510c425,entity_3021,validation
b29231f92b64b095f96eec0f,entity_4676,test
b2956478262e686e9dad4b9c,entity_1693,train
b299a138d0959dead9115455,entity_3983,train
b29bfd0c748c03bef2d44ced,entity_0649,train
b29f4128e675a07a38462647,entity_4021,test
b2a7360f8a607f1209f56ae9,entity_2213,train
b2b61ba9d2a06f2fa2009b4a,entity_1103,validation
b2bb3d641be8bdd0300ca600,entity_0674,train
b2c2ce99f97838c09a7544dc,entity_3932,train
b2df30d494381bd839f90927,entity_0711,validation
b2e28e86f599c67348450ff0,entity_2867,validation
b2ec2218e54d7b8b511b7fbb,entity_1028,train
b2ecbac80d7b7d1c67e0db5f,entity_0605,train
b2f14b7cc3621b17c473f0dc,entity_4234,train
b2f7801f3a1e4a3971393918,entity_2084,train
b2f8d909db6f09787bcad4be,entity_0786,train
b2fe0ceb5c6f47d4609c8146,entity_0582,train
b3021d62a566691295f14c03,entity_2142,train
b30a81fa117a752bbafe5854,entity_4036,train
b30e794acd7173458488bd59,entity_3599,train
b3249db7f01ac3707494b9c5,entity_3856,train
b329434acf7bca229954a97a,entity_1047,train
b32feab42e17ad9878cb8ec6,entity_0255,train
b3437924b336db5d12a52711,entity_2575,train
b34c413d747712274acca3fb,entity_3590,train
b34f25ec1393e5dd0ee19810,entity_0574,train
b34f6d16126c6c5268214cf7,entity_2813,train
b351fa04dae932921a12671c,entity_4876,validation
b35726cfb5f5b159f161d225,entity_4784,train
b36bdcb9a4c05581c99e0efc,entity_1778,train
b382dc2172a79d4335832fc8,entity_0279,train
b386a4cd3d189975b4c5647f,entity_0804,train
b38c095673c900409dece080,entity_3916,validation
b3a434b97ac61e8d6288362b,entity_1236,train
b3a59239a9ef246b20d3097b,entity_3337,test
b3a5b82dacf1a4ce2d9f7837,entity_3375,train
b3a69d02a7b3416bd32a470c,entity_3041,train
b3b496c1fa3be3b369af33e4,entity_3887,train
b3bb2a58bac1d70bf92db0c5,entity_2140,train
b3bd76d881720718df891466,entity_3946,train
b3c52b1ec17a61ab5993abdd,entity_2875,train
b3ca14316e36c9bd61a46d8a,entity_2714,test
b3d1c75b1b78330b83ec4934,entity_0591,train
b3d3d3a3c53323464a44a47c,entity_3394,test
b3daaad17f36ec718ea5a172,entity_0099,train
b3e20525bfef8e879a7b858d,entity_0001,train
b3f2caacd1c382a206618eb3,entity_1259,train
b3ff8b4b858a45346222f6be,entity_0850,train
b40380a0976d3752bf2bf8e5,entity_3938,test
b40701703c3af1f8ba192cf3,entity_0648,train
b4151f76587a7f27498b158c,entity_1504,train
b41b5ea376dc9ce7c49969bf,entity_3578,test
b4297fee242c9b59b24e9104,entity_3860,train
b42a6acc3e485b4aec3d89b4,entity_1340,validation
b4333d02cc3d3137780f4d78,entity_3618,train
b43444ab373f231638282d97,entity_1379,train
b437bcf3eff39c3e6a407ce3,entity_0715,train
b43a373cc4f734e0af3974f7,entity_4269,train
b43a7879dc9244be2190bd7e,entity_4584,validation
b443f198ed94fc3076992cf2,entity_2204,train
b44c48029117895c0c7bca93,entity_3765,train
b44d8cc3d98c1f40337c5e5f,entity_2901,train
b4542d82a20233021b1b41cc,entity_0361,train
b4558cb19e2f78afd65daaf3,entity_4569,train
b45b3a7075fcbe1d386aa4b7,entity_4958,validation
b46d5c8a3e225f1d1d3bd2f3,entity_4403,train
b47069e571585cde531683df,entity_1882,train
b471590620f4157de6409761,entity_0520,train
b471b272a3891bb99c8fc01c,entity_0792,train
b47213e9efe1bee722959b35,entity_2790,validation
b4787be98d37ec3aaf98f18e,entity_0223,train
b47a5714299ff4e6f4e259fd,entity_3823,train
b485223d3b0422caaecc5e9a,entity_3893,test
b4913538600491f4b1e0a4ed,entity_3539,train
b49398d6c1469df3a5d38bc7,entity_3658,train
b4ac1521feb2cfb571e474aa,entity_0137,validation
b4b71b72d74aba32b4201ea8,entity_2879,train
b4bcb9d02426e45ce0354991,entity_2783,train
b4bee8e60f2a2bcef2e165c3,entity_4511,train
b4c30d8e28b443ecdb56b62c,entity_1871,train
b4c709fad38be1d5fdb79369,entity_1731,train
b4cd2a329590d99a6c572410,entity_1169,validation
b4cfd7c7e4b3a59a717cd5b7,entity_0994,train
b4d2642ba3372c2bb4c3d9c4,entity_1938,validation
b4d51b3027b98f2b6fb7dd70,entity_3722,train
b4db2288faeca703b2ba21a2,entity_2818,train
b4db82ee9a67547406792a2c,entity_2321,train
b4db8a82809b87381cb7ee58,entity_4923,train
b4e14d544d12880814e08565,entity_4677,test
b4e7bfc42688e744dc739d23,entity_1466,validation
b4ea59b7a54ccbff1d207f73,entity_1078,test
b4efae2399cffa58da404089,entity_2448,train
b4f114d993f940d7c3e3ff89,entity_4665,validation
b4f2e66b336a6e7923feefa6,entity_2114,train
b4f85fad6c7662dbc6bf326e,entity_4743,train
b4fefcebe1b82c3fe47610e1,entity_0566,test
b4ffddf001e41c55692ffc43,entity_4208,validation
b502e90993bfc6bf6d082b1c,entity_4078,train
b503ba15b37e3d9ed2f1937c,entity_4867,train
b5093202c1f43e7fd073a8b3,entity_0922,validation
b50da0ee06762da42f288eb6,entity_0489,train
b51add4a130c4cfead84cde8,entity_3218,test
b5290a0345c3d260201c9e17,entity_3676,validation
b52da1de90b296e5d4b444ab,entity_2776,validation
b538ad8217550b7adf93fe36,entity_4073,train
b53ecfdf6e9e993d9566ce8d,entity_1314,test
b543b191c29cff39f5c2f625,entity_2240,train
b54e736dc31f76da07e9378a,entity_2887,train
b54ee4ef5a34be9f6edbccb3,entity_0727,train
b551be56a5cd3ab24c82b3a7,entity_2670,train
b5559609426287cd072a3e4f,entity_2406,train
b558155ebe457d1b02047e8b,entity_1217,validation
b55886a783f4ae4f7f340ea3,entity_4145,train
b55c274b9ebd856595e7cf32,entity_2637,test
b55d9953243c9914d148dbb8,entity_0857,test
b55e9922626855b182133905,entity_2263,validation
b562695343ed56edccd8d952,entity_3474,train
b56f5fa9d3b1e95db49ed39f,entity_2560,train
b5713c3ade9b10b7c8578dce,entity_4014,test
b586c2b6875c6c5932b93161,entity_1785,train
b58e9b0a4f879f4c5c0cf6d6,entity_3951,test
b59a812585767f4abd5ea11b,entity_0075,train
b5a1563e4bf9c63bcf285c9e,entity_0080,train
b5abfd9ff702db9e4122b875,entity_0816,test
b5acd30c10de43174540807f,entity_4856,validation
b5bc4fecd50ef61db578c422,entity_1866,train
b5c3d7fecfc8c0368576eb93,entity_1446,train
b5c424179602aaf489e93a8f,entity_4035,train
b5ca14d7a6846dfeadfb93cf,entity_0464,train
b5d070c07334aedb7c509deb,entity_4957,test
b5d1b3ac611ed3bf725c6d3d,entity_0776,train
b5d84c4adb143f48d28e6821,entity_0763,train
b5d9bcfc38c2ade1d3fa9f94,entity_0630,train
b5e2bbd38113fa2b5338f792,entity_2873,train
b5ea68cb23172453308b95cd,entity_0047,test
b5ee3b135c8bc99bffb461d3,entity_2636,test
b5fe5e0a8a91721b7999b72b,entity_3867,train
b600f0b0c7cffe752c06f3f4,entity_4483,train
b61814ff4372a3fc7eba3097,entity_2090,train
b61a0b3519e3a8195aa70f7d,entity_2459,train
b61bf9ae7e828a4201f15910,entity_2096,train
b626646422201d71fd72433e,entity_0237,train
b6276dc07f498cc00bace9dd,entity_0154,train
b627e0022316631b97abb99e,entity_2579,train
b628fcbacbbc6e9313c70e68,entity_1887,train
b62ad62ce59f891e3f237098,entity_4479,train
b6315b56e50470af5c5d0a51,entity_4196,train
b63ee52254ca0840e632cd5c,entity_3169,test
b649ac75c5f40b65ce9960a5,entity_1360,train
b653f1097a432ac9fb4a0b1e,entity_0384,train
b66353c118d4305808ff5379,entity_0730,train
b665e2a4b26172ddee3a1a39,entity_1642,train
b676c070285e9aa70ef0b066,entity_3440,validation
b681428951561542d9436e02,entity_0717,train
b681638e4a278df6dd84ff03,entity_2451,train
b682ab2128cd79deda88b0e8,entity_2737,train
b684768a1d2e233be50d38cb,entity_0195,validation
b687493861f672caade8d9b3,entity_4944,train
b690d82163c47f106d0080a8,entity_3479,validation
b69d8415638e0baacd956090,entity_0312,train
b69e5576278bf71c97795537,entity_1870,test
b6a71f7344c1b10a252dcd23,entity_2769,test
b6af76b15ee902130d6f0138,entity_3872,train
b6b3ab9dd52a8a1c2370e9fe,entity_4838,test
b6b89cfbe8a75b4f79baa464,entity_3320,test
b6c228520460b772c4f9e9ba,entity_2077,train
b6da57a5fc7e2ad63d3bbfdb,entity_3248,train
b6e4bbf378130e7da2e18794,entity_4897,train
b6eca1976366896fae44fe39,entity_1758,test
b6ef933b9311008d857376e4,entity_2362,test
b6efabc77127551ea04b94a1,entity_3610,train
b6f49239fe6b81687407109f,entity_4202,validation
b6f7eaac33a9ba8e0e70513f,entity_1963,train
b7001f7730a3a2a7fc592620,entity_2039,train
b701e69da01c60ca3d3ecef6,entity_1312,validation
b7040f86d8d8b092daf05dde,entity_2545,train
b725ad8212bbaa21e9b6f5be,entity_4457,train
b72a67e520c3192e443e9192,entity_3697,train
b72c84d5684d53d233b1d3f6,entity_1286,train
b732c2cb8c09e37d659658d4,entity_1524,validation
b736d02943efff6ce85658a4,entity_3057,train
b73f323c5bd675297d8a7594,entity_3247,validation
b75237d57768a519e6fd2470,entity_2518,train
b7545ab8443adf5075212354,entity_2432,test
b7623e95dfa3fcc4372f8eca,entity_3185,train
b7649c20f6a9b4171c3d472c,entity_3551,train
b7703d6c12b881115cb6cbbb,entity_2371,train
b7759b9121caa00b2d99f38f,entity_2745,train
b77737677922e3d3b7960a24,entity_0958,train
b7787fc74e79b7bac958ef8d,entity_3039,test
b788844557d8905ccc24374f,entity_3848,train
b78a8d2dc5646893b1a023db,entity_1050,validation
b78d86eaccc4d46d76916c20,entity_2940,train
b79919a7e63bb3b5d09c1c72,entity_0973,train
b79a00bacec4ac88b7fdd013,entity_3442,train
b7a1c07a9bddc24c063b6701,entity_1097,train
b7a2cb10b3fc73322934bbf1,entity_2885,train
b7a47012e858663727eea9d4,entity_0990,validation
b7af808c72e3070d98c652d6,entity_3654,train
b7ba125012057e9f385050d9,entity_1395,train
b7ba4cba4e7cf97e52c68647,entity_1361,train
b7c8c96edd4b3acaac617d19,entity_3674,train
b7cca5c9940db3ac538bd9bf,entity_0988,train
b7d14bcf6734b2588074b629,entity_0494,train
b7d24495d092d6aee2e46c51,entity_4190,train
b7d7eae2f281cc0deb00d81d,entity_1565,train
b7dc9359f62dcbc67c8f00b0,entity_1319,train
b7e109dd3f7841a37813581b,entity_4894,test
b7e5d27fa3e8f3a50377abbf,entity_0686,train
b7ea71140062c075a887f1a9,entity_3638,train
b7eb149a14585293f10c4add,entity_2711,train
b7f0f031b52e31387de78725,entity_1611,train
b7fbf5747df0be3debfd31f5,entity_4783,train
b7feac2d42ec3cb62c37afc9,entity_2231,train
b80a311b110046def9059d0f,entity_3223,train
b81714f12a0848939e68bb38,entity_4435,train
b8295d922146aad0b1cf1ded,entity_4396,train
b82acf51c034db686431c0c7,entity_2476,validation
b83e7c6545767267d0b7d571,entity_0850,train
b84f8628c3f33d7e684a7220,entity_1642,train
b8512e4af87b9c01f5a7c040,entity_2068,train
b854f998fb50e8f368b25a11,entity_1833,train
b85ad5fa38ed751d06a5a59c,entity_2393,test
b85cdcbb79d3c4e085c38e57,entity_3486,train
b8646216f7fea03d5e9cf49c,entity_4512,validation
b868312064856a9328eb25e0,entity_3224,train
b87576ed95145b51ede2e6f2,entity_1403,train
b87bb699605928ab8470258e,entity_2084,train
b87c7475f0b39335181a5687,entity_1145,train
b87d18ad78791d51dae601b3,entity_3041,train
b880aa7e2c0b7b10d0ef68b1,entity_1927,train
b885e6cdf3bbb67e86c7214d,entity_3775,train
b88c07fd2d6be01ca31732be,entity_3100,train
b88d202daf0126dee692b6f6,entity_2989,train
b88ff5c6d5db2b5bdad06ef8,entity_3781,train
b8962047c958ecc24bf4fbb9,entity_3237,train
b8a2f4f3314ebdcf39486aad,entity_3903,train
b8a76664588bb76c65a0d659,entity_4724,train
b8a9b7fcdb5c3d696109f70d,entity_4745,train
b8b2b7372a15cd0020c93dab,entity_0635,train
b8bfc497919aca3e25bbce78,entity_4376,train
b8c071b44e200b92bd36daa0,entity_2724,test
b8c41e1e3caf6166ac73ce16,entity_1531,train
b8c8fc07c206de045ddfc905,entity_4136,train
b8ce3d84a4b2954d21e39f15,entity_3460,train
b8d3b3bc96425fb48f3c290c,entity_0030,train
b8d4dd09b6e79f5ad3e20095,entity_2584,train
b8db4e59e51420a3243bc75c,entity_0900,validation
b8df5193e651bc2e59bba325,entity_0142,train
b8e34637db2f7a2dc0788a3b,entity_4746,train
b8e42776ab3bb3abdca0e5fe,entity_0093,train
b8eca3db3e8d50cd3f09e166,entity_0740,test
b8ed1e78e65bbc3372e6aed9,entity_3745,train
b8f00fbf09da9305bdf341f4,entity_2297,train
b8f024f4c939c52a53d988a9,entity_1043,train
b8f60c5eb62f94dd057f18a8,entity_1493,test
b8f73aff6537c5d7c7b27692,entity_4405,train
b9035be244a2d552527e76ac,entity_0929,train
b90f5eb812ef3a0392925d3d,entity_2847,train
b915c1bf335cdf14693adf7b,entity_4658,train
b915d5aa9c53cc64af0c5618,entity_4416,test
b91d8cbc0a5e2ea575d6a7f9,entity_4663,train
b92259fb46e0249c9fe15546,entity_1690,train
b9226e0997fd267317719db7,entity_4573,train
b930edd82c567a7a093a3e9c,entity_3224,train
b936f789339963689e22198b,entity_3303,validation
b93a7c29e688ce6c1de20b61,entity_0839,train
b93ab6cf620c0815932b7e47,entity_1602,train
b93ddf7e433526250f74ed07,entity_1486,test
b9471d4ea0beba466379916b,entity_3178,train
b94d289486002b081323000a,entity_3717,train
b959a9005222c91105f6ecd1,entity_1274,train
b961f8f2f9f3e0ab111401b0,entity_4773,test
b965b0ef8f9d0d961e5464ab,entity_3463,validation
b96ad8876ed5ff2fdc5c575c,entity_1167,train
b96f59f635290469da218541,entity_4980,train
b978957ebb88898aef880c9d,entity_3320,test
b98e45f699b179bcf4804f5c,entity_0880,validation
b994b8eb91f9f6e34a865db6,entity_1685,train
b99d4bb452a6a51f7d834b39,entity_3747,train
b9a083cc763dcca62b0654b5,entity_1644,validation
b9a25c3bdd0f1a556d0a5140,entity_0899,train
b9b4c516986bee7946415884,entity_4504,test
b9dc6e9137a82474acbee348,entity_0693,test
b9dfa6fff85a57e6baab6f3b,entity_4241,train
b9e95a7565a6fcc43fa5e128,entity_2241,train
b9ff4537f51592a266f38456,entity_2489,train
ba019086cb0db099ea4af4f4,entity_3051,train
ba04ddefbba41c6ffb520e6a,entity_2007,validation
ba0b5561b3cc33a015c41379,entity_1826,train
ba0bdd5c3d71c1351a89f05b,entity_3419,train
ba120dad85d49ae85c1e7906,entity_1276,train
ba1569aa481107390227911e,entity_0169,train
ba1831d261c10d8d2ab41d14,entity_2715,train
ba1c10c5b80a8b53b19149a4,entity_4285,train
ba1d46f0cac5700168664698,entity_1628,train
ba209b9340c5fdb63ae1f5b0,entity_2917,train
ba23145034b1d53569748709,entity_0398,train
ba2317b6bdfb01e8188e5db5,entity_4505,train
ba23a910d60dd483d0c0ca47,entity_4126,train
ba281d0f72628e05b791e341,entity_2545,train
ba29e7f329851ab0f9174e38,entity_3669,train
ba31417ec03b93295c8550eb,entity_3902,train
ba3353024f74e16e85a8d711,entity_3775,train
ba5760f179ceb673faf2a7ca,entity_3028,test
ba58259f50664066c07f3a81,entity_2417,train
ba5b5fccdaa9150430120548,entity_2057,validation
ba5ef3726d04d43efa85b503,entity_4368,train
ba604e20a9443cefc6b5bdde,entity_4336,train
ba60b33e857ac9a87e8ed7c2,entity_3369,train
ba649061d89edb72dfb6260c,entity_4402,train
ba65c1638b256cbd8274175c,entity_2110,test
ba6dc8ca22999ea25a383a94,entity_4081,train
ba6e2004ea89577faae15014,entity_2457,train
ba89ba71d9257c9a1318fd23,entity_0578,train
ba8e6248f1777cacd4739f9d,entity_4041,train
ba945d38622d9f60d3c35c50,entity_1570,train
ba951c3a2c3cfcd14d21209a,entity_2963,test
ba9c7c27c93f6322a946e261,entity_1549,train
baa8553c633b731a0a4d548f,entity_0324,test
bab40d449d3bd352c0b6ae9f,entity_0474,train
bac42279c2d922c4a0f787a1,entity_3262,train
bacbc2f47cb1e47eb45de763,entity_3107,train
bacfd4f44a493a756ca1f12d,entity_2408,train
bae144017bc6f8b048b6a97b,entity_0434,validation
bae2163b58e5e8a314537b5c,entity_2003,train
baeadef3c5f4b53753548ec7,entity_4355,train
baf4ad913924e53be82981dd,entity_1048,train
baf8f2c2b9e0e3eeff34e347,entity_2268,train
bb038eb865655bd0287db653,entity_3993,train
bb0770331e6e6f4fa9262f62,entity_1858,validation
bb13d033441e23e445e1a532,entity_2561,train
bb2e5c124d0f21d421bb6a61,entity_3666,train
bb2fb3d1d08b7d6e6ae48da5,entity_2180,test
bb353dd1e636ab9bc7520a22,entity_2886,train
bb3ff615213fdb71355325cf,entity_3012,train
bb4aa4bbb2d73dd15d26debd,entity_0752,train
bb5ab92e57a9970211e2c533,entity_1337,validation
bb5ee2fcf29f488778ea3b11,entity_3806,train
bb688910fe991d6a5f8d51d3,entity_4005,train
bb6d7d0dd6dad10b259b6ef6,entity_2289,train
bb6f724092da5436ea177a9d,entity_4753,train
bb7f1e44bb4aee9194f2bae9,entity_2349,validation
bb919919185c528a38d01747,entity_0896,validation
bb92b1b6844259a554cba379,entity_3632,train
bb9dc736981b80cb98485644,entity_4494,test
bba43e9af3fb46ead79e5b67,entity_4626,train
bba8b651a8be924f4223c7a0,entity_3472,train
bbaa95eaf79006ee9132bb4a,entity_4482,test
bbad38b3981f7f2435629837,entity_4733,train
bbb3ad16440c4f1e6a65215b,entity_1660,train
bbb9514f6054bd1554764193,entity_4223,train
bbcf01ec695d952b7e083cf0,entity_2439,validation
bbd4c296d9b5a44b67b829fa,entity_0550,train
bbdfa6c2d7a7dedec611ae54,entity_3207,train
bbe1ec99a758242b09416c8e,entity_0793,train
bbeafeb5ea83fa38b60822b6,entity_1374,train
bc15cbffeb587de3103e0a6b,entity_0325,train
bc25649225cac4cbc9f7170e,entity_1082,train
bc26bb8159b399bb28ff9d04,entity_1746,train
bc3df2a256c73969b0aeb9eb,entity_1448,test
bc48deb514daaf1f86967bf6,entity_4728,validation
bc4ad6f69e7be37b99b8a175,entity_4682,validation
bc4dcbef6a0a2bcb216a0b34,entity_4388,train
bc5d814df5ffa57143e9fbc0,entity_1856,train
bc6b3db131b93cac0471a81f,entity_0904,train
bc6d400fd2a2a5626e14ea26,entity_0277,train
bc6ed5a0f194f68e7b436b55,entity_4756,train
bc837cbf28efeb7e06fa7d80,entity_2179,train
bc89dd170cd693f1cc10fe5a,entity_4010,train
bc8cbcb1f9a8e86385589eec,entity_0564,train
bc9a7b2d4fb69486386c29da,entity_2540,train
bc9b43cc62824d526ddf1561,entity_2839,train
bc9e8049feb9bdc11c63f5e8,entity_4909,train
bcb515f5a1ad3aee0690a157,entity_1872,train
bcb5c08e0e9da095b0f13b99,entity_4680,test
bcc13f0bc9f985ad59bd9498,entity_1731,train
bcc9cf72f8ef8160ee6a1490,entity_1398,test
bcd55db74cb03d0a30d69437,entity_4209,train
bcdac89a0812b49b53aa498e,entity_0552,train
bce1322dab89182399379bf4,entity_3865,train
bce6d4b22072e7b3953b9ce0,entity_4606,train
bce95683a3216e64df03e9c3,entity_1908,test
bd0a9f21b2fa26e6b6af879c,entity_2652,train
bd0afe63138a2faf1fe297d4,entity_3809,train
bd0b0cb81e26cd53ed4a7460,entity_0410,train
bd0b14a5082efe477ff8ca66,entity_4469,train
bd0e36f26b44847f6ac13024,entity_1748,train
bd165fa39cf015cece7beac0,entity_4515,train
bd1c9dfef9c73eb35a18c63a,entity_0666,train
bd1d8d293f265b457011a914,entity_4265,train
bd1e06ac7a71379724cdc731,entity_0452,train
bd3aed8aeebe238eea1699fb,entity_0123,test
bd3d706d3918632474c94ce8,entity_1491,train
bd406289a3d40bdbbd915b23,entity_3844,validation
bd40cf2045602e7b110ee4d5,entity_4977,train
bd4dd1c1eac19a28c1669675,entity_2869,train
bd52725f5abc891f953a6d98,entity_2543,train
bd52ef4d6aebd5901434c46c,entity_2136,train
bd5477321b2252627f5380f5,entity_3342,train
bd58cec455a4b26e8d91b443,entity_3169,test
bd5b7cfd272094069f8400d7,entity_2251,test
bd5d60a792a3a4577ee16e9a,entity_0628,test
bd613096742204ab5de18e4d,entity_3794,train
bd70ff1d9fbcd382ddc41752,entity_4043,validation
bd7c739872987b89ad8b2929,entity_1215,train
bd87364f8c8699e68b7e5f8e,entity_2748,validation
bd8fdac084248f77cd0dcc2a,entity_2447,train
bd98d8da6b6cbb0fa06da755,entity_2616,train
bd99f151978286a6f4412e12,entity_0316,train
bd9b305a99d7ed6076441368,entity_0138,validation
bda0fb701dbb2950b6ef2d98,entity_4414,train
bda4fd2d5389486421145dc1,entity_4174,train
bdad77b405f389794f14c017,entity_0704,validation
bdb690f3d98d222c53573ec0,entity_2921,train
bdb7a9556488e99c2f94ed13,entity_3371,train
bdbac382569b1ca266618b41,entity_1938,validation
bdc94f57f38181030a484d67,entity_0382,validation
bdca84d90c6b7ecaca172067,entity_4318,train
bdcbe604cd48e134de1fe726,entity_4129,train
bdd0293b7b9aa0f5ddbccd70,entity_0974,test
bdd2fd359ffda3e14a4d0102,entity_1822,train
bdf09a99415050d311ddd0eb,entity_1325,test
bdf1015a2dc222825e16f512,entity_0615,train
bdf480db2db72aba6f4e230a,entity_3592,train
bdf774e5324837e060977f96,entity_2663,test
bdf9327729059a84119273b6,entity_4641,validation
bdfa100284b51e029e6665a2,entity_2606,train
be01345126997423b82c6d16,entity_2663,test
be1618bfd93f0350c5d973d6,entity_4502,train
be1672bf8501cfa2906cf39c,entity_0554,validation
be1801bbe09edc6c657a7c1d,entity_4373,test
be1b61c0657030103656406b,entity_2573,train
be1c57e54564f1531a2b7d5b,entity_1465,train
be257f076a3a81a64a3c6f43,entity_1009,train
be26a58fd8223561b52fe55d,entity_3495,train
be284e67b3990fc3152ec4ba,entity_2983,train
be2aba185873b0b785723d2a,entity_0860,train
be2afd25049e19faa8b224c8,entity_3629,test
be2f500a34c2089e62a4de92,entity_1626,validation
be36d9e86768fc654431a2c7,entity_0904,train
be37c55a5a2afc8654d4f051,entity_1889,train
be3d686cc2976854b8f5131a,entity_1719,test
be4232e8bc8ae1b3f2a9b53c,entity_3837,train
be45cd45849bad0c901e7951,entity_0512,train
be4ab83c151c1eaec36ae3c2,entity_4681,validation
be503908972c0d22144209f1,entity_1873,train
be533d924640f56ba450cf2f,entity_2442,train
be5672e2a63c68ee8fa01c06,entity_2909,validation
be5c14dfccc8ddd33063fe9c,entity_4565,train
be60b14d0731088c3f03efec,entity_3663,train
be68d803f4357660dd131f34,entity_2351,train
be7a770373f0833e2a60c7b8,entity_1631,train
be7fa0a961575f33d7f5b00a,entity_4208,validation
be950b3254c54faacf141aac,entity_2176,train
be980a6dbb1a19443dce5746,entity_3506,train
be997d1d832943d205bea05f,entity_0129,train
be9a3ceae0c52bc20305e9f4,entity_2492,test
bea3fba759171c1263614324,entity_0937,validation
bea6de1e0849a2eecaeb6a51,entity_4806,train
beab05ba2cca986adf26d16b,entity_1514,train
beae98aa5b03951e605f1c50,entity_1947,train
beb14df46dbda1135e53e7a1,entity_4793,validation
bebaa170675419da1a2cf486,entity_0058,train
bebd0c7e242bb86b86f97e9c,entity_3226,train
bebd8280ded27df64853a149,entity_3104,train
becbe67b6dfcf77cb7ae4612,entity_2703,train
becd9a58bd08d741de712e3e,entity_1982,train
bece81c2e3d5271997469835,entity_1099,train
bed01f74e2752b73cb209b5c,entity_2837,train
bed46f56b8bd5ba43bd018fd,entity_2149,train
bed47c98e734320229c913dc,entity_1045,train
bed4bf0a539b3ee966de54c3,entity_2331,train
bed684f950e968863818b5a8,entity_3366,train
bee6804aa9399e8641776446,entity_2112,test
beee1dbdd0c2121e03ccfa83,entity_4168,train
befe9d5c49c2df7a5f8045ce,entity_0537,test
bf00a9b9f2318ebd52a9a6c0,entity_2937,validation
bf0b43cc10aea673db09e563,entity_2629,train
bf0d48853629bd1bbf61540c,entity_1028,train
bf29aec91235f5b58bbb1213,entity_1213,validation
bf31a3c0c5973fb60a6f223d,entity_2881,train
bf3d7bdc73b010146318a7c5,entity_0818,train
bf3e7be64a89db8ac1038e7b,entity_0901,train
bf49844c62f3d387fd9f954d,entity_4603,train
bf4c948a9231ce7798c65bd5,entity_3545,test
bf519ad2217eca4f73930230,entity_3893,test
bf53ad6d61102559444198c8,entity_2404,train
bf5501df2fa72ecf12a4d3ea,entity_3860,train
bf58227b0204f10a133468c3,entity_3786,train
bf59e44c068fcc198cc3c9fa,entity_3505,train
bf5e96eab051b823ab5a9933,entity_3098,train
bf6001ba55e767261c6c0696,entity_0922,validation
bf62bb504d09c2890551f19e,entity_2404,train
bf712835f7e49143bfe603b4,entity_4593,train
bf79ee17e54c737cf0fbd9ec,entity_3886,train
bf7a5ebe4ad89d7daa9f84ec,entity_3002,train
bf7be0d54233eab25f61d844,entity_4684,train
bf84cbfcb2caa46ca3e72bf5,entity_4241,train
bf871574ce0696aebe0521bf,entity_1863,train
bf9d25a520bb3495cd246d73,entity_3566,test
bf9f0d830be2e463928ce275,entity_4159,train
bf9f1d7441a251167c82eb39,entity_0424,train
bfa13d0fc7f6a96739bae71a,entity_0568,train
bfa4bf76a9c3c960fb42f2e8,entity_0672,train
bfadde7c316c50789ed2e91e,entity_3190,train
bfaee430aefd5fd08cfa8aca,entity_1631,train
bfb66c14f7c639ca1d3f089f,entity_2720,train
bfb721cbd1a1c3cabb31ba05,entity_3692,validation
bfb8a99dc2d40e5869f5215c,entity_3764,train
bfbc86dc4bf930003301a94f,entity_1999,train
bfc0420569e2c89189e8e61e,entity_1656,train
bfc0a5ea6a22ff5a68561b22,entity_1057,train
bfc1ebf876993c1d847dee4e,entity_3310,train
bfc3eae289522b49ac242381,entity_0972,train
bfcbdbb03b08050997c287be,entity_2530,test
bfccbf36c9cee6ee5f100b1a,entity_3582,train
bfd41c5fbf49a8c60ed1a03a,entity_4830,train
bffe34e953fe8485a594eefd,entity_3614,train
c002a52a2c0ebe3530ea2e1e,entity_2966,test
c006bdca9000fa34f4939bf1,entity_2603,train
c00d4cae3b380fbfdf47e137,entity_0114,train
c0100835ef53c4801dd92a63,entity_3574,train
c02191f54d41c225632273cf,entity_1709,train
c0257b74df32fcc0982f58e2,entity_2402,train
c02582b6f042f9330bf20f0f,entity_4598,train
c0355640fc1242ef7de1fc2d,entity_4000,train
c03630a89dc42265f5909514,entity_1815,test
c039ddc64d7b4051b5f15ecb,entity_4300,validation
c03db85f5dbec41195d113d0,entity_2774,train
c03efe2b1e7ce05bd2578829,entity_2325,train
c04856c798604fab8acad37a,entity_0884,train
c04cd54ea63e9e86426bbfed,entity_4516,validation
c05788d8516e154e89979389,entity_4998,train
c058e021be428f888f83347a,entity_3197,test
c05c0e90eb04803e743c5203,entity_0258,train
c0651c49e7e0c5b0434fd441,entity_3448,train
c07a8a16cf3e8fed02968362,entity_3816,train
c07e7ea80c7420d4a5205b43,entity_1142,train
c082e1ddc56abca26f28987e,entity_3919,train
c08c06a019d9c7a82a57e050,entity_4539,train
c099169df8bacc7b46ed14df,entity_0761,train
c0acbf15038e65ae6ff37bdc,entity_3540,train
c0acc0bcaf1dce866b3160e7,entity_2985,train
c0ad0d1cd5d7801bfc7f8b6a,entity_1689,train
c0ca0ce03c7f622438a250bd,entity_4835,train
c0d3c256bc1feceea0f8dba1,entity_3517,train
c0d4c5696c9bec531c67a338,entity_0633,train
c0d9ddc092da98ec02956b14,entity_3261,train
c0dabbb389314a097a89af93,entity_1014,train
c0e3938941c2e5f2c1e97dff,entity_0790,train
c0f030e02f83f2fc48660839,entity_0531,train
c100de9b2d810f0662e19134,entity_0126,validation
c105a5189157025a03e01be5,entity_1241,train
c11c79b2680bc34abc6037cf,entity_1267,train
c11ce6288caa89ff70d93ec2,entity_2627,train
c12375eb102252279074f96a,entity_4244,validation
c125a2ad627533f8608343fe,entity_3484,train
c1262c5e9d9c440efb1fd7f5,entity_1646,train
c127975dbb5823d8d55a0e7b,entity_0257,train
c12f3304f168fc8d98b99357,entity_4287,train
c136ee997426171a16c3cb73,entity_0459,validation
c1398e870452603708a30217,entity_1171,validation
c13cfe1928f05a2640a8f7ed,entity_2741,test
c13f55311b210b5a0c886d76,entity_2307,train
c14dd6e79c3e2a8ec9ac3879,entity_4267,train
c150e5df3db020db5be2a755,entity_4829,train
c1580c1bece5cf8fb6c49595,entity_1223,train
c1626c77705656504925e1c0,entity_4289,train
c16478941ab69544573eb9d0,entity_1146,train
c17111dfcc2e88c9e61f642d,entity_2897,train
c176e07293a23a6d42d08c06,entity_2571,train
c1772331c93221eab92a7bd8,entity_1772,train
c177a81781f6d3d8ef0b6236,entity_1308,train
c178c70c948f398f46b0cdae,entity_1002,train
c17a00aa6462fd0b36068f96,entity_1978,train
c18b4b4efeeeafebffed967f,entity_3463,validation
c19df9ed211f6df77449024f,entity_2496,test
c1a0fa5199c20f36f54368f9,entity_3094,validation
c1a20d285ca56cc06c01af00,entity_2493,train
c1b45ea182dbfc25223cad86,entity_2798,train
c1c579a9aa982ece4939bfe2,entity_1582,train
c1c9899033cb96706a694cd9,entity_0345,validation
c1cdd4d22d9e530b350ab170,entity_0691,train
c1d2442a0553945f30088589,entity_1608,train
c1d5e548dcb0a0b4ee47406d,entity_0652,test
c1d65944354151197201b35c,entity_4418,train
c1ddcc6ba5febec10567d968,entity_0023,train
c1e474529a869a32f1c74898,entity_1800,train
c1eba3f81b88d505ee0dec1b,entity_1736,test
c1f19547b45d053ee053797f,entity_0011,test
c1f26cefb95f5d0a015dfb39,entity_2817,test
c1f41db4174519577341973b,entity_4992,train
c201f7536c93b44401c33561,entity_2301,train
c2193f29fdbc4e2a1a530972,entity_0242,train
c21b73480eb2e89b562711db,entity_1575,train
c21f0e1d154e133a5d19107f,entity_3338,train
c2267f7a5f5b7ce6e334c58f,entity_1725,validation
c2363414849a20ac6c1c9439,entity_3096,test
c2381b77d3a1f810448dd09a,entity_1041,test
c251f5a5c5db774e2b2079b1,entity_0012,test
c263b5559e10a404c1de50dd,entity_1352,train
c2673a88171807344865ccb5,entity_1928,train
c26da5a01b79614c6ef8b5bb,entity_2897,train
c26e971d29dd0b168e8bcc21,entity_0960,train
c27c7c002cb166d90be9ae12,entity_3904,test
c28172cbf5ea9c954523b85b,entity_0797,train
c285c1e729be177696a98780,entity_1086,test
c287ec2dbe4d39d2aba39235,entity_2348,validation
c2977bc8ebb11e4ae5fc1bb2,entity_4214,train
c298dcfc2c30ed3e6bfcc82b,entity_4095,test
c2993f0cccbc5aee62f9fcdc,entity_2330,train
c2b2581287d4e49df4b7a820,entity_3370,train
c2b4f5faed58c9e15d736881,entity_0797,train
c2b6237024f25d4daa890a96,entity_0443,train
c2b9678ff236df6e4aedd5db,entity_1691,train
c2bd04c71f05f2eb2a46456e,entity_4176,train
c2c44c4fc8fb7da47b67df52,entity_3028,test
c2d0471f547a4ea6d262fa1b,entity_3321,train
c2da1fe089417ac488da954d,entity_0333,train
c2de12f703494f39e46c10b3,entity_2636,test
c2e77303afe4aaea17fdfd06,entity_2277,train
c2e9aa24a33a0229184bd566,entity_0147,validation
c2ed7aee2176fe67b0019e71,entity_3567,train
c2f122577dd02dab93df4bc9,entity_4651,train
c305a2befb83aeb9a9c86540,entity_4667,test
c31c3c635b79ff628f6f35a6,entity_2853,train
c3212a339f3189911bbe719b,entity_3798,train
c3275ab1262e91ba6129df02,entity_4028,train
c327cffb5dfcdbef3cad5d93,entity_3136,train
c32a0d6f6f4d61c249112f25,entity_3906,test
c32adca19fede4ac04cb78de,entity_2312,train
c3313c1ada13041abc39f153,entity_0862,train
c337594e09316713809affa3,entity_0863,train
c3406245f676e2c9574a17e4,entity_4729,train
c343cab7981fbbb7febd14ef,entity_1185,validation
c343f80cfc3025a652c52bfd,entity_0930,train
c349159771c97f1de2eee3d6,entity_0688,train
c3492112ce154fb29c36e79f,entity_3333,train
c34cbbe31475d9d4d7ba8d03,entity_2443,train
c3608ce954b82904aa551774,entity_4782,train
c3660515bf4d1f8d9989af62,entity_1023,train
c369d8b4620b04d07dbf2056,entity_4392,train
c36beb8fa3434f9663a6c795,entity_4563,test
c370f6b11b41b7b9bb8ac315,entity_0699,train
c372fe9550e9d2a875b2ba68,entity_0535,train
c374af3953c040858780bff5,entity_1726,train
c37d0fa1d6a77517daaf9eda,entity_1729,train
c384840e8a844e744fb19a3d,entity_4599,train
c38c3e5c9540eb0da946d035,entity_4325,validation
c391b8d92ec2a4dbfa6628d8,entity_1106,train
c392cd42e811f8ead7c00e55,entity_4567,train
c3a5b78c8a6f177f9942ae23,entity_2441,train
c3ab56069c12644cf18a9f3b,entity_1716,train
c3abc4d4f53ca4184102ea38,entity_0597,train
c3b129ae9d8470828675b3f1,entity_0341,train
c3d1a33e86e3b75abadd8937,entity_2704,validation
c3dfd77176a31c2600ced57d,entity_0496,train
c3eab733a67001d6bd03f674,entity_4441,train
c3f7ef1205f33b6610321c8b,entity_0140,train
c3fc18baf8b6752a0b55b029,entity_2133,train
c4091eec4038d3a94599d09e,entity_0917,validation
c40df9ebd9d4bdfff3993d0c,entity_0485,train
c41ac7463ba132efe5e346d5,entity_1919,test
c41e1e836b26ae708ea4b56d,entity_1352,train
c42175c4bb9b58a37deeea24,entity_3799,train
c42f205793e6acb9b0e301cc,entity_0291,train
c432def1c27467124d01fff8,entity_4203,train
c4466e4b67007f81ea8597bd,entity_4273,train
c44ae24c6343f90c8e0b9c9a,entity_4889,validation
c45429942201ac2db2b1b4a7,entity_2378,train
c457649baa2ea45ae20a3f4e,entity_2505,train
c45fc56996d2286a692bceee,entity_4255,test
c46624cbc6e691e2bb21c3b1,entity_4474,validation
c47cc85efc8d4925effda7fd,entity_1256,validation
c47f08e17bd191f7d6329bb9,entity_2126,test
c4869a17df8a1ade46ae8aee,entity_0509,train
c48a19b6089d1515fcf25d3e,entity_3380,train
c48ac848478493b728fd949e,entity_0665,validation
c4969c2dc0241c40cc441432,entity_0859,train
c497289738bac2a7629f5613,entity_2085,train
c4986ef75d303eb237bc07ba,entity_2889,train
c4a035fae0575a0d868cf8b8,entity_4642,train
c4a67d585c50aa5c3443aeb1,entity_3636,train
c4ba54423575818e35ebe75d,entity_0751,validation
c4c3c34ec7019b69b70d3386,entity_4501,train
c4c40e7c5228a2011d150ac9,entity_1117,train
c4cc43cf1380b48a3f3c1e0b,entity_2458,train
c4cdbea9914a1006a0fbd62c,entity_3228,train
c4d2563ef277d3a2995f1723,entity_3880,train
c4dd74cc959bc77607a63c27,entity_4569,train
c4ddd785189b3bb96d8ba4f4,entity_0221,test
c4e41155881fddb578e1cb0a,entity_4634,validation
c4e501919350423c0b344ec2,entity_1798,validation
c4f4459a549d78b66102874a,entity_3698,train
c50b721e903754f5b83fc7e1,entity_1690,train
c51b383f38dc4842636b1bda,entity_3458,train
c520a99d58d49a076e5bd26f,entity_0024,train
c526bf0fce14727db12bcb61,entity_1968,train
c52a5adcadb9c61e0791eb6e,entity_4839,train
c52caf636bef5918e831e6b7,entity_0277,train
c53099b7127e9e27a17f8b3b,entity_3447,train
c5354b2824df14eb6e093df7,entity_4192,train
c535b53f104e02442401b5fb,entity_1586,train
c53736a820dbc41adfce0d99,entity_2835,test
c5394f5c17bebbe7e7bc6b2c,entity_2343,train
c53ba7d42ab66d5622c06595,entity_1979,train
c541c097f0c3de71568d275e,entity_4444,validation
c5431c1aea353f9e07557454,entity_0443,train
c54d495f7c408e5e636a3187,entity_1453,train
c55547876ded4a0f6f972e79,entity_4260,test
c565722330280145967b3f3c,entity_3709,train
c572dbaabeb7b8fcbcc725dd,entity_2751,train
c58103b5eb3baa504ecbf211,entity_3196,train
c586c3c9bd85b3c005396a19,entity_1039,train
c58b0ebc9bf5a69dc8ff101d,entity_2309,train
c58d51f0351f04c4f47ba202,entity_4110,test
c596e89c37df216ba09c85d0,entity_2318,train
c59a24f7e9813a4b3e8d6d8f,entity_1744,train
c59d3c7c9c276916d887c937,entity_3399,train
c5a00ba9b5818ababba6bc92,entity_2063,train
c5a25bc8bf88709b84691bbd,entity_1455,train
c5a3fc5185dcba3c300ad66e,entity_4615,train
c5a4de7dddcce5987e3811dc,entity_2119,train
c5a9d537c30cedaf347c157d,entity_0887,validation
c5afaffb577b82204377ecab,entity_0096,validation
c5b05a11572ea5a891b8068d,entity_3066,validation
c5b6a5050e83edb1256d81c6,entity_2088,train
c5b77a8b2b57cea5cca8155b,entity_3308,test
c5b8d698238d8105af39195b,entity_4484,train
c5bb4e2a57ba9b3a7b0793a4,entity_4692,train
c5bccbdebedd2df42df52a7f,entity_4172,test
c5c0bee7770e9ad9c57765ce,entity_4495,test
c5c46e4704f2bcb23f27082f,entity_2266,train
c5c678cb7cd5f9e4324fc608,entity_0593,train
c5cab2845d0fbccdc3d55873,entity_3881,train
c5cc0ffcdb76d46d40d77625,entity_4184,train
c5d13d07791103911cd5a712,entity_1758,test
c5d545aa88b4913630b09db3,entity_0886,train
c5dccf270c6aaa122645b722,entity_4932,train
c5f0d06ad35df4cb5042fb8d,entity_1697,train
c5f2b8f68c5497a4c2940b0c,entity_4650,train
c6016af510fab80020fe5cb7,entity_3740,train
c6076a324bac96700b5c5d90,entity_4251,train
c628802fe4a64ad8bc11de2d,entity_0889,train
c62890960cf6ffbb61e8b566,entity_1899,validation
c6454dfaf8e81f6a1ab827f4,entity_4512,validation
c646348fa24c9003210b769c,entity_3647,train
c64c9b4629415ac54b6ceb2f,entity_2541,test
c65163da80abf8226bc73cab,entity_2363,train
c657ed92f583fe7e53092619,entity_3033,train
c65cbdd2e989b8d62e93707c,entity_1307,train
c65f2d8a40485f8a60af69fc,entity_1707,train
c6620de90997981da133fff6,entity_3018,train
c67153f82654a8a37ecd1cbc,entity_1104,train
c68de1c833ad95f10a570f2c,entity_3768,train
c693784fae8b98d68440a9bb,entity_3567,train
c6944fab8f828ffec0a12565,entity_3409,test
c697ca7c416ce2e91776d894,entity_0865,train
c699dd7350e739aecf43e4f1,entity_4383,train
c69f2cf13f67bbb05dc8ee86,entity_0278,train
c6a707e15e24a6a5a0b0278c,entity_3858,train
c6a77685ed7851e0411a5877,entity_1985,validation
c6b7c48a25356eb4ef57b9a9,entity_2065,train
c6ba168322b7cc5d2ed4cacf,entity_2016,train
c6c4d89a0aecaa3ffbc12312,entity_0117,train
c6ce20ae255edf0c4c51304e,entity_0067,test
c6d607b472e8b1dd3dccb386,entity_2979,test
c6e00fbd534ccb0ea654e64f,entity_2497,train
c6e5b9f24e68f66df9f4e9c8,entity_2274,train
c6ecf1be55d959aeadf85e64,entity_1686,train
c6f5e4c18d7b8abcaba51eac,entity_0740,test
c6fc84e54cd1e92edb4ba5c6,entity_4815,train
c701015ce8987b79d07264b8,entity_0066,train
c703fbe432b05317ae7f1519,entity_0755,train
c7044e3a05e752b44bde81d3,entity_1402,test
c70a5f850704f74e558b7b65,entity_4346,train
c70e4630821f7b745d4039a8,entity_2185,validation
c71d2224b7f6655cfcba153c,entity_0186,test
c7217fa2a3516eb6f95d9242,entity_3206,validation
c7219465616193e5b3df2fe3,entity_1618,train
c72da4be35437963bd1e10f9,entity_0055,train
c7398d4c61d5fe8b6eb16201,entity_2149,train
c746822413c8e5ede9a58d7b,entity_2747,train
c746ad45431da404460f24c8,entity_3061,train
c750ab7a1dfdb961b36b06b5,entity_1910,train
c7568919982c75fbf853292d,entity_2794,train
c758359a50939b7c885788da,entity_2703,train
c758827bfbffcf760100e1ce,entity_2526,validation
c76a0bd9a2416e2da761e969,entity_3118,test
c76a116c3f880c8c4a90f90a,entity_1597,validation
c7840a28fb9eb6701ab5610b,entity_3589,train
c791f944fd87d2595d1a17d0,entity_2476,validation
c79578dab4e4688e8081f128,entity_1212,train
c7970395d423ab24e1306f2f,entity_1417,train
c7b3f49903a76cdd6c136a3d,entity_0283,train
c7c3d44c38a10496492edcc4,entity_1017,train
c7cc6321c389f57fb3b0d67f,entity_0674,train
c7db29052f184f8eb98d0b73,entity_4750,train
c7ea41d963623ce914fcd275,entity_2214,train
c7f048a4517dd6f6b8292c0f,entity_2311,train
c7f584d8f138cf6695d8a0af,entity_4140,train
c7fc72f5b3e56c2a7579319f,entity_1026,validation
c80397a48c7815c8fab9fb8d,entity_1056,validation
c805ed5ccf2875ec350980cc,entity_2069,validation
c809a717efa02d883845cccd,entity_3347,train
c815e495eda3ecf99cf8eedd,entity_3920,validation
c81be9a2c033bd55819a06ee,entity_3806,train
c82583196effc6f795be1adf,entity_2283,train
c82a05686b6a04ee5c536ddf,entity_0630,train
c82d1e5e7e44c220890dac44,entity_2399,train
c8302df3e0e29fa8efda36d0,entity_3183,train
c831702cd66539eb49474be9,entity_1593,train
c8317bf0f0d12a40c81a8f80,entity_0343,test
c831c916ad144abb4291a799,entity_4571,train
c83bb9f6d6ad2844a8771875,entity_2678,test
c84275b31514ab03bbc61d4c,entity_4061,train
c8454c9746db6683081aa507,entity_1121,test
c847c0d7c0c276e3febb0586,entity_0282,train
c85ab3d9437e1d523aacf380,entity_4128,train
c85ec82a309bb6424e7f1f73,entity_3533,train
c8618e51e772a68ab91a0f9a,entity_0588,test
c863944e002242acfa94e418,entity_0272,validation
c865057f8fdb797743c42a1d,entity_1463,validation
c868a94e00ae502b51a51e3d,entity_1429,train
c86b4346075f2798cb769499,entity_3229,train
c86e8aed8e3e82cc8ee8cb45,entity_2974,train
c86f0e2b0275e4e4cbd0e4e8,entity_1897,train
c87a0fdf250d973949bf3061,entity_2522,train
c87c752e07743f74f034483e,entity_4174,train
c87d5418405f1dbde3b3914e,entity_2864,train
c8872741a25febe886635ed8,entity_4412,train
c88d65f562066e6d2d0512d5,entity_1506,train
c88d71254dd2e55e951098e7,entity_4717,train
c88ec1083c8687aa5dd5d3f2,entity_2864,train
c8984b33758f0fba9cc5df0c,entity_0575,test
c8a3974772a8e1982b040ed0,entity_0691,train
c8a44355b672d4ec3a59d18f,entity_0514,train
c8aa3d8cfca747d7eb75d063,entity_3646,train
c8aaa7a9e9f6ab8d091c0feb,entity_3725,test
c8afeeb66ef78a1f5df8ec5b,entity_0890,train
c8b64e329c2f3c1ed2e56684,entity_1790,validation
c8b8e6f6665e430f772c5c2e,entity_4825,train
c8bb456aad7ebeb3046b6a96,entity_2858,train
c8bebfcd7e517ee1dfb22409,entity_3465,train
c8ca6e65705711a9dbc6b2c3,entity_0314,train
c8d3a84d78f7c3e492c49ff4,entity_3037,train
c8d87fb8890cace4dd27f7c9,entity_1237,train
c8e3e3f0249985c6cec478e7,entity_4949,train
c8e48da478c764942e5c24b8,entity_0107,validation
c8ec4316e880db494576ee6d,entity_0335,train
c8ef2d897c6bcd62f7d485c9,entity_2771,train
c8f5c7a83bc360ac7431a26b,entity_3683,train
c8ffa3bd3b44c4edca8fcfd1,entity_1751,train
c9024ec52c1691b6a11ac34f,entity_3240,train
c90b1e80d5457a873c93c149,entity_1489,train
c9142de3f2693176de4c0326,entity_0165,train
c915b7e930626a680bf26629,entity_1244,train
c9186de6da8d010a62585cff,entity_1616,train
c931daf807328d032ec6b80d,entity_0670,train
c936787cdfe1a7e45345568e,entity_1089,test
c937faed1955b7410c1021ae,entity_0854,train
c93b9a75e0791c8ab952f1c6,entity_4083,train
c93e6a59ad6740794db4762a,entity_3422,train
c9443fc054b62e2992d99332,entity_3281,train
c95058b0c607524032f40f7f,entity_1247,train
c950ece360098316699e8750,entity_1903,train
c951e49578b0dc994d192de9,entity_0656,train
c959af080cfe10f37d51976a,entity_2667,train
c95aeef5a977d3102b6526c4,entity_1440,train
c95e2710f0940f164999a80d,entity_1913,validation
c963e07b0a1dceef51472bf6,entity_0888,train
c968387111d1da6dc617d274,entity_2681,validation
c97014c81fddd4f5e638f201,entity_1152,train
c97a7151cfcc0c7d5efa4a1c,entity_3449,train
c98855c48ae4f0503eab953b,entity_2156,train
c989a57a07454039ee684473,entity_4893,validation
c98da3fa8a96edbb139aedd3,entity_1645,test
c98f763a41fafe2d0ce17aff,entity_1380,train
c98fe281f43eac40b529ce0b,entity_1387,validation
c9911c50e707d9598e5e4215,entity_1813,train
c99aeafd112bf6b4eab0dcec,entity_1630,train
c99e706475b3937fcc0253fb,entity_2491,train
c9a0df603a98a2e0983e92e8,entity_0404,train
c9a2ea641de6deb3d1ac46fd,entity_3724,train
c9ac0628951a6b55de2ca455,entity_2870,validation
c9adf493167bc0994ab30edf,entity_4225,train
c9b04503352dee94faead60e,entity_0168,train
c9c9d810fb93cbb07ac33894,entity_4633,test
c9cd0eaa2a450c1ff991cb9b,entity_1606,train
c9d07da39dfe1a2bf6e09785,entity_2168,test
c9d92d1c793ea6a45390f1c1,entity_1865,validation
c9e205ecefcf8a42f37db93f,entity_2045,train
c9e6a05857d822372ae3b88a,entity_0245,train
c9ea7b426a7305604c2cd43d,entity_1008,train
c9ef3ef4883ebcea247c6a11,entity_1704,test
c9f6ff8aa6120db4305e243e,entity_4888,train
c9f9d12ef4c789ded058a1a4,entity_2387,train
c9fc3bbbb36451d12e3d0f19,entity_2586,train
ca0bd3e25175d2f38d9e9633,entity_0089,validation
ca1238c0deda57b2a5e58ec7,entity_2141,test
ca1eb5538a39181bbe9a7c7b,entity_2557,test
ca1edee04868ab3330788843,entity_0623,train
ca231eeda6a5d8fc778ce343,entity_1348,train
ca24b4bcc096987d91f90b53,entity_4388,train
ca3eab349626a887a65b98bd,entity_3506,train
ca4ecfbd095bfd5992e00695,entity_0587,train
ca51e955d6850cec491621e0,entity_1929,train
ca5d8ff3839f879b1e4a3188,entity_0207,validation
ca61755b629da3e27216209d,entity_3282,train
ca678c0b7f515e7e218ba2c8,entity_0954,test
ca69cb0789aeba30d22a5f06,entity_1860,test
ca6b1bf7d0469a7496684d71,entity_2363,train
ca703ac276d6de42c81da2c3,entity_0111,train
ca7a61f6eefee06c2addbdab,entity_3767,test
ca86e9fdb71f50041aaaba64,entity_0455,validation
ca9447a9350522d2b687aaf6,entity_4969,train
ca9906abcb987d7f3e3d8357,entity_0749,validation
ca994ed848b243b21996f735,entity_4531,train
caa84593ebaa087af024ddfd,entity_0572,train
cab1488bc1b46b40e9635c11,entity_3203,train
cab3534c6e75c3f6f3c7f886,entity_0335,train
cab63401335751585ec8d89c,entity_2515,train
cacba8e82e4fa73266265cd2,entity_4207,train
cace94bfd06acaa18edccc84,entity_3744,train
cadc7e5e3583223d2ac48c31,entity_3983,train
caddf96ab2e524e68de33416,entity_3875,train
cadf531e255671ca45e88c9c,entity_2427,train
cae243157d2cda639f15f476,entity_1867,train
cae3e23928bd530343c580d0,entity_3965,train
cae8c4a5884df13ff6797498,entity_0408,train
caf143bb9c6e54127cfc26e0,entity_3959,train
caf1db3066217c757a5944a1,entity_0634,train
cafe4397b03dde673d1f6ca3,entity_2185,validation
caffffaaed86d9617b67b199,entity_1638,train
cb032e39f2c17841bd195d64,entity_2471,train
cb04ae3d94cf8cd094c64305,entity_3076,train
cb32f60a61f4d8f6a539292f,entity_1721,train
cb3b27d6dbf415d944419cff,entity_2895,train
cb3c9c9c04a61b5d3d15b43c,entity_4693,test
cb3cbe1842c3aac76b569dab,entity_1439,train
cb4e0f9a2d94bcfc3f833e95,entity_2025,validation
cb52cb534a46b1c57425fc65,entity_3418,train
cb52df18573a1418207f9708,entity_3524,train
cb546c3d5172ed2897a9bc45,entity_0657,train
cb65bf4e196e31c6f549ffdd,entity_2099,train
cb8419ca74caa950b874ad81,entity_1230,train
cb89ab580e279a18dfda3d60,entity_0287,validation
cb8febd0cbd2b76f6b69496e,entity_2228,validation
cb99ae829f0c90645980b0c5,entity_1770,train
cba3d56b56c6e15f3da7e643,entity_1184,train
cba7dc76c9b314fc40a0753d,entity_1126,validation
cba93d4e43c4e95e70a72521,entity_1191,train
cbab5710e8a0809e4c9be661,entity_3530,train
cbb48b8d2508ca364c4e7fe4,entity_0598,train
cbbc69cc749812d8525d4d7a,entity_4737,validation
cbbd034b3aa75af67e7b7d71,entity_1580,train
cbce1ce318d0b1371e185c20,entity_0991,train
cbcea30ed780c6e7c3e70bb4,entity_0447,train
cbd5f0e78c9067500a16c7fc,entity_3485,train
cbd77ef5b3a15c375ee3d6ce,entity_1136,train
cbdd589c3d2fc51794e88daf,entity_2696,test
cbe7e67f617cbaaf4c204bf8,entity_1062,train
cbead93cd09be7cc7de638a7,entity_4747,train
cbf4208bc2e4f62e4a7fb515,entity_4695,train
cbfbed99bd21ef7dc5046fc6,entity_2391,validation
cc029d48c685aad4bb175beb,entity_3766,train
cc091af3734cc3ec84e6d773,entity_0913,test
cc0b8334be4e5ea20a1300ea,entity_0307,train
cc0dcce0aa03b61a2f7c84d3,entity_2820,train
cc11499645940c2b27770cd7,entity_0484,train
cc2a20f2962f0afb69cbea32,entity_3472,train
cc339a616f2ba8aba3ae1a3c,entity_2139,train
cc36a3a375ed6054cfc3fe1b,entity_1105,train
cc3cb039039f85757eb9c06c,entity_3747,train
cc3cdcdb7717e4589960b308,entity_2483,test
cc3ff5b32bb12afdd2c43b83,entity_4893,validation
cc4b14d90aaa0dd4f1c8fcb0,entity_1491,train
cc51c16a3f0c4ba115db9145,entity_3173,train
cc5a90fa0cab55f830b3ed1a,entity_4584,validation
cc5f8fade6afd84a10324f52,entity_0382,validation
cc66a6f8c2c173b6d6a659e6,entity_2394,train
cc68eb25d375242e4ded5c3a,entity_1738,train
cc758f37fb5fc6ec6a2e6cc6,entity_3328,train
cc81e8ad91457b4a47f52e3c,entity_4755,train
cc8bce72a28d7f84c7fdd68d,entity_0802,test
cc8c46654cc55da9200047f3,entity_2661,train
cc9b9ef44fe0633a899349b4,entity_3886,train
ccad010a7d579dff67c3df06,entity_4853,train
ccaeb5b1092ed78d6a180d56,entity_3581,validation
ccb3782b786b34c6ee7c2dec,entity_1972,test
ccc87f417ab2580e69e3c701,entity_1770,train
ccd9dd05768a346ff1b33b34,entity_1053,train
ccda51a64e115621dce0a9d7,entity_2821,train
cce7046c8bbdf19481370509,entity_0191,train
cceeefb3ba6a2e618dc31fc6,entity_4196,train
cd12ccd2f7db1feb0776b9a4,entity_1895,train
cd135f356ac75d0556157a1b,entity_3453,validation
cd14586dc89f9d605feb9aab,entity_0719,train
cd1939e63ffe31d7a7d151e5,entity_3388,train
cd1dbaccfd4075837e0c5d79,entity_0434,validation
cd216b46f0eeac032ea77529,entity_3082,train
cd238358d5c9bc14e3280664,entity_3922,train
cd3bba6278636411571d01c9,entity_1202,test
cd4148384061d5f0da101b02,entity_2328,validation
cd49f0cc3014b5b5f3fb8846,entity_1237,train
cd587b70757b0a233e638568,entity_3445,train
cd66068eb3cc21afb539fbf9,entity_1854,train
cd6c6d59d3c6df742b0b788f,entity_3823,train
cd7328c1d49e4c3bbcb416f1,entity_2779,train
cd7329df5ebed63db87adde1,entity_4440,train
cd8afa2ff3db1443dd49dff2,entity_1010,train
cd9654c559d45aff2e1d7317,entity_1654,train
cd9996ba25922a9ba405f970,entity_4757,train
cd9b5ffa7c9b3583c16026ed,entity_2803,test
cd9e26ea3837f92e479bbb43,entity_0705,validation
cda03be5670331c1f9b6fbe6,entity_4882,validation
cdacd6664aeeb0c1486e2ef4,entity_0033,train
cdb263f0d72d186489fdb052,entity_0687,train
cdb8df6f5a4f0190856b7994,entity_1712,test
cdba72fa3f1148316025b91b,entity_2359,train
cdbab80d491c4b5e188a6fed,entity_3402,validation
cdc3847216040230c87e0946,entity_3738,train
cdc709c53d4b9e1e7f0b89ca,entity_1108,validation
cdd2466ad600c7d388e10bc6,entity_2886,train
cddab6e8eadb054997a81000,entity_4784,train
cddd2783c036eb3775a9eaec,entity_4323,train
cde30ac6e2db8d2978e4f31e,entity_2287,train
cde4618e380957ffa2dc2ea9,entity_4699,train
cdeeabcb5211b117eb758688,entity_3326,train
cdef7b384ce008ed9de4c302,entity_3140,train
cdf52343c1a94a9caad99ae8,entity_3679,train
cdf6eabf43ef63eb3433a9a2,entity_4131,train
ce039f19464e378b9bb355d7,entity_4615,train
ce189faf185f508153daf4da,entity_4820,train
ce1bc828571018e2895e8290,entity_2576,train
ce21e2a1f91b98ad85cff064,entity_2345,train
ce35e940454bc34da2b50859,entity_1912,train
ce41797927a20c7af690a156,entity_0368,train
ce5156a09549e9e6f35af4b4,entity_0000,train
ce559465eff7b0797b8bc019,entity_4216,test
ce5b5a5369b4379e6e0ae938,entity_3756,train
ce5cfa16aed0e0ab732e0f18,entity_2434,train
ce755675687a8288a2d16224,entity_3600,train
ce7a21e2870aa21345d4c10c,entity_4148,train
ce7b16c6affd0cbb1748892e,entity_3168,train
ce8cf2b4ec877d86ff20965e,entity_0305,train
ce9664616ce749e428514a5b,entity_4712,train
ce9bff5aa09aef7c0e5a8515,entity_0547,train
cea6e2d3f764f52689afc3e9,entity_4604,train
cea8c46297147f424952e907,entity_0833,train
ceab009c0940b371afe240a5,entity_1426,validation
ceaf89db65b7ff0f30b28dc2,entity_3483,train
ceb3463e74ae4617780a79fc,entity_3151,train
cec8257c93c7053ec4353c6d,entity_1852,test
ceccdd9d93e926c95fb549f5,entity_4830,train
cecfdf168aa99c494a23cf3f,entity_1072,train
ced4d89b1e06423d4e6b7814,entity_1292,train
cee65f84e219af72088b4da0,entity_2172,train
cef0ed635594a964fa69f1a5,entity_2610,train
cef4d172fe259fbdc369291b,entity_4436,train
cef5181651c4d4c3c2f4f10c,entity_2105,test
cef5d1d416f77334afbbc4e3,entity_2872,train
cef609a594883cbf6b2a6750,entity_2328,validation
ceffba58217a222e5398e6d1,entity_3909,train
cf108eacaed1f4dbdbbed46f,entity_4465,train
cf12307884caf5e183446455,entity_3360,train
cf144afe27d48e549c982fbb,entity_2564,train
cf2d526c9938665593571444,entity_4710,train
cf32acdae12756952395c354,entity_1430,train
cf3bcb10a134835faf5d783d,entity_3111,train
cf46d02d335fd9e2f724293e,entity_4912,train
cf4711775127640db622591f,entity_3532,train
cf51dbeeb658d5e27365417c,entity_1281,train
cf5f33996a8e44e202fe56f2,entity_0846,validation
cf65577efdb382f7f0988f98,entity_2938,validation
cf6e6599128f250a07fad42c,entity_1291,train
cf7575ec3e4951ed794384ef,entity_2947,train
cf769322684c3e17c37f5a9b,entity_3127,validation
cf791dd4fc8162b6aba428bd,entity_0465,train
cf7cb338e4810ec003ccfb43,entity_4350,train
cf7de3d90b22828bdc42f0c4,entity_3062,test
cf9d3b0db9b877ea68f9d3bc,entity_0669,train
cf9e09c0c67bef849a1bbed4,entity_0853,train
cfa3a4c18facfaa090613c78,entity_2067,train
cfa6773357cd7e375223f98c,entity_0860,train
cfbd94e2f0da7fc22b7d25d7,entity_3718,train
cfc38607435a09c22198b1aa,entity_2650,validation
cfd9f3a23086d66916a69425,entity_4514,train
cfdda301926f0a99fb6d47d2,entity_1444,train
cfdfc46226ec1cf443fc33c4,entity_1933,train
cfe00037143c40ddedec0dd8,entity_1590,train
cfe0c9c33c97ee1c6325e9c3,entity_0984,validation
cfe38fc4f2be4a1137de7695,entity_3497,train
cfe4e4143647419202e2110f,entity_0061,train
cff8573772bde8b93d399615,entity_4466,train
cff86d6fb991651a76ce864b,entity_1042,train
cff8bb5b1bf3ccf57be3c022,entity_2310,train
cffc4f85ed4de8d957cee0c5,entity_3885,test
d0030ad7a64b7187df9ddc81,entity_1163,train
d0067a2812ddc885e4da67c2,entity_1030,validation
d006edba4ad4352fe0f9072b,entity_0754,validation
d008bd49a7b7dedaaee383df,entity_4856,validation
d014d3125ab78cad112ce724,entity_1722,validation
d015b4121d845ad047c292d5,entity_1548,train
d018243128cf3413cbcd922e,entity_4412,train
d01881460a468e98e02b2437,entity_4636,train
d02097f4a118c67aa6071e9a,entity_1546,train
d0256b4cf77562bc683263ec,entity_0325,train
d02af0819190f285b39783d4,entity_1376,train
d02e3e25372a3a8523c9121a,entity_2627,train
d0307d09daa7e3b867ef2a95,entity_1111,train
d032448325a5a967918798ea,entity_4063,train
d033847439e0feecc8b04927,entity_4849,train
d0468c16815927f55e602f83,entity_4740,train
d04a7c9f5b360640db798c9a,entity_4293,train
d04c3f14c8f04da50cb6e885,entity_2063,train
d052e99804b21577cb18ff0c,entity_4011,train
d0558d9569a7f8860ac35df0,entity_4777,test
d05f3b5b8189555b328254f8,entity_0164,train
d05fe60ba5e33c39b03e1c9e,entity_2919,train
d065b2827101db8810c52a23,entity_3225,validation
d073c7da28115b080be775fb,entity_4807,test
d0781d60e1b4352ba7c43595,entity_1751,train
d07f3c3c35adc809705ce026,entity_1244,train
d07f5db623e2cc80c2380e1a,entity_4707,train
d08cd1f43b899508bc2e4161,entity_2548,train
d0997d975114057a8ebb609e,entity_3730,train
d09c8e0c3c0e2dc794396b1e,entity_1872,train
d0a2ffb7f9b9f4eb5e943179,entity_0187,train
d0ac52824256c8a68dd80e4a,entity_0576,train
d0ad22775b2ce06bb7bffec8,entity_2937,validation
d0b893366d196a19c30c48b8,entity_3511,test
d0c56eb6fd25c9afc2c54d20,entity_2248,test
d0c596fbebde58643ab42767,entity_1993,train
d0c739d09edd33365e0cbe45,entity_2599,test
d0cfc18ba7815b6ca871e6bd,entity_0663,validation
d0e00ed3542f5f6d4adf1f43,entity_4770,test
d0e74bc41ed0c0a24bc8782a,entity_3200,test
d0ea30b05222694c083899e5,entity_0721,train
d0ead483d8cfe24c74774866,entity_0828,validation
d0ebe23773bb57215703f245,entity_1158,train
d0edc60430f02f519f2ba9a0,entity_0575,test
d0ee2ea620e07862aff25c3e,entity_4355,train
d0f1e7d67fc4c37b5f6b4085,entity_4431,train
d0f27993f6907782e690d521,entity_3053,train
d0f77a98534e34de7d8f4daf,entity_2849,validation
d0fdfe6fcf8e556fdba840cb,entity_1667,test
d0fe25c0c12fe5672bb6930d,entity_1248,test
d100d455a1e1b7d7e2e0c82a,entity_1469,train
d1088a82a09d5050201de5ad,entity_2699,validation
d10c40c276b3e95e65be4d4b,entity_3130,test
d110371ba3f0c842c2f6161e,entity_1192,test
d117a0e7e535220ff4aae001,entity_2769,test
d11b99c3deace58fd47bfde8,entity_2953,validation
d11c7eec0fd4cf83c02b250e,entity_1579,train
d11ce19987c22e882ad75a05,entity_1038,train
d128a482cf7c41c4b1dee6c3,entity_4329,test
d13f91e52e8de93548c9247b,entity_4297,validation
d13fbe8f3c50f1052fae2787,entity_0834,train
d144a797c906e7d73e9d7061,entity_1200,validation
d14599a7965da2cfc55b21a7,entity_3287,train
d147792e980a2e1d1b9656ec,entity_1238,train
d1512d7b7f9034af740ce508,entity_2302,train
d162b67f0472a26dcb253017,entity_4313,train
d166a6d427480d425d6f5c78,entity_2597,train
d16d6d4d3fcd253f8c72702f,entity_1125,train
d16dca803885cf715aefe9e8,entity_1504,train
d1777f178b1b02616681ec8a,entity_0247,validation
d177f928bfe9d8c390d18fe6,entity_3556,validation
d178d593209a70f325bf73ad,entity_2617,train
d184b2c51c77c2859bdc4a5d,entity_4948,test
d1881761642d5e5da03c038c,entity_4540,validation
d190711c073f72fad29d179b,entity_3936,train
d192cf252c30cc3e75b37f68,entity_3686,train
d194681365a3bca180ab30b6,entity_1914,train
d19b6551acda98d700a03c3f,entity_4064,validation
d19e4af694e5199ecff81cf4,entity_3980,train
d19f7cde9b257e0ad3812800,entity_1397,validation
d1a280c89bb69b2fe5ad0874,entity_4993,train
d1a7ad0bb3672737ad448432,entity_3665,test
d1a7f46b58bcc41ada59665a,entity_2998,test
d1ab1ccedd57f2aab6f30617,entity_1254,test
d1ad755423add555cdf2106b,entity_2163,train
d1c9040bea57c36dace85290,entity_3092,train
d1cc8ff2ba6e20aa346fe695,entity_0910,test
d1d432fc6d4bc905eedc299c,entity_0035,train
d1d72a6c57ef3a17c922e5dc,entity_4499,validation
d1da88913a3746f4fe0e857e,entity_3630,validation
d1deff68b32d827b16441139,entity_1965,train
d1dfbd027ea8b8ae6be7b43e,entity_1382,train
d1e168d61699834f8860535c,entity_0030,train
d1e229b45dd1d0b085ae4615,entity_4080,train
d1f73888c30e58a477d19cc2,entity_3967,validation
d1faedee5add99f04f19a2e4,entity_3099,train
d1fb7ff0a57e3fbc826b8c6d,entity_1670,validation
d1fde38377057ce5267ccbc6,entity_0513,train
d20743f8c3a09fbe8221e15b,entity_0069,train
d208c0450796b235a3f8a2e7,entity_3644,train
d20e32ae3560a8d797850c59,entity_2822,train
d219140bb52cadbe9b73d688,entity_2346,train
d21d7c92eec521e019928024,entity_0840,train
d22420c267c6efaad599fb5c,entity_4462,train
d227d5881a9f9b4e5f890485,entity_2694,train
d229b6b0f4cce3b4d3344e08,entity_2487,validation
d22ab1752cde93fce6578135,entity_2186,test
d23326661b62905372d21dbb,entity_0193,train
d23a9bdd021f3d4207b2833f,entity_3964,test
d23f475fb3c4275cd067d375,entity_3425,train
d245028be17ca33be7bdc87e,entity_0758,validation
d24d2e28893da65e751222f4,entity_1905,train
d253551ae9e0f50f71f28d6c,entity_2161,train
d2561f1feb12d3cca9f38ed9,entity_0792,train
d25aeb518cbb4542b2e78be7,entity_2346,train
d267228bf06c11fe87e24e03,entity_2466,train
d268112dbf64e27862d359b5,entity_4242,train
d26baf601b9f1094e0c95b6b,entity_1328,validation
d26f3f2be0786433cc2a9ecc,entity_1029,train
d27645ef363305bc2c84fe32,entity_0820,train
d288c82f08d430eb09695b51,entity_3475,test
d28a3a9358c70db79aa77ed8,entity_3356,train
d28f912adf34e1ca1212c80d,entity_4223,train
d2a187b693aecaa2ebcdc076,entity_2007,validation
d2a3b207e255c1843404ea37,entity_4878,validation
d2a99ce840b84a315a0e89ba,entity_2278,train
d2b32b4768e56af6ac20d42d,entity_2453,train
d2b5c37b3090193a55e9233c,entity_2483,test
d2b8fed24273a6b6044c70a4,entity_2572,train
d2b905a533cb454719ee2ad4,entity_0308,train
d2bed523bad831ed20b25410,entity_4076,train
d2c1687225e7b3fe0f179a02,entity_0537,test
d2c3c586f047c8a58009f683,entity_1207,train
d2c643806c741aa6fb76cbba,entity_3167,validation
d2c89b238cb3f32a48aa3d69,entity_0979,train
d2cdba3e4fc0028bab313741,entity_2355,validation
d2d5b610c1c947d4c03bf83e,entity_3083,train
d2d7e480a932c2b418114986,entity_1774,train
d2dabb4e7f6921260b0e079c,entity_1406,train
d2db944daac2ae380a32a0c7,entity_3235,train
d2e00e821b9af92c8a9e54d0,entity_3804,train
d2e2021dd722a5e312e2fa86,entity_4148,train
d2e25ae2d051cbe9ff034c37,entity_2504,train
d2ee848fd961125b6c398980,entity_4722,test
d2f0341ab05d0eb145472e40,entity_4579,test
d3014be42745813ca3f12387,entity_1386,validation
d302c0170cb57fc0f3cbc10b,entity_2923,train
d3107d474406acba01d27724,entity_2305,train
d311612aa520ff40174aeeef,entity_1621,validation
d334158cc720db594e4ec06f,entity_0625,test
d334519c9fceaf2509df300c,entity_0468,test
d3381fd34ba8474a6a835422,entity_2330,train
d34559c00d99581e2478a4fd,entity_1765,train
d34a254fe4940f35201e58e0,entity_1164,train
d3568798351d6e2414b7902a,entity_4906,train
d36444275f419b1e6d35b101,entity_2723,train
d36aa567bcffbab9814b7c78,entity_1156,validation
d37527f62ceda22ce5fea94e,entity_3635,train
d3796a9cbdb6702ec4aa3588,entity_2070,train
d379fdc5884eaf0787c8bc82,entity_4189,test
d37df081983afbf12c66cc3f,entity_1989,train
d3834def39c33065529d8b6b,entity_0171,train
d399bec0b3fd3bc8cb2559ab,entity_0983,train
d39aa209ceeba04b853a221b,entity_2271,validation
d3a16d60f81e8dd09f8c2943,entity_0308,train
d3a279cfa3a50197a9a62da7,entity_2042,train
d3a2ced124ac8a6aee5b32ba,entity_4953,train
d3a6a1df26d1802acce04d2a,entity_4804,train
d3adf89c6cc99b5aa133dae1,entity_1932,validation
d3aebc61eda393cd2b88ce0e,entity_1234,train
d3b1ff2b40d598d2ad097e39,entity_4157,train
d3b7681ae11383e39d343280,entity_0466,train
d3beab4a192cac59c772cd04,entity_4024,train
d3d6af90b22b0fd292940af1,entity_1356,train
d3e3e2b8460f26c2d7a8128c,entity_2504,train
d3e5cb615064134a35e67d79,entity_0405,train
d3f56b59b895563862703225,entity_4379,train
d4000d1d49f5f48770ed8657,entity_1675,train
d400c4c17d3d16bc8ef6e650,entity_3395,train
d403623dec52c291c5a23b6a,entity_2709,validation
d404138fd4081a351cadf03e,entity_1300,test
d4078893fa4ec45ae3e9fe82,entity_4229,train
d408d9597fa45116c2cf19e4,entity_0365,train
d41ee3ea8b08a5f996be3c40,entity_2473,train
d4235fcc65fe30cd6c0225f2,entity_3871,train
d423acc3778d86385dd0040c,entity_4464,train
d42bb44a527a3c1da6615264,entity_4387,train
d42e27ccb11dcf51c1fbca21,entity_3887,train
d43e6a2ada3f55866bb99867,entity_2903,test
d445aa13bf2d2d8d3d6ea64d,entity_0725,train
d44a22d2fb24d6f25f16e9c2,entity_2176,train
d44b2935309084a1f49c5d89,entity_0903,test
d44bddb94cbf3a2671613855,entity_1305,train
d45ba3eb144861a37d816556,entity_1847,train
d4630a7edd22ddb1531d3e93,entity_1109,train
d463c2ab8dc8affe1d698404,entity_3882,train
d46e51dad77273dbbae08e60,entity_2755,train
d471f159baeb02cce785420f,entity_1909,train
d4751f926ae0ea0b398c52c7,entity_0600,train
d47dfbf110f9f9cbf07958a8,entity_2915,test
d4865b322bc7b54a57a1bd1d,entity_3299,train
d4930a509e22a2aa69e22357,entity_2787,train
d493e68d062a304231431dde,entity_3327,train
d4b20e79445d9d3d2e86a24d,entity_0157,train
d4b24eb934f7487ef4fd333d,entity_0300,train
d4bab90b02741363d85d767b,entity_2428,train
d4c607568e551c08282bb3bd,entity_3965,train
d4ccfd040e7e96cc375b931e,entity_1553,train
d4cd9200fb5807d3c4dbef17,entity_2164,train
d4cff6616841f7440aeb34df,entity_0716,train
d4e007c5b68a9231cbf47554,entity_4334,validation
d4ebe0b25090f7c0f35bc517,entity_3325,train
d4fd8ac26bab919a71c7683e,entity_1987,validation
d4fed54f29559fdac7adfd28,entity_2934,validation
d5045d58511125b194afa360,entity_4311,validation
d506012f96ff363b073a788c,entity_4085,train
d50e22ea1d5313a318fdb777,entity_0370,validation
d5115506d380467ef8113cc6,entity_1002,train
d515bce61da321873cca5474,entity_2409,train
d5163e1ea34cc7341c9cc180,entity_4783,train
d52b50d74a40ba1d66b2608e,entity_2033,train
d53366253eeb42c99427e13b,entity_2672,train
d534ed08440c5a38247ece18,entity_2674,train
d5391b9af5464607005c95f6,entity_1224,validation
d53e98bab8dd31465806efdd,entity_2623,train
d548d08de53fabb523df425c,entity_2118,test
d5547496954655b1f02200f2,entity_2905,train
d559d41877cfccc46577fc0e,entity_0689,train
d5629024d96a6856d7093be7,entity_2605,train
d563e807d32f623d8d68072b,entity_0346,train
d565fc155e48c9d5e49d3622,entity_1270,train
d56746c8d5860b6ffe99e0af,entity_4238,train
d56c2be8c9fda1ee14252e42,entity_0085,train
d576c1f1ee5093c757728d6a,entity_4094,test
d577a158c35f13ecb7640da5,entity_0504,train
d59db8ccad191c7d6f0f7484,entity_2061,validation
d5a886f104f54cc43e41b499,entity_2290,train
d5a9c4a91e75e3eeeed1f8c6,entity_4682,validation
d5ace54c4efe59fddfd7481e,entity_0577,train
d5ada8b662d4d05afb1cf6d6,entity_2619,validation
d5b1d5a934914a0999ad77e1,entity_0502,train
d5b574ca485aef8f3d5daf0c,entity_1740,train
d5c310392544a177b02d766b,entity_2881,train
d5c5706e86db396dcb03de35,entity_0546,test
d5c68f576a8d4d13e12e145b,entity_0975,train
d5ccc1ed890eb809447a77b5,entity_3575,train
d5d3563a33aadda0b05da4a6,entity_2004,train
d5ddcf67549e5544154e17a1,entity_4947,train
d5ddf0a9a6aa47002814e0b9,entity_2835,test
d5e411fa5a497f725a8b3d0c,entity_3279,train
d5f66f3f6f2449accabc5f08,entity_2090,train
d5fc69b2945ddae194570771,entity_0383,train
d60149de185b4f36c2e254e7,entity_0965,validation
d602f3b2bf5c614bc5c1413a,entity_4640,test
d6030e098085f013f800a022,entity_3705,train
d605c8e988e403c2bf8fb7a0,entity_3924,train
d60b065567e0be2762493c21,entity_0583,train
d60cbde5dac642b44b46e3b8,entity_0540,train
d61cfaa4f68de4a63caeef13,entity_1922,train
d620320a7509354bcfdf3515,entity_4191,train
d6243a443b947d489f566335,entity_2747,train
d62ad3ac3299c7f22b34dee3,entity_0450,validation
d62bbd33a85bf96653869ed5,entity_0152,train
d62e7b5f20ecb4aa8b05fe54,entity_1021,train
d63b3d4231c6c7f0aa8f999c,entity_4296,validation
d63c89eca7c859bdeed3836a,entity_0230,test
d63f6b732f15441902ab49f7,entity_3603,train
d64d443d77184953210ddbc5,entity_4178,train
d64e0063b47d1f863023e569,entity_4975,test
d653278f5cdf940054f8d444,entity_2828,test
d6532de08781f23c78f63016,entity_3825,train
d65578d40a3d764f95d833c6,entity_3922,train
d658a27b640e2218963b27bf,entity_4366,train
d65916fb3d6e30a6a088d3a9,entity_4153,train
d6635347dd3bf0c48354b737,entity_2752,test
d667155325cf88f7a4c3e19e,entity_3303,validation
d6730b9820c24d885e9fe725,entity_3401,test
d675e86ab9029bfa10a859a8,entity_3452,train
d67637d695cf69f5b9712aee,entity_0985,train
d6768217309f0625d83f7c65,entity_2439,validation
d6830911cf586fd6ad159af6,entity_3060,train
d6835073b176e84bdea4872c,entity_3553,test
d68934c77df362dc08ba8856,entity_1620,train
d6987df6c6d978d87eff1da8,entity_3375,train
d69c13bcb1ff3c9a1c0a35de,entity_1932,validation
d6adee02e274219dfd8ddc90,entity_1605,validation
d6bdc73f980c00cd1f48785f,entity_1786,train
d6bf395923e9022b91c6f4d3,entity_3739,validation
d6c02e265c8ed81ffab266c0,entity_4613,train
d6d6a160dc2f3b947b0d7b37,entity_3263,train
d6dea704dc53f2f55020fd2f,entity_3182,train
d6e3633bc6a1d3abba347837,entity_4046,train
d6e5d1aee555aae311df8be6,entity_2632,train
d6e9f094805e3a0a4dc94326,entity_1911,validation
d6f0831bd84885c536c2f275,entity_4989,test
d6f6bb11d0cad171b51b2cdd,entity_2655,validation
d6f781cee1bfeedfa5f2acc0,entity_3164,train
d6f84e25cb67e3989c2aaba1,entity_1359,test
d6fd48f6be4984d1fa77f5d7,entity_1908,test
d701dde3cb1920a0bebdab10,entity_1021,train
d702b8b8bb60c7aa06221df6,entity_0161,train
d7087d56253b9ddf090bc396,entity_3520,validation
d7099cfc80fca8888fc092ec,entity_3718,train
d713e730d1cfdf773d84ee98,entity_2554,train
d7144c505ea489fb1f5cb729,entity_1411,train
d716dfff351c24dde00d4d4d,entity_1752,test
d71a7f65fa57a54ae6383478,entity_3162,train
d722a3f032c84add3af5d0d1,entity_2646,validation
d727bebe96ca74ca3cd09790,entity_0961,train
d72b69d60aadec877126aa98,entity_0600,train
d72c8962559c4e02a21c27bd,entity_1800,train
d730861dfeca1973004e35a3,entity_1992,train
d7312541a23670d77bf3ee42,entity_3363,train
d74480a8150fde63e0da471d,entity_1749,train
d757b199c808a0aa4a57b136,entity_0437,validation
d75a251df53b03d55e6013eb,entity_2092,train
d76690fb706f8705c91e058b,entity_4333,test
d76945ef967a48f052e5bb3c,entity_1926,train
d76b55955c1c49030839c523,entity_3357,train
d77c067aa3c56eb09652003f,entity_3526,train
d77f46d5b04206247b7e0f6a,entity_1087,train
d782510470f4adf594b24ae4,entity_4219,train
d78eeeda43d32e9a31a9b041,entity_1059,train
d795a18c3970e1397dc480a0,entity_0800,validation
d7b02b75eed8000009db38be,entity_1481,train
d7b0fe131d9d21f9bf005960,entity_4598,train
d7b28345e5d3d3317aac387f,entity_0178,train
d7b6703c99d3bf2848bd96a0,entity_1027,train
d7ba9653c3328fe19a09a0fb,entity_3606,train
d7bcf7fa212b8ea497ec7c1a,entity_2284,train
d7c125672b0d51c6a362e0de,entity_3489,train
d7c4c3bbf378425943cf2170,entity_4581,train
d7cb6e8fd39b27da82304a00,entity_3883,train
d7d368fc3cfaa062dbdc4b3a,entity_2788,train
d7d5ccf9e1abfa2f5103832e,entity_2006,train
d7dd05c2fc1108b95543db71,entity_0274,validation
d7e48e03e723fc842f2146fe,entity_1806,test
d7e630f8fd19ee8a92452384,entity_2271,validation
d7e7f636cc1ccdd39dda122a,entity_0819,train
d7eb30026d91ec12391f0b29,entity_0128,train
d7f046c05b3775784b33026b,entity_0947,test
d7faaf0fb8f1b1518adc785b,entity_3627,train
d805a5f11eef82c4b093c383,entity_4078,train
d8070fd7601702e98edf071a,entity_1282,train
d807bc53c025c8c18c8dd1ec,entity_1140,test
d80ccb7bcc8327c38caa8624,entity_2403,test
d813591d4cac898af05803c5,entity_1394,train
d817d27558f5a42a26760811,entity_3088,train
d824f3983e173090bb06f49d,entity_3274,train
d83970f4b651fffe4ad54e66,entity_4935,validation
d84a21f9b95fbbec4c7e42a0,entity_1022,train
d84c0a6a50058c83e198db16,entity_3008,train
d852348095c4f6c6b8506509,entity_1497,train
d855b1fd47efa06660b26b76,entity_4534,validation
d85776be76adf1ab200296b0,entity_1167,train
d85830a0c03a3e22b5395fad,entity_1122,validation
d85843d5a068602cd524d31e,entity_1827,train
d85a7e407fa4c7acb19b632e,entity_2951,validation
d86227da2f16cc17f3ef9399,entity_2513,train
d874b588d372f9bf2ea2a1a1,entity_2744,train
d87570fa23483aaee0129737,entity_4924,train
d8772d41775ad0175bf7f1c9,entity_4464,train
d8793ac327aebcfd5ab6f56d,entity_1867,train
d87b9edad330ab1d21033c9f,entity_4135,train
d89bcb27081c8db62723316a,entity_1485,test
d89ee68d2a340c3da7198c0e,entity_0139,validation
d8aeb746b1678f9e5e300613,entity_0801,test
d8b300e52f40ef0f49cba6c5,entity_3070,train
d8b405b95960e585d7b530e6,entity_2536,train
d8b6c1375ec15597604acebd,entity_3340,train
d8ba910994123661f5ddba60,entity_0080,train
d8c6a816b26a0879a8584782,entity_1083,validation
d8c9850fdc56485de43ea3d9,entity_0390,train
d8cb30b70a84d48aa49af8c4,entity_2719,test
d8ce6532bde9332c0fcb2cff,entity_1477,train
d8d8d1551d864ca6cbee86ed,entity_1793,train
d8d98fc1771e1fe9c691be7b,entity_4822,train
d8dcdd06079334f8546e0a91,entity_3358,train
d8de55f5c7c8241af181dd06,entity_2748,validation
d8e17db90127037c6b31abf2,entity_2435,train
d8e2ae0d8808de876b3e7a7a,entity_3490,train
d8e57883fbf289a89e063f03,entity_2287,train
d8ee99c9a9b6c57cf9aae6f1,entity_1700,validation
d8f13e917bd576935abf88e4,entity_4821,train
d8f31bc1120d0203d83294c9,entity_4053,validation
d8f37d046a83c21005d1a214,entity_2865,train
d8f838606fecb2768aaaac69,entity_3650,validation
d90f3653ea19a076525c0dd3,entity_3665,test
d911190df71c69907c6a22c5,entity_1225,train
d91ea7e65bf160227495871b,entity_2827,test
d923aed67bb3a39d7c46e4f2,entity_1508,test
d9268cf1cbe9a6ce7ab810a5,entity_0669,train
d934d6c8325a88f7425bd125,entity_3196,train
d93c3c59296fa2def7bd3abe,entity_0065,train
d94c3a6a49cb8906b1a361b6,entity_2370,train
d94d017d7858c6d55dbb07e1,entity_3737,test
d9508fdf93098e145c4e29e5,entity_2081,validation
d957967b33a41f11bbe29286,entity_2502,train
d95b6015b177a24a5941baca,entity_0014,train
d95ba1c11674303ec5c3c3ab,entity_2911,train
d9608ded89696556a702d741,entity_4986,train
d9616454e0754a92e61f0ebe,entity_1431,train
d964ddb85ca4a59130f875a3,entity_1327,test
d966baafd93c781914f6bf1d,entity_2964,train
d96c886622965d82de986dc0,entity_3360,train
d96ff25bf505deba1d2e1238,entity_3154,train
d97373d6eedfc72d57fef43c,entity_3974,train
d97e257e887d0a985ee42546,entity_2521,train
d983ea7e70d5097ff4be4b95,entity_3819,train
d98ac4175724e221fde648e0,entity_3450,train
d98d1ca898facf9b721f398d,entity_4593,train
d98ff90fc6b7982f5caecd77,entity_3218,test
d9a7d27f0dbd652c5274cf0c,entity_1521,validation
d9aa4cc004d568ffcafb7fb6,entity_3009,train
d9b102d130b0c42c84b26f11,entity_2253,train
d9b274fcf54584cffe729167,entity_1507,train
d9b55db32d92bfb2ca890292,entity_1243,test
d9beb4ba82d9be9e4a15d746,entity_0814,validation
d9c719a1fdaae330ae535126,entity_2044,test
d9cc39c9289b5b55e48d51e8,entity_3188,train
d9ceafed873465d50ee05233,entity_3464,train
d9d2861342cdc6ba422f523f,entity_0714,train
d9e29e52f8878745c674a0b3,entity_3753,validation
d9ec9475e0c89486756c4657,entity_3198,train
d9ed5d8ed25dc89cbe6b0bb7,entity_0686,train
d9ef01b5a20e8149d6ff0316,entity_2777,train
d9ffde9af9e9553e03674ebf,entity_4624,train
da071ccfee891d7209112e70,entity_2771,train
da08054a5cb6c37336756282,entity_1818,train
da1348733274387e5f51eec3,entity_2633,train
da148db928fc8c89523cb23b,entity_1279,train
da1cfd10dcfc7338c48a1342,entity_1761,train
da1ecde4edac7a08489b2187,entity_0882,train
da3425aa87d785abe985a279,entity_2633,train
da34533b1596b7fda9b4f0a3,entity_0125,train
da3699bda022a16ce6af9bab,entity_2229,train
da383ae7bcdbdfa60440e660,entity_0269,test
da3d7c338cc86b9ac120705d,entity_3379,test
da68303b0e7b0400ec304a4f,entity_0844,train
da6a55c73e64926f6307bcd9,entity_3132,train
da6a7ff5d9580f14b8aebed0,entity_0998,train
da6e6f67a934b4d37ce8b909,entity_4451,train
da7faa427d4e37c8a4d37396,entity_0351,train
da919974abbdcb36230cb31f,entity_3178,train
da9658d15d61f461fc682f3d,entity_4629,train
da99ca251f2f8bf4bb35399a,entity_2692,validation
da9b8dfae17fefae47a198d7,entity_1786,train
daaaf7854d0a51c0aa1f86a6,entity_2196,train
dab64f1ca27958e696dd6235,entity_1479,test
dabd6346ffc074e9810844f2,entity_2683,test
dabe0b752834449121bc7cba,entity_4386,train
dabec0c732646886d3f15649,entity_2945,train
dac89a75edc341c11098925b,entity_0386,train
dacab519c3a4725bd0d93bdf,entity_0285,test
dacba499ae4ca605381f08ba,entity_3280,train
dad83de60852ab5c4a848a54,entity_2976,train
dae42a66690ab9335994e714,entity_0570,train
daeb06b11d5a363c31dd832d,entity_2147,validation
daeeafc7f0af83479343f251,entity_1774,train
daf0140a3cfb24567a4a4159,entity_0240,validation
daf25361ffd7b7c9a43ad5cf,entity_2178,validation
daf273088e81ae46183ef869,entity_0955,train
daf33293b9f934e964dc2342,entity_2488,train
dafd060bda8ccbc4500551b3,entity_0234,train
daffbd9753e571382bce7da6,entity_1488,test
db0975c55ee85514878cdc71,entity_0727,train
db100de38aff2b2a6c8263f4,entity_2906,train
db121e9328e9751feae38a8c,entity_2237,validation
db1a6e5ddb084a642ff4f899,entity_2086,test
db1c2deafa4af0bef3485fba,entity_3312,train
db233262ba729a7fa1baa8ef,entity_3316,train
db329e7b7fd0a0023f0613a5,entity_0532,validation
db3926fed63c16a30ce33b1f,entity_1001,train
db395c03b5f395c5ddf49f9b,entity_3895,train
db3beb7587c1ec5e84e96a7c,entity_2885,train
db4b5a91ba5c4bcbf7d21061,entity_0521,test
db50d04b9df2c1d41c4b1acb,entity_3713,train
db52e8bcd880bccdfafd884e,entity_4581,train
db532ecf5bd5cba2700fc39f,entity_2527,validation
db5bd14ee7540a38557c42b6,entity_1063,train
db6af6cea8e7dd5240547fb9,entity_3077,train
db759795e86b25b0655fa003,entity_0006,train
db76bcce621fb62ded559a98,entity_2590,train
db7849250e4f448f36464a10,entity_0931,train
db78e8d7b5d89f8efd97d130,entity_2744,train
db7dfb92e98e60d573475d7f,entity_1632,train
db7f7afad61962638a2e8443,entity_3163,train
db811183b4c8497d26b2a8f8,entity_1107,train
db829d5616be3b0cf9016614,entity_2143,train
db941fce3394361880774a91,entity_3000,train
db990521dcf64615d3aecbe6,entity_2588,test
db99c10ff2a1026877b140ce,entity_0149,train
db9c45db097eeb38ad54a851,entity_4112,train
dba0458ae953cd1a94296789,entity_1688,train
dba112488082d9e4e9d69802,entity_3693,train
dba14e83ac7618f7efcfa5d9,entity_4282,train
dba5a5e9c2b80c3eae35ccab,entity_4683,test
dba8b2fd1c8321d2496dbb08,entity_2243,train
dba9b28aaefb0c9eda2b0ea7,entity_1851,validation
dbb0d44cde2ddfdeadda87b8,entity_0022,test
dbb1ad2ef44c8a26479dbb70,entity_2231,train
dbb81e183a2f3a8cd9bbbdee,entity_1798,validation
dbbd42c905a2390e7154f2b3,entity_4432,test
dbc42fe16ab43642a1fef930,entity_1383,train
dbc99986f29d98795390786b,entity_3190,train
dbcea3fd4d09ef3b5561bbf2,entity_2100,train
dbd69dce5fc8f807d7429950,entity_3864,train
dbe17be3770d2e8fdfa7dd3a,entity_1578,train
dbe38ec9cc0c9db174076aef,entity_2596,test
dbe39032009507d32ab36127,entity_0703,train
dbf034900e18c5b13c59c344,entity_0991,train
dbf118cb49ef0ed9dea8333d,entity_4776,train
dbfb6dd9124b208776a1bbde,entity_2414,train
dbff191096e0ca8b9ff72bca,entity_0999,train
dc06b8f456503f8997ea2b77,entity_4732,test
dc0ca7563b3899a10dee7432,entity_4116,validation
dc130db34ede0a7a56efd1ee,entity_2722,train
dc1a2d350a7e3d9473b83139,entity_0068,train
dc1b6f1c5b17356632785dbc,entity_0813,validation
dc28a569cc87edcc81276a04,entity_4395,train
dc3552b69e182351de9cd05f,entity_1825,train
dc3817baeed958b6fbdd07a1,entity_1709,train
dc3a8895a860c930765f0f66,entity_3433,train
dc3d619db55f73852c3766d2,entity_4440,train
dc3e3989796a871cdf9d6749,entity_2467,train
dc3f006fbcf46b3cf824a5ee,entity_2222,train
dc43fbfd85e595519ea9418e,entity_1537,train
dc4d95d8a2b1a0f1953a7d59,entity_2110,test
dc54fcf124eeae7680f0be6d,entity_3407,train
dc558881cfe6cb3d64d464db,entity_4118,train
dc6cd1f605dbd596f2ff1da7,entity_1564,validation
dc6ec4da8809becb263ab5e8,entity_2361,train
dc73b2ad1c0e365abcde415f,entity_4000,train
dc7a81ebdcc11ff262aa98d5,entity_1060,train
dc7a88b003afc148dd04a0cc,entity_4069,train
dc825d2bae4aeb711eef90b0,entity_4548,train
dc8c911b9717daedbab98333,entity_1262,test
dc9e1bebfe54ce5d03c4ff37,entity_3470,test
dca3e7694a817c0c6ac440a5,entity_1134,train
dca8450a97215c5a0a25d7ed,entity_2657,train
dcbe7d6a0bb7ae0467e58f17,entity_0458,test
dcc6c4339da3b86010019ed4,entity_0441,test
dcd4b122315f160cff05dc20,entity_4204,validation
dce5dcf57e73c38f52d4ff89,entity_0324,test
dceef3ccceffe58c14bedae8,entity_4297,validation
dcf349219310db41c70eab0c,entity_4450,train
dcf53a3fbd8d725ef625e8af,entity_4538,train
dcfe3952ad7e8d6bf2a5ad08,entity_1067,train
dd0294979f232d929ae06966,entity_2580,train
dd0462e05903d4edf6f35e0a,entity_4428,validation
dd0572c5c2b4ee5fa8ab2b12,entity_1889,train
dd14af898f7fdc897376733a,entity_1954,train
dd2047e6db4aca96d5bb0478,entity_2973,train
dd31806dad3fdf6e494f5cfe,entity_4769,validation
dd369fdba4084f37a28770b4,entity_1257,test
dd430baceba6c701f1e66f73,entity_1364,train
dd46d5fa1be36ab402c4cc86,entity_1648,test
dd617ca64d6e05d09f145187,entity_0427,validation
dd6777cce2a5759f2348def4,entity_1146,train
dd889886cabba0057e5392d2,entity_4423,train
dd92f9800484fe225998f999,entity_3306,train
dd95537dfcedcaa56742d26e,entity_3153,test
ddaacb172e77c6747b08e701,entity_0400,train
ddae3a3dd5d042263043c382,entity_3495,train
ddb6ff71aff341a8b25aff7d,entity_0877,train
ddd72fee7fcc8da6139d2a7d,entity_0089,validation
ddd7ab931ec17f6ba2fa2af5,entity_4803,test
dddcd65fa94171c6f18d9f03,entity_0879,validation
ddf7db9848041da49e404a30,entity_2606,train
ddfe8a867ec79351d6585b18,entity_3564,train
de0295935ccb8f05b3e6cf67,entity_4671,train
de06acc8b1d10a0b60d06e88,entity_2878,train
de08119c4a1e3b7a97dfb202,entity_0957,test
de0895a0671acd9945f07a05,entity_0025,train
de0a44df6752eaa28a2d7aab,entity_4661,train
de13c06167f5a52b73533de1,entity_2170,train
de2095c80335c3958b7c3cf1,entity_1333,train
de290c2876bf17d8e34d9d7e,entity_1557,train
de2999a985b0ba59ec251e66,entity_2088,train
de2a9215b08aa3a124bb3ec4,entity_0128,train
de2b40d115a23e622722cc25,entity_0781,train
de2e2fd476713da73b8e64dd,entity_3531,train
de37d1a3da5a7deaf2efcd9f,entity_0557,validation
de39d2a3ff8c6892caf84685,entity_3111,train
de3d55a06c735dcf10ffa16a,entity_1850,validation
de4327f53bf5385ae38663d7,entity_1911,validation
de4b533f98eacd65fe41f011,entity_4420,train
de4cbf121d372ff5ba44eda0,entity_1506,train
de51b91975737e22b1e3ed88,entity_1724,train
de551cdca242219a822fad85,entity_0407,validation
de5b2477be9c2a79c405ec3f,entity_1680,train
de5d110e37030202a863cae0,entity_2131,train
de5d973a9e3be78e08e2bdb4,entity_3396,train
de5fed3bd59311de4c3989e0,entity_4392,train
de664e1e335dde329963d5b4,entity_3163,train
de66c8e78af5105c52cb7c89,entity_3307,train
de683f8e6926742c0ff72b79,entity_0415,train
de69423f4ebede8faceaabb5,entity_0842,test
de6c84845bfe2aaca6320b16,entity_2825,train
de72c3484b38224c6060d60e,entity_2525,train
de74a9eaf040a9cec88158a8,entity_1840,validation
de75d89f5dbf79267af8cac7,entity_3099,train
de7ed6dbf38bd8cd649fe7c9,entity_4981,train
de86c7014519fdd0b639d319,entity_4170,train
de9a696f97f7f4a306de9279,entity_0707,test
de9c90f228caa67bb522ea8f,entity_4383,train
dead6e6a1c2c222e7b9e83e3,entity_2105,test
debb87f3696b878bfd4dcc69,entity_0965,validation
debd556d433b83cfd628e142,entity_0448,train
dedddcacc970f0f058695b4d,entity_3265,train
dedf9a5ddcf4ed689d77e772,entity_0812,validation
dee25be9ab493404ebdad238,entity_3586,train
dee78406b7032e3881d86d5f,entity_3391,train
def0c591c3e7427523527105,entity_0407,validation
def94792643a36ef219dd2e1,entity_0317,validation
defc61e9d90470bf1d836e63,entity_1839,train
df0e44e6d19b486fc2b1219c,entity_2580,train
df1ad0aab85ee49e02ec6fd1,entity_4997,test
df1ddb7f2d9d1a85aadeb59d,entity_4252,train
df214124866167400292729a,entity_4200,train
df22c57c4800b8ee4b031a07,entity_0108,train
df2a1dba6fc9627ea5fae0f5,entity_1435,train
df556c29fd499a157d7b6a2d,entity_4215,train
df613abe5c4f5491096a3086,entity_0280,train
df68789282bbbfc0ae5a78e7,entity_1890,train
df71e271284c3d4cedbe6b41,entity_1141,train
df71f7b30726efbbd5151d03,entity_0499,train
df73cfd5b5e170841603fcd4,entity_1661,train
df880d15399f380eee59fd8a,entity_4913,validation
df92bd107435b651dbeb5bd6,entity_2712,validation
df934a9b41e630c1f6a42a69,entity_1088,train
df9bbe508d24b77299ddf3d1,entity_1784,validation
df9be6694fc01a722996fc4e,entity_0501,train
df9e4c1e6a78b855f72f6c90,entity_1595,validation
dfa207ca824f514490c490ef,entity_1743,train
dfa4989e3161c6e85ae4e2de,entity_1864,test
dfa89120ecd8343aefd595b1,entity_0438,train
dfa8e4db3796c67ae7338c67,entity_2377,train
dfaed242e4a90feaa9dbdf2c,entity_1637,validation
dfb1380a9c169372163d92b4,entity_0745,validation
dfb19ff8ed35d0fcc2da7d7b,entity_1663,train
dfbde7a9bea1a022cfc4cd6e,entity_3027,validation
dfc0c532a79d4365f3e79a09,entity_4314,validation
dfd4c9640105a68445cfca13,entity_3980,train
dfd540ba89548c21d6ab6999,entity_4525,train
dfee7795c2fce879310e7566,entity_2377,train
dffff7a2acaa077a5483a15f,entity_3309,test
e003bc04331d4ea3cbb7a75e,entity_4136,train
e007a645da4b5da0099d0289,entity_2127,train
e00e1e72e60fc90605056867,entity_4487,train
e00ea84e1a93187699cdfa18,entity_1232,train
e0144eb024366db4240bfdd5,entity_0776,train
e016d474e49fbb891660ef60,entity_1823,train
e018c4bad6b5492cf7eb2c8c,entity_3684,train
e02aecb81d3e0e4102254156,entity_1238,train
e02d7acc505735e7f0bde0a5,entity_3392,train
e03303f4280e4497f03f0d14,entity_3471,train
e0418a6cbb118bde5539bb7d,entity_3900,train
e04553e3203752c41dfa92cd,entity_4249,train
e04a797ea68d2f40d1863191,entity_0445,train
e05367cc42b8229c9f7006ed,entity_3988,train
e053e072a74e26c8aa9254e4,entity_0495,train
e05515f6028a5812fd213869,entity_4294,train
e058ea19daa6ea5205324b24,entity_0825,train
e05c075360e6ec7c5d9c4d10,entity_1828,train
e066bd60b2c51f7b021643b8,entity_3856,train
e0691c6ed7eabbdd0911eda6,entity_0118,train
e06de89f43747228e9cfa1e0,entity_4162,train
e073a61c59b7842846afbbd9,entity_3826,validation
e07d3251e44f4dd04f76f560,entity_4019,train
e07fe3da57550884d45713d9,entity_3565,validation
e0896e5a9e1a39f1c5f1ca7a,entity_2180,test
e092513b3280fc023ff4ca13,entity_3250,train
e09d29315723cf93cbbea4a6,entity_3503,train
e0a2fbef313653df8c1de0f0,entity_3026,train
e0a8773001a4f99012be0805,entity_1673,train
e0ae4686a2240486eb44157f,entity_2342,test
e0b0ea86070a4d2fbdff0102,entity_2712,validation
e0b4f52763acc1e74f4c1883,entity_2354,train
e0bba7c3ada5d9b8fcf7029f,entity_2814,validation
e0c4c4cca190690e1f44e82d,entity_1552,test
e0d6258fa2653a6e6668e098,entity_0469,train
e0d76be49b1baa72eb31f33a,entity_4367,train
e0e2a19e92751776bedf01a3,entity_1510,validation
e0e48f010ad07e17b801b4fc,entity_0264,train
e0eb8f0899d1cc4d2b7635e6,entity_0682,train
e0f284cb1f48e657817bacf2,entity_4601,validation
e0f2f764c75bd5c395ed5ea5,entity_3134,train
e114b0f3c6517b6640cc0c61,entity_0595,train
e1220d0d045009ec1b81013a,entity_1662,train
e12b526fcb62d31bfe7498cb,entity_0285,test
e12e59515276dc424bad4bd5,entity_4163,train
e130612ef496632cd8793b67,entity_3175,test
e1310efc1ba4a1290a3e0a57,entity_1096,train
e154a17fd24d0712b06b8763,entity_1079,train
e15697ac22a9d8cc2768da13,entity_4161,train
e162f46ef048a89da0680da7,entity_1651,train
e16c629bb21c2bedb419495e,entity_2255,validation
e171610ca24c491b3952ff8b,entity_3282,train
e174fb632dd3831a4b6b3ab3,entity_4074,train
e176a7b8bc2272acfdbb7e01,entity_2040,train
e180c02e2bc27637f9fe010a,entity_0098,train
e184a2b2f233f74f1587dd67,entity_3744,train
e194c3cff2a7f41fb49864d5,entity_4177,train
e197fcf7aa1496c6646f5604,entity_4696,train
e19a47aad742210c91b94cee,entity_0885,train
e19bc1b881dc089953da0e56,entity_3544,train
e19cf8ca10a6e6e479ec60ce,entity_2574,train
e19f67f87609509f3258709d,entity_4016,train
e1a000f50ea2732660475abe,entity_4398,validation
e1a1470ba38b9fcadbf049d6,entity_0477,test
e1a531e7dd9e6e8996971a42,entity_3878,train
e1ab3ab4c10ffea845c8d960,entity_2759,train
e1b37a93d0644ef5be2517e7,entity_2078,test
e1b9929b324535068f282943,entity_4130,validation
e1be6b7708731915ae6016bf,entity_2716,test
e1c764c816ab0e9342c4ae54,entity_2972,train
e1d79e330f8c9a41d22ddaf9,entity_4868,train
e1d9db2ce9256344aaa00d6b,entity_0915,train
e1dd235400ed26a09a7fc578,entity_2978,test
e1e2a4abe04d8a1486fafd4b,entity_0937,validation
e1e8f1df18f83aeaa7a27174,entity_0028,train
e1f0182b4c537c4ab1ffb30e,entity_1090,train
e1f660d3183fcd9dd73a7214,entity_3555,train
e1fb9bb15a6c29f79423e832,entity_3227,train
e20534dd431c7ca30d993205,entity_0524,test
e2063162d1b5f135c701a8ab,entity_2034,train
e2167d0d9a6725d14c8ce9d9,entity_4413,train
e2185dd5a3ae53369deb4e5e,entity_0396,validation
e21e2687989bd7477998a25b,entity_3975,train
e21ef3376eb98f53da727997,entity_4360,train
e225f2013bc2616d91b3cb18,entity_1433,train
e22f0bdd640044b2fc3ca3f7,entity_3927,train
e230104ca65af46c3cbdb778,entity_3624,train
e2346b609e3c1fe82391ea00,entity_0259,train
e23928a5ad56e440167935e6,entity_0214,train
e23a3137c65d52d44b464a04,entity_0137,validation
e23a7ec844911504ace0d175,entity_1018,train
e23e4af74adaeec441812edb,entity_1838,train
e24252365f3766c8a6c707f4,entity_0219,train
e24bb1ac89304cf032593f05,entity_1815,test
e25881725cba0f57af8aae50,entity_2079,train
e25b424b4c83dce62f77701a,entity_4735,train
e25d20526e26fe5eea6acc00,entity_1443,train
e2694ef6f80ba44f00f5f4ed,entity_0414,train
e26fec94918b074540ca60dc,entity_2565,test
e2748ed810b6485ac5bce12e,entity_1456,test
e282bce2c9d0ff998e50a67f,entity_4712,train
e2852dda782f0821da37006a,entity_1264,train
e28a887eaf72a6a0529c7bd7,entity_0081,train
e29121c72c4fe08782f5d2ea,entity_1086,test
e291de5ce553742314564728,entity_1396,train
e2927e58e1f51984550c1c03,entity_4872,validation
e296319caa40b7ffbcde75e4,entity_3061,train
e29fc39f0566ed8a96914116,entity_2856,train
e2a03b04748403b6bb42e56f,entity_0336,train
e2a311fc509cbc909d3cee05,entity_0133,train
e2a8ff40f13199dcd1363c8c,entity_1206,train
e2b0eb5e388cbd83a6b40767,entity_1037,train
e2b71f84132987aded043642,entity_3530,train
e2b82e10a8927463d08adf79,entity_2592,train
e2bad5f1601e6e55e57d8d82,entity_4063,train
e2ceb1f6a71f879d6851b154,entity_3964,test
e2d707bf975f8400dd955c73,entity_4790,train
e2d757f5c4437156a42c2bb7,entity_2413,train
e2e538d56916d94fec38a504,entity_4870,train
e2f1971101b9616346926b63,entity_0041,train
e301f72382cfaf039b353d1a,entity_4971,train
e30e39875770717c48af6614,entity_0639,train
e30e7eaec075bfd4b26babcf,entity_4879,train
e30f2a1107ab7d32db766616,entity_3141,train
e311146fce277cc88fc606f9,entity_0551,validation
e314a7ccc7a105dc429a5383,entity_3124,test
e31827647b382772b1ea900c,entity_2595,train
e319bb7078e19689fd93dd2c,entity_4570,test
e31c0c818f7438419d557328,entity_1371,train
e31e499f8819c01bdda01a38,entity_2408,train
e32cd58cb6df47370e147604,entity_4200,train
e333498bac60bca650ade13d,entity_2708,train
e33f7cfa2e483601660b7027,entity_1526,test
e342b2ca30097b9c59c67d97,entity_1980,train
e3443ffaf694c0e35998d911,entity_3376,validation
e34e887a5f48e5b586473445,entity_2837,train
e350c93efbe68384d455bdeb,entity_4497,train
e352d3a67f44bedc629d1a05,entity_3557,train
e358c85d61f4c31ff93088c4,entity_3682,train
e35a4d7ddf1fce1627a71765,entity_4049,train
e3614c8cddef6f9b34dc4bdf,entity_4850,train
e36ab56252f87e4eff52f14f,entity_2469,validation
e37b1790fe8389ecc14e9420,entity_1533,train
e37fd55090a187aaed50ae8f,entity_1319,train
e3894dd2eed00aa85d460143,entity_2337,test
e3952b3a711cb50f4659be97,entity_0851,train
e39b039227cf3a6d658cbac0,entity_2232,test
e39d355391c5b89283ca76f5,entity_0313,train
e39e7c6a1d34925f5d9f32ed,entity_1868,train
e39fc14d3678aad80f22119c,entity_0440,train
e3a386538c1b00bcf4b0dce2,entity_2244,validation
e3a55efe09b27e8dc218cdb9,entity_1138,train
e3aa7ec53789c0d1d7490d84,entity_3930,train
e3ae5f13d68b5e42c861fe19,entity_3273,validation
e3b3509a2bed092d21ce11b7,entity_0267,test
e3b35c5ae5008f07b98f4e47,entity_4471,train
e3bb436f317d08106a38e777,entity_4869,test
e3bf4f4210d3f4d737523a98,entity_0661,train
e3d59e5f2aff6317fb871689,entity_1753,train
e3d5e92bf2f853d6275bb72b,entity_3234,train
e3d71bacd7d448d9f76abdbc,entity_1665,train
e3d7c7fbcb5ec0360c840f60,entity_2385,train
e3ddaad265eebf9f97c448b0,entity_4910,train
e3df801c070e92e3869f70de,entity_0194,train
e3e121d21263d29644a7dbf5,entity_3150,test
e3f04780aae7c89ef386fd39,entity_0278,train
e3f263eeefb45d5c31bac750,entity_1779,train
e3f2a48c816f5361e5ddcf4e,entity_3673,test
e3f8877607eaf03a79182bbb,entity_0411,train
e3fd9147afe1d2cce48b6760,entity_4631,train
e40574d02c13264dce1a012e,entity_2952,test
e412065a203c3fd5969cf7da,entity_2836,train
e4175c878318ebaec3c8d966,entity_0272,validation
e41ef6c239a669824a1357f9,entity_1053,train
e42b8b7afac24d30902fbf20,entity_1877,train
e43d822b8e8a3ca5eb7952c3,entity_0232,train
e444de1e9a039cec662bffd6,entity_0160,train
e446e12e8dc26072b96eeeee,entity_4309,train
e448aba481e67c1dc3f3b748,entity_0184,test
e44b30c4b782425e26df8a61,entity_2604,train
e45015d720ea8573f486ed50,entity_4264,train
e452df9b38c41476504cf3b0,entity_2685,validation
e4545493b2de43d738c5b802,entity_0145,validation
e45d6e1b152b1d1f28c4697c,entity_2089,test
e45db96b541e82ce66f5f0a6,entity_0198,validation
e46d923107ffe3132bfaad81,entity_2960,test
e47546697c50a5730035367e,entity_2701,train
e47a0f466a493f09ddd5cc9b,entity_2291,train
e47bc3d0f6dce4e610122713,entity_2296,train
e49145818259a9fe940534cb,entity_2538,train
e49a268164d4e31d26bc5355,entity_3961,validation
e49e050e2b1b742321a746f4,entity_1467,train
e4a137ccc7cd7ed882cb1fb8,entity_2306,train
e4a7325eb0746ef352bf7f49,entity_4426,test
e4adb2541df60d0155f6d7c4,entity_4232,train
e4b144b820420bee9aa66015,entity_1562,train
e4b7ccf8f6251d09431c818e,entity_2841,validation
e4b90b487a21f403a3a25b8e,entity_1483,test
e4bb0d08c77268a33bb08c68,entity_4538,train
e4bc73f762bef080e1f7c044,entity_4867,train
e4c0306b102112be228c36ae,entity_0256,train
e4c1f66855b0ba7eb8044bcd,entity_2648,test
e4c6842293b4c1d6c5c670a1,entity_1037,train
e4c834ca11dd7948f8ebaff8,entity_3149,test
e4d2165f03d2df12193731f2,entity_3838,train
e4d44fd54d142648cd834298,entity_3513,train
e4d5ba209221c73a4969b96a,entity_1278,train
e4d5c8fa3cc8850f463c39b4,entity_3694,train
e4d98a4dc81c7033e86fe9d3,entity_3051,train
e4db3c95673e9181d2075d2d,entity_3302,test
e4deeba8c669f09ba07185d5,entity_4277,train
e4eaafe4f1f3fe8ba43c226c,entity_2122,train
e4eacf26689c11d099ee9775,entity_2228,validation
e4ecfc83c496f1d688a15c04,entity_3930,train
e4eefe3139df2237f0f39c99,entity_0214,train
e4facdccfaff3a5af1d47862,entity_4999,train
e503c16e664405c782e04473,entity_2395,test
e508c33b2e5823d464116b3a,entity_3117,train
e5101a9888ab77cddbe43352,entity_4471,train
e514b6af115baf8f6f474a4b,entity_0881,train
e51c4f0a1dbb52b46ba59413,entity_1066,validation
e51fa918ab6e490ca262a4bb,entity_0981,train
e52002c22c9fe28323fc6b3d,entity_3209,validation
e5218f2c5749a08c945b9f20,entity_4337,train
e527169bc9c8ab341cbb2a2f,entity_3653,train
e53310b00d760979803960cf,entity_0826,test
e53802ddf8d80f2c84b52a8f,entity_1479,test
e53e3058e9a764b8c1a99cd6,entity_1432,train
e54bfc71bb1986149a87d1c8,entity_1621,validation
e54c2da8afb6d4674e35db74,entity_4731,train
e557e0ee93e51ab614789482,entity_4981,train
e5673d5e6324d5772adf6cba,entity_1317,test
e56c04815e932ae867f952eb,entity_3294,train
e57313f9da604b3d8561d6b5,entity_0347,train
e576fdbaa8e83c9a1c0e36f2,entity_3759,test
e585493706d7e4f6a9443a36,entity_4491,train
e589091ae7ecf1c58dc2de77,entity_2085,train
e59184bfcb1c5473e29aa357,entity_0716,train
e592f0def17ccce22998ea8c,entity_2969,train
e5983cab2f74357e471ab7b6,entity_4738,train
e59d51ae705e016bb80ed912,entity_1705,validation
e5b331667f50b1d28cf7cf21,entity_1520,train
e5bf55954676e78cac1f00ea,entity_0885,train
e5c25a297722fd9c6c3e9306,entity_1461,train
e5cb26fff06b8b6b017ca57e,entity_3060,train
e5cf8a38f2b2746d14c8b93e,entity_1340,validation
e5dfacbbc6caa7dffe883018,entity_3962,train
e5e3a96848039f0c7ea7b222,entity_4365,test
e5e917a8abebc5475de502d9,entity_3797,train
e5f1c2372116c0f9204fd07b,entity_1377,test
e5f450d901567dd6ee20aae7,entity_0627,train
e5f8be7fd80000b09dda1e38,entity_2194,train
e5ffccc5d4e4d2f617502ab3,entity_3453,validation
e60534a4df2777e9c75345cc,entity_2272,train
e6075539de2583b8389e5a30,entity_4315,validation
e6094cc6978ccbd343843bc1,entity_1739,validation
e60b0cef4945922f5846dbe9,entity_4621,test
e60b906f73767b678575d894,entity_1179,test
e6110b5de5f942ed46e54a1e,entity_2765,train
e614e38813492998eab14358,entity_3552,validation
e61ae997b26b7f11645b7664,entity_4199,train
e61d8cb2ee24cb67e1fe5d22,entity_0065,train
e61efc6ec38ac9677c723031,entity_2043,train
e61f6f77158e8bd8d3d921bb,entity_2010,train
e62441c69ca2733737d22895,entity_3193,train
e62733f5288e9df6746f7a81,entity_2726,validation
e629a9af6ed13732da00aff1,entity_0036,validation
e63ac8b836eab79ee967865d,entity_0775,train
e65911a17648ce9b16d3066d,entity_4791,validation
e66453a47ad77459f5dc5835,entity_4892,train
e66cc769f269a7dca05829b6,entity_1753,train
e67703c1019762ae59e8e3b4,entity_2440,train
e67e6fdea23daef1ceb093d5,entity_4327,train
e68125b051441a08f0a1fabb,entity_0057,train
e6843c812267e1768cf4948a,entity_3977,train
e6872a0b84031dc59888c990,entity_4539,train
e692d95289823debe8f7ea5e,entity_0350,train
e6996d3a6ab3a58224f647d7,entity_4927,train
e69f52f0233da184de7736cf,entity_3908,train
e6a31657c98801ee33e75036,entity_0513,train
e6b57b844a963f832fc49df6,entity_0713,validation
e6b94e88ab5aca397c894064,entity_1285,train
e6bc0bfced0d202280a0d400,entity_3376,validation
e6bdec21de7b067645feb453,entity_0007,train
e6c927e9c9dcfec7c753e255,entity_3270,train
e6cff407d192496095a838a8,entity_2531,train
e6d0deed24cfe7789f55ab21,entity_4791,validation
e6d192d64d468e22a3b9585c,entity_3367,test
e6d46545f72e28e8319c9584,entity_3657,train
e6d74619c374ef0d52f73396,entity_1985,validation
e6f0e30652c143b778e5ca20,entity_1550,train
e6f5e9c7b8e6ea29ee8572cf,entity_0017,validation
e6ff3d6d6a6d84f65ba0a266,entity_4633,test
e703c82691b98805b18cecda,entity_0597,train
e706cff536da7093feae87dc,entity_3403,test
e70de242eae4b6d14e2af588,entity_4489,train
e7108a96ef026b228de9e9ce,entity_3156,train
e7142e171d107169d3e16739,entity_0245,train
e716ad0fdaab63be1bc61f9f,entity_2024,train
e71842155a57b38f64be403b,entity_4039,train
e71fea9e6c9f724e45ffca20,entity_3293,validation
e720c864c525902573309e12,entity_0811,train
e723452c33e25fbe46d30460,entity_4983,train
e72482f539cf6d3d1b58d5d6,entity_2779,train
e728eb1c71c7fae3c628d90b,entity_0876,train
e750dfda729f97ff96b74140,entity_1077,train
e755904c735d7516c405ab0b,entity_3631,train
e766a347e330c382e8a80c63,entity_3427,train
e772150885d46d48d284493a,entity_4183,test
e77726cae5a6e24bfc6d3990,entity_4238,train
e779644ffbcc9cc8f9dceadd,entity_3910,train
e77e81718f7b610de94cdf25,entity_3557,train
e77f05825a3c2fa92ebc303d,entity_1057,train
e7851f0b0cb172a554f2fd32,entity_4254,train
e786386e590a2da0b9fe2a84,entity_1713,test
e78a237072d83dabf5b576e2,entity_2356,train
e796d1841ca2a041f1713a79,entity_4266,train
e7a4bd4eb04b6ed0c64d59be,entity_2575,train
e7ac41783b8ec849a932d560,entity_0352,train
e7ad0d329bc9e73b5a767991,entity_3383,train
e7aee158726be6d89fc2c38e,entity_0274,validation
e7afb6954999cbde67c03609,entity_1346,train
e7bacd5b59cc3bd0c0326383,entity_2130,validation
e7bebcb498c928acfb8c1370,entity_4896,train
e7c76ed91010de3b9920e380,entity_3829,validation
e7dd192d930cc4c063442d4e,entity_4607,validation
e7f0a7633138dae4cf4f25a8,entity_0255,train
e7fe7377df8667cccb4f9798,entity_2965,train
e8051dc19c521d7ff8568f62,entity_3353,train
e80aea5ef2ee5c95abe71f85,entity_4957,test
e81049d63718c4635d2fbaa1,entity_3925,train
e81356f4a95d548f4b041d2b,entity_3351,train
e8160ea6004c54b970ecfc8e,entity_1075,train
e819ad6a5a6a13006327ab02,entity_4662,train
e81a5a3ac5c9609e916191b8,entity_0758,validation
e81fca36e0006aef6d8dd44b,entity_2102,train
e8204893e93c68b1da7df83e,entity_2842,train
e820f213bd7fa46ad8244f24,entity_1979,train
e8228d1901cfc2ba31d0a74a,entity_0791,train
e82d5777755ca21621a8e66a,entity_0123,test
e8403c1ad5ea9cfce84ef931,entity_4128,train
e841de2a2380c6473c11f184,entity_2161,train
e842f34afd777836be60cd30,entity_2256,train
e84644c8e998c5e449a7ca08,entity_3693,train
e84dccf25b08f880573fe8b4,entity_1549,train
e84fdb29af5032d4243a1901,entity_0403,train
e85798690f3264b3d277b3bb,entity_1830,train
e85904da4ad129c266564446,entity_2820,train
e861b242061cf93233990c4e,entity_2147,validation
e8630c7ba5552f5bb98df1c4,entity_2669,train
e86d32a3e917f6223dfb5102,entity_0347,train
e86f4d96355b453f2b293908,entity_2091,validation
e879fc6eeafc955b07673dd8,entity_0213,train
e882fb00c34a52d1d53e654c,entity_3311,train
e886a34f87564b47f488bbc8,entity_0626,train
e88e9d58c544e1a653670381,entity_0183,test
e895a7b23bb14e2a4ccb3084,entity_4884,train
e895e0c5cdecc99511ab72d5,entity_4752,test
e8a1d6e91ef91285ed992042,entity_4814,train
e8a3e879eacc853f24a37460,entity_2887,train
e8a5584209e631718c18e1e5,entity_3146,train
e8a9b5ef64dbbb50b796b7c5,entity_2795,train
e8aaa0523d1b497fd99c93b3,entity_0737,validation
e8b98359dacbf1758a7b3cb9,entity_2892,train
e8bb49aede0f6bd7627dea56,entity_1843,train
e8c000062581547de791eb4f,entity_2993,train
e8c3f4a9c7b7f1a5ee91e846,entity_4286,train
e8c83f7eb2eb51b82e3c917f,entity_2832,train
e8cff2aa40803be536312f9d,entity_4730,validation
e8de2f23b5241ac1e2fe50e6,entity_1799,train
e8e0cab78ac8e9fe12e82101,entity_4476,train
e8e12b46710c9b51f66ea85d,entity_1407,train
e8eceac56fa20b1b2406afb8,entity_1313,test
e8f159691f33fc5fc7729e84,entity_2626,test
e8f8dee15e6e782322883d0f,entity_2932,train
e9039b4db969181f015c3b8a,entity_1471,train
e908d0fdc08f2c8138254c7a,entity_3947,validation
e90e434c451d49116983242d,entity_0453,train
e91801bdf3879ecc0ea4c373,entity_1569,train
e91d6d41e0d775513dcfcc26,entity_1118,validation
e9229aa82d446e3b09d82bc0,entity_0060,test
e92d6ca9ad969072fa938091,entity_4834,train
e93c335f04d90586c104ce6c,entity_2000,test
e93ec562b8e5d63d16f0a77f,entity_3047,train
e94db7f6c7f8f70ab20f447a,entity_2206,test
e95c903b8af5858b05813e62,entity_4839,train
e9735e1ee3cc6c9d3bde3270,entity_4210,train
e98642a2bc3ac4cfedda81f0,entity_3811,train
e987060d6b6f41121c8a3e05,entity_4801,train
e987d238a97044a282a435dc,entity_4109,train
e990ed2c4fe3e70c8843af4a,entity_3541,test
e99cc80d054dcd0700b31e18,entity_4399,train
e99ed044dbc6d802d826afbb,entity_3901,train
e9b1803b2449dcd2c418172b,entity_1829,train
e9b450ecfd89da438d5b5db3,entity_3592,train
e9ba45f9aeda093ce6146c2a,entity_0187,train
e9bb78939babd3ffef2603c6,entity_4697,train
e9d62f19cb4b1a306522f290,entity_1721,train
e9da8b302caf3a209e968017,entity_4360,train
e9ea5417195b1b35fc023c16,entity_4690,test
e9ec70d6dd1c7e115b26c875,entity_2661,train
ea01ca4d6b23376401ac2ba7,entity_3090,train
ea05637ac20b5c5226379d5e,entity_1370,train
ea0efc9f075d1e5c998d2f44,entity_1391,train
ea135c7cb9e50f4b4fa62e4a,entity_0926,train
ea16a40f02b118fe0d601c25,entity_0637,test
ea19adf5b5acdd8244bd1c96,entity_1619,train
ea1d23b7ced010ec206652fa,entity_3478,train
ea29a64f6777b19848df18bc,entity_0082,train
ea35e9af60725e35a81b84ce,entity_2199,train
ea3a61d3f70142edecc971fb,entity_4074,train
ea3f5ec510b656f83af6d8ae,entity_0824,test
ea4b2c6d4d0d5e332bdbba4e,entity_0596,train
ea56b71f958173ef4b15ce14,entity_4153,train
ea57dab0ae5df52cdfadcdb9,entity_0042,train
ea64bd8194b0205ab38e50c1,entity_1878,train
ea6c9d80f2d164ccab73c786,entity_0232,train
ea6e2923e2e5f0ee92d1deca,entity_1221,train
ea6fc032c274888cdb437f7e,entity_0337,train
ea727f2c274217f091723cc8,entity_0385,train
ea72ac58ecf65f887edd09e1,entity_0432,train
ea82ae7851d4efb474a63cc4,entity_1017,train
ea936fc8a1b6cbea1f3f9a56,entity_0456,test
ea994d1398792591fb75427f,entity_3443,train
ea9d849fe69ef19be6e914e8,entity_3970,train
ea9e20d5a67cec27052dc6db,entity_4160,train
ea9e4e360bd12aa2e55281b8,entity_2707,train
eaa557d93e9d08c5d26f3a67,entity_0413,train
eab2836403f8875d2097a7bd,entity_0460,train
eab3b231461326dbccb64cc7,entity_4198,train
eab9b1e8ca6a033baa3b4447,entity_3456,train
eabe79b4f56ca44db8623940,entity_1133,validation
eac6ba775da26347f01bffab,entity_0342,train
eac6ead178a06b061376f682,entity_2236,train
eacad2af24965dd8571d782a,entity_1393,train
ead3974b65cd4a2b5057b1a5,entity_3921,train
eadae1315bce0f9c809fc744,entity_0354,train
eadbd55c74e243bef2247745,entity_1388,test
eadcdeec428ba72306cf9ef9,entity_4562,train
eae1c3c7d0cc7ef794436fd9,entity_1159,train
eae1f3a1ef1d0f7266b363a5,entity_2141,test
eae9495c5be6019fb28ccbd1,entity_1891,validation
eae9717782592614c7f0e273,entity_1775,train
eaf448db568eed29ad605c06,entity_3100,train
eaf88d449ff67648a8fd5ca0,entity_1516,test
eb097f869e93ba8d9878e69b,entity_1095,train
eb0b883adc537e8ca7fed4a9,entity_1223,train
eb0d48558e756e79f7a2cc82,entity_4368,train
eb0d66008cca911d6286b4e4,entity_1778,train
eb0e93baaf9597e3756071d3,entity_3694,train
eb1205b6bfed7b8f7265f87c,entity_4705,train
eb1cca0925827cdef747dd70,entity_3373,train
eb2d46670a1aabda1004edbc,entity_0943,train
eb2f1e2ebb872e37d2678c98,entity_0359,train
eb31a4feb4b87e7f6654b3e5,entity_1886,train
eb34baa99e96c191defa6cd9,entity_4111,train
eb38caf5a0ec3f5c6864ba8c,entity_0179,train
eb3b5ab68f2c395521b452bf,entity_3473,test
eb3bdfe6e3bd13d68d1f69aa,entity_2286,train
eb4111d515742343cef71619,entity_3692,validation
eb4d645834639128ea735f0e,entity_2568,train
eb4e252e51694e020f9cff81,entity_4608,train
eb51aa0e64952a4d38445288,entity_3220,test
eb54808d30c5c7fd2e8124ce,entity_0077,train
eb61576d0f63d2e882179b31,entity_4778,train
eb6f1d33a91a44bc62c37a4d,entity_3948,train
eb7c01e3d4c414d1d43887c8,entity_1617,train
eb7c63d4aa0d6318bee8a179,entity_3540,train
eb91388be0c8516f06fa54c6,entity_4045,train
eb94ac548600c1867cd59bc3,entity_0235,train
eb9f3c3a1ab4c4bd8f483439,entity_1007,train
eba529ff81d7f0681f0880c3,entity_0841,train
eba8257bb613007313cd6a40,entity_0322,test
ebad7c314a1f9b3a70b45efc,entity_3112,train
ebae0a695865e7b600ea2a8b,entity_1218,train
ebc0abd7a44a380f29104b10,entity_0079,train
ebca6cbaf0d5a7a4430c65e0,entity_4123,train
ebd27323585bf6d3a6a7c969,entity_3609,validation
ebd305fea890d0d1266898ff,entity_1294,train
ebd9f0e8a6e857ad76943805,entity_2950,train
ebda542679ee492e21e800b0,entity_2804,test
ebdfe05f2fe7df1d68cae3a5,entity_0292,train
ebe0d8f10be0b51d895b9f7e,entity_1678,test
ebe3677cd44dc4fa44eb21ba,entity_2252,train
ebea4a1504e38109c75bdb4a,entity_2556,train
ebf1f0932b475ac2e7805444,entity_2317,train
ebf5f3eaf6f686997470710f,entity_3014,train
ebf65c429f8b21ddc64729bb,entity_1696,train
ebfb92a1b3edb1c5667617a5,entity_4316,train
ec0ad9c00914d581b06a3eea,entity_0675,train
ec0f4b0cf025e0a4570dc525,entity_3118,test
ec1e88bc518d2f5772ae00f6,entity_4465,train
ec45deda6605e058e452871c,entity_1274,train
ec4a7e24a189b4d680d57fdc,entity_1669,train
ec51712162babf07209a2fc9,entity_3504,test
ec5435e8a530c27218451a85,entity_4009,train
ec56c58b67d511588456129e,entity_3104,train
ec5c9e08c4600870cc3ae2d7,entity_0002,validation
ec5e47404a289724e7a8993b,entity_4909,train
ec6c1e5db52e50188a296abd,entity_2986,train
ec6d5a4b37043510bec10f28,entity_2049,train
ec783c88d31a943e18f7aa05,entity_3092,train
ec835735d2b44a1b4079c1ca,entity_3215,train
ec924ccd56f00fbd21972efb,entity_4694,train
ec93298e134b9c39f4d0f753,entity_2060,train
ec972a0294a7acb164a272d9,entity_2419,train
ec9b80f3919e49f9b7b6013f,entity_3426,test
ec9beabdcf08d9d0b8721556,entity_1365,validation
eca30caaa2c7937ab24177f1,entity_0376,test
ecaa8c2a788260e772981d6b,entity_0843,train
ecca9d47ac51c3aa90186481,entity_1313,test
ecd4a31b99c2ef082bec1a89,entity_3274,train
ecd6072be2ebe22ab75af026,entity_1444,train
ecd6fbbe065a98194047456f,entity_2508,train
ecda3f756b73a8030d7403ca,entity_0420,train
ece14b14ae2ef85c28b7b964,entity_0311,train
ece173d424f2fd9909e9bef0,entity_3534,train
ece6e9406d5f4ad8b2d5a442,entity_1418,test
ece94e66f3c566bdecfdd1f6,entity_1665,train
ecea403892b7c3dae1b253ea,entity_0492,train
ecef1ef264075223aeaaf287,entity_3630,validation
ecf6df286db86c82d38a589c,entity_3787,train
ecf91891879feece588d6045,entity_2901,train
ecfca4010fb64159c3f6240e,entity_2158,train
ecffff16e60c52c979e216e5,entity_3424,train
ed10c4fafb79d654c3894de7,entity_1436,train
ed1101f11f892b7169d1cd30,entity_3854,validation
ed1103c9fdd69d0c2c9e271d,entity_2058,train
ed13af43d52c19b6a3bc9218,entity_3446,train
ed1c72b4e7428639e083526c,entity_2692,validation
ed3c706ed10e438ab9b33881,entity_0423,train
ed3d0dfe1b71a4ebedaae029,entity_0337,train
ed42c86c49a5891c0edc5f1d,entity_3772,train
ed4f4a342b6153b2237663aa,entity_4711,train
ed54a5c6cd86dabf198632ba,entity_0401,train
ed56711dac7c912a31874afb,entity_4324,validation
ed5840b31f4796ef232e9001,entity_1522,train
ed6467bf64c276f068e3a7fd,entity_4997,test
ed68f02aacd7e03249d173dc,entity_1762,train
ed6c2e0d34932a467d1a51f2,entity_4881,train
ed72c2a7d2975e07eb867089,entity_0361,train
ed789fab4106b101d7024234,entity_4786,test
ed7ca268f76ca016967daa06,entity_2380,train
ed8004c28af8b6e7537086f7,entity_3314,test
ed80caefccbe394a8f790ff9,entity_2303,train
ed81e94d555463cff2f94cc1,entity_3335,train
ed8216b0143b3585a3b3fcb6,entity_4967,validation
ed8d4a6ca8cf68d758b42c29,entity_2175,test
ed8f9102f5f7512ee17ce8da,entity_4924,train
ed995780ab09de3c77afdd17,entity_1470,validation
ed9c201278581790924da429,entity_4147,train
edaed1f71aa6b7634cd4b987,entity_1499,validation
edb0aa428545730889763794,entity_0678,validation
edb7bcf1b3f8ba55882a9c37,entity_3548,validation
edb9c7bd7b00738cce84b3df,entity_3313,train
edbe523f694113fb0d464318,entity_3323,train
edbebdef8ea2696479c5d0f7,entity_0485,train
edc06b76426e839799d97a02,entity_1355,train
edc21af7dd16d70c217d7bec,entity_4915,train
edc52e4b3edddf985c3fb64b,entity_3824,train
edc60c03ef51740a12a39a81,entity_1209,train
edc6ced4e826a1a8f28d632a,entity_0293,train
ede163517d8bee079a56ae7e,entity_0784,train
ede344cec41f4c38d4e65280,entity_4008,train
ede8fc20c11fe6d78d7abb7b,entity_2112,test
edec93d0a7ac43106c8e4872,entity_4303,train
edf960c2eb66e792dd0381c8,entity_2863,train
edfb9a0a00958e86b3d89921,entity_1988,test
edfe49f302e154a8bdc77f7d,entity_1330,train
ee0a118c63e92def29649eb0,entity_0505,train
ee0abfbeac3daa04c72f4877,entity_0249,train
ee0eed86a2b26dbdd74dbaea,entity_4404,train
ee114a30677a0132b1ecd15b,entity_3868,train
ee1f5e90cd9ca91f4fc61504,entity_3431,validation
ee2820cf03db6ff54ab29073,entity_0867,train
ee2db8a53fa4f4d855adc50e,entity_4800,train
ee2e8234ec87c94a254bc0e4,entity_0651,validation
ee2eb71fb49ed10408b26bb8,entity_3673,test
ee32bcbc1be3590dcebb76be,entity_2722,train
ee335542099e2d9f539c7e0a,entity_2977,validation
ee435c82ce4f100a359be74f,entity_4339,train
ee62875dae985d8fb96ef350,entity_4122,train
ee805a5fa063d90ed7234948,entity_2751,train
ee813a344d1614d01303f802,entity_1694,train
ee8204aecb500f818a7b3737,entity_2540,train
ee863d9e38bf8e747c0ef25e,entity_0127,validation
ee93ee50f8d0d477019901c6,entity_1442,train
eea889c559420679b4d2f65a,entity_2665,train
eeab05dd6465bb1a0d002791,entity_3139,train
eeacc3260d8cd609b5c0bbe5,entity_0914,train
eead14e9051d71b6e92cace0,entity_2094,train
eeaf3b89f8fcdcd367b3e64d,entity_1941,test
eeb540336b93ca84a53aa805,entity_0201,train
eeb995f7af9b9d4fbf1c1b59,entity_4130,validation
eeba381ab3ea9bbbdb3fa7be,entity_2362,test
eebf033caf4aa2796087af84,entity_3254,train
eec1b1331daca4c408a91fe9,entity_2927,train
eec3ae6e8d075545ea8c0094,entity_3297,train
eeca60aabb4d966b17ecadbc,entity_4399,train
eed56e0ed462cd9bd7ea45ee,entity_2291,train
eed9d78ae7c2ad167bda9621,entity_0754,validation
eee41b665bff60bedee225c9,entity_4836,train
eee633456f7b28a8f399cc87,entity_4809,train
eee87a8de4fbe7961b4c82f4,entity_3250,train
eeeebfca30d8c07ae4dce83d,entity_1916,train
eeef28ed807c29706e8530f0,entity_4787,train
eef9f4a117c6fcc8b60c340d,entity_0893,train
eefaaddb507fcd676c9fa69c,entity_2659,train
eefab544979bf827b0ab1a84,entity_0729,train
eefd1d683e1340786d90f140,entity_4628,train
eefe2c116a9e3b0bd4f46b59,entity_4967,validation
ef0377ba1faeb2c9d1de90c2,entity_4639,validation
ef0cff17a4ee31da3062eb5a,entity_4099,validation
ef0f757e2eaf42d2bc882906,entity_1696,train
ef1170020c9473616ef58494,entity_3462,train
ef14298574cb262ad7d4aead,entity_3492,validation
ef15a40bef163b47f87568ad,entity_3664,train
ef1e94401eb22d367cc534b9,entity_2380,train
ef2a1a444190a4ac9dc2c857,entity_3562,train
ef32d235955b8aa0a1d0f482,entity_2036,test
ef3c1b13fb3d2dc891def6be,entity_1574,train
ef3cc466fa5bb4954a05e36f,entity_1233,train
ef3e672edf784ecc2d7d9281,entity_2848,test
ef417f55ffa14ea06507789d,entity_4246,test
ef4701ce1da848341714b9be,entity_4917,validation
ef489b19bbecd85daa4a1cb6,entity_3796,validation
ef4d27cae67fd7f51a554bd9,entity_3367,test
ef62e031037841ad0a18e9b2,entity_2430,test
ef66519fb2a2fb8bb4816a52,entity_3946,train
ef6f1d447b694323d3f3fe2f,entity_2411,train
ef7b1027ae3084fe2b546aa1,entity_4577,train
ef7cb7999f00273347bb4f84,entity_3770,test
ef84b91e4875587a17e20ca9,entity_2966,test
ef8db6015b1bdb0828ddda51,entity_3455,train
ef936ec92f0d13c8c7284265,entity_2038,validation
ef9a2d8e30d5f7d8af2fd50a,entity_0471,validation
efa103be734e9e04b5d8042d,entity_4290,validation
efa49f1fc1b31589fa44f9bb,entity_4279,train
efa5629ff853ca988c8960d0,entity_0421,validation
efabe04e0e4b0185dc47d4c5,entity_4338,train
efaeb7e100491fc04ceb1889,entity_0569,test
efb1d72f945ec0fe1bc3644a,entity_3336,test
efcd9b832db138c3192ad307,entity_0736,train
efd869702cd240902043d2fc,entity_3105,train
efe354016fae164fb250a3c9,entity_0429,train
efeab5a17e3b599f22ade46b,entity_4533,train
efee18283c555e8477f8ca72,entity_1508,test
eff10d7b512df22a555c86fe,entity_2628,validation
effbe990bc3cf745ee62458d,entity_2217,train
f0041c6d9550866fd0569cea,entity_3025,train
f0044e1aa19891a19b323ba1,entity_0987,validation
f00d82e7da54dc82d22c7a48,entity_0196,validation
f00e1fa739edc520031bbc11,entity_2592,train
f01563426768b982c104f46a,entity_3349,test
f01d2cc42bbfc979928f060d,entity_0318,train
f02069615f4e43e79cf5ce21,entity_1272,train
f020ac8ff9dd2124a67b2377,entity_1024,train
f0257f975215988765128ae3,entity_3664,train
f027aa2acedfb6c89b7ce2a0,entity_4044,train
f03371782e0bb6a9b703d32a,entity_2516,test
f03b4859b9abb6ccfedf7e75,entity_2524,train
f058d3d3ae50d0b0f3a88c6f,entity_1186,train
f05e0245d2e12770669a95c4,entity_4486,test
f061b3a5aee5cdc4f2273f10,entity_2225,train
f063ec75aadd71c9a005a5ad,entity_3436,train
f06e14c3c931952491d91397,entity_0736,train
f06f66450998f76ae0cfc33f,entity_2138,test
f07d06c4bb3db8da094afbce,entity_4367,train
f07d70d5a1bafd733b77d8e5,entity_0737,validation
f07f1bf8f67272ae45e5b0f9,entity_1824,train
f092fd450fa8cd555f090439,entity_0958,train
f096b529382ba43be1cd1fbc,entity_2279,train
f097ad26f6c404242b216120,entity_2582,train
f0989c1e3db80951db44739f,entity_2931,test
f09fa21dfbf1a95970ab7d29,entity_1174,train
f0a46abdd907b091b171a367,entity_0212,train
f0a477a5d9b6595f49b54628,entity_4171,train
f0a52da483ca5fd818016da5,entity_0124,test
f0b2dab455762b614e6269fa,entity_1713,test
f0bcce3cd3faa7b873ff4e78,entity_2437,train
f0c672f6d828d6156a8a4d4a,entity_4082,train
f0d7c88f79733f58e0f5606a,entity_0700,train
f0d7eae5220bc56fa38c13e5,entity_3318,validation
f0e9aeb5b1f5734a37ce5217,entity_4428,validation
f0ed95f0ac766ec6bc023f4f,entity_2072,test
f0f05b41ba140184a3d9358d,entity_2614,train
f0f7edef47bdf6a8b19106c2,entity_3093,train
f0f8a48742bd4f3b306da92d,entity_4243,test
f0f999cfbc88c2620397f833,entity_3810,train
f0fa56ad06aee2014845c0a4,entity_2096,train
f10121f76c14dfa1eb7ccf19,entity_0168,train
f104c15b3f11f05add95bed6,entity_4851,train
f1075659ecca13f4d4ce75c6,entity_2239,test
f109386503857d70b24ddd7e,entity_0504,train
f10b6937244add27a38d7594,entity_2516,test
f10cd17e8be572bae8636c19,entity_3425,train
f11430c5ed6fd5b51ee5c063,entity_4801,train
f11530fdaa2de88362b89e24,entity_2852,train
f11be2a48176d1efa0e42d9d,entity_3405,test
f11c7e21f58131141b118952,entity_0529,test
f11efe75f33c3eb4d6114972,entity_0157,train
f1274db87c67ff20052f3afc,entity_0386,train
f12a9e178ab844f9fe8f0250,entity_2565,test
f12e23272eef3d0427a84352,entity_4458,test
f14ed7e8849c0a24cb621bce,entity_4990,test
f14fd1c3ae21c78709a89168,entity_2416,train
f1621682c06c6db6694ac262,entity_4406,train
f16ee8fbbe05c58fdfa1d909,entity_3348,train
f171f3016b672cb7d254a5be,entity_1044,train
f17802aefdd0e9ac1ac5d558,entity_0978,train
f19324a21dc2bae8fca3003a,entity_4654,test
f1934ccb7ef0cf6e0134c7fb,entity_2194,train
f19d4d7fb44eb430390b2975,entity_2713,test
f1a5bc9cee131298fe93b487,entity_2623,train
f1c47d56c7fdf33a1a0ce2bf,entity_0822,test
f1d845c4c7d9e86e21434541,entity_3235,train
f1e08694821e243494ac9d57,entity_3841,train
f1e7159ef91215d9eb0f4c79,entity_4855,test
f1f6a92e315900fef66de0fa,entity_0402,train
f1ffb31268d4516bf73bb9b1,entity_3208,test
f20653a0f05b64bc8242b028,entity_4847,test
f20d5f482c826e6204a69e95,entity_4574,test
f21a3acbff65c3251e696ffa,entity_4473,train
f225261b084ab3f3e27fb58b,entity_4031,validation
f2270587d3b4077a049ed585,entity_1809,train
f228b814809895c9b2e288e4,entity_0808,train
f22c61d1699c22ac07e0fd79,entity_4281,train
f231142e609701ced8a80d51,entity_1995,train
f23d5ac96f45e952ac850598,entity_0044,train
f23ea92092beafc78ad57588,entity_0788,validation
f247d86c179768c133c216e3,entity_2336,train
f24ddfe8c40ca4a6ecfdb8b2,entity_3535,train
f259099b9ede50f6e5e23772,entity_1080,train
f261ad20bffbb176e34b09b8,entity_1114,train
f268e9346c2206747396b29b,entity_4493,train
f26e45d457c82d86c14b582a,entity_3350,train
f26ec32bc11f18cf946c8be0,entity_4324,validation
f2777091f63361aa921713d9,entity_0224,train
f27ddf10302960385e6aa5c4,entity_3292,train
f285ceaeeddf3623f2f747fe,entity_0574,train
f28b251871be4260965cc72a,entity_0538,train
f28b6c2455d87beb27263406,entity_0158,train
f29157407427bba38e465606,entity_4511,train
f29c2b9e1b210f17098b5666,entity_4206,validation
f29cc94689780a0248b4189b,entity_2936,train
f29f063bf1911c2d561c1a77,entity_1588,validation
f2a102b850a22cd7a6542fdb,entity_4678,train
f2a13f795044ad664acb8fdd,entity_1032,validation
f2a58f4d05d89459b68b5aea,entity_0372,train
f2abb174f167eddb51d71c04,entity_1361,train
f2ae153231bb5ab5b8816be3,entity_1881,validation
f2b14a6479a24bd646743a61,entity_0532,validation
f2bcab325f4fbd99974d708f,entity_2260,train
f2bd065bfd1dfed0405d84df,entity_0791,train
f2c61ca76dbe1db169a5a334,entity_4754,train
f2caae57e38149f9ced3690b,entity_2705,train
f2d20b314586726e70a5c982,entity_2177,validation
f2ddbc76770a2d4ce4bec22d,entity_1093,test
f2e3439620875d1779838a38,entity_2609,train
f2e5864ccba99b24feb1e90d,entity_4688,train
f2efcc59ef8cd9e802961fbb,entity_1339,train
f2f4a7ac938f658bfd846ce5,entity_2480,train
f2f5d8b4a36e267856384c71,entity_2953,validation
f2fd01ae85f72e3757235908,entity_4352,train
f3043d0546793b02e44faf0a,entity_3257,validation
f30b54bddec02697a9804eb6,entity_1455,train
f314f0c60e58d8046d7dfc39,entity_0433,train
f317e911e324992a494021d8,entity_2489,train
f31ae4625be8eed0a181f9d6,entity_1332,test
f32104d9dd8ed1689d0148f9,entity_3278,test
f337d760b49f5961b34f8a89,entity_1718,train
f34f7a4b2e2b903e719ba5bb,entity_0748,validation
f34fc5ce19b75c1b4f76e91b,entity_1276,train
f350f7b8ccb64d08bab711e7,entity_0207,validation
f352feafa819ceb062c87553,entity_3062,test
f3651fdd73b54aea9d67f0e7,entity_1350,train
f36e6da6bbcb6b0e0e8c350c,entity_3719,test
f36fc92c2a0dc4c36a0197d7,entity_2552,test
f374a1f45ebab97ebd12071c,entity_2220,validation
f3832c97f8c339d9e3ee57db,entity_4585,train
f386d35d6818940d60d0008d,entity_0855,train
f3883f99ede88cc8c15ad1c0,entity_1369,test
f395d404561abd3bcc4e22b8,entity_2374,train
f39d094729ea17e552a116b6,entity_4139,validation
f3a4c2fd6b95a52eb2e475b2,entity_4421,train
f3a6ce440645490c99a6b49d,entity_2323,test
f3b5fb197d859ad6d4e3e1d0,entity_0785,train
f3b63ed7b89bf6533af18982,entity_2571,train
f3bddade5ef972c58ae21450,entity_0054,train
f3beb7d823fb12df1e9ba619,entity_3204,test
f3c8d7dfb17e783d824563b3,entity_2191,train
f3d6943654cf1ab5dfb01b4b,entity_1266,test
f3db992ad51d243e93795ee0,entity_0360,train
f3e0b39c89015c5df4122262,entity_1372,train
f3e2d3a00c0385ae517a2f9a,entity_1475,train
f3ebd7a9ad1d1ce09db28da3,entity_1133,validation
f3f31d354390b4a262adfd70,entity_2583,train
f406bdcf9637d961f4808eb7,entity_4549,train
f40d3f3a2c0de9264edd3395,entity_4187,train
f40d9334f87da051a05114d5,entity_0452,train
f410a57f13bd229ce61aaf11,entity_3023,train
f411ac0ba70c2c23455a77bd,entity_4906,train
f41d10168fd6caf30e89b40d,entity_4864,validation
f42a10d6dd8470dfd212fb9d,entity_4698,test
f42fef7afe551612ce6effce,entity_0073,train
f4311f14c490b1bdb8c6bbbe,entity_1614,train
f4348883ab91f1f68911322d,entity_1737,train
f4379f09b06e695266ed12cb,entity_4709,train
f438dc273c6b5f521cfc8f69,entity_4014,test
f4421c7c4615d08a901d16ee,entity_3679,train
f447783037f1b9a6d9b0a82f,entity_1074,train
f4535e86bfbd253f03a8364e,entity_4962,validation
f457687c582e70b89029eb31,entity_3515,train
f458fdb311d1d7916de923c2,entity_4051,test
f460de8420240cd5167f3058,entity_1117,train
f468cc11f58e8d0a2496b1b1,entity_2014,validation
f46e14fa0b0a12d8fffa8308,entity_3945,train
f470a383651a18f84ace9d09,entity_0861,test
f47aa0cb61ab671a26dfafea,entity_4661,train
f47c9f3de7bfb025319c2061,entity_2106,train
f483a01df8a74ff39e6ba0c5,entity_2914,train
f48a31a2190b53a43e425d74,entity_3800,validation
f491ce7c2ad2c0f0e8a0ec86,entity_0655,train
f4931f182bf8a1fef7b78b32,entity_1473,train
f497692f0cfd635b4f6527b1,entity_4419,test
f49b35f76b71e458e3fc9a7f,entity_4050,train
f4a6ee5e7ad86dfe46240919,entity_0041,train
f4ac29b13c1d201150417f74,entity_2280,train
f4b1eb08b18f41700a9be318,entity_1027,train
f4b2b5c3a5f2a97b045d2bcc,entity_3578,test
f4b3187538bfd2a36cfdbe64,entity_2313,train
f4b53c4679d85c42dfb9642b,entity_4312,train
f4bfcc05e96d24027e224fd4,entity_4996,validation
f4c50a81515a3c5c41c96f86,entity_2569,test
f4cc27d471b7b5a25aef0575,entity_4365,test
f4ccbfdcfabd906e7067853f,entity_1647,train
f4cd1daeac0019fb5079e10b,entity_3821,train
f4d0f3d94e84d46f5d1cace6,entity_1342,train
f4d1eebdb7928b76a5b799db,entity_2275,test
f4d5ae6d50e1883da7565017,entity_4086,test
f4e47262f5f0f004216e20dd,entity_1487,train
f4e4c6d4ab22176a4f27e0f8,entity_1372,train
f4f0ae3ae45395c5f1c06ce9,entity_2248,test
f4fbeaffae8647dd3c75ca08,entity_2029,train
f4fbfe2ee17847d29a7f2dbd,entity_1835,train
f504341a6298318282651d9c,entity_3094,validation
f50cba0859c2cd0ea276782e,entity_0487,train
f512a985f017fa0b648100ae,entity_2347,train
f5137d5aa1c022a860ad5d81,entity_0907,test
f51a9876206a6febb4b8a9d9,entity_1847,train
f51ce2f57e71e449412ba2de,entity_1597,validation
f51e62f44d6aabfd29ae2dc2,entity_3402,validation
f51fd6f18c16fbfcacb3e8b4,entity_0835,test
f52bdfc3c9f8c84ef83544ef,entity_4895,validation
f53002b930e29261613a6d9d,entity_4132,train
f53618fcc07eb5085840c5db,entity_4674,train
f53cdd28e3553babfa804432,entity_3492,validation
f543337b5b11eb080e75aff4,entity_1551,validation
f544266f9a48fe7e6d7a7e1f,entity_3184,train
f557fc7b663e64f0d6ea5729,entity_3772,train
f561c5239ffe39d52da39201,entity_0879,validation
f56247666ae10a1d55ad7250,entity_1577,test
f562e560b1cdd48ddc2cb111,entity_2512,test
f572f1085fe56f5aa9b77d55,entity_2148,test
f57918ca60f18dfd3fa9eb7d,entity_4964,test
f57c585035e398b964603c03,entity_1518,train
f57f39de53c8f75b5603ef8d,entity_0723,train
f580f21d206e6fde09338722,entity_0223,train
f58655a3da683268dfddab09,entity_4477,train
f590ae0488fde35c67f8a57a,entity_4410,train
f592828914207ea6a8c45aca,entity_3212,validation
f59d7d15ece04c0bfcc7ef14,entity_2942,test
f5a0e17f337be9a4cd1cae5c,entity_0440,train
f5a617788dc7a3ec573425e2,entity_3516,test
f5a6892eb00932622df6bb10,entity_3996,train
f5aef23d49ac605af4be89ce,entity_2259,train
f5c6d4341eca400c09445619,entity_4157,train
f5d2df99f7e858bd742a9dfc,entity_4711,train
f5d51514a9f997bbdefc33cd,entity_4265,train
f5d89b56fe5267abe8cebf84,entity_2503,train
f5e1d9c6862ef85d9e753031,entity_3128,train
f5e3bf37617b9b967ef8a41d,entity_4930,train
f5fbd93cce4517d7e4b8692a,entity_1576,validation
f5fdb5a43706d79dd1852aca,entity_0733,train
f6092bb7b046498ddbbd961c,entity_4188,train
f6129ba9e4a5a207ca673f76,entity_0508,validation
f61b3a64cf04a3fc47001362,entity_3573,train
f6220d654d74ba033d332c9c,entity_3959,train
f627652006fc72024cd8e25e,entity_4101,validation
f6277800af429e8175509e3a,entity_4182,train
f63470e82f32f06d3f2be0b0,entity_1071,train
f6361f42814d46a8666c4d0e,entity_0400,train
f64ccdcc38fc3594613cd164,entity_4282,train
f64d7e72124ec54b4f3deb5e,entity_3427,train
f65484b0281464735d2e39e9,entity_1998,train
f668a40b7e6440f2a6c54fba,entity_0379,train
f67172ac5d5d7ca638bb3b2e,entity_4053,validation
f6726716f1fa776b0afcaf75,entity_0155,train
f675a154084b919d9509c9db,entity_3122,test
f6772bf81cfc30b958a53dbc,entity_0088,train
f677ff076dcb857dbd569099,entity_0871,train
f678a9d2e64fac59d54f4277,entity_1708,train
f6824c18a7d9841efcf8c495,entity_1541,test
f682f4953eb35407901382b4,entity_2877,validation
f68d4460ba6c8ebcb8465a14,entity_0867,train
f6904f10f96bfd52802da570,entity_0551,validation
f6921c6b0d007f1b113f0a35,entity_4918,train
f699ca1cbaa6b724010bab7a,entity_2104,train
f69c158e66d08c34dd8ccbf3,entity_1931,validation
f69d0a18f9688f85bab872fb,entity_4295,train
f6a789aa4d657dfdd002b7ea,entity_0415,train
f6ab6fbe53b7344c275957de,entity_0042,train
f6b5ef5493f0beaf73665c24,entity_4727,train
f6ba29ff11947bef8c124fe2,entity_4089,validation
f6bf7ef75dd0581a29f2d544,entity_3582,train
f6de724e12cd1d35dbf212ed,entity_4723,train
f6e9993df7de6b0414dcf5b8,entity_0372,train
f6e9c96f644dab3ace520951,entity_4068,train
f6ee44d6ca312835a720345c,entity_0969,train
f6f179ec72fae965ed26b554,entity_0606,test
f6f20c215016f87f8e02fd87,entity_3570,train
f70747fd3fb8189b992f31fa,entity_0891,train
f70ec6936039e4d876f83364,entity_4256,train
f712be958d616a24e6024119,entity_0121,train
f715d692ac62d71db2f0af55,entity_4688,train
f7161c55b35308d98586461d,entity_0712,test
f716702b39f971e122e5ff49,entity_0302,test
f71cd070d70c5785b6afd50e,entity_4811,train
f71f98265b049e8e255e4ee0,entity_3676,validation
f72260f1d1c8852f9fc889e1,entity_3444,train
f73429810803b914dde8597a,entity_3202,train
f7569ccd1bfe8fd58c0c917e,entity_4774,train
f7607f73a83b933169abe3db,entity_3056,train
f76cad9ddf004657b1e06c63,entity_1350,train
f76d3fa8f6c36d1605ddea17,entity_0331,test
f77066fff93d135c1e16cc0a,entity_4155,train
f7731ebb9994cf89052fe3bb,entity_3538,train
f7733eb7b2c6da9548f8cdef,entity_3525,train
f785c90ebd68eab64b6893e1,entity_4177,train
f789deb2ac7ad696b72ad204,entity_4535,validation
f792570653d1afcc0a414799,entity_4904,train
f7a0fe90ae86881a6883cd9e,entity_3281,train
f7a6676fae76e4d2e68f26a9,entity_0657,train
f7b15acf2c591bf174b3a2ce,entity_4771,test
f7b4a538ac9ad633d042b387,entity_0970,train
f7b7026107d30e3ac2bd1102,entity_1277,validation
f7ba4c7b0ccb6428e99ce646,entity_2342,test
f7ca5defe0055ff64fd64b8e,entity_2299,validation
f7cc5f8d086bf95ac3d8abeb,entity_0487,train
f7d2e3cf94284086a52aed88,entity_4585,train
f7d417b299328b7244e8e7a8,entity_4385,test
f7da7454237de0002231584e,entity_2171,validation
f7e9da044fa1703039768e4d,entity_1859,validation
f7ec31255159892855e4bc4c,entity_4617,train
f7ecf45bf875f026f539b9f0,entity_0820,train
f7ed17e3cad6d7de39419e5e,entity_2630,train
f7efa1c94b718834ce83311f,entity_0426,train
f7fff7df162dd65d2d0ad8e7,entity_0774,validation
f80249890d9afb348a56e407,entity_3001,train
f804515ef6cc44ac0b2d898c,entity_1941,test
f80dc5cc2ef6bf957b869c55,entity_2372,train
f80e63c9ee9875f2292034f1,entity_0334,test
f8157f8fb23b5f92e28bee23,entity_1871,train
f8158b4843861f337f29f6a4,entity_3554,train
f817008bf2f51f9bda1af654,entity_0550,train
f820f916746ec73da339d92b,entity_1335,train
f82553054d07de04367d1eb1,entity_4180,train
f82d22fd79d81b35300cbdbc,entity_1174,train
f833b8672a1ba1f5ea30295f,entity_3874,train
f83411bf622bbf870f175ce6,entity_0074,train
f8343d8d7be358ca19a8791d,entity_3087,train
f83bb47c729566ec62bf10e5,entity_3004,train
f83e638b126b3a3e76a3d84e,entity_1076,train
f847b70e36dddfe80f93d6f7,entity_0010,train
f84bd45fe107670a9d0e0d1e,entity_0498,train
f84cfd21b15639754fcd8391,entity_4316,train
f84d04e5b70b0aa74bad00f8,entity_3176,train
f84d846275384c5f5603a733,entity_0741,validation
f86006ee371110fa72e42915,entity_4978,train
f88ef28a436bac71e817fcd0,entity_2654,train
f89abe7da022a7f5c8fe3da7,entity_1129,train
f89cdc3a301875776cbeee82,entity_4378,test
f8a7b836f10c9d16f0cf8db0,entity_0032,train
f8abee93a84fd3907bd1389e,entity_1543,train
f8b165b564e2b6252b543f3b,entity_3029,train
f8c135dbfe699719e7e914c0,entity_0640,train
f8c40e14cb667290355c4182,entity_2351,train
f8c615529ba4cbd07190856b,entity_3160,train
f8ca7435230034f2f3937c38,entity_4191,train
f8cc5bb319175766299d6086,entity_2292,test
f8e6c647af0f13f3111b7204,entity_3941,train
f8e70603052449697eb41230,entity_1569,train
f8ee50d008fe07c74788a2f6,entity_3579,test
f8eea3ef22285169fd98e51a,entity_1194,train
f8ef4f4f885093e588c00d16,entity_1904,train
f903a6fa14fe2a920e7f93bf,entity_0989,train
f904c391d3d22f394e96b5fc,entity_3542,train
f9119c011e3fa676002f1099,entity_4152,train
f915d9bcde80e06363573c66,entity_4965,train
f91ac1e62e40638ecd200ddd,entity_3289,train
f923036b5d3765cc1fd95ed0,entity_3245,validation
f92a96f64db268341130db5c,entity_4377,train
f92f392d5f5267baae81c495,entity_3225,validation
f92f7f40661e2900da6682e8,entity_3801,train
f93048a41e05215258f1f704,entity_4111,train
f930d1fc9cbb0962941681c2,entity_0629,train
f9386f3e88cd566885793beb,entity_0462,train
f93a1e00e5651906e4438872,entity_3476,train
f93abdf16cbb268d9d78e7e3,entity_1820,train
f93ed142d14b4c6060643e63,entity_4495,test
f945d4e1725618d93b42d938,entity_1575,train
f946dd5d7087d6edfe67b975,entity_2838,train
f954f0c829caaea40f8eab29,entity_0427,validation
f95566af4f09ed57bea5898c,entity_3059,train
f960ca058533d5291e4f7992,entity_0004,test
f968ae549790a52779b0d172,entity_3955,validation
f96b0f93c1d15cf4af06004e,entity_2081,validation
f96cb66dbd4ef6e329673515,entity_1029,train
f97bda7374bf15c9647444fd,entity_4127,train
f97dc2cbda832fbae74f771d,entity_3101,train
f97f96dee4fceee7778c26d2,entity_3923,validation
f98a2ebb2d5b580673064cb9,entity_1369,test
f98b50c62c6826cba2ff017f,entity_4833,validation
f993cb959c0878065c25740b,entity_1570,train
f9960e22375d5e6f439539c4,entity_4628,train
f997647cffa6cedbe3138485,entity_3500,train
f9a0fafa283d94519e4b2576,entity_4590,train
f9aa0529589f8965f4991ea7,entity_3716,train
f9b3b9c660569ca34f0e9066,entity_4866,train
f9b77cc9e4ac8b38f80cefc1,entity_2549,validation
f9b8c751b029983acd6912d3,entity_3944,train
f9c1cb647f5be449bf80a509,entity_3133,train
f9cd115aea28f45b829d0914,entity_2113,test
f9d8c4e85d9101ce7b533b53,entity_3457,validation
f9f47c2e8ea52289e1f9a535,entity_4004,train
f9fcd2729222a0b881b260cf,entity_1925,test
f9ffd84527773e7268e64efd,entity_3535,train
fa0f6d36f985ab197b9039e8,entity_1287,train
fa17597cc495d45d5610bd47,entity_0210,test
fa18628f2b2d365ec601a40d,entity_0392,train
fa19dd154ec14631ee844f0c,entity_3233,test
fa1c8f46043866cdc108b969,entity_0671,train
fa1e9757d6ebdf2e996d228d,entity_2849,validation
fa20e034f417ed8ccc753946,entity_1189,train
fa297c28ec7fe17c26107e65,entity_1801,test
fa2b9a32291b37331a6337fd,entity_2981,train
fa3c653b9eb06829b0d33a02,entity_0947,test
fa3de17b3e2ce039412b9590,entity_4502,train
fa40a31b44dcdae96d4a01e8,entity_4627,validation
fa4639d0ff41ae941f47caf3,entity_2418,train
fa539d0af937e1c846466608,entity_0931,train
fa57d6a7dbef98c68f6f859d,entity_2481,train
fa5c438fb041bad830b89de4,entity_4544,train
fa5fec6ce5076d27eb18960e,entity_0596,train
fa6314b5a32a363c517de932,entity_2120,train
fa64508a35dc910318020f72,entity_2135,train
fa6a09cb2a83fe6b865eee89,entity_1317,test
fa73827068a1787cfff02714,entity_0928,train
fa856b0626a57780292b6a18,entity_1279,train
fa89716d43c17b334acfcfd2,entity_2542,test
fa89729242c3d4ce9c706e72,entity_4788,test
fa8bf65f340673709efb5d0e,entity_2552,test
fa944c6af5fe8f6a006d3af2,entity_2581,train
fa94c5addcf1722b02fee625,entity_0419,test
fa9582790621d593e8eeaf35,entity_0136,validation
fa9904db244c9c93fab8f50b,entity_2934,validation
fa9b3f0d0a099a0a29abc64b,entity_1739,validation
fa9bfd9121ee3adcf166cca0,entity_4007,train
faa7394e6312f89371c50bff,entity_0163,validation
faac6ba177c678ed48e28060,entity_0670,train
faae1b7f082943ad242275db,entity_2108,test
fab727ac5768dafb27a72345,entity_4072,train
fab9f6b68eed194aa05ea5fb,entity_3626,train
fac0f20d3d6c83efb75e9df9,entity_0638,train
fac3df51e2cfcae354d66a81,entity_3219,train
fad4400d3d401b2f53f40cb4,entity_1216,train
fada46eb3b8ff0c7f2037d07,entity_3750,train
fae19bbcdb6db62fb07c2034,entity_1300,test
fafa16279f34f477c0b1c413,entity_0892,train
fafbf28f9bcc4ef8b62e78f8,entity_0314,train
fafdbd6726a3aa9988fe32c8,entity_2759,train
fb01a3909683be0a17fc0fb1,entity_1715,train
fb024ca33e5247d5c91c3481,entity_1733,train
fb04803c8a0ffc1db505704a,entity_0230,test
fb12324e610d9d9fdc797ea2,entity_4990,test
fb1501dbf449189c2cc70bdf,entity_1820,train
fb206d51b8f6e4a86692f73d,entity_1937,train
fb23174f58c984f48a91c13d,entity_4317,train
fb272d9ac10f5a6b9c378dc5,entity_1259,train
fb27ddda08345a68649f1dbf,entity_2142,train
fb3f1cbed5ef5989ae2a4b21,entity_4298,test
fb43d26dbebb56add53ce3fc,entity_3631,train
fb4e49bf0a7b42477398464a,entity_1438,train
fb532d5ef34bae1aa29e7687,entity_2420,train
fb53baf90c09eaa043f18051,entity_4551,train
fb58e8aacd38eb9199ec578f,entity_0847,train
fb5a8f2f7defb4511daa418b,entity_2585,test
fb62964925bbbe4ebb5be29d,entity_0102,train
fb66e29f8237ff74bb180b35,entity_0896,validation
fb67f52ded0a54494cefb7c8,entity_4666,validation
fb6e3b9ea4128a32c7aed013,entity_1315,train
fb7460cbbd4e8719d633936b,entity_1580,train
fb77c1f11f24d8be1e14bb75,entity_4647,train
fb7d36aeafa3b1ec32b8dee2,entity_3452,train
fb8097cb9165ff28e6bf4e5f,entity_4805,validation
fb8e51330ac324447f7abc00,entity_3876,train
fb8e80d921607c936fa8ef3c,entity_0110,train
fb95c2a3351828b96c1af4c1,entity_3213,test
fba2812d2823e4b50047094a,entity_4599,train
fbb3494d497d7cde06d544f4,entity_1830,train
fbbc6f7f0b489b8e6a2ac2f8,entity_1836,validation
fbc2f30e1cd3cde066cd699a,entity_4602,test
fbc5c79ffe63abdb3e577f64,entity_0225,validation
fbd6be0544ccef260fb93774,entity_1011,validation
fbd91d2b57c7c1278441fbea,entity_1970,train
fbf302f8710fb04181b23506,entity_4634,validation
fc1400174b82e51958d16259,entity_3656,train
fc180845e7ceaed803bdf8ea,entity_2573,train
fc1ae4679fc03c4ea59a79d5,entity_0934,train
fc1b8f509f6239543fffde47,entity_3904,test
fc2223d51e220c996da6b0d1,entity_4449,train
fc2321f608575fec29da85c7,entity_3015,train
fc2ac017a3d77738137eb1ce,entity_4945,train
fc2d4379cb1500d574af8e91,entity_4928,test
fc3d487867ab115764641189,entity_0348,test
fc40eab603ac2aea4ace066c,entity_4232,train
fc41e964a179a0e0cd8d94ee,entity_0022,test
fc52704793f1930dce651c9a,entity_1320,validation
fc5682fda16b2f19daeef06a,entity_1983,train
fc571548a8f20cd39406781d,entity_0182,validation
fc5897c507d7449699431ebd,entity_3442,train
fc65b1ed1a187bc1bd935433,entity_1735,test
fc67ab648a6f755dec8cdd7b,entity_2159,train
fc69a624b0d18d06775844e3,entity_4888,train
fc6b45cf8acdf97f0eee81dd,entity_4693,test
fc6bb7fa53f7bb3bfd048504,entity_4680,test
fc74f0b54294dfe397baa150,entity_3512,train
fc7b7e72a5b2a5003d2fe52d,entity_2226,test
fc8142922902268a34612cdf,entity_2958,train
fc8c65e71ee33292558bcaef,entity_4706,train
fc922eebb2e367b688e7373f,entity_1781,train
fc99cd19654ee9c12946e9ed,entity_1328,validation
fca5f704b54ab41407542ab8,entity_0424,train
fca8fc95fbd7dba7986ad7f9,entity_3527,validation
fcb1d6a671ac764535bfefd5,entity_4875,train
fcc48d3837a46b174473369d,entity_0975,train
fcc5f0e1302194be52465386,entity_1000,validation
fcca1d861a8142124687aa98,entity_3771,train
fccb1379b8ef5e5678538caa,entity_3990,test
fcd1b41a3c585d92c24fe742,entity_0825,train
fcda18617f1924c26762e51e,entity_4132,train
fce4232dacc20ce7e403fd73,entity_1917,train
fcea0e8bdfc65e5675567dbe,entity_2169,validation
fcea3503ff9690ce71e1737e,entity_2459,train
fcea906eecd462f8d2a1d06d,entity_0071,train
fcf15a3367dbafe775c68d0b,entity_1939,validation
fcf362a80211589840afefd6,entity_4326,train
fd00363e0918f83150a4b14a,entity_2227,train
fd049ef71e854ba126a24610,entity_2070,train
fd07bfa62e0e3e3b2d9de5ee,entity_0963,train
fd14277b76d141dec35c08ee,entity_1827,train
fd148181284a4db1cbaef2ee,entity_3273,validation
fd175b6f1936be0051097808,entity_4425,validation
fd1a1db3409ff393db2c242e,entity_2146,train
fd248ee9c70bff1c015c82f1,entity_4019,train
fd2ca03e58176160a1076613,entity_0049,test
fd36f856fb3e2d5b23fe7a8d,entity_3175,test
fd38d60d719e3b297e2c231d,entity_2728,train
fd39946cbc1a7735118323cc,entity_3022,train
fd430de3cb75e2c72e10edf7,entity_2713,test
fd448956faacbf2a24c832ac,entity_4644,test
fd46e97ae683893ed4ffc874,entity_1476,train
fd4f4a67a6cc4724b8bb5acf,entity_4841,test
fd55ddce85790b0fbe0c517d,entity_0921,train
fd5b051e91ee75d2264ecb34,entity_4462,train
fd677207376178aee66d2ebe,entity_1559,train
fd8c1fc618ed121697b081fa,entity_4868,train
fd9669948bac16fcf2fe347e,entity_4506,train
fd99767b5f71dbb6ecb4563d,entity_1878,train
fda17829f1193e4318b090cc,entity_4119,train
fdac5dab5df5594b2acd0c6c,entity_1363,train
fdb2c4f0075571c33e57a819,entity_3695,train
fdbc67b4be45ccf2a998d066,entity_0662,train
fdbd4ac434fd9b1bf11311c7,entity_1311,validation
fdbe63f7af8293570244ecf4,entity_2648,test
fdc0737648f968a990da591a,entity_2677,train
fdc90b7868d99e73e95ce5de,entity_0067,test
fdcefa772f5ff73fb83fb862,entity_0617,train
fdd57640c7441fc03297f8b2,entity_2445,train
fde48831c4411a21938e1315,entity_2460,test
fde5e9fd3fef2b2ce7298588,entity_3943,train
fdeb4e1f18896abdcbfdc0a7,entity_1594,train
fdf7691d1387ba574025a7cb,entity_1128,train
fdf8eca0c710c1019ec5072f,entity_1211,train
fdfd967f115acd389772f27e,entity_3519,validation
fdfec9afe9b883ad03a08357,entity_0190,train
fe0466bdc7b582c2ce24f4c6,entity_3982,test
fe05befeca2fc0ae91e716e2,entity_2344,test
fe05e185b4f0bcdfbdd032d2,entity_2922,validation
fe0722d86f410ea0de91468f,entity_0611,train
fe164f3eaa3cc8f31f00ffbe,entity_2002,train
fe168be579188266b329125b,entity_0451,train
fe23d35f5b342a6e7fb0ffaf,entity_1033,train
fe26b4f65f430daa02b66e17,entity_0192,train
fe2e04d9f77e26886c147a4a,entity_2902,train
fe3b950252cb6725a94ea839,entity_1615,train
fe3ba782e1948acece2e7fe5,entity_0096,validation
fe3e8bea4733d98ed0639a7f,entity_1750,train
fe432706984becb58ce92fd0,entity_1249,train
fe44923eb9cee03a35699668,entity_2978,test
fe503e7440be6e08eef6597c,entity_4145,train
fe52c8c0760a65763ce540f4,entity_2822,train
fe5be6d16f06b0c43ca8b6f5,entity_2671,train
fe61c676867a8086a02b94f9,entity_2252,train
fe61fd3131b8f467edf42747,entity_4781,validation
fe8e1e3ce83a12de55a6b9af,entity_3145,train
fe8faa5a3d47d57e3e9f7b56,entity_3907,test
fe9aca377dd42349339ae42d,entity_2859,train
feb1f7c116febbfc1e340edd,entity_3844,validation
fec25809e137863277327880,entity_4735,train
fec8e4e4eac1842fd69e2962,entity_0756,train
fecad581eca4c0d6ca986cbb,entity_0787,train
feccc7e86ec1cdd6e73613e3,entity_4485,train
fecdc3d2e82fb73b09bb9595,entity_1434,train
fed548f8cecce5b613a3be6d,entity_2710,train
fed560b13700038395b24dd4,entity_2283,train
fede02c90b869b76f34031e5,entity_4098,train
fede113cb0077b8d53929c69,entity_4077,train
fee9d31856d01fd386caf927,entity_0178,train
fef366f9b3aa95d5dda3642d,entity_0376,test
fef7315078b2c4e3b83902a0,entity_4969,train
ff078a2b96fd2640983c65b6,entity_4664,validation
ff154d86f34b782a8bd3162e,entity_2066,train
ff15849d563a84e5b495d83d,entity_4302,train
ff24ed3973d25e2f7e55cc26,entity_1668,train
ff2862451dff32d99805824e,entity_3383,train
ff2ad7a10d6ed66772243189,entity_4289,train
ff3285b31522575a57a16a3b,entity_0996,train
ff4111b1a4d6414ac885407c,entity_0039,train
ff46c4b638f7670b47164f08,entity_3689,train
ff4d5d5576d6ea9f363ded9f,entity_4697,train
ff5ca65cfd972423f5594575,entity_0810,train
ff5f44d812870329ecc9c058,entity_3624,train
ff6a5c8aa51ae49e67fbcd5b,entity_4300,validation
ff763caa43d9584823379f88,entity_4758,train
ff7b5cf23a0f2d0296f6c15c,entity_1572,test
ff7c644f122be0c1191e8707,entity_4854,train
ff7e8789934cf2569af535cd,entity_0139,validation
ff82110d5c3533185758c597,entity_0895,train
ff841c3ac75017df71a3960e,entity_1116,train
ff87f6804a2eac658ea9478e,entity_4687,train
ff8e9c617b18c2e4d9bbea5f,entity_0340,train
ff906b5629c5d9d9c727897d,entity_3774,train
ffa9fd8739f6b1bab67b7a8c,entity_3019,validation
ffab47b39af7d4c63aa7d319,entity_4429,train
ffabfd94ad5b1fa17430cc6f,entity_3401,test
ffc03946d3e17af024b34ec8,entity_0523,train
ffc768e5b2868d7f76716062,entity_3992,train
ffd381cfbee5e613b815d218,entity_0116,train
ffd438e4c1efcccdf4dc28b8,entity_2049,train
ffd68652ad041ae5111399cf,entity_2069,validation
ffd77e7c757ff031e1394c6f,entity_3551,train
ffe1c1aa4cedef8f3f7d65b2,entity_2895,train
ffe70effb7c6997a05621b8c,entity_2119,train
ffecc4606bcb7d5478289faf,entity_4655,validation
fff1f1ed69a97555c22faf26,entity_4899,train
fff9b0a238a5d2548cd484e4,entity_4029,validation
