unique_id_l,unique_id_r,diagnostic_cluster
002ec7f3a1ccdb153b5a8990,0c2245bb5b442fbc099d61c7,3
03439c4904f51b4ec43a3374,1a2e0a80661458c3432b3c33,4
03439c4904f51b4ec43a3374,58a41ea63015b1c5f6886b7a,7
03439c4904f51b4ec43a3374,5ac271e254a7632afdfaf5df,1
03439c4904f51b4ec43a3374,656d2c7236f1bff369da8b24,8
03439c4904f51b4ec43a3374,6877655d93e5796db614523a,3
03439c4904f51b4ec43a3374,85fa7b9ac022496e7c6fd01c,4
03439c4904f51b4ec43a3374,f2ae153231bb5ab5b8816be3,1
03890d1aa2b9f4dca06118c9,246fa81b1e4d146bd41ca424,1
03890d1aa2b9f4dca06118c9,24ea7acb9948f50eeeae940b,3
039f7b2bfac5c75c4789037c,0fd5649f18e866278d64be46,9
039f7b2bfac5c75c4789037c,382dcb1d6dd58e517bdb7acd,4
039f7b2bfac5c75c4789037c,7f88f4aebe1cfc04085aac7a,3
039f7b2bfac5c75c4789037c,de3d55a06c735dcf10ffa16a,10
03b06d483c0d5d9912c2ec73,0d1172e3561ac46944808410,4
03b06d483c0d5d9912c2ec73,1c2ef66d2f1cd10dcdfa7f03,10
03b06d483c0d5d9912c2ec73,3caed549b2853794e3943352,4
03b06d483c0d5d9912c2ec73,54898629da8b75bf228ff420,1
03b06d483c0d5d9912c2ec73,70a3db750638e4050cb05fb4,7
03b06d483c0d5d9912c2ec73,7218f1999c18a0d09f86331f,1
03b06d483c0d5d9912c2ec73,7ace35845cf5727caa37d285,1
03b06d483c0d5d9912c2ec73,82f1f544d40e6d7a1127113e,1
03b06d483c0d5d9912c2ec73,c47cc85efc8d4925effda7fd,4
03b06d483c0d5d9912c2ec73,c4ba54423575818e35ebe75d,3
03b06d483c0d5d9912c2ec73,d26baf601b9f1094e0c95b6b,6
03b06d483c0d5d9912c2ec73,d39aa209ceeba04b853a221b,4
04a17cea0568936a40398e09,0547f866c512782235ffd88e,2
04a17cea0568936a40398e09,743d477aa83b6202a0748197,3
071dc9bf673dbd3e59953c1e,382dcb1d6dd58e517bdb7acd,3
071dc9bf673dbd3e59953c1e,7f88f4aebe1cfc04085aac7a,4
081306d7d1cc6d14b620a293,ef936ec92f0d13c8c7284265,3
083ecb25478231fe0bd01689,30b6e83189f2d1f6ccddc02d,3
083ecb25478231fe0bd01689,a7569139869cc49fda6ae7b5,2
083ecb25478231fe0bd01689,d8de55f5c7c8241af181dd06,11
08bb1f0cbfaa40a01af22ca9,07e06a0f083684c96957243f,4
08bb1f0cbfaa40a01af22ca9,25980e359f9d450d39908233,3
0a12c0b4bf95798930fdf3db,4ea9af4bfebf5c091fbef72b,9
0a12c0b4bf95798930fdf3db,530ad7bcde9b22488b717577,3
0a12c0b4bf95798930fdf3db,a5255ef2afd78405629d9c6c,9
0aac1645c8d906feec7ed340,2077900055a3127f19f6508a,9
0aac1645c8d906feec7ed340,590f8e1b0dae672545bfa9d6,9
0aac1645c8d906feec7ed340,5de460bd235111a94716486a,9
0aac1645c8d906feec7ed340,74df856f35c40fec30bce071,3
0aac1645c8d906feec7ed340,c46624cbc6e691e2bb21c3b1,9
0aac1645c8d906feec7ed340,df9e4c1e6a78b855f72f6c90,9
0aac1645c8d906feec7ed340,e51c4f0a1dbb52b46ba59413,9
0ad6b94151dbf1fecb75eba9,1af1d9cfb9258cfade157801,1
0ad6b94151dbf1fecb75eba9,4304f13cf3dcc3402620f6cb,1
0ad6b94151dbf1fecb75eba9,4652513454576f52921a1ad4,1
0ad6b94151dbf1fecb75eba9,60eb31c43f508aeef1b56795,10
0ad6b94151dbf1fecb75eba9,7f45bb0c5b35ee1c1d9eaeaa,11
0ad6b94151dbf1fecb75eba9,878a68b2708cc33d22945194,1
0ad6b94151dbf1fecb75eba9,882ef5801b2bbf635decc55a,1
0ad6b94151dbf1fecb75eba9,8f58064b666b069f8a15e4b3,1
0ad6b94151dbf1fecb75eba9,990e7934b2f6bf11afa9f0ff,10
0ad6b94151dbf1fecb75eba9,a3501fe299d1fc9aa5a15338,1
0ad6b94151dbf1fecb75eba9,c136ee997426171a16c3cb73,1
0ad6b94151dbf1fecb75eba9,df9e4c1e6a78b855f72f6c90,1
0ad6b94151dbf1fecb75eba9,e6bc0bfced0d202280a0d400,1
0ad6b94151dbf1fecb75eba9,edb7bcf1b3f8ba55882a9c37,3
0ad6b94151dbf1fecb75eba9,f7fff7df162dd65d2d0ad8e7,1
0c3de0f65c46142a855dfc75,3bf150e0208544156660bd1f,3
0cdc6c67288fa8f6eae74e58,a62c502f5a48d54971ed1f29,4
0cdc6c67288fa8f6eae74e58,daf0140a3cfb24567a4a4159,9
0cdc6c67288fa8f6eae74e58,f2d20b314586726e70a5c982,3
0dd4b5ef906268f55f58179b,32e67ca2a0e6ab27bd2b29c5,1
0dd4b5ef906268f55f58179b,d3014be42745813ca3f12387,3
0dff7c134ef723dbad33c63f,4df11b9d27404d7db69fca1a,10
0dff7c134ef723dbad33c63f,9c181d084d254ac516e5f103,3
0e4d8bf77959c2d97066f655,6023410017228c685aac8eba,3
0e4d8bf77959c2d97066f655,a6dd6d9974655f0a78b2fd83,1
0e4d8bf77959c2d97066f655,ad3719514d6ddfa445c14518,2
0e4d8bf77959c2d97066f655,c4e501919350423c0b344ec2,2
0ee0f5f1d2937e43b748d26d,1af1d9cfb9258cfade157801,1
0ee0f5f1d2937e43b748d26d,4304f13cf3dcc3402620f6cb,1
0ee0f5f1d2937e43b748d26d,4652513454576f52921a1ad4,1
0ee0f5f1d2937e43b748d26d,60eb31c43f508aeef1b56795,10
0ee0f5f1d2937e43b748d26d,878a68b2708cc33d22945194,1
0ee0f5f1d2937e43b748d26d,882ef5801b2bbf635decc55a,1
0ee0f5f1d2937e43b748d26d,8f58064b666b069f8a15e4b3,1
0ee0f5f1d2937e43b748d26d,990e7934b2f6bf11afa9f0ff,10
0ee0f5f1d2937e43b748d26d,a3501fe299d1fc9aa5a15338,1
0ee0f5f1d2937e43b748d26d,c136ee997426171a16c3cb73,1
0ee0f5f1d2937e43b748d26d,df9e4c1e6a78b855f72f6c90,1
0ee0f5f1d2937e43b748d26d,e6bc0bfced0d202280a0d400,1
0ee0f5f1d2937e43b748d26d,edb7bcf1b3f8ba55882a9c37,1
0ee0f5f1d2937e43b748d26d,f7fff7df162dd65d2d0ad8e7,1
0ee0f5f1d2937e43b748d26d,fbbc6f7f0b489b8e6a2ac2f8,3
0ef80ae9e08dfe13025472e2,0114c5517a74a76556640237,4
0ef80ae9e08dfe13025472e2,047ca912fc50e897cd9d2445,4
0ef80ae9e08dfe13025472e2,8c0e582184c742ac94fbdbea,4
0ef80ae9e08dfe13025472e2,a9ae0070f7594df50f71f6d0,3
1006b1de9932efa2c1122929,1af1d9cfb9258cfade157801,2
1006b1de9932efa2c1122929,2f0fbdd2f44b9d631ff332b5,3
1006b1de9932efa2c1122929,2fc227181d2b212bc89a602b,4
1006b1de9932efa2c1122929,e49a268164d4e31d26bc5355,11
10364f84127e407a0cda914f,2077900055a3127f19f6508a,3
10364f84127e407a0cda914f,590f8e1b0dae672545bfa9d6,4
10364f84127e407a0cda914f,5de460bd235111a94716486a,4
10364f84127e407a0cda914f,74df856f35c40fec30bce071,9
10364f84127e407a0cda914f,c46624cbc6e691e2bb21c3b1,4
10364f84127e407a0cda914f,e51c4f0a1dbb52b46ba59413,4
1037a7d9211814dbbc6c90bb,24bb21216784a5d97383abc7,3
105f5affa477a71cbd82b3ce,70499d48ebc40aeb3c6346dc,3
105f5affa477a71cbd82b3ce,cd135f356ac75d0556157a1b,6
106e596eb70d834843982564,5ac271e254a7632afdfaf5df,4
106e596eb70d834843982564,8d1b59be556bc30023167fcd,3
106e596eb70d834843982564,cbbc69cc749812d8525d4d7a,2
10bb4600cbc1df829b043dc3,521833b4987dbae8dc792fdf,2
10bb4600cbc1df829b043dc3,fcf15a3367dbafe775c68d0b,3
11cadc806d8e39005da42251,1af1d9cfb9258cfade157801,1
11cadc806d8e39005da42251,4304f13cf3dcc3402620f6cb,1
11cadc806d8e39005da42251,4652513454576f52921a1ad4,1
11cadc806d8e39005da42251,60eb31c43f508aeef1b56795,10
11cadc806d8e39005da42251,878a68b2708cc33d22945194,1
11cadc806d8e39005da42251,882ef5801b2bbf635decc55a,3
11cadc806d8e39005da42251,8f58064b666b069f8a15e4b3,1
11cadc806d8e39005da42251,990e7934b2f6bf11afa9f0ff,10
11cadc806d8e39005da42251,a3501fe299d1fc9aa5a15338,1
11cadc806d8e39005da42251,c136ee997426171a16c3cb73,1
11cadc806d8e39005da42251,df9e4c1e6a78b855f72f6c90,1
11cadc806d8e39005da42251,e6bc0bfced0d202280a0d400,1
11cadc806d8e39005da42251,edb7bcf1b3f8ba55882a9c37,1
11cadc806d8e39005da42251,f7fff7df162dd65d2d0ad8e7,1
12fe37ee06de22d748b6721b,40f9c8a434615fda02d971e3,4
12fe37ee06de22d748b6721b,570a4ba5134bd893a078b0b6,10
12fe37ee06de22d748b6721b,6b8a97c42041a5a63bd68cd6,1
12fe37ee06de22d748b6721b,923fb7abece8e065defefbfc,1
12fe37ee06de22d748b6721b,ad3719514d6ddfa445c14518,11
12fe37ee06de22d748b6721b,f468cc11f58e8d0a2496b1b1,1
12fe37ee06de22d748b6721b,f9d8c4e85d9101ce7b533b53,3
14f623a24c54ee6e9a7f9cb7,0ecb9e42f964c6453d379bcf,9
14f623a24c54ee6e9a7f9cb7,14383857951bdb1b87647fb0,3
14f623a24c54ee6e9a7f9cb7,85db1999fdccf32225f1a176,8
14f623a24c54ee6e9a7f9cb7,eeb995f7af9b9d4fbf1c1b59,9
157c193c9206a041b0d683c9,2c371238036544760fa194b7,11
157c193c9206a041b0d683c9,bd9b305a99d7ed6076441368,3
159c9155b652d641993d9817,58a41ea63015b1c5f6886b7a,7
159c9155b652d641993d9817,5ac271e254a7632afdfaf5df,3
159c9155b652d641993d9817,8d1b59be556bc30023167fcd,9
159c9155b652d641993d9817,f2ae153231bb5ab5b8816be3,1
165a1511cb238238850eaf02,1a8cfe4ce88ac784b1ab6148,2
165a1511cb238238850eaf02,1fa36151eaa0685aae46f488,3
165a1511cb238238850eaf02,7d7e3fc4a94bdcd43b7e1daa,2
165a1511cb238238850eaf02,c4e501919350423c0b344ec2,1
165a1511cb238238850eaf02,f3ebd7a9ad1d1ce09db28da3,1
191b4b5ff7c3d7ab4212154a,738cdab2c9a3b2ca6040d505,3
191b4b5ff7c3d7ab4212154a,c47cc85efc8d4925effda7fd,11
19231754442ef8fe340c5d00,6023410017228c685aac8eba,1
19231754442ef8fe340c5d00,a6dd6d9974655f0a78b2fd83,1
19231754442ef8fe340c5d00,fb67f52ded0a54494cefb7c8,3
19d75000915a2766dffd4a6a,0fba3a700981cd081fa50c10,3
19d75000915a2766dffd4a6a,940ae143e51ebe0319c0cbb6,1
19d75000915a2766dffd4a6a,e4b7ccf8f6251d09431c818e,2
19efc8244e859977f04a31b2,570a4ba5134bd893a078b0b6,4
19efc8244e859977f04a31b2,5ff720cdf13aec31a209610a,6
19efc8244e859977f04a31b2,780f172ebede6ebd85c016b7,3
19fac2805060a7f68e906159,17fb7f0135b28d9afab11b5a,4
19fac2805060a7f68e906159,4d51a278b53beabbcaeb3290,4
19fac2805060a7f68e906159,e45db96b541e82ce66f5f0a6,3
1a0549bd99ea09b395237fa5,0114c5517a74a76556640237,4
1a0549bd99ea09b395237fa5,047ca912fc50e897cd9d2445,4
1a0549bd99ea09b395237fa5,412dc306e6a7dbb1c5209f8b,6
1a0549bd99ea09b395237fa5,8c0e582184c742ac94fbdbea,3
1a0549bd99ea09b395237fa5,a9ae0070f7594df50f71f6d0,4
1b831832c8f76dfb13663550,1af1d9cfb9258cfade157801,1
1b831832c8f76dfb13663550,35a8b8e91901c7a3f2242388,4
1b831832c8f76dfb13663550,4304f13cf3dcc3402620f6cb,1
1b831832c8f76dfb13663550,4652513454576f52921a1ad4,1
1b831832c8f76dfb13663550,60eb31c43f508aeef1b56795,10
1b831832c8f76dfb13663550,62daeb7d2b52182c7e37e066,4
1b831832c8f76dfb13663550,878a68b2708cc33d22945194,1
1b831832c8f76dfb13663550,882ef5801b2bbf635decc55a,1
1b831832c8f76dfb13663550,8f58064b666b069f8a15e4b3,1
1b831832c8f76dfb13663550,93fc11bc86f55fb7eca3bf41,3
1b831832c8f76dfb13663550,990e7934b2f6bf11afa9f0ff,10
1b831832c8f76dfb13663550,a3501fe299d1fc9aa5a15338,1
1b831832c8f76dfb13663550,c136ee997426171a16c3cb73,1
1b831832c8f76dfb13663550,df9e4c1e6a78b855f72f6c90,1
1b831832c8f76dfb13663550,e6bc0bfced0d202280a0d400,1
1b831832c8f76dfb13663550,edb7bcf1b3f8ba55882a9c37,1
1b831832c8f76dfb13663550,f7fff7df162dd65d2d0ad8e7,1
1bb6dff56b919ae4b1b32574,995c6d203c1c7d6038eff5f0,11
1bb6dff56b919ae4b1b32574,c62890960cf6ffbb61e8b566,3
1bb6dff56b919ae4b1b32574,de551cdca242219a822fad85,2
1c1a83ec41b7f7d3b3ac2819,0fd5649f18e866278d64be46,9
1c1a83ec41b7f7d3b3ac2819,948989d08772d3bb4b063314,2
1c1a83ec41b7f7d3b3ac2819,b0775de3707db1dc91b8883c,3
1c1a83ec41b7f7d3b3ac2819,de3d55a06c735dcf10ffa16a,1
1c8a93d7347e71533d8cd5d1,04afe2846e5c36a3f7dae36a,1
1c8a93d7347e71533d8cd5d1,0d7bcd4d1a54ff9bcc6ddf8e,3
1c8a93d7347e71533d8cd5d1,521833b4987dbae8dc792fdf,4
1c8a93d7347e71533d8cd5d1,e0e2a19e92751776bedf01a3,4
1ce61b79e18eb902cccd80b1,320846fe5e0014b108cf8e2c,2
1ce61b79e18eb902cccd80b1,71c9229b9e22f983a19e9187,4
1ce61b79e18eb902cccd80b1,782365fae7da20e0e613579b,3
1ce61b79e18eb902cccd80b1,9e0c2457d3eb4fd1949c5060,2
1ce61b79e18eb902cccd80b1,b131fd73e04692cdc4ec677e,2
1d372068ee9bdb858d5c4c7a,047ca912fc50e897cd9d2445,1
1d372068ee9bdb858d5c4c7a,1123254cfa51b88b228cdff4,11
1d372068ee9bdb858d5c4c7a,536e29011dd50fe5517c82e6,1
1d372068ee9bdb858d5c4c7a,799d64741a0c2ccfab9c4bdf,3
1d372068ee9bdb858d5c4c7a,ad0afc87b79204497e9675f4,7
1d971268b1c5f125187974d5,3367292c070efe3d1a3d0d8b,3
1d971268b1c5f125187974d5,ac309b8f143f03f606251580,4
1d971268b1c5f125187974d5,d9beb4ba82d9be9e4a15d746,4
1e1b6fe4d5a3e1c79ecd3696,93bacf1c2672944c0f276614,3
1e3dbf8da02d8818b0aa8a73,07cc206114186376b70f837e,6
1e3dbf8da02d8818b0aa8a73,0bdf2f4e7339f103b40e8ad4,7
1e3dbf8da02d8818b0aa8a73,3218448dbaaaca2abc958e14,7
1e3dbf8da02d8818b0aa8a73,3c378404a9085c61c103bcef,7
1e3dbf8da02d8818b0aa8a73,3fb64750f7a5aef62676e997,7
1e3dbf8da02d8818b0aa8a73,476641510cc6c427a2b7dc30,7
1e3dbf8da02d8818b0aa8a73,89275b0a3127584fbfdd9af2,7
1e3dbf8da02d8818b0aa8a73,979f79db364237bf0a1a4368,7
1e3dbf8da02d8818b0aa8a73,a2df2c20cda2cbf878eac543,7
1e3dbf8da02d8818b0aa8a73,b6f49239fe6b81687407109f,3
1e3dbf8da02d8818b0aa8a73,f26ec32bc11f18cf946c8be0,9
1e5a445755a48ac9ddfd7ce3,07cc206114186376b70f837e,6
1e5a445755a48ac9ddfd7ce3,0bdf2f4e7339f103b40e8ad4,3
1e5a445755a48ac9ddfd7ce3,3aab7093ad531d8df6dacf7a,11
1e5a445755a48ac9ddfd7ce3,3c378404a9085c61c103bcef,1
1e5a445755a48ac9ddfd7ce3,3fb64750f7a5aef62676e997,1
1e5a445755a48ac9ddfd7ce3,476641510cc6c427a2b7dc30,1
1e5a445755a48ac9ddfd7ce3,89275b0a3127584fbfdd9af2,10
1e5a445755a48ac9ddfd7ce3,a2df2c20cda2cbf878eac543,1
1e5a445755a48ac9ddfd7ce3,e6bc0bfced0d202280a0d400,4
1e5a445755a48ac9ddfd7ce3,f26ec32bc11f18cf946c8be0,9
1eacce0accc04ed70ea5d0f4,1871354676a20e2b8934e0b9,8
1eacce0accc04ed70ea5d0f4,85fa7b9ac022496e7c6fd01c,2
1eacce0accc04ed70ea5d0f4,f225261b084ab3f3e27fb58b,3
1fc4459ee115c65118958bbb,0a813a360f591bbe0fa99c68,4
1fc4459ee115c65118958bbb,0e642f67196bcead5344f04c,9
1fc4459ee115c65118958bbb,1b2514f416f6dfd2cefed981,9
1fc4459ee115c65118958bbb,1f44a14bf22092c64e7aadc7,3
1fc4459ee115c65118958bbb,5e5f724b4c1cfa3c06a4012e,4
1fc4459ee115c65118958bbb,7ace35845cf5727caa37d285,4
1fc4459ee115c65118958bbb,b43a7879dc9244be2190bd7e,4
1fc4459ee115c65118958bbb,c136ee997426171a16c3cb73,4
20030225a79a080c54c6c8d3,1cca95ad24a7c0f356b5cc97,3
20030225a79a080c54c6c8d3,2b8332861349da673c6dfffa,2
20030225a79a080c54c6c8d3,8fafe9b3038d43824054decb,4
20030225a79a080c54c6c8d3,9564ca3a452b8211c4f2bcae,4
2010c431362d4883be001aa7,320846fe5e0014b108cf8e2c,2
2010c431362d4883be001aa7,782365fae7da20e0e613579b,2
2010c431362d4883be001aa7,9e0c2457d3eb4fd1949c5060,2
2010c431362d4883be001aa7,b131fd73e04692cdc4ec677e,3
2010c431362d4883be001aa7,fa40a31b44dcdae96d4a01e8,1
210bd6cf1190e7e45779c85a,0547f866c512782235ffd88e,6
210bd6cf1190e7e45779c85a,17fb7f0135b28d9afab11b5a,6
210bd6cf1190e7e45779c85a,1ec5c81be121921f5ddfe655,6
210bd6cf1190e7e45779c85a,4d51a278b53beabbcaeb3290,6
210bd6cf1190e7e45779c85a,9d1dd57028aff1bd9e8e6d6c,6
210bd6cf1190e7e45779c85a,ade1ca720b8663154cb94cf3,6
210bd6cf1190e7e45779c85a,b288bff3156336e4e510c425,6
210bd6cf1190e7e45779c85a,d9beb4ba82d9be9e4a15d746,6
210bd6cf1190e7e45779c85a,dfb1380a9c169372163d92b4,6
210bd6cf1190e7e45779c85a,e45db96b541e82ce66f5f0a6,6
210bd6cf1190e7e45779c85a,e51c4f0a1dbb52b46ba59413,6
210bd6cf1190e7e45779c85a,e8cff2aa40803be536312f9d,3
211bb41ccac147d88b4f9cfc,1a3b1b388ee00fe6c87f7b18,11
211bb41ccac147d88b4f9cfc,24125782ed9882577532d540,1
211bb41ccac147d88b4f9cfc,4cbfd8d91bcb6662189e7a57,3
23b709669d2fb110af9712f2,0a813a360f591bbe0fa99c68,3
23b709669d2fb110af9712f2,1b2514f416f6dfd2cefed981,9
23b709669d2fb110af9712f2,1f44a14bf22092c64e7aadc7,4
23b709669d2fb110af9712f2,5e5f724b4c1cfa3c06a4012e,4
23b709669d2fb110af9712f2,7ace35845cf5727caa37d285,4
23b709669d2fb110af9712f2,b43a7879dc9244be2190bd7e,4
23b709669d2fb110af9712f2,b5acd30c10de43174540807f,2
23b709669d2fb110af9712f2,c136ee997426171a16c3cb73,4
241099a93731bf8903705450,07cc206114186376b70f837e,6
241099a93731bf8903705450,0bdf2f4e7339f103b40e8ad4,10
241099a93731bf8903705450,283b22fee8854a1e353e20ef,4
241099a93731bf8903705450,2b8332861349da673c6dfffa,3
241099a93731bf8903705450,3c378404a9085c61c103bcef,1
241099a93731bf8903705450,3fb64750f7a5aef62676e997,1
241099a93731bf8903705450,476641510cc6c427a2b7dc30,1
241099a93731bf8903705450,878a68b2708cc33d22945194,4
241099a93731bf8903705450,89275b0a3127584fbfdd9af2,10
241099a93731bf8903705450,9ad57d3c39439509396c58e5,6
241099a93731bf8903705450,a2df2c20cda2cbf878eac543,1
241099a93731bf8903705450,a86f4e76d082367cb1950b75,4
241099a93731bf8903705450,bae144017bc6f8b048b6a97b,4
241099a93731bf8903705450,c2267f7a5f5b7ce6e334c58f,5
241099a93731bf8903705450,f26ec32bc11f18cf946c8be0,9
2433d6db514e838d1ab89591,b47213e9efe1bee722959b35,3
24a0cfc42ac6316c3400b27f,246fa81b1e4d146bd41ca424,4
24a0cfc42ac6316c3400b27f,a1d76736c6e7428fed6a2776,3
24a0cfc42ac6316c3400b27f,e49a268164d4e31d26bc5355,4
24e833afa89e59a0f43edcd3,3fb64750f7a5aef62676e997,2
24e833afa89e59a0f43edcd3,764b7010221992e1fa0dbf4c,3
24ea94635eeb5379d299a83b,7c47071ee4f108eea8bd4f3f,3
24ea94635eeb5379d299a83b,ade1ca720b8663154cb94cf3,4
25132dc6682d8ca772f2b6c3,04afe2846e5c36a3f7dae36a,2
25132dc6682d8ca772f2b6c3,32e67ca2a0e6ab27bd2b29c5,3
25d6639a8f4786c390c84fa6,2cc896a2e6d82dedfd4856d5,3
25d6639a8f4786c390c84fa6,3caed549b2853794e3943352,1
25d6639a8f4786c390c84fa6,6ab1b921d795255bdb20bf97,2
25d6639a8f4786c390c84fa6,93fc11bc86f55fb7eca3bf41,11
26bab68013986073b634d1c2,1f08aa265f331cdceffe9621,3
26bab68013986073b634d1c2,3c378404a9085c61c103bcef,4
26bab68013986073b634d1c2,a6cfab37ead9946f9c911b73,4
2804f69eadef94a1b37cb5f8,5c5957d240f316fc19c399f2,3
2804f69eadef94a1b37cb5f8,b4ffddf001e41c55692ffc43,4
287d5b485fc81690a07900df,82f1f544d40e6d7a1127113e,2
287d5b485fc81690a07900df,918557d96024b2efbdd3a83a,3
287d5b485fc81690a07900df,cc5f8fade6afd84a10324f52,4
287d5b485fc81690a07900df,d2a3b207e255c1843404ea37,2
28c8dbd842f478cae3bc8599,7ca2c4d7b891ed4ce596f2dd,3
28c8dbd842f478cae3bc8599,b4d2642ba3372c2bb4c3d9c4,1
28f8ef8cf811db214e7e8a93,948989d08772d3bb4b063314,3
2993230c3d35f00ccfdfe5bd,1af1d9cfb9258cfade157801,1
2993230c3d35f00ccfdfe5bd,4304f13cf3dcc3402620f6cb,1
2993230c3d35f00ccfdfe5bd,4652513454576f52921a1ad4,1
2993230c3d35f00ccfdfe5bd,60eb31c43f508aeef1b56795,10
2993230c3d35f00ccfdfe5bd,878a68b2708cc33d22945194,1
2993230c3d35f00ccfdfe5bd,882ef5801b2bbf635decc55a,1
2993230c3d35f00ccfdfe5bd,8f58064b666b069f8a15e4b3,1
2993230c3d35f00ccfdfe5bd,990e7934b2f6bf11afa9f0ff,10
2993230c3d35f00ccfdfe5bd,a3501fe299d1fc9aa5a15338,1
2993230c3d35f00ccfdfe5bd,c136ee997426171a16c3cb73,1
2993230c3d35f00ccfdfe5bd,df9e4c1e6a78b855f72f6c90,1
2993230c3d35f00ccfdfe5bd,dfb1380a9c169372163d92b4,3
2993230c3d35f00ccfdfe5bd,e6bc0bfced0d202280a0d400,1
2993230c3d35f00ccfdfe5bd,e8cff2aa40803be536312f9d,6
2993230c3d35f00ccfdfe5bd,edb7bcf1b3f8ba55882a9c37,1
2993230c3d35f00ccfdfe5bd,f7fff7df162dd65d2d0ad8e7,1
29f307ffd2dce8550caebfbf,ffa9fd8739f6b1bab67b7a8c,3
2a524af1d80b6319ee0d84b5,1b2514f416f6dfd2cefed981,9
2a524af1d80b6319ee0d84b5,43b49e25d89713b543c09f77,3
2a524af1d80b6319ee0d84b5,44c1fc351ab45c4958f1fd61,2
2a524af1d80b6319ee0d84b5,470f299bc486bb1c30dbadfd,10
2ac1def6c87873b6118b089d,1af1d9cfb9258cfade157801,1
2ac1def6c87873b6118b089d,4304f13cf3dcc3402620f6cb,1
2ac1def6c87873b6118b089d,4652513454576f52921a1ad4,1
2ac1def6c87873b6118b089d,60eb31c43f508aeef1b56795,10
2ac1def6c87873b6118b089d,7d5daabcd475a303788f3205,3
2ac1def6c87873b6118b089d,878a68b2708cc33d22945194,1
2ac1def6c87873b6118b089d,882ef5801b2bbf635decc55a,1
2ac1def6c87873b6118b089d,8f58064b666b069f8a15e4b3,1
2ac1def6c87873b6118b089d,990e7934b2f6bf11afa9f0ff,10
2ac1def6c87873b6118b089d,a3501fe299d1fc9aa5a15338,1
2ac1def6c87873b6118b089d,c136ee997426171a16c3cb73,1
2ac1def6c87873b6118b089d,d39aa209ceeba04b853a221b,11
2ac1def6c87873b6118b089d,df9e4c1e6a78b855f72f6c90,1
2ac1def6c87873b6118b089d,e3ae5f13d68b5e42c861fe19,4
2ac1def6c87873b6118b089d,e6bc0bfced0d202280a0d400,1
2ac1def6c87873b6118b089d,edb7bcf1b3f8ba55882a9c37,1
2ac1def6c87873b6118b089d,f7fff7df162dd65d2d0ad8e7,1
2ae786818e9ce9b82668dac4,ae38fe6e8cc6895aefc0cb68,3
2ae786818e9ce9b82668dac4,b676c070285e9aa70ef0b066,4
2ae786818e9ce9b82668dac4,debb87f3696b878bfd4dcc69,2
2b17b826bb41d0b5d69b7df5,2b7fb656fcd5bec24c1c52b1,3
2b8eae54fe15d3b548c31063,1019b9620ee615f3a038cc27,3
2b8eae54fe15d3b548c31063,2c78a2732a86f2116f82dc99,4
2bad0270230782f85101f9c8,01798054fef7a1445a9f1070,3
2bf35471d940a58b78f1c4c2,0fd5649f18e866278d64be46,9
2bf35471d940a58b78f1c4c2,de3d55a06c735dcf10ffa16a,3
2bf744af14a0c172be26125e,0fd5649f18e866278d64be46,3
2bf744af14a0c172be26125e,3a3b00b537719f0ad1d9747a,9
2bf744af14a0c172be26125e,4c51bd03947e7b24f6a363d6,9
2bf744af14a0c172be26125e,de3d55a06c735dcf10ffa16a,9
2c9bd69e36cdcc7be43e3ccb,89275b0a3127584fbfdd9af2,3
2d396a8ea4ceafe61367cdaa,016c5ae33e52cdb0068355f1,7
2d396a8ea4ceafe61367cdaa,1a8cfe4ce88ac784b1ab6148,4
2d396a8ea4ceafe61367cdaa,4df11b9d27404d7db69fca1a,4
2d396a8ea4ceafe61367cdaa,733c1edbf3b30a5355d7c56a,3
2d396a8ea4ceafe61367cdaa,918557d96024b2efbdd3a83a,5
2d396a8ea4ceafe61367cdaa,922e21620306adab4a00f814,4
2d396a8ea4ceafe61367cdaa,c4091eec4038d3a94599d09e,2
2d396a8ea4ceafe61367cdaa,f6129ba9e4a5a207ca673f76,4
2d46cb4bbe897c75f539e0b6,0547f866c512782235ffd88e,1
2d46cb4bbe897c75f539e0b6,1ec5c81be121921f5ddfe655,3
2d46cb4bbe897c75f539e0b6,9d1dd57028aff1bd9e8e6d6c,1
2d46cb4bbe897c75f539e0b6,ade1ca720b8663154cb94cf3,2
2d46cb4bbe897c75f539e0b6,b288bff3156336e4e510c425,1
2d46cb4bbe897c75f539e0b6,d9beb4ba82d9be9e4a15d746,1
2d46cb4bbe897c75f539e0b6,e51c4f0a1dbb52b46ba59413,1
2d46cb4bbe897c75f539e0b6,e8cff2aa40803be536312f9d,6
2d96fd9c17d41bf0cf58a505,0d7bcd4d1a54ff9bcc6ddf8e,4
2d96fd9c17d41bf0cf58a505,521833b4987dbae8dc792fdf,3
2d96fd9c17d41bf0cf58a505,e0e2a19e92751776bedf01a3,4
2d96fd9c17d41bf0cf58a505,e71fea9e6c9f724e45ffca20,9
2d96fd9c17d41bf0cf58a505,fcf15a3367dbafe775c68d0b,2
2db0a886a173b62a0224d70c,07cc206114186376b70f837e,6
2db0a886a173b62a0224d70c,0bdf2f4e7339f103b40e8ad4,10
2db0a886a173b62a0224d70c,164a20fd41ffc144d31b3a94,4
2db0a886a173b62a0224d70c,24125782ed9882577532d540,4
2db0a886a173b62a0224d70c,3c378404a9085c61c103bcef,1
2db0a886a173b62a0224d70c,3fb64750f7a5aef62676e997,1
2db0a886a173b62a0224d70c,476641510cc6c427a2b7dc30,3
2db0a886a173b62a0224d70c,89275b0a3127584fbfdd9af2,10
2db0a886a173b62a0224d70c,923fb7abece8e065defefbfc,4
2db0a886a173b62a0224d70c,a2df2c20cda2cbf878eac543,1
2db0a886a173b62a0224d70c,def94792643a36ef219dd2e1,4
2db0a886a173b62a0224d70c,f26ec32bc11f18cf946c8be0,9
2e1451a9b4d7495a9a62155e,479d682f73bea2fd6424a753,4
2e1451a9b4d7495a9a62155e,b8db4e59e51420a3243bc75c,4
2e1451a9b4d7495a9a62155e,d50e22ea1d5313a318fdb777,10
2e1451a9b4d7495a9a62155e,d8c6a816b26a0879a8584782,3
2e7658a58cf15f4fcab905b8,0d7bcd4d1a54ff9bcc6ddf8e,4
2e7658a58cf15f4fcab905b8,521833b4987dbae8dc792fdf,4
2e7658a58cf15f4fcab905b8,a6dd6d9974655f0a78b2fd83,11
2e7658a58cf15f4fcab905b8,debb87f3696b878bfd4dcc69,7
2e7658a58cf15f4fcab905b8,e0e2a19e92751776bedf01a3,3
2e8a775d4e41969b5e40ccec,0547f866c512782235ffd88e,1
2e8a775d4e41969b5e40ccec,1183f78daed522c7fef10fde,3
2e8a775d4e41969b5e40ccec,1cca95ad24a7c0f356b5cc97,4
2e8a775d4e41969b5e40ccec,1ec5c81be121921f5ddfe655,1
2e8a775d4e41969b5e40ccec,8fafe9b3038d43824054decb,4
2e8a775d4e41969b5e40ccec,9564ca3a452b8211c4f2bcae,4
2e8a775d4e41969b5e40ccec,9d1dd57028aff1bd9e8e6d6c,1
2e8a775d4e41969b5e40ccec,ade1ca720b8663154cb94cf3,2
2e8a775d4e41969b5e40ccec,b288bff3156336e4e510c425,1
2e8a775d4e41969b5e40ccec,d9beb4ba82d9be9e4a15d746,1
2e8a775d4e41969b5e40ccec,e51c4f0a1dbb52b46ba59413,1
2e8a775d4e41969b5e40ccec,e8cff2aa40803be536312f9d,6
2eaa05ef32481e97d9c8831f,0ecb9e42f964c6453d379bcf,4
2eaa05ef32481e97d9c8831f,14383857951bdb1b87647fb0,9
2eaa05ef32481e97d9c8831f,5040579624c3296657980f7f,3
2eaa05ef32481e97d9c8831f,85db1999fdccf32225f1a176,8
2eaa05ef32481e97d9c8831f,c46624cbc6e691e2bb21c3b1,2
2eaa05ef32481e97d9c8831f,eeb995f7af9b9d4fbf1c1b59,4
2fbd0e61894454c8b06c8a20,320846fe5e0014b108cf8e2c,3
2fbd0e61894454c8b06c8a20,782365fae7da20e0e613579b,2
2fbd0e61894454c8b06c8a20,9e0c2457d3eb4fd1949c5060,2
2fbd0e61894454c8b06c8a20,b131fd73e04692cdc4ec677e,2
314a2fa1e1521d26d30b4e54,04afe2846e5c36a3f7dae36a,4
314a2fa1e1521d26d30b4e54,0e642f67196bcead5344f04c,3
314a2fa1e1521d26d30b4e54,1f44a14bf22092c64e7aadc7,2
314a2fa1e1521d26d30b4e54,bf00a9b9f2318ebd52a9a6c0,4
31cd7b53f9113bdca260fbff,1af1d9cfb9258cfade157801,1
31cd7b53f9113bdca260fbff,2fc227181d2b212bc89a602b,4
31cd7b53f9113bdca260fbff,3218448dbaaaca2abc958e14,2
31cd7b53f9113bdca260fbff,408106bd08c15944ecc793a7,3
31cd7b53f9113bdca260fbff,4304f13cf3dcc3402620f6cb,1
31cd7b53f9113bdca260fbff,4652513454576f52921a1ad4,1
31cd7b53f9113bdca260fbff,60eb31c43f508aeef1b56795,10
31cd7b53f9113bdca260fbff,878a68b2708cc33d22945194,1
31cd7b53f9113bdca260fbff,882ef5801b2bbf635decc55a,1
31cd7b53f9113bdca260fbff,8f58064b666b069f8a15e4b3,1
31cd7b53f9113bdca260fbff,990e7934b2f6bf11afa9f0ff,10
31cd7b53f9113bdca260fbff,a3501fe299d1fc9aa5a15338,1
31cd7b53f9113bdca260fbff,c136ee997426171a16c3cb73,1
31cd7b53f9113bdca260fbff,df9e4c1e6a78b855f72f6c90,1
31cd7b53f9113bdca260fbff,e6bc0bfced0d202280a0d400,1
31cd7b53f9113bdca260fbff,edb7bcf1b3f8ba55882a9c37,1
31cd7b53f9113bdca260fbff,f7fff7df162dd65d2d0ad8e7,1
3227456bed44190041629b44,1cca95ad24a7c0f356b5cc97,4
3227456bed44190041629b44,8fafe9b3038d43824054decb,4
3227456bed44190041629b44,9564ca3a452b8211c4f2bcae,3
3327a7ff2f208f484357b368,445f2eb562c3789da8f26392,11
3327a7ff2f208f484357b368,d0067a2812ddc885e4da67c2,3
333156094a85fcce74ee9128,164a20fd41ffc144d31b3a94,3
333156094a85fcce74ee9128,1da6b80a98d92d2eec59f700,2
333156094a85fcce74ee9128,24125782ed9882577532d540,4
333156094a85fcce74ee9128,476641510cc6c427a2b7dc30,4
333156094a85fcce74ee9128,923fb7abece8e065defefbfc,4
333156094a85fcce74ee9128,def94792643a36ef219dd2e1,4
335d3f4127e6ea24ebfb936c,1c2ef66d2f1cd10dcdfa7f03,10
335d3f4127e6ea24ebfb936c,54898629da8b75bf228ff420,1
335d3f4127e6ea24ebfb936c,70a3db750638e4050cb05fb4,7
335d3f4127e6ea24ebfb936c,7218f1999c18a0d09f86331f,1
335d3f4127e6ea24ebfb936c,7ace35845cf5727caa37d285,1
335d3f4127e6ea24ebfb936c,82f1f544d40e6d7a1127113e,3
335d3f4127e6ea24ebfb936c,918557d96024b2efbdd3a83a,5
335d3f4127e6ea24ebfb936c,938503d46bc5e6155984e785,4
335d3f4127e6ea24ebfb936c,d2a3b207e255c1843404ea37,2
3674a4c0a9ea8c8f6c43944c,25a93d2c217b90b646f74cf9,8
3674a4c0a9ea8c8f6c43944c,57dae6ec1178fbee897bfa8a,1
3674a4c0a9ea8c8f6c43944c,be4ab83c151c1eaec36ae3c2,3
3674a4c0a9ea8c8f6c43944c,cbbc69cc749812d8525d4d7a,1
3674a4c0a9ea8c8f6c43944c,fdfd967f115acd389772f27e,1
369097177191f60d19c88505,1b2514f416f6dfd2cefed981,9
369097177191f60d19c88505,43b49e25d89713b543c09f77,10
369097177191f60d19c88505,470f299bc486bb1c30dbadfd,3
382cdd2ae8a1b8ba5fc1e58d,2375d2f5c4ee20009bac4f74,4
382cdd2ae8a1b8ba5fc1e58d,58898dc88b457fb22b97e159,4
382cdd2ae8a1b8ba5fc1e58d,a8ce49a9559bf7e42d157755,3
382cdd2ae8a1b8ba5fc1e58d,b5acd30c10de43174540807f,7
3906085a8409325af7375ea1,0547f866c512782235ffd88e,1
3906085a8409325af7375ea1,0d7179986eebf29979d39901,2
3906085a8409325af7375ea1,1183f78daed522c7fef10fde,4
3906085a8409325af7375ea1,1a2e0a80661458c3432b3c33,2
3906085a8409325af7375ea1,1ec5c81be121921f5ddfe655,1
3906085a8409325af7375ea1,9d1dd57028aff1bd9e8e6d6c,1
3906085a8409325af7375ea1,ade1ca720b8663154cb94cf3,1
3906085a8409325af7375ea1,b288bff3156336e4e510c425,1
3906085a8409325af7375ea1,d9beb4ba82d9be9e4a15d746,1
3906085a8409325af7375ea1,e51c4f0a1dbb52b46ba59413,1
3906085a8409325af7375ea1,e8cff2aa40803be536312f9d,6
3906085a8409325af7375ea1,f34f7a4b2e2b903e719ba5bb,3
39c52245e518faf8466aa19c,0d1172e3561ac46944808410,4
39c52245e518faf8466aa19c,3caed549b2853794e3943352,4
39c52245e518faf8466aa19c,c47cc85efc8d4925effda7fd,3
39c52245e518faf8466aa19c,c4ba54423575818e35ebe75d,4
39c52245e518faf8466aa19c,d26baf601b9f1094e0c95b6b,6
39c52245e518faf8466aa19c,d39aa209ceeba04b853a221b,4
39f75a06739aa62cc1af8541,2c371238036544760fa194b7,2
39f75a06739aa62cc1af8541,46dfaca26b01de577f3b4a22,3
3a2972980e05ab189120b26e,301feaabc7cfcd3de42312ee,10
3a2972980e05ab189120b26e,8ab1d60921c9527ea38ce797,3
3a2972980e05ab189120b26e,c95e2710f0940f164999a80d,10
3a919b1e1d1ae39674af533b,1a8cfe4ce88ac784b1ab6148,4
3a919b1e1d1ae39674af533b,4df11b9d27404d7db69fca1a,4
3a919b1e1d1ae39674af533b,733c1edbf3b30a5355d7c56a,4
3a919b1e1d1ae39674af533b,918557d96024b2efbdd3a83a,5
3a919b1e1d1ae39674af533b,922e21620306adab4a00f814,3
3a919b1e1d1ae39674af533b,f6129ba9e4a5a207ca673f76,4
3aca9ed0d9fc62e37286404a,253b7d1f9b9ec2d338b81d6d,3
3aca9ed0d9fc62e37286404a,9d1dd57028aff1bd9e8e6d6c,2
3b11ec3f100d6ebc61795693,164a20fd41ffc144d31b3a94,4
3b11ec3f100d6ebc61795693,24125782ed9882577532d540,4
3b11ec3f100d6ebc61795693,476641510cc6c427a2b7dc30,4
3b11ec3f100d6ebc61795693,570a4ba5134bd893a078b0b6,10
3b11ec3f100d6ebc61795693,6b8a97c42041a5a63bd68cd6,1
3b11ec3f100d6ebc61795693,923fb7abece8e065defefbfc,3
3b11ec3f100d6ebc61795693,def94792643a36ef219dd2e1,4
3b11ec3f100d6ebc61795693,f468cc11f58e8d0a2496b1b1,1
3b337f808d14995654ac058a,283b22fee8854a1e353e20ef,3
3b337f808d14995654ac058a,738cdab2c9a3b2ca6040d505,2
3b337f808d14995654ac058a,878a68b2708cc33d22945194,4
3b337f808d14995654ac058a,9ad57d3c39439509396c58e5,6
3b337f808d14995654ac058a,a86f4e76d082367cb1950b75,4
3b337f808d14995654ac058a,bae144017bc6f8b048b6a97b,4
3b337f808d14995654ac058a,c2267f7a5f5b7ce6e334c58f,5
3b4bb749046e1ab46dc6bdd9,3367292c070efe3d1a3d0d8b,4
3b4bb749046e1ab46dc6bdd9,79873c0cb93865674d0fd648,3
3b4bb749046e1ab46dc6bdd9,990e7934b2f6bf11afa9f0ff,2
3b4bb749046e1ab46dc6bdd9,ac309b8f143f03f606251580,4
3b4bb749046e1ab46dc6bdd9,d9beb4ba82d9be9e4a15d746,4
3cf86429a027ff97f9d03a8b,0114c5517a74a76556640237,2
3cf86429a027ff97f9d03a8b,446d610539ac60904f9aac41,3
3cf86429a027ff97f9d03a8b,ab96eaf496cb13382b3fbc7d,1
3cf86429a027ff97f9d03a8b,eeb995f7af9b9d4fbf1c1b59,1
3d1c9521e07b16b5219b7b04,3b669b5e776dde7363ddc67c,3
3d1c9521e07b16b5219b7b04,dddcd65fa94171c6f18d9f03,4
3d1c9521e07b16b5219b7b04,e71fea9e6c9f724e45ffca20,9
3e3f7d5800e65a50358b248a,39216d9d76ed49d6ea9008a4,4
3e3f7d5800e65a50358b248a,4c51bd03947e7b24f6a363d6,10
3e3f7d5800e65a50358b248a,5352a519406770f3f8d5d13f,4
3e3f7d5800e65a50358b248a,ab203b6935fe3c54584f1d01,3
3e3f7d5800e65a50358b248a,cd135f356ac75d0556157a1b,6
3e3f7d5800e65a50358b248a,dd617ca64d6e05d09f145187,4
3e4d0dcc9b549d57850bcbd3,2375d2f5c4ee20009bac4f74,4
3e4d0dcc9b549d57850bcbd3,58898dc88b457fb22b97e159,3
3e4d0dcc9b549d57850bcbd3,a8ce49a9559bf7e42d157755,4
3e4d0dcc9b549d57850bcbd3,b5acd30c10de43174540807f,7
3e4d0dcc9b549d57850bcbd3,e45db96b541e82ce66f5f0a6,7
3eb866ef52558f521f5eb460,1af1d9cfb9258cfade157801,1
3eb866ef52558f521f5eb460,4304f13cf3dcc3402620f6cb,3
3eb866ef52558f521f5eb460,4652513454576f52921a1ad4,1
3eb866ef52558f521f5eb460,60eb31c43f508aeef1b56795,10
3eb866ef52558f521f5eb460,878a68b2708cc33d22945194,1
3eb866ef52558f521f5eb460,882ef5801b2bbf635decc55a,1
3eb866ef52558f521f5eb460,8f58064b666b069f8a15e4b3,1
3eb866ef52558f521f5eb460,990e7934b2f6bf11afa9f0ff,10
3eb866ef52558f521f5eb460,a3501fe299d1fc9aa5a15338,1
3eb866ef52558f521f5eb460,c136ee997426171a16c3cb73,1
3eb866ef52558f521f5eb460,df9e4c1e6a78b855f72f6c90,1
3eb866ef52558f521f5eb460,e6bc0bfced0d202280a0d400,1
3eb866ef52558f521f5eb460,edb7bcf1b3f8ba55882a9c37,1
3eb866ef52558f521f5eb460,f7fff7df162dd65d2d0ad8e7,1
3f018d126b64039db653e540,d1fb7ff0a57e3fbc826b8c6d,3
3f3b73b6603b773bd85fdb00,021ba8437eb492b4373ee7e8,3
3f3b73b6603b773bd85fdb00,87aa3aed58c6424238eb6cbd,1
3fa5db4fec86a5fe498419c7,0114c5517a74a76556640237,7
3fa5db4fec86a5fe498419c7,1123254cfa51b88b228cdff4,7
3fa5db4fec86a5fe498419c7,aeadfc0c2814fafdf30c4cd5,3
3fb4decfec701bd3c399b8d8,93bb0aae233e5bc4d7e9a89f,3
40cf0a581d3dfeabb4f534bb,6e5a6b9011d2a5c2ebefad3d,4
40cf0a581d3dfeabb4f534bb,82ca4cc5a68c4569c94cf8bf,6
40cf0a581d3dfeabb4f534bb,955c82d05cd22d7ad29c55e7,4
40cf0a581d3dfeabb4f534bb,a2df2c20cda2cbf878eac543,4
40cf0a581d3dfeabb4f534bb,b4e7bfc42688e744dc739d23,4
40cf0a581d3dfeabb4f534bb,f98b50c62c6826cba2ff017f,3
4102bbea39f857e36de0fdfa,0d1172e3561ac46944808410,4
4102bbea39f857e36de0fdfa,3caed549b2853794e3943352,4
4102bbea39f857e36de0fdfa,4fa7cdb1baa55a58eb9254c3,3
4102bbea39f857e36de0fdfa,c47cc85efc8d4925effda7fd,4
4102bbea39f857e36de0fdfa,c4ba54423575818e35ebe75d,4
4102bbea39f857e36de0fdfa,d26baf601b9f1094e0c95b6b,6
4102bbea39f857e36de0fdfa,d39aa209ceeba04b853a221b,4
416c86be4d2a2c724fd1039e,faa7394e6312f89371c50bff,3
416c86be4d2a2c724fd1039e,fff9b0a238a5d2548cd484e4,8
41810481bc07fbfdb7810a10,07cc206114186376b70f837e,6
41810481bc07fbfdb7810a10,0d7179986eebf29979d39901,3
41810481bc07fbfdb7810a10,1a2e0a80661458c3432b3c33,2
41810481bc07fbfdb7810a10,f34f7a4b2e2b903e719ba5bb,2
41c7185d9b399d5103fce8db,25a93d2c217b90b646f74cf9,8
41c7185d9b399d5103fce8db,57dae6ec1178fbee897bfa8a,1
41c7185d9b399d5103fce8db,cbbc69cc749812d8525d4d7a,3
41c7185d9b399d5103fce8db,fdfd967f115acd389772f27e,2
421a298d58e351baad1e53b1,0547f866c512782235ffd88e,1
421a298d58e351baad1e53b1,1ec5c81be121921f5ddfe655,1
421a298d58e351baad1e53b1,2077900055a3127f19f6508a,4
421a298d58e351baad1e53b1,590f8e1b0dae672545bfa9d6,4
421a298d58e351baad1e53b1,5de460bd235111a94716486a,4
421a298d58e351baad1e53b1,74df856f35c40fec30bce071,9
421a298d58e351baad1e53b1,938503d46bc5e6155984e785,2
421a298d58e351baad1e53b1,9d1dd57028aff1bd9e8e6d6c,1
421a298d58e351baad1e53b1,ade1ca720b8663154cb94cf3,1
421a298d58e351baad1e53b1,b288bff3156336e4e510c425,1
421a298d58e351baad1e53b1,c46624cbc6e691e2bb21c3b1,4
421a298d58e351baad1e53b1,d9beb4ba82d9be9e4a15d746,1
421a298d58e351baad1e53b1,e51c4f0a1dbb52b46ba59413,3
421a298d58e351baad1e53b1,e8cff2aa40803be536312f9d,6
429d88f387caf72a2f1f9735,51465c8d5ea7f5ebc3c643cb,6
429d88f387caf72a2f1f9735,e0f284cb1f48e657817bacf2,3
42a6b68396db29a4ba26ea5f,1019b9620ee615f3a038cc27,4
42a6b68396db29a4ba26ea5f,2c78a2732a86f2116f82dc99,3
42cd05d492369e2962dad7fc,479d682f73bea2fd6424a753,3
42cd05d492369e2962dad7fc,b8db4e59e51420a3243bc75c,4
42cd05d492369e2962dad7fc,d8c6a816b26a0879a8584782,4
43e4bbe3c1804e189c34b62a,adabbbb5c7b65069e8fcf950,3
447a67ea6a474bf6cec1123b,453fde71d0957bec3c2c61a6,3
447a67ea6a474bf6cec1123b,536e29011dd50fe5517c82e6,2
44e4f6c8ac982b194b187457,20d43a713dabe86d0b5a1a62,4
44e4f6c8ac982b194b187457,b7a47012e858663727eea9d4,3
44f3956a43cbdbfd22c85712,17fb7f0135b28d9afab11b5a,4
44f3956a43cbdbfd22c85712,4d51a278b53beabbcaeb3290,4
44f3956a43cbdbfd22c85712,a3501fe299d1fc9aa5a15338,2
44f3956a43cbdbfd22c85712,d50e22ea1d5313a318fdb777,3
44f3956a43cbdbfd22c85712,e45db96b541e82ce66f5f0a6,7
460ccabfffd52669adb8b820,0ecb9e42f964c6453d379bcf,4
460ccabfffd52669adb8b820,14383857951bdb1b87647fb0,9
460ccabfffd52669adb8b820,4e80c8cb624fbfdf13a01fe1,2
460ccabfffd52669adb8b820,85db1999fdccf32225f1a176,3
460ccabfffd52669adb8b820,eeb995f7af9b9d4fbf1c1b59,4
46276260bdfe5b220525f5f8,0fd5649f18e866278d64be46,9
46276260bdfe5b220525f5f8,4a0788230217f22e1bab6c7e,4
46276260bdfe5b220525f5f8,4c51bd03947e7b24f6a363d6,3
46276260bdfe5b220525f5f8,ab203b6935fe3c54584f1d01,10
46276260bdfe5b220525f5f8,cd135f356ac75d0556157a1b,6
4647fedd55aa1a7d95bf21e1,26ddffb75fd808bdc90523ad,3
4647fedd55aa1a7d95bf21e1,33fd1f7f74f7322127653d78,4
4647fedd55aa1a7d95bf21e1,4e45a644dedf5dac07665248,2
4647fedd55aa1a7d95bf21e1,733c1edbf3b30a5355d7c56a,11
4647fedd55aa1a7d95bf21e1,f7fff7df162dd65d2d0ad8e7,2
46484203a4aff07a0addd4d1,16e3309c591cfb734062e4f7,3
46484203a4aff07a0addd4d1,b4d2642ba3372c2bb4c3d9c4,2
46971d5098c189443be227c3,246fa81b1e4d146bd41ca424,4
46971d5098c189443be227c3,3218448dbaaaca2abc958e14,1
46971d5098c189443be227c3,656d2c7236f1bff369da8b24,8
46971d5098c189443be227c3,a1d76736c6e7428fed6a2776,4
46971d5098c189443be227c3,a8d50613bd08abbe99f532c7,1
46971d5098c189443be227c3,e49a268164d4e31d26bc5355,3
46971d5098c189443be227c3,fa9b3f0d0a099a0a29abc64b,1
478099a1c1fbbb595f61678c,3b7850329feffbed5097fe9c,9
478099a1c1fbbb595f61678c,530ad7bcde9b22488b717577,9
478099a1c1fbbb595f61678c,b684768a1d2e233be50d38cb,3
478099a1c1fbbb595f61678c,d9508fdf93098e145c4e29e5,4
47b48781daf059bff7126f02,ff078a2b96fd2640983c65b6,3
484947fa80132de8ad7b7e59,2077900055a3127f19f6508a,4
484947fa80132de8ad7b7e59,590f8e1b0dae672545bfa9d6,4
484947fa80132de8ad7b7e59,5de460bd235111a94716486a,3
484947fa80132de8ad7b7e59,74df856f35c40fec30bce071,9
484947fa80132de8ad7b7e59,c46624cbc6e691e2bb21c3b1,4
484947fa80132de8ad7b7e59,e51c4f0a1dbb52b46ba59413,4
484d745f05e281046934aa15,2077900055a3127f19f6508a,4
484d745f05e281046934aa15,5040579624c3296657980f7f,2
484d745f05e281046934aa15,590f8e1b0dae672545bfa9d6,4
484d745f05e281046934aa15,5de460bd235111a94716486a,4
484d745f05e281046934aa15,74df856f35c40fec30bce071,9
484d745f05e281046934aa15,c46624cbc6e691e2bb21c3b1,3
484d745f05e281046934aa15,e51c4f0a1dbb52b46ba59413,4
48f38f92dc898ca79e102177,07e06a0f083684c96957243f,2
48f38f92dc898ca79e102177,570a4ba5134bd893a078b0b6,3
48f38f92dc898ca79e102177,5ff720cdf13aec31a209610a,6
48f38f92dc898ca79e102177,6b8a97c42041a5a63bd68cd6,10
48f38f92dc898ca79e102177,780f172ebede6ebd85c016b7,4
48f38f92dc898ca79e102177,923fb7abece8e065defefbfc,10
48f38f92dc898ca79e102177,b43a7879dc9244be2190bd7e,2
48f38f92dc898ca79e102177,f468cc11f58e8d0a2496b1b1,10
4908f4f3765acd49382bdb99,16ac8ce42800c3fc691be66f,3
4908f4f3765acd49382bdb99,1cdb291ed9f1c91225cfe642,10
4908f4f3765acd49382bdb99,4e80c8cb624fbfdf13a01fe1,7
4908f4f3765acd49382bdb99,69db77932d4300824d2bfa99,4
4908f4f3765acd49382bdb99,e3ae5f13d68b5e42c861fe19,1
4908f4f3765acd49382bdb99,e5cf8a38f2b2746d14c8b93e,2
4908f4f3765acd49382bdb99,e6f5e9c7b8e6ea29ee8572cf,1
49837632cde4afeac1dae678,43b49e25d89713b543c09f77,2
49837632cde4afeac1dae678,44c1fc351ab45c4958f1fd61,3
4a01ac7d616343b8947d5442,1c2ef66d2f1cd10dcdfa7f03,10
4a01ac7d616343b8947d5442,296a4bc46fed1f91d47a206c,4
4a01ac7d616343b8947d5442,2b59dab0ed47d0cf65605b96,4
4a01ac7d616343b8947d5442,54898629da8b75bf228ff420,1
4a01ac7d616343b8947d5442,5a7edc65d2a874084d54ad63,4
4a01ac7d616343b8947d5442,70a3db750638e4050cb05fb4,7
4a01ac7d616343b8947d5442,7218f1999c18a0d09f86331f,1
4a01ac7d616343b8947d5442,7ace35845cf5727caa37d285,1
4a01ac7d616343b8947d5442,82f1f544d40e6d7a1127113e,1
4a01ac7d616343b8947d5442,cd135f356ac75d0556157a1b,6
4a01ac7d616343b8947d5442,dc6cd1f605dbd596f2ff1da7,3
4ba8cebe766f9be36dd16085,0a88ce801a8fb1f27093ea77,11
4ba8cebe766f9be36dd16085,e0bba7c3ada5d9b8fcf7029f,3
4baf821a68f736ef8c0698ea,13f4381f0c80c09e5467ef85,2
4baf821a68f736ef8c0698ea,570a4ba5134bd893a078b0b6,10
4baf821a68f736ef8c0698ea,6b8a97c42041a5a63bd68cd6,1
4baf821a68f736ef8c0698ea,923fb7abece8e065defefbfc,1
4baf821a68f736ef8c0698ea,f468cc11f58e8d0a2496b1b1,3
4c8cf91b8188d51ad61242ba,157dcf2209df3fb42cd7ca48,3
4c8cf91b8188d51ad61242ba,7c47071ee4f108eea8bd4f3f,4
4c8cf91b8188d51ad61242ba,ade1ca720b8663154cb94cf3,4
4cce93e8105bf410ca53c4f7,10a462e75f365e1e1da825ef,3
4cce93e8105bf410ca53c4f7,1871354676a20e2b8934e0b9,8
4cce93e8105bf410ca53c4f7,f225261b084ab3f3e27fb58b,1
4f3d69d47439ac358b2210ea,3dbba2e9f946ae3b874e874b,3
4f67240c7ea6d6c5c29ab068,6bc666e5b3787d5670e62a71,1
4f67240c7ea6d6c5c29ab068,dedf9a5ddcf4ed689d77e772,2
4f67240c7ea6d6c5c29ab068,f0044e1aa19891a19b323ba1,3
50631043fd85f266fca9c0fe,6c2f77266556ceedfd15f6e1,3
50631043fd85f266fca9c0fe,75ca058c5c8c38138cb7ceda,11
50bea90df60ad6d435b6d887,1af1d9cfb9258cfade157801,1
50bea90df60ad6d435b6d887,4304f13cf3dcc3402620f6cb,1
50bea90df60ad6d435b6d887,4652513454576f52921a1ad4,1
50bea90df60ad6d435b6d887,60eb31c43f508aeef1b56795,10
50bea90df60ad6d435b6d887,74df856f35c40fec30bce071,9
50bea90df60ad6d435b6d887,878a68b2708cc33d22945194,1
50bea90df60ad6d435b6d887,882ef5801b2bbf635decc55a,1
50bea90df60ad6d435b6d887,8f58064b666b069f8a15e4b3,1
50bea90df60ad6d435b6d887,990e7934b2f6bf11afa9f0ff,10
50bea90df60ad6d435b6d887,a3501fe299d1fc9aa5a15338,1
50bea90df60ad6d435b6d887,c136ee997426171a16c3cb73,1
50bea90df60ad6d435b6d887,df9e4c1e6a78b855f72f6c90,3
50bea90df60ad6d435b6d887,e6bc0bfced0d202280a0d400,1
50bea90df60ad6d435b6d887,edb7bcf1b3f8ba55882a9c37,1
50bea90df60ad6d435b6d887,f7fff7df162dd65d2d0ad8e7,1
517191fb997f2dd7bf43fd23,52b4e39250485675cca5f03b,3
517191fb997f2dd7bf43fd23,6777e331abdca2e71f6e3bcc,4
517191fb997f2dd7bf43fd23,ad0afc87b79204497e9675f4,7
5241786e31e06d576b93a602,51465c8d5ea7f5ebc3c643cb,3
5241786e31e06d576b93a602,e0f284cb1f48e657817bacf2,5
5284939067b9915acf2dc0f9,3218448dbaaaca2abc958e14,4
5284939067b9915acf2dc0f9,6c2f77266556ceedfd15f6e1,11
5284939067b9915acf2dc0f9,75ca058c5c8c38138cb7ceda,3
5284939067b9915acf2dc0f9,979f79db364237bf0a1a4368,4
5326b61f616ff76ad3512f9a,320846fe5e0014b108cf8e2c,2
5326b61f616ff76ad3512f9a,782365fae7da20e0e613579b,2
5326b61f616ff76ad3512f9a,82ca4cc5a68c4569c94cf8bf,6
5326b61f616ff76ad3512f9a,9e0c2457d3eb4fd1949c5060,3
5326b61f616ff76ad3512f9a,b131fd73e04692cdc4ec677e,2
5346aac82fcb3168cc811372,07cc206114186376b70f837e,6
5346aac82fcb3168cc811372,0bdf2f4e7339f103b40e8ad4,10
5346aac82fcb3168cc811372,3c378404a9085c61c103bcef,1
5346aac82fcb3168cc811372,3fb64750f7a5aef62676e997,3
5346aac82fcb3168cc811372,476641510cc6c427a2b7dc30,1
5346aac82fcb3168cc811372,764b7010221992e1fa0dbf4c,2
5346aac82fcb3168cc811372,89275b0a3127584fbfdd9af2,10
5346aac82fcb3168cc811372,a2df2c20cda2cbf878eac543,1
5346aac82fcb3168cc811372,f26ec32bc11f18cf946c8be0,9
53d189571e681c4982bc7388,598dd707a79e2545e4372794,3
53d189571e681c4982bc7388,e8aaa0523d1b497fd99c93b3,4
54ffdf3356947890ba5f6621,445f2eb562c3789da8f26392,3
5576d7652cb52fae6ba83186,57cfbf86c36c19755f6b0be1,3
55ca16ba69f84352b7fde307,0114c5517a74a76556640237,1
55ca16ba69f84352b7fde307,1123254cfa51b88b228cdff4,1
55ca16ba69f84352b7fde307,aeadfc0c2814fafdf30c4cd5,1
55ca16ba69f84352b7fde307,def94792643a36ef219dd2e1,2
55ca16ba69f84352b7fde307,e07fe3da57550884d45713d9,3
55f62980d099e5b8b1beae27,0114c5517a74a76556640237,4
55f62980d099e5b8b1beae27,047ca912fc50e897cd9d2445,4
55f62980d099e5b8b1beae27,13aea57255b6a390090dc581,3
55f62980d099e5b8b1beae27,8c0e582184c742ac94fbdbea,4
55f62980d099e5b8b1beae27,a9ae0070f7594df50f71f6d0,4
55f62980d099e5b8b1beae27,bbcf01ec695d952b7e083cf0,1
5611c9ff1830b090932b7dd0,5abf8148bf885cbdb19310e6,3
5611c9ff1830b090932b7dd0,aeadfc0c2814fafdf30c4cd5,2
5614ead61ec70ab1e0ac2d45,1a8cfe4ce88ac784b1ab6148,4
5614ead61ec70ab1e0ac2d45,4df11b9d27404d7db69fca1a,4
5614ead61ec70ab1e0ac2d45,733c1edbf3b30a5355d7c56a,4
5614ead61ec70ab1e0ac2d45,918557d96024b2efbdd3a83a,5
5614ead61ec70ab1e0ac2d45,922e21620306adab4a00f814,4
5614ead61ec70ab1e0ac2d45,f6129ba9e4a5a207ca673f76,3
563f247537b0d3575a11bdf8,6bc666e5b3787d5670e62a71,3
563f247537b0d3575a11bdf8,f0044e1aa19891a19b323ba1,10
5705f02adf6acacd384ec063,570a4ba5134bd893a078b0b6,6
5705f02adf6acacd384ec063,5ff720cdf13aec31a209610a,3
5705f02adf6acacd384ec063,777ca7b195ef29c4e3768b44,6
5705f02adf6acacd384ec063,780f172ebede6ebd85c016b7,6
57308c531f7fcaab5fba5795,9a9a82285d62fed89e02b913,3
57308c531f7fcaab5fba5795,d83970f4b651fffe4ad54e66,2
57308c531f7fcaab5fba5795,de551cdca242219a822fad85,4
57aecb4fb0a7cc0d84749401,4a359595014751f4ac5e6f44,3
57aecb4fb0a7cc0d84749401,a62c502f5a48d54971ed1f29,9
57c20f7db421379381f9e950,35a8b8e91901c7a3f2242388,4
57c20f7db421379381f9e950,62daeb7d2b52182c7e37e066,3
57c20f7db421379381f9e950,93fc11bc86f55fb7eca3bf41,4
583465cb02db1c0d401d5757,a5255ef2afd78405629d9c6c,3
58adf504bb923c78a180ef09,1fa36151eaa0685aae46f488,4
58adf504bb923c78a180ef09,e86f4d96355b453f2b293908,3
58cc6e38486981cc5782db0f,296a4bc46fed1f91d47a206c,4
58cc6e38486981cc5782db0f,2b59dab0ed47d0cf65605b96,3
58cc6e38486981cc5782db0f,5a7edc65d2a874084d54ad63,4
58cc6e38486981cc5782db0f,dc6cd1f605dbd596f2ff1da7,4
596ff7766900d5ed8c9c9ab3,012ff3639674fc2b1b91b7dd,3
596ff7766900d5ed8c9c9ab3,0a88ce801a8fb1f27093ea77,5
59bc539f23e40ad5efb745e8,021ba8437eb492b4373ee7e8,1
59bc539f23e40ad5efb745e8,4ea9af4bfebf5c091fbef72b,4
59bc539f23e40ad5efb745e8,87aa3aed58c6424238eb6cbd,3
5a4276a70bc322932d50deaa,3218448dbaaaca2abc958e14,1
5a4276a70bc322932d50deaa,8ed0f73b0f24c5834940bfa6,4
5a4276a70bc322932d50deaa,a8d50613bd08abbe99f532c7,3
5a4276a70bc322932d50deaa,e49a268164d4e31d26bc5355,1
5a4276a70bc322932d50deaa,fa9b3f0d0a099a0a29abc64b,1
5ab5af534546c175f793d706,2077900055a3127f19f6508a,4
5ab5af534546c175f793d706,590f8e1b0dae672545bfa9d6,3
5ab5af534546c175f793d706,5de460bd235111a94716486a,4
5ab5af534546c175f793d706,74df856f35c40fec30bce071,9
5ab5af534546c175f793d706,c46624cbc6e691e2bb21c3b1,4
5ab5af534546c175f793d706,daf0140a3cfb24567a4a4159,9
5ab5af534546c175f793d706,e51c4f0a1dbb52b46ba59413,4
5b206aa91d32a35540205767,283b22fee8854a1e353e20ef,4
5b206aa91d32a35540205767,3b7850329feffbed5097fe9c,3
5b206aa91d32a35540205767,878a68b2708cc33d22945194,4
5b206aa91d32a35540205767,9ad57d3c39439509396c58e5,6
5b206aa91d32a35540205767,a86f4e76d082367cb1950b75,4
5b206aa91d32a35540205767,bae144017bc6f8b048b6a97b,4
5b206aa91d32a35540205767,c2267f7a5f5b7ce6e334c58f,5
5c5c5ffdab2510eb2c2a6016,10025948db04d1851e25c781,11
5c5c5ffdab2510eb2c2a6016,1f08aa265f331cdceffe9621,4
5c5c5ffdab2510eb2c2a6016,3c378404a9085c61c103bcef,4
5c5c5ffdab2510eb2c2a6016,8bdc596115039a4cef8f634c,11
5c5c5ffdab2510eb2c2a6016,a6cfab37ead9946f9c911b73,3
5cf44d4518bafbb72effdc83,65b2c777442d99c96aea3bd3,3
5e2e7aeb6ec06cbf0aacf6ac,0114c5517a74a76556640237,4
5e2e7aeb6ec06cbf0aacf6ac,047ca912fc50e897cd9d2445,3
5e2e7aeb6ec06cbf0aacf6ac,536e29011dd50fe5517c82e6,1
5e2e7aeb6ec06cbf0aacf6ac,799d64741a0c2ccfab9c4bdf,1
5e2e7aeb6ec06cbf0aacf6ac,8c0e582184c742ac94fbdbea,4
5e2e7aeb6ec06cbf0aacf6ac,a9ae0070f7594df50f71f6d0,4
5e2e7aeb6ec06cbf0aacf6ac,ad0afc87b79204497e9675f4,7
5e6aac3c564acd7a3303f324,03026b27570feac6f7d55a13,7
5e6aac3c564acd7a3303f324,1372e26640355e148d50cf03,2
5e6aac3c564acd7a3303f324,7f45bb0c5b35ee1c1d9eaeaa,7
5e6aac3c564acd7a3303f324,f52bdfc3c9f8c84ef83544ef,3
5ee33cb03f8cbdc273bc0226,0d1172e3561ac46944808410,2
5ee33cb03f8cbdc273bc0226,301feaabc7cfcd3de42312ee,1
5ee33cb03f8cbdc273bc0226,4e80c8cb624fbfdf13a01fe1,7
5ee33cb03f8cbdc273bc0226,88e5901c3a57bd6a1da97eca,4
5ee33cb03f8cbdc273bc0226,a86f4e76d082367cb1950b75,2
5ee33cb03f8cbdc273bc0226,c95e2710f0940f164999a80d,3
5fb8380aed5f0eedd8850824,0a88ce801a8fb1f27093ea77,4
5fb8380aed5f0eedd8850824,6bc666e5b3787d5670e62a71,1
5fb8380aed5f0eedd8850824,e452df9b38c41476504cf3b0,3
5fb8380aed5f0eedd8850824,f0044e1aa19891a19b323ba1,10
600800fae54c3bc9186159dd,16e3309c591cfb734062e4f7,11
600800fae54c3bc9186159dd,25a93d2c217b90b646f74cf9,3
600800fae54c3bc9186159dd,57dae6ec1178fbee897bfa8a,1
600800fae54c3bc9186159dd,995c6d203c1c7d6038eff5f0,4
600800fae54c3bc9186159dd,cbbc69cc749812d8525d4d7a,1
600800fae54c3bc9186159dd,e0b0ea86070a4d2fbdff0102,8
600800fae54c3bc9186159dd,fdfd967f115acd389772f27e,1
612dd4b0fdc6a8d436a1af97,0a813a360f591bbe0fa99c68,4
612dd4b0fdc6a8d436a1af97,1b2514f416f6dfd2cefed981,9
612dd4b0fdc6a8d436a1af97,1f44a14bf22092c64e7aadc7,4
612dd4b0fdc6a8d436a1af97,5e5f724b4c1cfa3c06a4012e,4
612dd4b0fdc6a8d436a1af97,79873c0cb93865674d0fd648,1
612dd4b0fdc6a8d436a1af97,7ace35845cf5727caa37d285,4
612dd4b0fdc6a8d436a1af97,84a548b428992de69547c046,3
612dd4b0fdc6a8d436a1af97,b43a7879dc9244be2190bd7e,4
612dd4b0fdc6a8d436a1af97,c136ee997426171a16c3cb73,4
61410a646269620db638ce6e,479d682f73bea2fd6424a753,4
61410a646269620db638ce6e,b8db4e59e51420a3243bc75c,3
61410a646269620db638ce6e,d8c6a816b26a0879a8584782,4
6178e057855918d99205b887,0547f866c512782235ffd88e,1
6178e057855918d99205b887,1ec5c81be121921f5ddfe655,1
6178e057855918d99205b887,3367292c070efe3d1a3d0d8b,4
6178e057855918d99205b887,9d1dd57028aff1bd9e8e6d6c,1
6178e057855918d99205b887,ac309b8f143f03f606251580,4
6178e057855918d99205b887,ade1ca720b8663154cb94cf3,1
6178e057855918d99205b887,b288bff3156336e4e510c425,1
6178e057855918d99205b887,d9beb4ba82d9be9e4a15d746,3
6178e057855918d99205b887,e51c4f0a1dbb52b46ba59413,1
6178e057855918d99205b887,e8cff2aa40803be536312f9d,6
6180dbcc061d20bb183e6f43,0d6d4a847b556fc72b788ed8,3
6180dbcc061d20bb183e6f43,1cdb291ed9f1c91225cfe642,4
6180dbcc061d20bb183e6f43,33418c79fedafe950628c24b,4
62fe2bb2c2ef42c5da74e3e3,21eaa7c281d35ecc1e10d06d,3
64b051288eef52fc4e285894,07cc206114186376b70f837e,3
64b051288eef52fc4e285894,0bdf2f4e7339f103b40e8ad4,6
64b051288eef52fc4e285894,0d7179986eebf29979d39901,6
64b051288eef52fc4e285894,3c378404a9085c61c103bcef,6
64b051288eef52fc4e285894,3fb64750f7a5aef62676e997,6
64b051288eef52fc4e285894,476641510cc6c427a2b7dc30,6
64b051288eef52fc4e285894,89275b0a3127584fbfdd9af2,6
64b051288eef52fc4e285894,a2df2c20cda2cbf878eac543,6
64b051288eef52fc4e285894,f26ec32bc11f18cf946c8be0,9
65182d77a2b5c135ee4e9248,1c2ef66d2f1cd10dcdfa7f03,10
65182d77a2b5c135ee4e9248,25a93d2c217b90b646f74cf9,8
65182d77a2b5c135ee4e9248,54898629da8b75bf228ff420,1
65182d77a2b5c135ee4e9248,70a3db750638e4050cb05fb4,7
65182d77a2b5c135ee4e9248,7218f1999c18a0d09f86331f,1
65182d77a2b5c135ee4e9248,7ace35845cf5727caa37d285,1
65182d77a2b5c135ee4e9248,82f1f544d40e6d7a1127113e,1
65182d77a2b5c135ee4e9248,995c6d203c1c7d6038eff5f0,3
65182d77a2b5c135ee4e9248,c62890960cf6ffbb61e8b566,11
65182d77a2b5c135ee4e9248,e0b0ea86070a4d2fbdff0102,8
6553572020c8d2cb766250ee,2f5dbc5a52662a95a208cb4c,3
65dd64bb4ee90c679218af96,733c1edbf3b30a5355d7c56a,2
65dd64bb4ee90c679218af96,c4091eec4038d3a94599d09e,3
684814e5e6ea5e1b40493d1f,1445618647c26928b380e48d,2
684814e5e6ea5e1b40493d1f,37f5c67bd8e56e92cc0d6bd0,4
684814e5e6ea5e1b40493d1f,f97f96dee4fceee7778c26d2,3
68d407b059c6729d74f9a2fe,82f1f544d40e6d7a1127113e,4
68d407b059c6729d74f9a2fe,938503d46bc5e6155984e785,3
68d407b059c6729d74f9a2fe,e51c4f0a1dbb52b46ba59413,2
69310b3e834707f6df7621a4,0bdf2f4e7339f103b40e8ad4,7
69310b3e834707f6df7621a4,164a20fd41ffc144d31b3a94,2
69310b3e834707f6df7621a4,1da6b80a98d92d2eec59f700,3
69310b3e834707f6df7621a4,e6bc0bfced0d202280a0d400,7
6961cf9a70da85226e667f08,33fd1f7f74f7322127653d78,4
6961cf9a70da85226e667f08,d83970f4b651fffe4ad54e66,3
69f0313c5b6e2e38cd92f8b5,4652513454576f52921a1ad4,4
69f0313c5b6e2e38cd92f8b5,9564ca3a452b8211c4f2bcae,11
69f0313c5b6e2e38cd92f8b5,e4b7ccf8f6251d09431c818e,3
6bf82475f200e48b1aa6c578,ae38fe6e8cc6895aefc0cb68,4
6bf82475f200e48b1aa6c578,b676c070285e9aa70ef0b066,3
6c4eb03910a7bba65d624b78,7b4e924a689d8e0cb0f9d951,6
6c4eb03910a7bba65d624b78,9b65617709299f2eb7f5554e,3
6c4eb03910a7bba65d624b78,cef609a594883cbf6b2a6750,6
6c6a053fa8f43c72b0035141,446d610539ac60904f9aac41,1
6c6a053fa8f43c72b0035141,4ea9af4bfebf5c091fbef72b,3
6c6a053fa8f43c72b0035141,530ad7bcde9b22488b717577,9
6c6a053fa8f43c72b0035141,ab96eaf496cb13382b3fbc7d,1
6c6a053fa8f43c72b0035141,eeb995f7af9b9d4fbf1c1b59,2
6cb5affcc196516b50e1c44c,03026b27570feac6f7d55a13,3
6cb5affcc196516b50e1c44c,17fb7f0135b28d9afab11b5a,4
6cb5affcc196516b50e1c44c,4d51a278b53beabbcaeb3290,4
6cb5affcc196516b50e1c44c,e45db96b541e82ce66f5f0a6,7
6cb5affcc196516b50e1c44c,f52bdfc3c9f8c84ef83544ef,1
6dfa84b9e5a1ad927e1f93e8,0a813a360f591bbe0fa99c68,4
6dfa84b9e5a1ad927e1f93e8,1b2514f416f6dfd2cefed981,9
6dfa84b9e5a1ad927e1f93e8,1f44a14bf22092c64e7aadc7,4
6dfa84b9e5a1ad927e1f93e8,5e5f724b4c1cfa3c06a4012e,4
6dfa84b9e5a1ad927e1f93e8,7ace35845cf5727caa37d285,4
6dfa84b9e5a1ad927e1f93e8,8fafe9b3038d43824054decb,3
6dfa84b9e5a1ad927e1f93e8,b43a7879dc9244be2190bd7e,4
6dfa84b9e5a1ad927e1f93e8,c136ee997426171a16c3cb73,4
6dfca0ee5a16afaf4c00a5af,1c2ef66d2f1cd10dcdfa7f03,10
6dfca0ee5a16afaf4c00a5af,54898629da8b75bf228ff420,1
6dfca0ee5a16afaf4c00a5af,70a3db750638e4050cb05fb4,7
6dfca0ee5a16afaf4c00a5af,7218f1999c18a0d09f86331f,3
6dfca0ee5a16afaf4c00a5af,7ace35845cf5727caa37d285,1
6dfca0ee5a16afaf4c00a5af,82f1f544d40e6d7a1127113e,1
6e9704a4f21e1aeffff0127a,e6b57b844a963f832fc49df6,3
6fd0a2af8f08d6f87d17f3f0,0a813a360f591bbe0fa99c68,4
6fd0a2af8f08d6f87d17f3f0,1b2514f416f6dfd2cefed981,9
6fd0a2af8f08d6f87d17f3f0,1f44a14bf22092c64e7aadc7,4
6fd0a2af8f08d6f87d17f3f0,5e5f724b4c1cfa3c06a4012e,4
6fd0a2af8f08d6f87d17f3f0,7ace35845cf5727caa37d285,4
6fd0a2af8f08d6f87d17f3f0,a86f4e76d082367cb1950b75,11
6fd0a2af8f08d6f87d17f3f0,b43a7879dc9244be2190bd7e,4
6fd0a2af8f08d6f87d17f3f0,c136ee997426171a16c3cb73,3
7051d9b70fd308ddcbb1560c,bb5ab92e57a9970211e2c533,3
7051d9b70fd308ddcbb1560c,cc5f8fade6afd84a10324f52,4
7254f1e8b485368f812cdfb8,2c371238036544760fa194b7,3
7254f1e8b485368f812cdfb8,3b669b5e776dde7363ddc67c,4
7254f1e8b485368f812cdfb8,46dfaca26b01de577f3b4a22,2
7254f1e8b485368f812cdfb8,dddcd65fa94171c6f18d9f03,4
7456194b2f75642d75929da8,5352a519406770f3f8d5d13f,2
7456194b2f75642d75929da8,65ec136a043a9aa8e5a5564a,3
7456194b2f75642d75929da8,d50e22ea1d5313a318fdb777,10
74cce80496bebbb4bb57cca0,4a0788230217f22e1bab6c7e,3
750007856a6ee486975da313,266796c4b333cf9e413aa61a,3
750007856a6ee486975da313,ae38fe6e8cc6895aefc0cb68,4
750007856a6ee486975da313,b676c070285e9aa70ef0b066,4
750007856a6ee486975da313,dc6cd1f605dbd596f2ff1da7,11
754249fc5a552ec716bbcc32,16ac8ce42800c3fc691be66f,4
754249fc5a552ec716bbcc32,69db77932d4300824d2bfa99,3
7545850af172bfb2210a4f4d,1a8cfe4ce88ac784b1ab6148,7
7545850af172bfb2210a4f4d,1fa36151eaa0685aae46f488,2
7545850af172bfb2210a4f4d,7d7e3fc4a94bdcd43b7e1daa,3
7545850af172bfb2210a4f4d,8f58064b666b069f8a15e4b3,11
754afb4a043149707ec84f10,1af1d9cfb9258cfade157801,1
754afb4a043149707ec84f10,4304f13cf3dcc3402620f6cb,1
754afb4a043149707ec84f10,4652513454576f52921a1ad4,1
754afb4a043149707ec84f10,60eb31c43f508aeef1b56795,10
754afb4a043149707ec84f10,878a68b2708cc33d22945194,1
754afb4a043149707ec84f10,882ef5801b2bbf635decc55a,1
754afb4a043149707ec84f10,8f58064b666b069f8a15e4b3,1
754afb4a043149707ec84f10,990e7934b2f6bf11afa9f0ff,10
754afb4a043149707ec84f10,a3501fe299d1fc9aa5a15338,3
754afb4a043149707ec84f10,c136ee997426171a16c3cb73,1
754afb4a043149707ec84f10,d50e22ea1d5313a318fdb777,2
754afb4a043149707ec84f10,df9e4c1e6a78b855f72f6c90,1
754afb4a043149707ec84f10,e6bc0bfced0d202280a0d400,1
754afb4a043149707ec84f10,edb7bcf1b3f8ba55882a9c37,1
754afb4a043149707ec84f10,f7fff7df162dd65d2d0ad8e7,1
75f7df8a44023ad9cac43e18,b9a083cc763dcca62b0654b5,3
77aa94d8b373deeb260990d1,1a8cfe4ce88ac784b1ab6148,3
77aa94d8b373deeb260990d1,1fa36151eaa0685aae46f488,2
77aa94d8b373deeb260990d1,4df11b9d27404d7db69fca1a,4
77aa94d8b373deeb260990d1,733c1edbf3b30a5355d7c56a,4
77aa94d8b373deeb260990d1,7d7e3fc4a94bdcd43b7e1daa,2
77aa94d8b373deeb260990d1,918557d96024b2efbdd3a83a,5
77aa94d8b373deeb260990d1,922e21620306adab4a00f814,4
77aa94d8b373deeb260990d1,f6129ba9e4a5a207ca673f76,4
7829ef3bcedf9c5d14989737,b4e7bfc42688e744dc739d23,1
7829ef3bcedf9c5d14989737,b6f49239fe6b81687407109f,7
7829ef3bcedf9c5d14989737,d62ad3ac3299c7f22b34dee3,3
7829ef3bcedf9c5d14989737,f2a13f795044ad664acb8fdd,7
7829ef3bcedf9c5d14989737,f923036b5d3765cc1fd95ed0,4
782cf3712ae33786dbd1503c,16ac8ce42800c3fc691be66f,10
782cf3712ae33786dbd1503c,1cdb291ed9f1c91225cfe642,10
782cf3712ae33786dbd1503c,4e80c8cb624fbfdf13a01fe1,7
782cf3712ae33786dbd1503c,6e5a6b9011d2a5c2ebefad3d,4
782cf3712ae33786dbd1503c,955c82d05cd22d7ad29c55e7,4
782cf3712ae33786dbd1503c,a2df2c20cda2cbf878eac543,4
782cf3712ae33786dbd1503c,b4e7bfc42688e744dc739d23,4
782cf3712ae33786dbd1503c,e3ae5f13d68b5e42c861fe19,1
782cf3712ae33786dbd1503c,e6f5e9c7b8e6ea29ee8572cf,3
78afaf680e1929d25b74b4d2,0d6d4a847b556fc72b788ed8,4
78afaf680e1929d25b74b4d2,16ac8ce42800c3fc691be66f,10
78afaf680e1929d25b74b4d2,1cdb291ed9f1c91225cfe642,3
78afaf680e1929d25b74b4d2,33418c79fedafe950628c24b,4
78afaf680e1929d25b74b4d2,4e80c8cb624fbfdf13a01fe1,7
78afaf680e1929d25b74b4d2,e3ae5f13d68b5e42c861fe19,1
78afaf680e1929d25b74b4d2,e6f5e9c7b8e6ea29ee8572cf,1
78c18ecea65945df0cd3bbb4,04afe2846e5c36a3f7dae36a,4
78c18ecea65945df0cd3bbb4,0e642f67196bcead5344f04c,9
78c18ecea65945df0cd3bbb4,3b746f1c584ca53216695921,10
78c18ecea65945df0cd3bbb4,8d1b59be556bc30023167fcd,9
78c18ecea65945df0cd3bbb4,bd70ff1d9fbcd382ddc41752,3
78c18ecea65945df0cd3bbb4,bf00a9b9f2318ebd52a9a6c0,4
79174abfb1570507127d3414,a5542baaedd36df7c1798064,3
7952f3b1b827c0d357f66652,047ca912fc50e897cd9d2445,1
7952f3b1b827c0d357f66652,453fde71d0957bec3c2c61a6,2
7952f3b1b827c0d357f66652,536e29011dd50fe5517c82e6,3
7952f3b1b827c0d357f66652,799d64741a0c2ccfab9c4bdf,1
7952f3b1b827c0d357f66652,ad0afc87b79204497e9675f4,7
796117dbd1f879ab53acc428,37f5c67bd8e56e92cc0d6bd0,3
796117dbd1f879ab53acc428,f97f96dee4fceee7778c26d2,4
7ad2fd24eb591c70b6586df3,1af1d9cfb9258cfade157801,1
7ad2fd24eb591c70b6586df3,4304f13cf3dcc3402620f6cb,1
7ad2fd24eb591c70b6586df3,4652513454576f52921a1ad4,3
7ad2fd24eb591c70b6586df3,579be6a9c4b4a7f42ec9b5df,2
7ad2fd24eb591c70b6586df3,60eb31c43f508aeef1b56795,10
7ad2fd24eb591c70b6586df3,878a68b2708cc33d22945194,1
7ad2fd24eb591c70b6586df3,882ef5801b2bbf635decc55a,1
7ad2fd24eb591c70b6586df3,8f58064b666b069f8a15e4b3,1
7ad2fd24eb591c70b6586df3,990e7934b2f6bf11afa9f0ff,10
7ad2fd24eb591c70b6586df3,a3501fe299d1fc9aa5a15338,1
7ad2fd24eb591c70b6586df3,c136ee997426171a16c3cb73,1
7ad2fd24eb591c70b6586df3,df9e4c1e6a78b855f72f6c90,1
7ad2fd24eb591c70b6586df3,e6bc0bfced0d202280a0d400,1
7ad2fd24eb591c70b6586df3,edb7bcf1b3f8ba55882a9c37,1
7ad2fd24eb591c70b6586df3,f7fff7df162dd65d2d0ad8e7,1
7bc502372aede1643b4f1425,84f9a46497655733beeb404a,3
7c5706d91c32dd43b416b129,1f32722a2a05bd9bbf7f609f,3
7c98c52260193b878f1a0ab0,1c2ef66d2f1cd10dcdfa7f03,10
7c98c52260193b878f1a0ab0,54898629da8b75bf228ff420,1
7c98c52260193b878f1a0ab0,70a3db750638e4050cb05fb4,3
7c98c52260193b878f1a0ab0,7218f1999c18a0d09f86331f,1
7c98c52260193b878f1a0ab0,7ace35845cf5727caa37d285,1
7c98c52260193b878f1a0ab0,82f1f544d40e6d7a1127113e,1
7d1fe7bcbaf364d68777dd2b,25a93d2c217b90b646f74cf9,8
7d1fe7bcbaf364d68777dd2b,57dae6ec1178fbee897bfa8a,3
7d1fe7bcbaf364d68777dd2b,cbbc69cc749812d8525d4d7a,1
7d1fe7bcbaf364d68777dd2b,fdfd967f115acd389772f27e,1
7d7756f37bdefe7eb5057558,0fd5649f18e866278d64be46,9
7d7756f37bdefe7eb5057558,de3d55a06c735dcf10ffa16a,1
7d7756f37bdefe7eb5057558,e6075539de2583b8389e5a30,3
7dee46017c6d9e73cc5106ec,246fa81b1e4d146bd41ca424,4
7dee46017c6d9e73cc5106ec,58a41ea63015b1c5f6886b7a,7
7dee46017c6d9e73cc5106ec,5ac271e254a7632afdfaf5df,1
7dee46017c6d9e73cc5106ec,a1d76736c6e7428fed6a2776,4
7dee46017c6d9e73cc5106ec,dc6cd1f605dbd596f2ff1da7,2
7dee46017c6d9e73cc5106ec,e49a268164d4e31d26bc5355,4
7dee46017c6d9e73cc5106ec,f2ae153231bb5ab5b8816be3,3
7e57c63370d4d396f77d28e5,0547f866c512782235ffd88e,3
7e57c63370d4d396f77d28e5,1ec5c81be121921f5ddfe655,1
7e57c63370d4d396f77d28e5,743d477aa83b6202a0748197,2
7e57c63370d4d396f77d28e5,9d1dd57028aff1bd9e8e6d6c,1
7e57c63370d4d396f77d28e5,ade1ca720b8663154cb94cf3,1
7e57c63370d4d396f77d28e5,b288bff3156336e4e510c425,1
7e57c63370d4d396f77d28e5,cc5f8fade6afd84a10324f52,4
7e57c63370d4d396f77d28e5,d9beb4ba82d9be9e4a15d746,1
7e57c63370d4d396f77d28e5,e51c4f0a1dbb52b46ba59413,1
7e57c63370d4d396f77d28e5,e8cff2aa40803be536312f9d,6
7efb0c9fa496a5a50f140f77,3e015a25b7fcf0629f308b7d,2
7efb0c9fa496a5a50f140f77,b45b3a7075fcbe1d386aa4b7,3
7fde8f8e5d265af9bf85929d,b6f49239fe6b81687407109f,7
7fde8f8e5d265af9bf85929d,d62ad3ac3299c7f22b34dee3,7
7fde8f8e5d265af9bf85929d,f2a13f795044ad664acb8fdd,3
7fde8f8e5d265af9bf85929d,f923036b5d3765cc1fd95ed0,7
7ff74a3c26aaf0ab91712fe2,697f6f50b4c7c5ffa36dfe96,3
7ff74a3c26aaf0ab91712fe2,9a9a82285d62fed89e02b913,4
7ff74a3c26aaf0ab91712fe2,de551cdca242219a822fad85,4
8059c0ad050c0f48aadb8536,0547f866c512782235ffd88e,1
8059c0ad050c0f48aadb8536,1ec5c81be121921f5ddfe655,1
8059c0ad050c0f48aadb8536,65773e641f3a029e2e6e7bd0,4
8059c0ad050c0f48aadb8536,6c2a7878b1e6fbca60cf06f8,2
8059c0ad050c0f48aadb8536,9d1dd57028aff1bd9e8e6d6c,1
8059c0ad050c0f48aadb8536,ade1ca720b8663154cb94cf3,1
8059c0ad050c0f48aadb8536,b288bff3156336e4e510c425,3
8059c0ad050c0f48aadb8536,d9beb4ba82d9be9e4a15d746,1
8059c0ad050c0f48aadb8536,e51c4f0a1dbb52b46ba59413,1
8059c0ad050c0f48aadb8536,e8cff2aa40803be536312f9d,6
80726b4a2d34d1a493a54daa,6c2a7878b1e6fbca60cf06f8,8
80726b4a2d34d1a493a54daa,95af68856e34df3b65641926,8
8087ab6f30a0ce43d42b7dd3,20d43a713dabe86d0b5a1a62,3
8096feb2e008a8f884346fc3,50d2ee649d7ca00a0f607bec,2
8096feb2e008a8f884346fc3,5a7edc65d2a874084d54ad63,2
8096feb2e008a8f884346fc3,dfc0c532a79d4365f3e79a09,1
8096feb2e008a8f884346fc3,fb8097cb9165ff28e6bf4e5f,3
81a95f90659792dcc30f7c11,37ab0eb52844639cb3367aba,3
82c2ad952fb5726ac1bb406b,590f8e1b0dae672545bfa9d6,1
82c2ad952fb5726ac1bb406b,9b3e04d96f343007cea89023,4
82c2ad952fb5726ac1bb406b,daf0140a3cfb24567a4a4159,3
82c2ad952fb5726ac1bb406b,f2d20b314586726e70a5c982,2
83076c8e4c1983c2cd7f03af,1372e26640355e148d50cf03,3
83076c8e4c1983c2cd7f03af,3aab7093ad531d8df6dacf7a,11
83076c8e4c1983c2cd7f03af,7f45bb0c5b35ee1c1d9eaeaa,2
8328df3c1ef26af5ae4c3e1a,0a813a360f591bbe0fa99c68,2
8328df3c1ef26af5ae4c3e1a,49483d5dfb65549433f54a85,3
8328df3c1ef26af5ae4c3e1a,b0775de3707db1dc91b8883c,11
8328df3c1ef26af5ae4c3e1a,b8646216f7fea03d5e9cf49c,10
8328df3c1ef26af5ae4c3e1a,e71fea9e6c9f724e45ffca20,9
849fd620c5c43849d54f2aed,a62c502f5a48d54971ed1f29,3
8516cc559a35f75e696ad88a,fa40a31b44dcdae96d4a01e8,3
852458fbb0e4c1e845966b78,f7e9da044fa1703039768e4d,3
860610d2dde4b8403665eb70,164a20fd41ffc144d31b3a94,4
860610d2dde4b8403665eb70,24125782ed9882577532d540,4
860610d2dde4b8403665eb70,476641510cc6c427a2b7dc30,4
860610d2dde4b8403665eb70,923fb7abece8e065defefbfc,4
860610d2dde4b8403665eb70,def94792643a36ef219dd2e1,3
860f5618511802af5bde0706,0a813a360f591bbe0fa99c68,4
860f5618511802af5bde0706,1b2514f416f6dfd2cefed981,9
860f5618511802af5bde0706,1c2ef66d2f1cd10dcdfa7f03,10
860f5618511802af5bde0706,1f44a14bf22092c64e7aadc7,4
860f5618511802af5bde0706,54898629da8b75bf228ff420,1
860f5618511802af5bde0706,5e5f724b4c1cfa3c06a4012e,4
860f5618511802af5bde0706,70a3db750638e4050cb05fb4,7
860f5618511802af5bde0706,7218f1999c18a0d09f86331f,1
860f5618511802af5bde0706,7ace35845cf5727caa37d285,3
860f5618511802af5bde0706,82f1f544d40e6d7a1127113e,1
860f5618511802af5bde0706,b43a7879dc9244be2190bd7e,4
860f5618511802af5bde0706,c136ee997426171a16c3cb73,4
8626b308d8ed406a08c72dc6,733c1edbf3b30a5355d7c56a,1
8626b308d8ed406a08c72dc6,fca8fc95fbd7dba7986ad7f9,3
8716534244ede823c1a64b9e,c100de9b2d810f0662e19134,3
876464ee928c4b015e99fb8f,d7087d56253b9ddf090bc396,3
878ca26fb371299804b23856,07cc206114186376b70f837e,6
878ca26fb371299804b23856,0bdf2f4e7339f103b40e8ad4,10
878ca26fb371299804b23856,3c378404a9085c61c103bcef,1
878ca26fb371299804b23856,3fb64750f7a5aef62676e997,1
878ca26fb371299804b23856,476641510cc6c427a2b7dc30,1
878ca26fb371299804b23856,6e5a6b9011d2a5c2ebefad3d,4
878ca26fb371299804b23856,89275b0a3127584fbfdd9af2,10
878ca26fb371299804b23856,955c82d05cd22d7ad29c55e7,4
878ca26fb371299804b23856,a2df2c20cda2cbf878eac543,3
878ca26fb371299804b23856,b4e7bfc42688e744dc739d23,4
878ca26fb371299804b23856,f26ec32bc11f18cf946c8be0,9
87f463bb6dc3896850877811,0a813a360f591bbe0fa99c68,9
87f463bb6dc3896850877811,3b669b5e776dde7363ddc67c,9
87f463bb6dc3896850877811,49483d5dfb65549433f54a85,9
87f463bb6dc3896850877811,521833b4987dbae8dc792fdf,9
87f463bb6dc3896850877811,dfc0c532a79d4365f3e79a09,9
87f463bb6dc3896850877811,e71fea9e6c9f724e45ffca20,3
885ce674fc3ac28c182fef10,0d6d4a847b556fc72b788ed8,4
885ce674fc3ac28c182fef10,1cdb291ed9f1c91225cfe642,4
885ce674fc3ac28c182fef10,33418c79fedafe950628c24b,3
896ae5e20a865bf8bda2d5e2,25a93d2c217b90b646f74cf9,8
896ae5e20a865bf8bda2d5e2,57dae6ec1178fbee897bfa8a,1
896ae5e20a865bf8bda2d5e2,cbbc69cc749812d8525d4d7a,2
896ae5e20a865bf8bda2d5e2,fdfd967f115acd389772f27e,3
89981e988be9bb15a5ef904e,40f9c8a434615fda02d971e3,2
89981e988be9bb15a5ef904e,6c2a7878b1e6fbca60cf06f8,3
89981e988be9bb15a5ef904e,b288bff3156336e4e510c425,2
89e2059a9f487c4b2c27e1f2,1af1d9cfb9258cfade157801,1
89e2059a9f487c4b2c27e1f2,4304f13cf3dcc3402620f6cb,1
89e2059a9f487c4b2c27e1f2,4652513454576f52921a1ad4,1
89e2059a9f487c4b2c27e1f2,60eb31c43f508aeef1b56795,3
89e2059a9f487c4b2c27e1f2,878a68b2708cc33d22945194,1
89e2059a9f487c4b2c27e1f2,882ef5801b2bbf635decc55a,1
89e2059a9f487c4b2c27e1f2,8f58064b666b069f8a15e4b3,1
89e2059a9f487c4b2c27e1f2,990e7934b2f6bf11afa9f0ff,10
89e2059a9f487c4b2c27e1f2,a3501fe299d1fc9aa5a15338,1
89e2059a9f487c4b2c27e1f2,c136ee997426171a16c3cb73,1
89e2059a9f487c4b2c27e1f2,df9e4c1e6a78b855f72f6c90,1
89e2059a9f487c4b2c27e1f2,e6bc0bfced0d202280a0d400,1
89e2059a9f487c4b2c27e1f2,edb7bcf1b3f8ba55882a9c37,1
89e2059a9f487c4b2c27e1f2,f7fff7df162dd65d2d0ad8e7,1
89ff78dc7615b2925b55be30,2796a35e451d8047583340fa,3
89ff78dc7615b2925b55be30,5ff720cdf13aec31a209610a,6
89ff78dc7615b2925b55be30,777ca7b195ef29c4e3768b44,2
8adc6fce9c740407c3f2f758,1af1d9cfb9258cfade157801,3
8adc6fce9c740407c3f2f758,1f08aa265f331cdceffe9621,4
8adc6fce9c740407c3f2f758,2f0fbdd2f44b9d631ff332b5,2
8adc6fce9c740407c3f2f758,3c378404a9085c61c103bcef,4
8adc6fce9c740407c3f2f758,4304f13cf3dcc3402620f6cb,1
8adc6fce9c740407c3f2f758,4652513454576f52921a1ad4,1
8adc6fce9c740407c3f2f758,60eb31c43f508aeef1b56795,10
8adc6fce9c740407c3f2f758,878a68b2708cc33d22945194,1
8adc6fce9c740407c3f2f758,882ef5801b2bbf635decc55a,1
8adc6fce9c740407c3f2f758,8f58064b666b069f8a15e4b3,1
8adc6fce9c740407c3f2f758,990e7934b2f6bf11afa9f0ff,10
8adc6fce9c740407c3f2f758,a3501fe299d1fc9aa5a15338,1
8adc6fce9c740407c3f2f758,a6cfab37ead9946f9c911b73,4
8adc6fce9c740407c3f2f758,c136ee997426171a16c3cb73,1
8adc6fce9c740407c3f2f758,df9e4c1e6a78b855f72f6c90,1
8adc6fce9c740407c3f2f758,e6bc0bfced0d202280a0d400,1
8adc6fce9c740407c3f2f758,e91d6d41e0d775513dcfcc26,11
8adc6fce9c740407c3f2f758,edb7bcf1b3f8ba55882a9c37,1
8adc6fce9c740407c3f2f758,f7fff7df162dd65d2d0ad8e7,1
8af0b15584596fa551994457,fdbd4ac434fd9b1bf11311c7,3
8b3cabbd638730c3ee6fadd4,01c3aeefc751406acf79e0cd,3
8beda4a101ce4ad619371cfe,1b9f2cede372fd407c5924ed,3
8beda4a101ce4ad619371cfe,b732c2cb8c09e37d659658d4,4
8c47b996774874b5bfea4c67,0ecb9e42f964c6453d379bcf,3
8c47b996774874b5bfea4c67,14383857951bdb1b87647fb0,9
8c47b996774874b5bfea4c67,85db1999fdccf32225f1a176,8
8c47b996774874b5bfea4c67,eeb995f7af9b9d4fbf1c1b59,4
8c51db55f0a3c00b8e9f8d54,2077900055a3127f19f6508a,4
8c51db55f0a3c00b8e9f8d54,408106bd08c15944ecc793a7,2
8c51db55f0a3c00b8e9f8d54,590f8e1b0dae672545bfa9d6,4
8c51db55f0a3c00b8e9f8d54,5de460bd235111a94716486a,4
8c51db55f0a3c00b8e9f8d54,74df856f35c40fec30bce071,9
8c51db55f0a3c00b8e9f8d54,c46624cbc6e691e2bb21c3b1,4
8c51db55f0a3c00b8e9f8d54,e51c4f0a1dbb52b46ba59413,4
8c51db55f0a3c00b8e9f8d54,e7dd192d930cc4c063442d4e,3
8c6fc19c43ea3f0c120bd220,0a19b6509894f562515553eb,1
8c6fc19c43ea3f0c120bd220,722e9d9efc373d1fd5d4953d,3
8cdb5b3d0f558b988b3f6c21,4652513454576f52921a1ad4,2
8cdb5b3d0f558b988b3f6c21,579be6a9c4b4a7f42ec9b5df,3
8cdb5b3d0f558b988b3f6c21,e7dd192d930cc4c063442d4e,1
8d31f9123adfdcdb6e5d74b8,faa7394e6312f89371c50bff,8
8d31f9123adfdcdb6e5d74b8,fff9b0a238a5d2548cd484e4,3
8d73048e3145d13dcc38228a,5ff720cdf13aec31a209610a,6
8d73048e3145d13dcc38228a,777ca7b195ef29c4e3768b44,3
8d73048e3145d13dcc38228a,d4fed54f29559fdac7adfd28,4
8deb55a87749e228fc2aa0bd,17fb7f0135b28d9afab11b5a,4
8deb55a87749e228fc2aa0bd,4c51bd03947e7b24f6a363d6,10
8deb55a87749e228fc2aa0bd,4d51a278b53beabbcaeb3290,4
8deb55a87749e228fc2aa0bd,87d237b92a93c8a802905550,3
8deb55a87749e228fc2aa0bd,ab203b6935fe3c54584f1d01,1
8deb55a87749e228fc2aa0bd,cd135f356ac75d0556157a1b,6
8deb55a87749e228fc2aa0bd,e45db96b541e82ce66f5f0a6,7
8ed1ebe22814ce11fc2f7d94,032846fe12dd221f9cce5a63,3
8ed1ebe22814ce11fc2f7d94,ad0afc87b79204497e9675f4,2
8f2a71f339f89bb14198393d,4f3209dc26fa6993d7af3054,4
8f2a71f339f89bb14198393d,570a4ba5134bd893a078b0b6,10
8f2a71f339f89bb14198393d,6b8a97c42041a5a63bd68cd6,3
8f2a71f339f89bb14198393d,923fb7abece8e065defefbfc,1
8f2a71f339f89bb14198393d,f468cc11f58e8d0a2496b1b1,1
8f52bf68b0d170fc8d1a2c29,50d2ee649d7ca00a0f607bec,3
8f52bf68b0d170fc8d1a2c29,5a7edc65d2a874084d54ad63,2
8f52bf68b0d170fc8d1a2c29,fb8097cb9165ff28e6bf4e5f,2
8fce4b6aa4eb8c0fec6a8556,4e80c8cb624fbfdf13a01fe1,7
8fce4b6aa4eb8c0fec6a8556,88e5901c3a57bd6a1da97eca,3
9069202243a018365ede9540,1a2e0a80661458c3432b3c33,4
9069202243a018365ede9540,656d2c7236f1bff369da8b24,3
9069202243a018365ede9540,734703ca43374122be7009c7,11
9069202243a018365ede9540,85fa7b9ac022496e7c6fd01c,4
9069202243a018365ede9540,e49a268164d4e31d26bc5355,2
909e932b0d5b112bf56b1131,cba7dc76c9b314fc40a0753d,3
91152ad906a9c0b08d8b5ced,6e5a6b9011d2a5c2ebefad3d,4
91152ad906a9c0b08d8b5ced,93bb0aae233e5bc4d7e9a89f,10
91152ad906a9c0b08d8b5ced,955c82d05cd22d7ad29c55e7,4
91152ad906a9c0b08d8b5ced,a2df2c20cda2cbf878eac543,4
91152ad906a9c0b08d8b5ced,b4e7bfc42688e744dc739d23,3
913d60721080c32c50ae5118,1a3b1b388ee00fe6c87f7b18,4
913d60721080c32c50ae5118,2aea16db9a3e57e87a8c6671,3
92104bbcaaf0adaac4c65014,c1398e870452603708a30217,3
92cd96f3b91b7db3456f210e,3d0ebb849c953ed1ec8a1f8a,3
92cd96f3b91b7db3456f210e,dd617ca64d6e05d09f145187,1
93542b812de79f2f639ef784,249ad56adcf3e7e61b2972a7,3
9361a711530f965b21fffe2d,17fb7f0135b28d9afab11b5a,2
9361a711530f965b21fffe2d,addc9953e00f422a1e0b582e,8
9361a711530f965b21fffe2d,b6f49239fe6b81687407109f,7
9361a711530f965b21fffe2d,d62ad3ac3299c7f22b34dee3,4
9361a711530f965b21fffe2d,f2a13f795044ad664acb8fdd,7
9361a711530f965b21fffe2d,f923036b5d3765cc1fd95ed0,3
94214928dab6485d5e570f1a,0a813a360f591bbe0fa99c68,4
94214928dab6485d5e570f1a,1b2514f416f6dfd2cefed981,9
94214928dab6485d5e570f1a,1f44a14bf22092c64e7aadc7,4
94214928dab6485d5e570f1a,5e5f724b4c1cfa3c06a4012e,3
94214928dab6485d5e570f1a,7ace35845cf5727caa37d285,4
94214928dab6485d5e570f1a,b43a7879dc9244be2190bd7e,4
94214928dab6485d5e570f1a,c136ee997426171a16c3cb73,4
94a9699ee81decab82e07693,0fd5649f18e866278d64be46,9
94a9699ee81decab82e07693,1c2ef66d2f1cd10dcdfa7f03,3
94a9699ee81decab82e07693,de3d55a06c735dcf10ffa16a,10
94db5e82f7260b1f6825d81c,0d7179986eebf29979d39901,2
94db5e82f7260b1f6825d81c,1a2e0a80661458c3432b3c33,3
94db5e82f7260b1f6825d81c,4e80c8cb624fbfdf13a01fe1,7
94db5e82f7260b1f6825d81c,88e5901c3a57bd6a1da97eca,4
94db5e82f7260b1f6825d81c,f34f7a4b2e2b903e719ba5bb,2
96842cbaa692329b383908e3,07cc206114186376b70f837e,6
96842cbaa692329b383908e3,0bdf2f4e7339f103b40e8ad4,10
96842cbaa692329b383908e3,1f08aa265f331cdceffe9621,4
96842cbaa692329b383908e3,3c378404a9085c61c103bcef,3
96842cbaa692329b383908e3,3fb64750f7a5aef62676e997,1
96842cbaa692329b383908e3,476641510cc6c427a2b7dc30,1
96842cbaa692329b383908e3,89275b0a3127584fbfdd9af2,10
96842cbaa692329b383908e3,a2df2c20cda2cbf878eac543,1
96842cbaa692329b383908e3,a6cfab37ead9946f9c911b73,4
96842cbaa692329b383908e3,f26ec32bc11f18cf946c8be0,9
96ad50f0b1d017266cf203cb,19dca9a5e4493371054341da,4
96ad50f0b1d017266cf203cb,81c53c2164b0c01ab0982a93,3
96ad50f0b1d017266cf203cb,b4d2642ba3372c2bb4c3d9c4,4
971cb7e7f482a0f2057eecf6,517d4780a1e76faccb7151df,3
97df042a50cea93db6a259a3,8ed0f73b0f24c5834940bfa6,4
97df042a50cea93db6a259a3,b82acf51c034db686431c0c7,1
97df042a50cea93db6a259a3,bae144017bc6f8b048b6a97b,2
97df042a50cea93db6a259a3,bbcf01ec695d952b7e083cf0,2
97df042a50cea93db6a259a3,d36aa567bcffbab9814b7c78,3
97df042a50cea93db6a259a3,dfc0c532a79d4365f3e79a09,2
9844ff8091b72d3bdce64677,34355cba3e527c74f060137b,1
9844ff8091b72d3bdce64677,b1e3857a8e6b9de9164600af,4
9844ff8091b72d3bdce64677,c04cd54ea63e9e86426bbfed,3
9844ff8091b72d3bdce64677,f34f7a4b2e2b903e719ba5bb,4
98c4fa4b9e54a9979877734d,0d1172e3561ac46944808410,2
98c4fa4b9e54a9979877734d,1af1d9cfb9258cfade157801,10
98c4fa4b9e54a9979877734d,283b22fee8854a1e353e20ef,4
98c4fa4b9e54a9979877734d,4304f13cf3dcc3402620f6cb,10
98c4fa4b9e54a9979877734d,4652513454576f52921a1ad4,10
98c4fa4b9e54a9979877734d,60eb31c43f508aeef1b56795,10
98c4fa4b9e54a9979877734d,878a68b2708cc33d22945194,10
98c4fa4b9e54a9979877734d,882ef5801b2bbf635decc55a,10
98c4fa4b9e54a9979877734d,8f58064b666b069f8a15e4b3,10
98c4fa4b9e54a9979877734d,990e7934b2f6bf11afa9f0ff,10
98c4fa4b9e54a9979877734d,9ad57d3c39439509396c58e5,6
98c4fa4b9e54a9979877734d,a3501fe299d1fc9aa5a15338,10
98c4fa4b9e54a9979877734d,a86f4e76d082367cb1950b75,3
98c4fa4b9e54a9979877734d,bae144017bc6f8b048b6a97b,4
98c4fa4b9e54a9979877734d,c136ee997426171a16c3cb73,11
98c4fa4b9e54a9979877734d,c2267f7a5f5b7ce6e334c58f,5
98c4fa4b9e54a9979877734d,c95e2710f0940f164999a80d,2
98c4fa4b9e54a9979877734d,df9e4c1e6a78b855f72f6c90,10
98c4fa4b9e54a9979877734d,e6bc0bfced0d202280a0d400,10
98c4fa4b9e54a9979877734d,edb7bcf1b3f8ba55882a9c37,10
98c4fa4b9e54a9979877734d,f7fff7df162dd65d2d0ad8e7,10
99b89f076a0314dc89788a97,446d610539ac60904f9aac41,2
99b89f076a0314dc89788a97,ab96eaf496cb13382b3fbc7d,3
99b89f076a0314dc89788a97,eeb995f7af9b9d4fbf1c1b59,1
99f6f5103c32f304ad23812c,b2b61ba9d2a06f2fa2009b4a,3
9a1d7e3e8bb4406dac94ee8b,27aac58673e9d8cc66de5fdc,3
9a48cf0ef26c4dbf0c88af7f,283b22fee8854a1e353e20ef,5
9a48cf0ef26c4dbf0c88af7f,34355cba3e527c74f060137b,5
9a48cf0ef26c4dbf0c88af7f,878a68b2708cc33d22945194,5
9a48cf0ef26c4dbf0c88af7f,9ad57d3c39439509396c58e5,5
9a48cf0ef26c4dbf0c88af7f,a86f4e76d082367cb1950b75,5
9a48cf0ef26c4dbf0c88af7f,bae144017bc6f8b048b6a97b,5
9a48cf0ef26c4dbf0c88af7f,c2267f7a5f5b7ce6e334c58f,3
9a8533cee7fa37a6ab9f8c5b,17fb7f0135b28d9afab11b5a,3
9a8533cee7fa37a6ab9f8c5b,4d51a278b53beabbcaeb3290,4
9a8533cee7fa37a6ab9f8c5b,addc9953e00f422a1e0b582e,8
9a8533cee7fa37a6ab9f8c5b,d7087d56253b9ddf090bc396,11
9a8533cee7fa37a6ab9f8c5b,e45db96b541e82ce66f5f0a6,7
9a8533cee7fa37a6ab9f8c5b,f923036b5d3765cc1fd95ed0,2
9a94f37f1d3ce4963f87ceb0,16ac8ce42800c3fc691be66f,7
9a94f37f1d3ce4963f87ceb0,1cdb291ed9f1c91225cfe642,7
9a94f37f1d3ce4963f87ceb0,4e80c8cb624fbfdf13a01fe1,3
9a94f37f1d3ce4963f87ceb0,85db1999fdccf32225f1a176,8
9a94f37f1d3ce4963f87ceb0,88e5901c3a57bd6a1da97eca,7
9a94f37f1d3ce4963f87ceb0,e3ae5f13d68b5e42c861fe19,7
9a94f37f1d3ce4963f87ceb0,e6f5e9c7b8e6ea29ee8572cf,7
9ba1f1fd0f09912b013b104c,dfaed242e4a90feaa9dbdf2c,3
9bda5d9926161bc73bf7b494,2cc896a2e6d82dedfd4856d5,1
9bda5d9926161bc73bf7b494,3caed549b2853794e3943352,1
9bda5d9926161bc73bf7b494,6ab1b921d795255bdb20bf97,3
9bda5d9926161bc73bf7b494,99f9caf3c212dd8a7c8536ed,4
9c37d42ba94fff7dc7ec92bc,7b4e924a689d8e0cb0f9d951,3
9c37d42ba94fff7dc7ec92bc,9b65617709299f2eb7f5554e,1
9c37d42ba94fff7dc7ec92bc,f350f7b8ccb64d08bab711e7,4
9c84337da816b7c841e05d24,032846fe12dd221f9cce5a63,2
9c84337da816b7c841e05d24,047ca912fc50e897cd9d2445,1
9c84337da816b7c841e05d24,536e29011dd50fe5517c82e6,1
9c84337da816b7c841e05d24,6777e331abdca2e71f6e3bcc,4
9c84337da816b7c841e05d24,799d64741a0c2ccfab9c4bdf,1
9c84337da816b7c841e05d24,ad0afc87b79204497e9675f4,3
9d295c57cbb200d37a395c68,0a813a360f591bbe0fa99c68,4
9d295c57cbb200d37a395c68,146a4520696d3a4887324b90,3
9d295c57cbb200d37a395c68,1b2514f416f6dfd2cefed981,9
9d295c57cbb200d37a395c68,1f44a14bf22092c64e7aadc7,4
9d295c57cbb200d37a395c68,5e5f724b4c1cfa3c06a4012e,4
9d295c57cbb200d37a395c68,7ace35845cf5727caa37d285,4
9d295c57cbb200d37a395c68,82ca4cc5a68c4569c94cf8bf,6
9d295c57cbb200d37a395c68,b43a7879dc9244be2190bd7e,4
9d295c57cbb200d37a395c68,c136ee997426171a16c3cb73,4
9d295c57cbb200d37a395c68,f98b50c62c6826cba2ff017f,10
9ed1be8257683a1a019173d8,70b3ce45058fedae5f556e41,3
9f32e44c89a61c65c64c8166,0d1172e3561ac46944808410,4
9f32e44c89a61c65c64c8166,2fc227181d2b212bc89a602b,3
9f32e44c89a61c65c64c8166,3caed549b2853794e3943352,4
9f32e44c89a61c65c64c8166,c47cc85efc8d4925effda7fd,4
9f32e44c89a61c65c64c8166,c4ba54423575818e35ebe75d,4
9f32e44c89a61c65c64c8166,d26baf601b9f1094e0c95b6b,6
9f32e44c89a61c65c64c8166,d39aa209ceeba04b853a221b,4
9f48ded7e2f876c9e805aa7b,1af1d9cfb9258cfade157801,1
9f48ded7e2f876c9e805aa7b,4304f13cf3dcc3402620f6cb,1
9f48ded7e2f876c9e805aa7b,4652513454576f52921a1ad4,1
9f48ded7e2f876c9e805aa7b,4e45a644dedf5dac07665248,2
9f48ded7e2f876c9e805aa7b,60eb31c43f508aeef1b56795,10
9f48ded7e2f876c9e805aa7b,71c9229b9e22f983a19e9187,4
9f48ded7e2f876c9e805aa7b,878a68b2708cc33d22945194,1
9f48ded7e2f876c9e805aa7b,882ef5801b2bbf635decc55a,1
9f48ded7e2f876c9e805aa7b,8f58064b666b069f8a15e4b3,1
9f48ded7e2f876c9e805aa7b,990e7934b2f6bf11afa9f0ff,10
9f48ded7e2f876c9e805aa7b,a3501fe299d1fc9aa5a15338,1
9f48ded7e2f876c9e805aa7b,c136ee997426171a16c3cb73,1
9f48ded7e2f876c9e805aa7b,df9e4c1e6a78b855f72f6c90,1
9f48ded7e2f876c9e805aa7b,e6bc0bfced0d202280a0d400,1
9f48ded7e2f876c9e805aa7b,edb7bcf1b3f8ba55882a9c37,1
9f48ded7e2f876c9e805aa7b,f7fff7df162dd65d2d0ad8e7,3
9fca91d711b6a618570f3aab,28a97309caf6b4f25842c17b,3
a0091850a958c5195ac4c977,296a4bc46fed1f91d47a206c,4
a0091850a958c5195ac4c977,2b59dab0ed47d0cf65605b96,4
a0091850a958c5195ac4c977,50d2ee649d7ca00a0f607bec,2
a0091850a958c5195ac4c977,5a7edc65d2a874084d54ad63,3
a0091850a958c5195ac4c977,dc6cd1f605dbd596f2ff1da7,4
a0091850a958c5195ac4c977,fb8097cb9165ff28e6bf4e5f,2
a04c38930e056349dbdddd1b,30b6e83189f2d1f6ccddc02d,2
a04c38930e056349dbdddd1b,a7569139869cc49fda6ae7b5,3
a05f9fc19bb36a9acac6d4b3,34355cba3e527c74f060137b,1
a05f9fc19bb36a9acac6d4b3,b1e3857a8e6b9de9164600af,3
a05f9fc19bb36a9acac6d4b3,c04cd54ea63e9e86426bbfed,10
a05f9fc19bb36a9acac6d4b3,f34f7a4b2e2b903e719ba5bb,4
a1c09ec551aedb99082a7983,82f1f544d40e6d7a1127113e,2
a1c09ec551aedb99082a7983,918557d96024b2efbdd3a83a,5
a1c09ec551aedb99082a7983,d2a3b207e255c1843404ea37,3
a1ee72702e34438a9ce35890,dc1b6f1c5b17356632785dbc,3
a1ee72702e34438a9ce35890,f350f7b8ccb64d08bab711e7,7
a39152bc1f8c7550e8f8f20e,0114c5517a74a76556640237,1
a39152bc1f8c7550e8f8f20e,1123254cfa51b88b228cdff4,1
a39152bc1f8c7550e8f8f20e,aeadfc0c2814fafdf30c4cd5,1
a39152bc1f8c7550e8f8f20e,af5d4847628348861c8f93c6,3
a3d1187638385ea8cb86ce86,0a813a360f591bbe0fa99c68,4
a3d1187638385ea8cb86ce86,0f1dbc09fc8238bdd5791551,3
a3d1187638385ea8cb86ce86,1b2514f416f6dfd2cefed981,9
a3d1187638385ea8cb86ce86,1f44a14bf22092c64e7aadc7,4
a3d1187638385ea8cb86ce86,5e5f724b4c1cfa3c06a4012e,4
a3d1187638385ea8cb86ce86,7ace35845cf5727caa37d285,4
a3d1187638385ea8cb86ce86,b43a7879dc9244be2190bd7e,4
a3d1187638385ea8cb86ce86,c136ee997426171a16c3cb73,4
a4ed72c979977cf566856812,6e5a6b9011d2a5c2ebefad3d,4
a4ed72c979977cf566856812,955c82d05cd22d7ad29c55e7,3
a4ed72c979977cf566856812,a2df2c20cda2cbf878eac543,4
a4ed72c979977cf566856812,b4e7bfc42688e744dc739d23,4
a503824bae33caf1867c5407,1af1d9cfb9258cfade157801,1
a503824bae33caf1867c5407,4304f13cf3dcc3402620f6cb,1
a503824bae33caf1867c5407,4652513454576f52921a1ad4,1
a503824bae33caf1867c5407,60eb31c43f508aeef1b56795,10
a503824bae33caf1867c5407,79873c0cb93865674d0fd648,2
a503824bae33caf1867c5407,878a68b2708cc33d22945194,1
a503824bae33caf1867c5407,882ef5801b2bbf635decc55a,1
a503824bae33caf1867c5407,8f58064b666b069f8a15e4b3,1
a503824bae33caf1867c5407,990e7934b2f6bf11afa9f0ff,3
a503824bae33caf1867c5407,a3501fe299d1fc9aa5a15338,1
a503824bae33caf1867c5407,c136ee997426171a16c3cb73,1
a503824bae33caf1867c5407,c1a0fa5199c20f36f54368f9,9
a503824bae33caf1867c5407,df9e4c1e6a78b855f72f6c90,1
a503824bae33caf1867c5407,e6bc0bfced0d202280a0d400,1
a503824bae33caf1867c5407,edb7bcf1b3f8ba55882a9c37,1
a503824bae33caf1867c5407,f7fff7df162dd65d2d0ad8e7,1
a51663a1bd1168ee320baa7d,13f4381f0c80c09e5467ef85,3
a51663a1bd1168ee320baa7d,446d610539ac60904f9aac41,1
a51663a1bd1168ee320baa7d,ab96eaf496cb13382b3fbc7d,1
a51663a1bd1168ee320baa7d,eeb995f7af9b9d4fbf1c1b59,1
a51663a1bd1168ee320baa7d,f468cc11f58e8d0a2496b1b1,4
a52f07fa74f03a09e54d5f1d,3e015a25b7fcf0629f308b7d,3
a52f07fa74f03a09e54d5f1d,b45b3a7075fcbe1d386aa4b7,2
a5b08146f8160289df940279,65773e641f3a029e2e6e7bd0,3
a5b08146f8160289df940279,b288bff3156336e4e510c425,4
a6f6ebf8f621873cf5a4e4e3,35a8b8e91901c7a3f2242388,11
a6f6ebf8f621873cf5a4e4e3,58ff49e532abfc17b35c2ab2,3
a7265c587c5532e2502ccf70,246fa81b1e4d146bd41ca424,3
a7265c587c5532e2502ccf70,24ea7acb9948f50eeeae940b,1
a7265c587c5532e2502ccf70,a1d76736c6e7428fed6a2776,4
a7265c587c5532e2502ccf70,e49a268164d4e31d26bc5355,4
a7cf44fb9c30730f97739b14,dedf9a5ddcf4ed689d77e772,3
a80e8544fd4b12b934716af2,bae144017bc6f8b048b6a97b,2
a80e8544fd4b12b934716af2,bbcf01ec695d952b7e083cf0,2
a80e8544fd4b12b934716af2,dfc0c532a79d4365f3e79a09,3
a80e8544fd4b12b934716af2,e71fea9e6c9f724e45ffca20,9
a8661a96ea383680be51ba95,1af1d9cfb9258cfade157801,11
a8661a96ea383680be51ba95,e91d6d41e0d775513dcfcc26,3
a8981c84356b139816c46934,1a3b1b388ee00fe6c87f7b18,3
a8981c84356b139816c46934,2aea16db9a3e57e87a8c6671,4
a8981c84356b139816c46934,4cbfd8d91bcb6662189e7a57,5
a9a766bfdeabdcf063112bb1,0fd5649f18e866278d64be46,9
a9a766bfdeabdcf063112bb1,de3d55a06c735dcf10ffa16a,1
a9a766bfdeabdcf063112bb1,e614e38813492998eab14358,3
a9bd40b600416deebc909a28,2375d2f5c4ee20009bac4f74,3
a9bd40b600416deebc909a28,58898dc88b457fb22b97e159,4
a9bd40b600416deebc909a28,a8ce49a9559bf7e42d157755,4
a9bd40b600416deebc909a28,b5acd30c10de43174540807f,7
aa084367ba7f19550c554cdd,1b9f2cede372fd407c5924ed,4
aa084367ba7f19550c554cdd,b732c2cb8c09e37d659658d4,3
aa87f664af4865776482aaa3,10025948db04d1851e25c781,11
aa87f664af4865776482aaa3,8bdc596115039a4cef8f634c,3
aa87f664af4865776482aaa3,a6cfab37ead9946f9c911b73,11
aac841e7373cdb3d5515584f,0d1172e3561ac46944808410,7
aac841e7373cdb3d5515584f,1ee7c983f8b3c1ddba3c7581,2
aac841e7373cdb3d5515584f,3caed549b2853794e3943352,7
aac841e7373cdb3d5515584f,58a41ea63015b1c5f6886b7a,3
aac841e7373cdb3d5515584f,5ac271e254a7632afdfaf5df,7
aac841e7373cdb3d5515584f,c47cc85efc8d4925effda7fd,7
aac841e7373cdb3d5515584f,c4ba54423575818e35ebe75d,7
aac841e7373cdb3d5515584f,d26baf601b9f1094e0c95b6b,6
aac841e7373cdb3d5515584f,d39aa209ceeba04b853a221b,7
aac841e7373cdb3d5515584f,f2ae153231bb5ab5b8816be3,7
ac02ca8a68330d64c421815a,71c9229b9e22f983a19e9187,3
acfa78cda18a5bf79f3b7a9d,521833b4987dbae8dc792fdf,1
acfa78cda18a5bf79f3b7a9d,db532ecf5bd5cba2700fc39f,3
acfa78cda18a5bf79f3b7a9d,e71fea9e6c9f724e45ffca20,9
ad21ea5aa3d2bfe0fd8bf16d,0fd5649f18e866278d64be46,9
ad21ea5aa3d2bfe0fd8bf16d,3a3b00b537719f0ad1d9747a,3
ae2c1777a8a070934547af14,296a4bc46fed1f91d47a206c,3
ae2c1777a8a070934547af14,2b59dab0ed47d0cf65605b96,4
ae2c1777a8a070934547af14,5a7edc65d2a874084d54ad63,4
ae2c1777a8a070934547af14,dc6cd1f605dbd596f2ff1da7,4
b0b8c5f5f68535b38bb2a42f,3218448dbaaaca2abc958e14,4
b0b8c5f5f68535b38bb2a42f,979f79db364237bf0a1a4368,3
b103ba211d53cd3f7cae5850,1019b9620ee615f3a038cc27,4
b103ba211d53cd3f7cae5850,2c78a2732a86f2116f82dc99,4
b103ba211d53cd3f7cae5850,412dc306e6a7dbb1c5209f8b,3
b103ba211d53cd3f7cae5850,8c0e582184c742ac94fbdbea,2
b1757de85d8e214d31bac0f3,0a88ce801a8fb1f27093ea77,3
b1757de85d8e214d31bac0f3,7d7e3fc4a94bdcd43b7e1daa,4
b1757de85d8e214d31bac0f3,e0bba7c3ada5d9b8fcf7029f,11
b187dc883300c22cdd0ad982,1af1d9cfb9258cfade157801,1
b187dc883300c22cdd0ad982,4304f13cf3dcc3402620f6cb,1
b187dc883300c22cdd0ad982,4652513454576f52921a1ad4,1
b187dc883300c22cdd0ad982,60eb31c43f508aeef1b56795,10
b187dc883300c22cdd0ad982,7d7e3fc4a94bdcd43b7e1daa,11
b187dc883300c22cdd0ad982,878a68b2708cc33d22945194,1
b187dc883300c22cdd0ad982,882ef5801b2bbf635decc55a,1
b187dc883300c22cdd0ad982,8f58064b666b069f8a15e4b3,3
b187dc883300c22cdd0ad982,990e7934b2f6bf11afa9f0ff,10
b187dc883300c22cdd0ad982,a3501fe299d1fc9aa5a15338,1
b187dc883300c22cdd0ad982,c136ee997426171a16c3cb73,1
b187dc883300c22cdd0ad982,df9e4c1e6a78b855f72f6c90,1
b187dc883300c22cdd0ad982,e6bc0bfced0d202280a0d400,1
b187dc883300c22cdd0ad982,edb7bcf1b3f8ba55882a9c37,1
b187dc883300c22cdd0ad982,f7fff7df162dd65d2d0ad8e7,1
b26f41a2a79c991a0aa555d5,521833b4987dbae8dc792fdf,11
b26f41a2a79c991a0aa555d5,6e5a6b9011d2a5c2ebefad3d,3
b26f41a2a79c991a0aa555d5,955c82d05cd22d7ad29c55e7,4
b26f41a2a79c991a0aa555d5,a2df2c20cda2cbf878eac543,4
b26f41a2a79c991a0aa555d5,b4e7bfc42688e744dc739d23,4
b2e28e86f599c67348450ff0,1445618647c26928b380e48d,3
b2e28e86f599c67348450ff0,530ad7bcde9b22488b717577,9
b2e28e86f599c67348450ff0,733c1edbf3b30a5355d7c56a,11
b2e28e86f599c67348450ff0,f97f96dee4fceee7778c26d2,2
b42a6acc3e485b4aec3d89b4,16ac8ce42800c3fc691be66f,2
b42a6acc3e485b4aec3d89b4,e5cf8a38f2b2746d14c8b93e,3
b73f323c5bd675297d8a7594,39216d9d76ed49d6ea9008a4,4
b73f323c5bd675297d8a7594,5352a519406770f3f8d5d13f,3
b73f323c5bd675297d8a7594,65ec136a043a9aa8e5a5564a,9
b73f323c5bd675297d8a7594,dd617ca64d6e05d09f145187,4
b965b0ef8f9d0d961e5464ab,1b2514f416f6dfd2cefed981,9
b965b0ef8f9d0d961e5464ab,43b49e25d89713b543c09f77,1
b965b0ef8f9d0d961e5464ab,470f299bc486bb1c30dbadfd,2
b965b0ef8f9d0d961e5464ab,c18b4b4efeeeafebffed967f,3
b98e45f699b179bcf4804f5c,8b73d5e0353b097b541471c1,3
b98e45f699b179bcf4804f5c,e51c4f0a1dbb52b46ba59413,11
ba5b5fccdaa9150430120548,19c841082f1b3d459a4c1c46,3
ba5b5fccdaa9150430120548,6777e331abdca2e71f6e3bcc,4
ba5b5fccdaa9150430120548,ad0afc87b79204497e9675f4,7
bb0770331e6e6f4fa9262f62,0547f866c512782235ffd88e,1
bb0770331e6e6f4fa9262f62,1ec5c81be121921f5ddfe655,2
bb0770331e6e6f4fa9262f62,7c47071ee4f108eea8bd4f3f,4
bb0770331e6e6f4fa9262f62,9d1dd57028aff1bd9e8e6d6c,1
bb0770331e6e6f4fa9262f62,ade1ca720b8663154cb94cf3,3
bb0770331e6e6f4fa9262f62,b288bff3156336e4e510c425,1
bb0770331e6e6f4fa9262f62,d9beb4ba82d9be9e4a15d746,1
bb0770331e6e6f4fa9262f62,e51c4f0a1dbb52b46ba59413,1
bb0770331e6e6f4fa9262f62,e8cff2aa40803be536312f9d,6
bb7f1e44bb4aee9194f2bae9,6023410017228c685aac8eba,1
bb7f1e44bb4aee9194f2bae9,a6dd6d9974655f0a78b2fd83,3
bb7f1e44bb4aee9194f2bae9,b5290a0345c3d260201c9e17,2
bd87364f8c8699e68b7e5f8e,d11b99c3deace58fd47bfde8,4
bd87364f8c8699e68b7e5f8e,d8de55f5c7c8241af181dd06,3
bdbac382569b1ca266618b41,16e3309c591cfb734062e4f7,2
bdbac382569b1ca266618b41,19dca9a5e4493371054341da,4
bdbac382569b1ca266618b41,7ca2c4d7b891ed4ce596f2dd,1
bdbac382569b1ca266618b41,81c53c2164b0c01ab0982a93,4
bdbac382569b1ca266618b41,b4d2642ba3372c2bb4c3d9c4,3
bdc94f57f38181030a484d67,cc5f8fade6afd84a10324f52,3
be7fa0a961575f33d7f5b00a,5c5957d240f316fc19c399f2,4
be7fa0a961575f33d7f5b00a,b4e7bfc42688e744dc739d23,2
be7fa0a961575f33d7f5b00a,b4ffddf001e41c55692ffc43,3
bf29aec91235f5b58bbb1213,22342657aa4da5650d18062d,3
bf6001ba55e767261c6c0696,3b669b5e776dde7363ddc67c,4
bf6001ba55e767261c6c0696,b4e7bfc42688e744dc739d23,1
bf6001ba55e767261c6c0696,b5093202c1f43e7fd073a8b3,3
bf6001ba55e767261c6c0696,d62ad3ac3299c7f22b34dee3,1
bf6001ba55e767261c6c0696,dddcd65fa94171c6f18d9f03,4
c12375eb102252279074f96a,37ab0eb52844639cb3367aba,10
c12375eb102252279074f96a,3f79055d7e23b757d6bec950,3
c1c9899033cb96706a694cd9,0d1172e3561ac46944808410,4
c1c9899033cb96706a694cd9,2cc896a2e6d82dedfd4856d5,1
c1c9899033cb96706a694cd9,3caed549b2853794e3943352,3
c1c9899033cb96706a694cd9,6ab1b921d795255bdb20bf97,1
c1c9899033cb96706a694cd9,c47cc85efc8d4925effda7fd,4
c1c9899033cb96706a694cd9,c4ba54423575818e35ebe75d,4
c1c9899033cb96706a694cd9,d26baf601b9f1094e0c95b6b,6
c1c9899033cb96706a694cd9,d39aa209ceeba04b853a221b,4
c287ec2dbe4d39d2aba39235,188ef35e0fcc049bf8d8383e,11
c287ec2dbe4d39d2aba39235,1a8cfe4ce88ac784b1ab6148,4
c287ec2dbe4d39d2aba39235,4df11b9d27404d7db69fca1a,3
c287ec2dbe4d39d2aba39235,733c1edbf3b30a5355d7c56a,4
c287ec2dbe4d39d2aba39235,918557d96024b2efbdd3a83a,5
c287ec2dbe4d39d2aba39235,922e21620306adab4a00f814,4
c287ec2dbe4d39d2aba39235,9c181d084d254ac516e5f103,1
c287ec2dbe4d39d2aba39235,f6129ba9e4a5a207ca673f76,4
c2e9aa24a33a0229184bd566,1d106e621ec5a2fcaf30ab34,3
c38c3e5c9540eb0da946d035,45e72ce7bf3c5ab485162fde,3
c38c3e5c9540eb0da946d035,fa40a31b44dcdae96d4a01e8,4
c48ac848478493b728fd949e,37695ee4e2bf66e9ca2880fb,3
c48ac848478493b728fd949e,530ad7bcde9b22488b717577,9
c48ac848478493b728fd949e,b684768a1d2e233be50d38cb,4
c48ac848478493b728fd949e,d9508fdf93098e145c4e29e5,4
c5b05a11572ea5a891b8068d,1372e26640355e148d50cf03,2
c5b05a11572ea5a891b8068d,2375d2f5c4ee20009bac4f74,7
c5b05a11572ea5a891b8068d,58898dc88b457fb22b97e159,7
c5b05a11572ea5a891b8068d,7f45bb0c5b35ee1c1d9eaeaa,3
c5b05a11572ea5a891b8068d,a8ce49a9559bf7e42d157755,7
c5b05a11572ea5a891b8068d,b5acd30c10de43174540807f,7
c5b05a11572ea5a891b8068d,edb7bcf1b3f8ba55882a9c37,11
c6454dfaf8e81f6a1ab827f4,1445618647c26928b380e48d,4
c6454dfaf8e81f6a1ab827f4,b8646216f7fea03d5e9cf49c,3
c6454dfaf8e81f6a1ab827f4,bd9b305a99d7ed6076441368,2
c6a77685ed7851e0411a5877,e6d74619c374ef0d52f73396,3
c758827bfbffcf760100e1ce,4e80c8cb624fbfdf13a01fe1,7
c758827bfbffcf760100e1ce,88e5901c3a57bd6a1da97eca,4
c758827bfbffcf760100e1ce,9b3e04d96f343007cea89023,3
c791f944fd87d2595d1a17d0,25a93d2c217b90b646f74cf9,8
c791f944fd87d2595d1a17d0,995c6d203c1c7d6038eff5f0,4
c791f944fd87d2595d1a17d0,b82acf51c034db686431c0c7,3
c791f944fd87d2595d1a17d0,d36aa567bcffbab9814b7c78,1
c791f944fd87d2595d1a17d0,e0b0ea86070a4d2fbdff0102,8
c7fc72f5b3e56c2a7579319f,afe06429e8078f2a095c0b8c,3
c7fc72f5b3e56c2a7579319f,dd617ca64d6e05d09f145187,11
c80397a48c7815c8fab9fb8d,2fc227181d2b212bc89a602b,4
c80397a48c7815c8fab9fb8d,40f9c8a434615fda02d971e3,3
c865057f8fdb797743c42a1d,75b70d976fe6a75cc3054a4a,3
c8b64e329c2f3c1ed2e56684,1445618647c26928b380e48d,4
c8b64e329c2f3c1ed2e56684,1ed2b0671e7f0c43fd36c502,3
c8b64e329c2f3c1ed2e56684,b8646216f7fea03d5e9cf49c,4
c8b64e329c2f3c1ed2e56684,bd9b305a99d7ed6076441368,4
c8e48da478c764942e5c24b8,301feaabc7cfcd3de42312ee,3
c8e48da478c764942e5c24b8,c95e2710f0940f164999a80d,1
c8e48da478c764942e5c24b8,dfc0c532a79d4365f3e79a09,4
c8e48da478c764942e5c24b8,e71fea9e6c9f724e45ffca20,9
c9ac0628951a6b55de2ca455,1eb0c279bb55e94990d7bcc4,3
c9ac0628951a6b55de2ca455,37f5c67bd8e56e92cc0d6bd0,1
ca5d8ff3839f879b1e4a3188,7b4e924a689d8e0cb0f9d951,6
ca5d8ff3839f879b1e4a3188,dc1b6f1c5b17356632785dbc,7
ca5d8ff3839f879b1e4a3188,f350f7b8ccb64d08bab711e7,3
ca9906abcb987d7f3e3d8357,2077900055a3127f19f6508a,4
ca9906abcb987d7f3e3d8357,2e0e068f4dbdb4d09ad1c569,3
ca9906abcb987d7f3e3d8357,590f8e1b0dae672545bfa9d6,4
ca9906abcb987d7f3e3d8357,5de460bd235111a94716486a,4
ca9906abcb987d7f3e3d8357,74df856f35c40fec30bce071,9
ca9906abcb987d7f3e3d8357,c46624cbc6e691e2bb21c3b1,4
ca9906abcb987d7f3e3d8357,e51c4f0a1dbb52b46ba59413,4
cafe4397b03dde673d1f6ca3,c70e4630821f7b745d4039a8,3
cb89ab580e279a18dfda3d60,24125782ed9882577532d540,3
cc5a90fa0cab55f830b3ed1a,07e06a0f083684c96957243f,2
cc5a90fa0cab55f830b3ed1a,0a813a360f591bbe0fa99c68,4
cc5a90fa0cab55f830b3ed1a,1b2514f416f6dfd2cefed981,9
cc5a90fa0cab55f830b3ed1a,1f44a14bf22092c64e7aadc7,4
cc5a90fa0cab55f830b3ed1a,570a4ba5134bd893a078b0b6,2
cc5a90fa0cab55f830b3ed1a,5e5f724b4c1cfa3c06a4012e,4
cc5a90fa0cab55f830b3ed1a,7ace35845cf5727caa37d285,4
cc5a90fa0cab55f830b3ed1a,b43a7879dc9244be2190bd7e,3
cc5a90fa0cab55f830b3ed1a,c136ee997426171a16c3cb73,4
ccaeb5b1092ed78d6a180d56,1ee7c983f8b3c1ddba3c7581,3
ccaeb5b1092ed78d6a180d56,570a4ba5134bd893a078b0b6,4
ccaeb5b1092ed78d6a180d56,58a41ea63015b1c5f6886b7a,2
ccaeb5b1092ed78d6a180d56,5ff720cdf13aec31a209610a,6
ccaeb5b1092ed78d6a180d56,780f172ebede6ebd85c016b7,4
cd1dbaccfd4075837e0c5d79,283b22fee8854a1e353e20ef,4
cd1dbaccfd4075837e0c5d79,878a68b2708cc33d22945194,4
cd1dbaccfd4075837e0c5d79,9ad57d3c39439509396c58e5,6
cd1dbaccfd4075837e0c5d79,a86f4e76d082367cb1950b75,4
cd1dbaccfd4075837e0c5d79,bae144017bc6f8b048b6a97b,3
cd1dbaccfd4075837e0c5d79,bbcf01ec695d952b7e083cf0,2
cd1dbaccfd4075837e0c5d79,c2267f7a5f5b7ce6e334c58f,5
cd1dbaccfd4075837e0c5d79,dfc0c532a79d4365f3e79a09,2
cd4148384061d5f0da101b02,1f08aa265f331cdceffe9621,6
cd4148384061d5f0da101b02,3c378404a9085c61c103bcef,6
cd4148384061d5f0da101b02,9b65617709299f2eb7f5554e,6
cd4148384061d5f0da101b02,a6cfab37ead9946f9c911b73,6
cd4148384061d5f0da101b02,cef609a594883cbf6b2a6750,3
cda03be5670331c1f9b6fbe6,6023410017228c685aac8eba,2
cda03be5670331c1f9b6fbe6,ad3719514d6ddfa445c14518,3
cda03be5670331c1f9b6fbe6,c4e501919350423c0b344ec2,2
cdc709c53d4b9e1e7f0b89ca,283b22fee8854a1e353e20ef,4
cdc709c53d4b9e1e7f0b89ca,3aab7093ad531d8df6dacf7a,3
cdc709c53d4b9e1e7f0b89ca,82f1f544d40e6d7a1127113e,2
cdc709c53d4b9e1e7f0b89ca,878a68b2708cc33d22945194,4
cdc709c53d4b9e1e7f0b89ca,918557d96024b2efbdd3a83a,5
cdc709c53d4b9e1e7f0b89ca,9ad57d3c39439509396c58e5,6
cdc709c53d4b9e1e7f0b89ca,a86f4e76d082367cb1950b75,4
cdc709c53d4b9e1e7f0b89ca,bae144017bc6f8b048b6a97b,4
cdc709c53d4b9e1e7f0b89ca,c2267f7a5f5b7ce6e334c58f,5
cdc709c53d4b9e1e7f0b89ca,d2a3b207e255c1843404ea37,2
cf5f33996a8e44e202fe56f2,04afe2846e5c36a3f7dae36a,3
cf5f33996a8e44e202fe56f2,0d7bcd4d1a54ff9bcc6ddf8e,1
cf5f33996a8e44e202fe56f2,0e642f67196bcead5344f04c,9
cf5f33996a8e44e202fe56f2,32e67ca2a0e6ab27bd2b29c5,2
cf5f33996a8e44e202fe56f2,bf00a9b9f2318ebd52a9a6c0,4
cfe0c9c33c97ee1c6325e9c3,1a2e0a80661458c3432b3c33,4
cfe0c9c33c97ee1c6325e9c3,656d2c7236f1bff369da8b24,8
cfe0c9c33c97ee1c6325e9c3,85fa7b9ac022496e7c6fd01c,3
cfe0c9c33c97ee1c6325e9c3,f225261b084ab3f3e27fb58b,2
d008bd49a7b7dedaaee383df,2375d2f5c4ee20009bac4f74,7
d008bd49a7b7dedaaee383df,58898dc88b457fb22b97e159,7
d008bd49a7b7dedaaee383df,a8ce49a9559bf7e42d157755,7
d008bd49a7b7dedaaee383df,b5acd30c10de43174540807f,3
d0ad22775b2ce06bb7bffec8,00beb25b2d9377d4aa494f77,2
d0ad22775b2ce06bb7bffec8,04afe2846e5c36a3f7dae36a,4
d0ad22775b2ce06bb7bffec8,0e642f67196bcead5344f04c,9
d0ad22775b2ce06bb7bffec8,bf00a9b9f2318ebd52a9a6c0,3
d19f7cde9b257e0ad3812800,10025948db04d1851e25c781,3
d19f7cde9b257e0ad3812800,8bdc596115039a4cef8f634c,11
d19f7cde9b257e0ad3812800,a6cfab37ead9946f9c911b73,11
d1f73888c30e58a477d19cc2,07cc206114186376b70f837e,6
d1f73888c30e58a477d19cc2,0bdf2f4e7339f103b40e8ad4,10
d1f73888c30e58a477d19cc2,188ef35e0fcc049bf8d8383e,3
d1f73888c30e58a477d19cc2,3c378404a9085c61c103bcef,1
d1f73888c30e58a477d19cc2,3fb64750f7a5aef62676e997,1
d1f73888c30e58a477d19cc2,476641510cc6c427a2b7dc30,1
d1f73888c30e58a477d19cc2,4df11b9d27404d7db69fca1a,11
d1f73888c30e58a477d19cc2,89275b0a3127584fbfdd9af2,10
d1f73888c30e58a477d19cc2,a2df2c20cda2cbf878eac543,1
d1f73888c30e58a477d19cc2,f26ec32bc11f18cf946c8be0,9
d4fd8ac26bab919a71c7683e,3f47c1cb88da0bedfb307f6e,3
d4fd8ac26bab919a71c7683e,d1fb7ff0a57e3fbc826b8c6d,4
d5391b9af5464607005c95f6,0114c5517a74a76556640237,3
d5391b9af5464607005c95f6,047ca912fc50e897cd9d2445,4
d5391b9af5464607005c95f6,1123254cfa51b88b228cdff4,1
d5391b9af5464607005c95f6,446d610539ac60904f9aac41,2
d5391b9af5464607005c95f6,8c0e582184c742ac94fbdbea,4
d5391b9af5464607005c95f6,a9ae0070f7594df50f71f6d0,4
d5391b9af5464607005c95f6,aeadfc0c2814fafdf30c4cd5,1
d59db8ccad191c7d6f0f7484,82ca4cc5a68c4569c94cf8bf,3
d59db8ccad191c7d6f0f7484,9e0c2457d3eb4fd1949c5060,6
d59db8ccad191c7d6f0f7484,f98b50c62c6826cba2ff017f,6
d60149de185b4f36c2e254e7,ae38fe6e8cc6895aefc0cb68,2
d60149de185b4f36c2e254e7,debb87f3696b878bfd4dcc69,3
d60149de185b4f36c2e254e7,e0e2a19e92751776bedf01a3,10
d6768217309f0625d83f7c65,7b4e924a689d8e0cb0f9d951,6
d6768217309f0625d83f7c65,bbcf01ec695d952b7e083cf0,3
d6768217309f0625d83f7c65,f350f7b8ccb64d08bab711e7,4
d6adee02e274219dfd8ddc90,8ed0f73b0f24c5834940bfa6,3
d7e630f8fd19ee8a92452384,0d1172e3561ac46944808410,4
d7e630f8fd19ee8a92452384,3caed549b2853794e3943352,4
d7e630f8fd19ee8a92452384,7d5daabcd475a303788f3205,11
d7e630f8fd19ee8a92452384,c47cc85efc8d4925effda7fd,4
d7e630f8fd19ee8a92452384,c4ba54423575818e35ebe75d,4
d7e630f8fd19ee8a92452384,d26baf601b9f1094e0c95b6b,6
d7e630f8fd19ee8a92452384,d39aa209ceeba04b853a221b,3
d85a7e407fa4c7acb19b632e,4e45a644dedf5dac07665248,3
d85a7e407fa4c7acb19b632e,ae38fe6e8cc6895aefc0cb68,4
d85a7e407fa4c7acb19b632e,b676c070285e9aa70ef0b066,4
d85a7e407fa4c7acb19b632e,f7fff7df162dd65d2d0ad8e7,2
d89ee68d2a340c3da7198c0e,00beb25b2d9377d4aa494f77,4
d89ee68d2a340c3da7198c0e,ff7e8789934cf2569af535cd,3
d8ee99c9a9b6c57cf9aae6f1,19dca9a5e4493371054341da,3
d8ee99c9a9b6c57cf9aae6f1,81c53c2164b0c01ab0982a93,4
d8ee99c9a9b6c57cf9aae6f1,b4d2642ba3372c2bb4c3d9c4,4
d8ee99c9a9b6c57cf9aae6f1,fcf15a3367dbafe775c68d0b,10
d8f838606fecb2768aaaac69,0fd5649f18e866278d64be46,9
d8f838606fecb2768aaaac69,5e61e1444ff57e16809a39b4,3
d8f838606fecb2768aaaac69,ae38fe6e8cc6895aefc0cb68,9
d8f838606fecb2768aaaac69,b676c070285e9aa70ef0b066,9
d8f838606fecb2768aaaac69,de3d55a06c735dcf10ffa16a,9
d9e29e52f8878745c674a0b3,00beb25b2d9377d4aa494f77,3
d9e29e52f8878745c674a0b3,bf00a9b9f2318ebd52a9a6c0,2
d9e29e52f8878745c674a0b3,ff7e8789934cf2569af535cd,4
db121e9328e9751feae38a8c,84e165a57b42736819cd0735,3
dba9b28aaefb0c9eda2b0ea7,4c51bd03947e7b24f6a363d6,10
dba9b28aaefb0c9eda2b0ea7,734703ca43374122be7009c7,3
dba9b28aaefb0c9eda2b0ea7,ab203b6935fe3c54584f1d01,1
dba9b28aaefb0c9eda2b0ea7,cd135f356ac75d0556157a1b,6
dbb81e183a2f3a8cd9bbbdee,1fa36151eaa0685aae46f488,10
dbb81e183a2f3a8cd9bbbdee,6023410017228c685aac8eba,2
dbb81e183a2f3a8cd9bbbdee,ad3719514d6ddfa445c14518,2
dbb81e183a2f3a8cd9bbbdee,c4e501919350423c0b344ec2,3
dbb81e183a2f3a8cd9bbbdee,f3ebd7a9ad1d1ce09db28da3,1
dcd4b122315f160cff05dc20,0a813a360f591bbe0fa99c68,4
dcd4b122315f160cff05dc20,1b2514f416f6dfd2cefed981,3
dcd4b122315f160cff05dc20,1f44a14bf22092c64e7aadc7,4
dcd4b122315f160cff05dc20,43b49e25d89713b543c09f77,1
dcd4b122315f160cff05dc20,470f299bc486bb1c30dbadfd,10
dcd4b122315f160cff05dc20,5e5f724b4c1cfa3c06a4012e,4
dcd4b122315f160cff05dc20,7ace35845cf5727caa37d285,4
dcd4b122315f160cff05dc20,b43a7879dc9244be2190bd7e,4
dcd4b122315f160cff05dc20,c136ee997426171a16c3cb73,4
de4327f53bf5385ae38663d7,37695ee4e2bf66e9ca2880fb,8
de4327f53bf5385ae38663d7,87aa3aed58c6424238eb6cbd,8
de4327f53bf5385ae38663d7,c805ed5ccf2875ec350980cc,8
de4327f53bf5385ae38663d7,d6e9f094805e3a0a4dc94326,3
def0c591c3e7427523527105,9a9a82285d62fed89e02b913,4
def0c591c3e7427523527105,c62890960cf6ffbb61e8b566,2
def0c591c3e7427523527105,de551cdca242219a822fad85,3
df92bd107435b651dbeb5bd6,25a93d2c217b90b646f74cf9,8
df92bd107435b651dbeb5bd6,995c6d203c1c7d6038eff5f0,4
df92bd107435b651dbeb5bd6,e0b0ea86070a4d2fbdff0102,3
df9bbe508d24b77299ddf3d1,0114c5517a74a76556640237,1
df9bbe508d24b77299ddf3d1,1123254cfa51b88b228cdff4,3
df9bbe508d24b77299ddf3d1,799d64741a0c2ccfab9c4bdf,11
df9bbe508d24b77299ddf3d1,aeadfc0c2814fafdf30c4cd5,1
dfbde7a9bea1a022cfc4cd6e,07e06a0f083684c96957243f,3
dfbde7a9bea1a022cfc4cd6e,1f44a14bf22092c64e7aadc7,1
dfbde7a9bea1a022cfc4cd6e,25980e359f9d450d39908233,4
dfbde7a9bea1a022cfc4cd6e,570a4ba5134bd893a078b0b6,2
dfbde7a9bea1a022cfc4cd6e,b43a7879dc9244be2190bd7e,2
e1b9929b324535068f282943,0ecb9e42f964c6453d379bcf,4
e1b9929b324535068f282943,14383857951bdb1b87647fb0,9
e1b9929b324535068f282943,446d610539ac60904f9aac41,1
e1b9929b324535068f282943,85db1999fdccf32225f1a176,8
e1b9929b324535068f282943,ab96eaf496cb13382b3fbc7d,1
e1b9929b324535068f282943,eeb995f7af9b9d4fbf1c1b59,3
e2185dd5a3ae53369deb4e5e,0547f866c512782235ffd88e,1
e2185dd5a3ae53369deb4e5e,1ec5c81be121921f5ddfe655,1
e2185dd5a3ae53369deb4e5e,253b7d1f9b9ec2d338b81d6d,2
e2185dd5a3ae53369deb4e5e,9d1dd57028aff1bd9e8e6d6c,3
e2185dd5a3ae53369deb4e5e,ade1ca720b8663154cb94cf3,1
e2185dd5a3ae53369deb4e5e,b288bff3156336e4e510c425,1
e2185dd5a3ae53369deb4e5e,d9beb4ba82d9be9e4a15d746,1
e2185dd5a3ae53369deb4e5e,e51c4f0a1dbb52b46ba59413,1
e2185dd5a3ae53369deb4e5e,e8cff2aa40803be536312f9d,6
e2927e58e1f51984550c1c03,1af1d9cfb9258cfade157801,1
e2927e58e1f51984550c1c03,283b22fee8854a1e353e20ef,4
e2927e58e1f51984550c1c03,4304f13cf3dcc3402620f6cb,1
e2927e58e1f51984550c1c03,4652513454576f52921a1ad4,1
e2927e58e1f51984550c1c03,60eb31c43f508aeef1b56795,10
e2927e58e1f51984550c1c03,878a68b2708cc33d22945194,3
e2927e58e1f51984550c1c03,882ef5801b2bbf635decc55a,1
e2927e58e1f51984550c1c03,8f58064b666b069f8a15e4b3,1
e2927e58e1f51984550c1c03,990e7934b2f6bf11afa9f0ff,10
e2927e58e1f51984550c1c03,9ad57d3c39439509396c58e5,6
e2927e58e1f51984550c1c03,a3501fe299d1fc9aa5a15338,1
e2927e58e1f51984550c1c03,a86f4e76d082367cb1950b75,4
e2927e58e1f51984550c1c03,bae144017bc6f8b048b6a97b,4
e2927e58e1f51984550c1c03,c136ee997426171a16c3cb73,1
e2927e58e1f51984550c1c03,c2267f7a5f5b7ce6e334c58f,5
e2927e58e1f51984550c1c03,dc6cd1f605dbd596f2ff1da7,11
e2927e58e1f51984550c1c03,df9e4c1e6a78b855f72f6c90,1
e2927e58e1f51984550c1c03,e6bc0bfced0d202280a0d400,1
e2927e58e1f51984550c1c03,edb7bcf1b3f8ba55882a9c37,1
e2927e58e1f51984550c1c03,f7fff7df162dd65d2d0ad8e7,1
e3443ffaf694c0e35998d911,0bdf2f4e7339f103b40e8ad4,4
e3443ffaf694c0e35998d911,1af1d9cfb9258cfade157801,1
e3443ffaf694c0e35998d911,4304f13cf3dcc3402620f6cb,1
e3443ffaf694c0e35998d911,4652513454576f52921a1ad4,1
e3443ffaf694c0e35998d911,60eb31c43f508aeef1b56795,10
e3443ffaf694c0e35998d911,878a68b2708cc33d22945194,1
e3443ffaf694c0e35998d911,882ef5801b2bbf635decc55a,1
e3443ffaf694c0e35998d911,8f58064b666b069f8a15e4b3,1
e3443ffaf694c0e35998d911,990e7934b2f6bf11afa9f0ff,10
e3443ffaf694c0e35998d911,a3501fe299d1fc9aa5a15338,1
e3443ffaf694c0e35998d911,c136ee997426171a16c3cb73,1
e3443ffaf694c0e35998d911,df9e4c1e6a78b855f72f6c90,1
e3443ffaf694c0e35998d911,e6bc0bfced0d202280a0d400,3
e3443ffaf694c0e35998d911,edb7bcf1b3f8ba55882a9c37,1
e3443ffaf694c0e35998d911,f7fff7df162dd65d2d0ad8e7,1
e4545493b2de43d738c5b802,4b5b999e0e6ab535935293d9,3
e59d51ae705e016bb80ed912,016c5ae33e52cdb0068355f1,3
e5ffccc5d4e4d2f617502ab3,4c51bd03947e7b24f6a363d6,10
e5ffccc5d4e4d2f617502ab3,70499d48ebc40aeb3c6346dc,4
e5ffccc5d4e4d2f617502ab3,ab203b6935fe3c54584f1d01,1
e5ffccc5d4e4d2f617502ab3,cd135f356ac75d0556157a1b,3
e6094cc6978ccbd343843bc1,3218448dbaaaca2abc958e14,10
e6094cc6978ccbd343843bc1,445f2eb562c3789da8f26392,7
e6094cc6978ccbd343843bc1,a8d50613bd08abbe99f532c7,10
e6094cc6978ccbd343843bc1,e49a268164d4e31d26bc5355,10
e6094cc6978ccbd343843bc1,fa9b3f0d0a099a0a29abc64b,3
e62733f5288e9df6746f7a81,3218448dbaaaca2abc958e14,3
e62733f5288e9df6746f7a81,979f79db364237bf0a1a4368,4
e62733f5288e9df6746f7a81,a8d50613bd08abbe99f532c7,1
e62733f5288e9df6746f7a81,e49a268164d4e31d26bc5355,1
e62733f5288e9df6746f7a81,fa9b3f0d0a099a0a29abc64b,1
e81a5a3ac5c9609e916191b8,1b9f2cede372fd407c5924ed,4
e81a5a3ac5c9609e916191b8,2cc896a2e6d82dedfd4856d5,11
e81a5a3ac5c9609e916191b8,93fc11bc86f55fb7eca3bf41,11
e81a5a3ac5c9609e916191b8,b732c2cb8c09e37d659658d4,4
e81a5a3ac5c9609e916191b8,d245028be17ca33be7bdc87e,3
eabe79b4f56ca44db8623940,1fa36151eaa0685aae46f488,10
eabe79b4f56ca44db8623940,c4e501919350423c0b344ec2,1
eabe79b4f56ca44db8623940,f3ebd7a9ad1d1ce09db28da3,3
eae9495c5be6019fb28ccbd1,4ea46a61939fcd10090824b9,3
eae9495c5be6019fb28ccbd1,ac309b8f143f03f606251580,2
eb4111d515742343cef71619,1fa36151eaa0685aae46f488,10
eb4111d515742343cef71619,2375d2f5c4ee20009bac4f74,4
eb4111d515742343cef71619,58898dc88b457fb22b97e159,4
eb4111d515742343cef71619,a8ce49a9559bf7e42d157755,4
eb4111d515742343cef71619,b5acd30c10de43174540807f,7
eb4111d515742343cef71619,bfb721cbd1a1c3cabb31ba05,3
eb4111d515742343cef71619,c4e501919350423c0b344ec2,1
eb4111d515742343cef71619,f3ebd7a9ad1d1ce09db28da3,1
ec9beabdcf08d9d0b8721556,17fb7f0135b28d9afab11b5a,2
ec9beabdcf08d9d0b8721556,addc9953e00f422a1e0b582e,3
ec9beabdcf08d9d0b8721556,f923036b5d3765cc1fd95ed0,2
ecef1ef264075223aeaaf287,d1da88913a3746f4fe0e857e,3
ecef1ef264075223aeaaf287,fa9b3f0d0a099a0a29abc64b,11
ed56711dac7c912a31874afb,07cc206114186376b70f837e,6
ed56711dac7c912a31874afb,0bdf2f4e7339f103b40e8ad4,10
ed56711dac7c912a31874afb,3c378404a9085c61c103bcef,1
ed56711dac7c912a31874afb,3fb64750f7a5aef62676e997,1
ed56711dac7c912a31874afb,476641510cc6c427a2b7dc30,1
ed56711dac7c912a31874afb,89275b0a3127584fbfdd9af2,10
ed56711dac7c912a31874afb,a2df2c20cda2cbf878eac543,1
ed56711dac7c912a31874afb,f26ec32bc11f18cf946c8be0,3
ee1f5e90cd9ca91f4fc61504,0114c5517a74a76556640237,4
ee1f5e90cd9ca91f4fc61504,047ca912fc50e897cd9d2445,4
ee1f5e90cd9ca91f4fc61504,8c0e582184c742ac94fbdbea,4
ee1f5e90cd9ca91f4fc61504,940ae143e51ebe0319c0cbb6,3
ee1f5e90cd9ca91f4fc61504,a9ae0070f7594df50f71f6d0,4
ee2e8234ec87c94a254bc0e4,3367292c070efe3d1a3d0d8b,4
ee2e8234ec87c94a254bc0e4,4ea46a61939fcd10090824b9,2
ee2e8234ec87c94a254bc0e4,ac309b8f143f03f606251580,3
ee2e8234ec87c94a254bc0e4,d9beb4ba82d9be9e4a15d746,4
eed9d78ae7c2ad167bda9621,d006edba4ad4352fe0f9072b,3
eed9d78ae7c2ad167bda9621,f6129ba9e4a5a207ca673f76,9
ef4701ce1da848341714b9be,9efb0f4bb43cee91f3fbee53,3
ef9a2d8e30d5f7d8af2fd50a,35a8b8e91901c7a3f2242388,3
ef9a2d8e30d5f7d8af2fd50a,58ff49e532abfc17b35c2ab2,11
ef9a2d8e30d5f7d8af2fd50a,62daeb7d2b52182c7e37e066,4
ef9a2d8e30d5f7d8af2fd50a,93fc11bc86f55fb7eca3bf41,4
efa5629ff853ca988c8960d0,1871354676a20e2b8934e0b9,3
efa5629ff853ca988c8960d0,f225261b084ab3f3e27fb58b,8
f07d70d5a1bafd733b77d8e5,598dd707a79e2545e4372794,4
f07d70d5a1bafd733b77d8e5,e8aaa0523d1b497fd99c93b3,3
f29f063bf1911c2d561c1a77,6777e331abdca2e71f6e3bcc,3
f29f063bf1911c2d561c1a77,ad0afc87b79204497e9675f4,7
f2f5d8b4a36e267856384c71,d11b99c3deace58fd47bfde8,3
f2f5d8b4a36e267856384c71,d8de55f5c7c8241af181dd06,4
f374a1f45ebab97ebd12071c,1c2ef66d2f1cd10dcdfa7f03,10
f374a1f45ebab97ebd12071c,54898629da8b75bf228ff420,3
f374a1f45ebab97ebd12071c,70a3db750638e4050cb05fb4,7
f374a1f45ebab97ebd12071c,7218f1999c18a0d09f86331f,1
f374a1f45ebab97ebd12071c,7ace35845cf5727caa37d285,1
f374a1f45ebab97ebd12071c,82f1f544d40e6d7a1127113e,1
f4535e86bfbd253f03a8364e,0bdf2f4e7339f103b40e8ad4,4
f4535e86bfbd253f03a8364e,0fa40fa3875cacd5092947ce,3
f4535e86bfbd253f03a8364e,e6bc0bfced0d202280a0d400,2
f4bfcc05e96d24027e224fd4,4f3209dc26fa6993d7af3054,3
f4bfcc05e96d24027e224fd4,6b8a97c42041a5a63bd68cd6,4
f504341a6298318282651d9c,c1a0fa5199c20f36f54368f9,3
f53cdd28e3553babfa804432,65773e641f3a029e2e6e7bd0,4
f53cdd28e3553babfa804432,b288bff3156336e4e510c425,4
f53cdd28e3553babfa804432,ef14298574cb262ad7d4aead,3
f561c5239ffe39d52da39201,3b669b5e776dde7363ddc67c,4
f561c5239ffe39d52da39201,dddcd65fa94171c6f18d9f03,3
f5fbd93cce4517d7e4b8692a,33fd1f7f74f7322127653d78,3
f5fbd93cce4517d7e4b8692a,b684768a1d2e233be50d38cb,1
f5fbd93cce4517d7e4b8692a,e6d74619c374ef0d52f73396,2
f682f4953eb35407901382b4,064d69b4b37fea3b0b6b7d66,3
f6ba29ff11947bef8c124fe2,34355cba3e527c74f060137b,3
f6ba29ff11947bef8c124fe2,46dfaca26b01de577f3b4a22,4
f6ba29ff11947bef8c124fe2,b1e3857a8e6b9de9164600af,1
f6ba29ff11947bef8c124fe2,c04cd54ea63e9e86426bbfed,10
f6ba29ff11947bef8c124fe2,c2267f7a5f5b7ce6e334c58f,5
f71f98265b049e8e255e4ee0,a6dd6d9974655f0a78b2fd83,2
f71f98265b049e8e255e4ee0,b5290a0345c3d260201c9e17,3
f7b7026107d30e3ac2bd1102,296a4bc46fed1f91d47a206c,4
f7b7026107d30e3ac2bd1102,2b59dab0ed47d0cf65605b96,2
f7b7026107d30e3ac2bd1102,3b746f1c584ca53216695921,3
f7b7026107d30e3ac2bd1102,5a7edc65d2a874084d54ad63,4
f7b7026107d30e3ac2bd1102,dc6cd1f605dbd596f2ff1da7,4
f7da7454237de0002231584e,283b22fee8854a1e353e20ef,4
f7da7454237de0002231584e,878a68b2708cc33d22945194,4
f7da7454237de0002231584e,9ad57d3c39439509396c58e5,3
f7da7454237de0002231584e,a86f4e76d082367cb1950b75,4
f7da7454237de0002231584e,bae144017bc6f8b048b6a97b,4
f7da7454237de0002231584e,c2267f7a5f5b7ce6e334c58f,5
f92f392d5f5267baae81c495,479d682f73bea2fd6424a753,4
f92f392d5f5267baae81c495,93bb0aae233e5bc4d7e9a89f,2
f92f392d5f5267baae81c495,b8db4e59e51420a3243bc75c,4
f92f392d5f5267baae81c495,d065b2827101db8810c52a23,3
f92f392d5f5267baae81c495,d8c6a816b26a0879a8584782,4
f954f0c829caaea40f8eab29,39216d9d76ed49d6ea9008a4,4
f954f0c829caaea40f8eab29,3d0ebb849c953ed1ec8a1f8a,1
f954f0c829caaea40f8eab29,5352a519406770f3f8d5d13f,4
f954f0c829caaea40f8eab29,afe06429e8078f2a095c0b8c,11
f954f0c829caaea40f8eab29,dd617ca64d6e05d09f145187,3
f96b0f93c1d15cf4af06004e,530ad7bcde9b22488b717577,9
f96b0f93c1d15cf4af06004e,8b73d5e0353b097b541471c1,1
f96b0f93c1d15cf4af06004e,b684768a1d2e233be50d38cb,4
f96b0f93c1d15cf4af06004e,d9508fdf93098e145c4e29e5,3
fa9582790621d593e8eeaf35,0a19b6509894f562515553eb,3
fa9904db244c9c93fab8f50b,d4fed54f29559fdac7adfd28,3
fbc5c79ffe63abdb3e577f64,17fb7f0135b28d9afab11b5a,4
fbc5c79ffe63abdb3e577f64,2796a35e451d8047583340fa,9
fbc5c79ffe63abdb3e577f64,4d51a278b53beabbcaeb3290,3
fbc5c79ffe63abdb3e577f64,e45db96b541e82ce66f5f0a6,7
fc52704793f1930dce651c9a,0d1172e3561ac46944808410,3
fc52704793f1930dce651c9a,3caed549b2853794e3943352,4
fc52704793f1930dce651c9a,a86f4e76d082367cb1950b75,2
fc52704793f1930dce651c9a,c47cc85efc8d4925effda7fd,4
fc52704793f1930dce651c9a,c4ba54423575818e35ebe75d,4
fc52704793f1930dce651c9a,c95e2710f0940f164999a80d,2
fc52704793f1930dce651c9a,d26baf601b9f1094e0c95b6b,6
fc52704793f1930dce651c9a,d39aa209ceeba04b853a221b,4
fc571548a8f20cd39406781d,00beb25b2d9377d4aa494f77,4
fc571548a8f20cd39406781d,1b2514f416f6dfd2cefed981,9
fc571548a8f20cd39406781d,43b49e25d89713b543c09f77,1
fc571548a8f20cd39406781d,470f299bc486bb1c30dbadfd,10
fc571548a8f20cd39406781d,6e1b67149716b3e63c76fe90,3
fc571548a8f20cd39406781d,ff7e8789934cf2569af535cd,4
fc99cd19654ee9c12946e9ed,0d1172e3561ac46944808410,6
fc99cd19654ee9c12946e9ed,3caed549b2853794e3943352,6
fc99cd19654ee9c12946e9ed,c47cc85efc8d4925effda7fd,6
fc99cd19654ee9c12946e9ed,c4ba54423575818e35ebe75d,6
fc99cd19654ee9c12946e9ed,d26baf601b9f1094e0c95b6b,3
fc99cd19654ee9c12946e9ed,d39aa209ceeba04b853a221b,6
fcc5f0e1302194be52465386,99f9caf3c212dd8a7c8536ed,3
fd148181284a4db1cbaef2ee,16ac8ce42800c3fc691be66f,10
fd148181284a4db1cbaef2ee,1cdb291ed9f1c91225cfe642,10
fd148181284a4db1cbaef2ee,4e80c8cb624fbfdf13a01fe1,7
fd148181284a4db1cbaef2ee,7d5daabcd475a303788f3205,4
fd148181284a4db1cbaef2ee,e3ae5f13d68b5e42c861fe19,3
fd148181284a4db1cbaef2ee,e6f5e9c7b8e6ea29ee8572cf,1
fe05e185b4f0bcdfbdd032d2,39216d9d76ed49d6ea9008a4,3
fe05e185b4f0bcdfbdd032d2,5352a519406770f3f8d5d13f,4
fe05e185b4f0bcdfbdd032d2,dd617ca64d6e05d09f145187,4
ffd68652ad041ae5111399cf,37695ee4e2bf66e9ca2880fb,4
ffd68652ad041ae5111399cf,87aa3aed58c6424238eb6cbd,4
ffd68652ad041ae5111399cf,c805ed5ccf2875ec350980cc,3
ffd68652ad041ae5111399cf,d6e9f094805e3a0a4dc94326,8
