unique_id,role
000dc27cceeed100ebda6c8c,repair_validation
0011a44f2a7f5cc56f62c7f0,test
001781ac9d9dbc549c8096ef,baseline_fit
001904e261dd8efd5805ca68,test
0022bfa7ccf69dda4166284b,test
002b40e224cc51cfe29a758f,baseline_fit
002ec7f3a1ccdb153b5a8990,discovery
00326e736d8dcee43a6e5526,baseline_fit
00391715327d682a6df11e8b,baseline_fit
003aa7ae412426c11908d677,baseline_fit
00501ea457ab9cd2ba9b6745,baseline_fit
0052d4a9d5b973bb0399be0c,baseline_fit
005d8b6f534350db8a4c9c67,test
005e4280bb274b4c79ca65cd,baseline_fit
0063f3b637d2fc9ce804f936,test
006d4f809b8fd26531538ff1,baseline_fit
00795ddcab3d508f9be9a625,baseline_fit
007b0386301e35aa94a8289d,baseline_fit
00837c48c484c5ce1655cf21,baseline_fit
008aab9087f9a92faab24bf4,baseline_fit
008feff30c969c3867909a1d,baseline_fit
00a8239dad6fc2b46ec3f53e,baseline_fit
00ae64be2263735e9ed5cc5e,baseline_fit
00af14e9ee3357ccf2f4e6dc,baseline_fit
00b008db164ec03f7b029de6,test
00b1f9a8db3eb823ae2b7c6d,baseline_fit
00beb25b2d9377d4aa494f77,discovery
00c2de3cc2ed7f855883a71d,baseline_fit
00cfc42ff9888130537fe499,baseline_fit
00d8cdacbfb9794a81853091,baseline_fit
00d9a85a76ce978fb6738349,baseline_fit
00e42dcbbfed54272c49219c,baseline_fit
00e9a9ce12afd7b01d40bd2f,calibration
00f4cd34432d4fabb66b9ab5,baseline_fit
01064822a7b50d740beca971,baseline_fit
010950b4f5f14c3d3a082631,baseline_fit
010b0980e5a039b0cb5abbff,baseline_fit
010b0fc6310ac558862859a5,baseline_fit
010b76ef0b4b24a05646dda7,test
010be53689717bb566521d52,baseline_fit
010beae5eb77f4d0d76bec8d,test
0114c5517a74a76556640237,discovery
01166e2500b8b7da33773227,test
01188dd8ffc49b7bee32eac1,baseline_fit
011fae7e2d3276fd6d5b5273,baseline_fit
012281b589d1cb770dc3d8f3,baseline_fit
012b650bd185c1f84fce5792,baseline_fit
012f0c6e5880ad21e769482d,test
012ff3639674fc2b1b91b7dd,discovery
0132ca50f5fe0010cd33349b,test
013529d3edbab84cc6a36f3c,test
01391eb4d1ed6d45d6fc4407,test
013d9ae48261facc4152713d,test
013ed666dccf1f0544e1f0b5,baseline_fit
0141a09e8f30e491d14be053,baseline_fit
014981275d559d63fd947b22,baseline_fit
0152e036013be3ef956353e3,test
01584de0ca31ba58bb8d3ec6,baseline_fit
015af98f0ff0a643bbc06b5b,test
015f4dc67b44295b1b8b9ca2,baseline_fit
016c5ae33e52cdb0068355f1,discovery
016c6da4e2db9cca3f9aadb9,baseline_fit
017307d338a66c1a98e4c59d,baseline_fit
017340a8eca30cc60a46688a,baseline_fit
0174f4d03aaf2c317ec245b5,baseline_fit
01798054fef7a1445a9f1070,discovery
017d1ebacb132b4a98ecffcd,test
017f3edbd715808a72fefcfa,baseline_fit
018db0aee6f8ff2542be3217,baseline_fit
018ef9c8e36d81cd67e75fc8,baseline_fit
019b832bfa8991197620ac33,baseline_fit
01a12ca2922174557c586dd9,baseline_fit
01a28b486501615554e64bde,baseline_fit
01a36a343717e1d925f1195f,test
01a3eb0d8e05ee4ff8ef7543,test
01b32fe7822def83e3261e2d,baseline_fit
01bfcf1f5bcc307cb6cc2ebe,test
01c3aeefc751406acf79e0cd,discovery
01cede88cda8bac4602fb1d4,test
01d238402e931cba078df328,baseline_fit
01d2c44b54eaa3fb1b3ea945,test
01d538fe2138691b2296dc1c,baseline_fit
01d832c1acb3865ffeea0a00,test
01d8c2d06fd3a8e16aa468d9,baseline_fit
01db204a27550adb5fdcc6a6,baseline_fit
01e16c9d2ed952ea635fb971,baseline_fit
01e5b89eeec49372505933ba,baseline_fit
01ef7881871211c30bd3a45d,baseline_fit
01f19c7f87fd742699c725e3,baseline_fit
01f53ccfeae78807e1cf6980,baseline_fit
021ba8437eb492b4373ee7e8,discovery
021da7fd14b631985432b30b,baseline_fit
0223a9e3f6c29e9c90b5fd93,repair_validation
022aa6a35c2e69d54177441b,baseline_fit
022d81673f63b6e0ef65a168,baseline_fit
0233290d60c917fa3f6f84d2,test
0238045a98c37bb512eead82,baseline_fit
023fbd7b0bb8648e4396abc8,test
0241eb2a4e6588b1fb282635,baseline_fit
0247b2ddb0bd2512126003e8,test
0256e141c130b4e63fd946ad,baseline_fit
0259d8ab3a15e1a2bdb78e76,baseline_fit
026920233de86f10ebb50356,baseline_fit
02694caa4e55789a5a70ad6e,baseline_fit
0269eb2fe401341b2f3603bd,test
026d381185df76c51d5c64cb,baseline_fit
026f7d61de873fc1a04d092b,test
0272ea749503f667d3c9ceef,baseline_fit
027af75c9dcc98b68b3733b5,baseline_fit
027b4258da8861de8899c26a,test
028666dcc9c5cbe5f296171f,baseline_fit
028d0c2a6bf91ba6c14245da,baseline_fit
0297b7aff76e59c466e5fe75,test
02a44e97b637dc268315228a,test
02a5409612616f811347c0f1,baseline_fit
02a639baa57c91249d485d25,test
02ad2809e948527459828fdb,test
02b06fb673d83a360580e229,baseline_fit
02b876038e18a9b66bd36293,baseline_fit
02bbae407ee3a77bfa35c17d,test
02c18dd4d156e9f24260aeed,baseline_fit
02c51a7de010558081541588,baseline_fit
02cbf7968a129ad9e12ffa85,baseline_fit
02d3a0a255d52cf4a3b231ce,baseline_fit
02e07a374dd44a95a044da96,test
02e69a159a021a78382f998c,test
02f4f9be2e73d1e09363545c,baseline_fit
03026b27570feac6f7d55a13,discovery
0302f861f6e8f032bffe6117,baseline_fit
0304394e730a6db2adc07572,baseline_fit
030baef0223801ea8e4412bb,baseline_fit
030bdd065639c4ae73d4d684,baseline_fit
0314ea27d10138081189bd1a,test
03179ae05e38e49cf55bb456,baseline_fit
032572b13189a478ee9478f4,baseline_fit
032846fe12dd221f9cce5a63,discovery
032b04ce4c038f8c5f779b66,baseline_fit
032b09fbc4f168cbedfa028d,baseline_fit
0335dc3f43cd07b54e46a9e8,baseline_fit
033deb0b0db85a49ba790cb3,baseline_fit
03400ca869e18e92a007e3c0,baseline_fit
0341c108db9b11b659f430b7,baseline_fit
03439c4904f51b4ec43a3374,discovery
0345ec7f20451b8b38ffa9fb,test
034961abe89d89cb743a9591,baseline_fit
035b7664a7eeb58a3e7c90ec,baseline_fit
0364549b0ac07f1105900810,baseline_fit
03677b86f60f72b4e17c2c45,baseline_fit
03684f290dedaa7662981d4e,test
0368942def253511c5020502,baseline_fit
03695270706dc58c194d0e47,test
036b25b70c37572b2b4439d3,baseline_fit
037b98b44e6c50042047b497,baseline_fit
0387644bea82106c56c73d7a,baseline_fit
03890d1aa2b9f4dca06118c9,discovery
038b7093a1d213b7ccb80a1d,baseline_fit
038dda31e5f68b5f9c004717,baseline_fit
0393afe289e5dc2979b1e9f3,baseline_fit
0393dd841e24768423040a4e,baseline_fit
0394ac61a9660d758eb599b2,baseline_fit
039f7b2bfac5c75c4789037c,discovery
03b05be8b21ad5a31577ae16,baseline_fit
03b06d483c0d5d9912c2ec73,discovery
03b1f79b6cafad4732a26f7b,test
03b27083843c5828d28c7462,test
03c4534007d7b7a3d0a2cd46,baseline_fit
03d196fbf9917759ed822c18,test
03d4e2494899d1bef0dc935e,baseline_fit
03d65b8572c9c005e625b0ff,test
03d8862c2b62e309679b23d3,baseline_fit
03e1717c75d31dbfcf6d310a,baseline_fit
03e3d4853e1ada4f64b08ff1,baseline_fit
03fa6cae34bb7c3d691df540,baseline_fit
040185e112c82cf6581f08bc,baseline_fit
040225221718236b4305aa7f,repair_validation
0403c72398d739edaaaef382,baseline_fit
04187f6e0c31968cf012b5dc,test
041d2c4368f1a77549b822ca,baseline_fit
041e9d1cc0e5c1065fdfc118,baseline_fit
0429c1ceb3389283caf39f65,baseline_fit
042a3aa810f9f43bd77440c6,test
042ae7ff60cb1110ca495a17,baseline_fit
042df0236be8e71cf6a14869,baseline_fit
042e3b013f3d2188894de219,baseline_fit
0434490b58dd03e67fb8e1c2,calibration
04365141e8d033bc5a29d4db,baseline_fit
04402341b8c336c1d4d19570,baseline_fit
04413979bec3e1834cb97c5b,test
044b91dbde35c6f868572bd3,baseline_fit
045725fcb6bbe746f8f65c6f,baseline_fit
04680d28743d007fa0e902bc,repair_validation
046a049b7be65c10b6e5b5a1,baseline_fit
046a97ac36683723f337485f,baseline_fit
047261471b82854ab1930aa3,baseline_fit
047ca912fc50e897cd9d2445,discovery
047d0e2e08ddd79fc9233cc9,baseline_fit
048910c0c2eca2eddc61cca8,test
0489154d0ecafb721917c7ec,baseline_fit
0494adb0b82db9a0beb13f43,test
049f4b864f6a247362d3825e,baseline_fit
04a17cea0568936a40398e09,discovery
04a41ee8079d68cec0df0b39,baseline_fit
04aa5167dd6c8b90560b8be0,test
04afe2846e5c36a3f7dae36a,discovery
04b10377081a175c35cef115,test
04d19ef74afb1c3fd4f071eb,repair_validation
04d492b4740fa81fc924b397,baseline_fit
04d78af558bb278105284513,baseline_fit
04d9abc4ffb86d355f548955,repair_validation
04dec3986697e9404b4dca2b,baseline_fit
04e34edf0264dfd6a07314b8,baseline_fit
04e9bf57b2cb5ea1e78a21cd,repair_validation
04ea3e4076a91f7b13514ed2,test
04f6f4465f520123e53d4d59,baseline_fit
0505ce3c1ff55b0e8a82ae50,baseline_fit
0509b4fdbbe8bb84938220a6,baseline_fit
050c4e2e4d72a06df917cbd1,baseline_fit
05155de694ec7ba893bb2d3a,baseline_fit
051f1d65fa3049dc992c2967,baseline_fit
052ea7909ace65863b00fbb4,baseline_fit
052ebd7375c754b0cb009355,baseline_fit
053587bc4fd6621b56c3bc75,baseline_fit
0535b02d52fe7db3c8822a14,baseline_fit
0535f089abc647137d3aa73b,baseline_fit
05385061db4525a20fc3f6a9,baseline_fit
0547f866c512782235ffd88e,discovery
0549eca12290131d2e313818,test
0552db7475737613da53cb8a,test
055c44bf3050738f65193735,baseline_fit
055cd85f4a6677cbe30836ae,baseline_fit
0561ca6f910d7b324295f001,baseline_fit
05627ef02417f6e218154698,baseline_fit
05701ea2c77fc6d4c646fdc6,baseline_fit
0572ffa625b148f0c31ba403,baseline_fit
05731453ed6aac74a82a83f4,baseline_fit
057b01b73be758a121d7c76a,baseline_fit
058ddc81865818042e98e8d0,baseline_fit
05965687b8c23c2489ada21e,repair_validation
05ab757000e7ab4b011ae275,baseline_fit
05b0589d8ca5e52280f7907a,baseline_fit
05b0f3b295904137ed781bdb,test
05c090a9ee8ba358519708fd,baseline_fit
05d7ffb4e7f0d634a932b6c7,baseline_fit
05dea11c8fd8d7bf1b06ac60,baseline_fit
05e72a05f5c755f7cdbfa845,baseline_fit
05ef2f3123d7f989dc92e67d,baseline_fit
060043ae487b27eb59b904c1,baseline_fit
0609969328c90e0d15e124dc,baseline_fit
061f09a6e1b7091242e8d4bd,baseline_fit
06276331bc2135322f8324fe,baseline_fit
06286adbda03eaa8478e56ef,baseline_fit
06315a3eb73ccd6aa233124b,test
063311c607b42d66f60fc5db,baseline_fit
063a11be04ce743b2d5a4cf7,test
064d69b4b37fea3b0b6b7d66,discovery
065065e36e57408b3651bad5,test
0660de650af05fcec145e37d,baseline_fit
067e08dd10dcaba091824414,baseline_fit
0682e9702567fc50c004fb64,baseline_fit
06846130b0d0138267044ce2,test
06905b673b0e73adfe7c4120,baseline_fit
06a11e6cb3719a743442d270,baseline_fit
06a401fae321d3bf96345710,baseline_fit
06a595e9a5befc782dd3f30f,baseline_fit
06ab6720fdc15ab3aa64ae7c,baseline_fit
06ad2cf073d1179ca1855f94,test
06bdacf15d0927420f2897e5,test
06bdb77a914e90b3c569c582,repair_validation
06c1f8bf979d87e82cd68fe8,baseline_fit
06c3be071018c8dbd44e1c79,baseline_fit
06c5e6bbc025f12f98d00638,baseline_fit
06d35b82e652ab9a8bb7cf32,baseline_fit
06d46252d472ae6ec9eeb8a3,baseline_fit
06e14d7a800add86d0e450b8,baseline_fit
06e27b5c9fee0d1c372a4376,baseline_fit
06e40977c042807b4c2a240b,baseline_fit
06e653aa0a5f780d9f1be7b8,test
06ef32fbd95ba02f657456ec,baseline_fit
06f267d1ff961be45e2777f5,baseline_fit
07003e64d6f7325158dc911c,baseline_fit
0700ba21f6695de8f2e45e57,baseline_fit
070639c5f32357c3d9b55da7,baseline_fit
070eb2ebeae99256b06c8a6d,baseline_fit
07161557374b3a2aded51d27,baseline_fit
0716ded07111e812f92afa1c,test
0718455668d211c224010b41,baseline_fit
071dc9bf673dbd3e59953c1e,discovery
071e784702445cf141a8e4e0,baseline_fit
071ecd7591057ae8b5d8a4b1,calibration
071eebe9ef29f6714327a48a,test
072323599ade086b9ab3a036,baseline_fit
072404a5ef7bb6e658c244eb,baseline_fit
073081a7373c12123f2a1303,baseline_fit
07362f3b42f676e350cc7619,baseline_fit
073de1a145cb107e0df6e5a6,test
073f21e412da73f879907651,test
0748f1ecfe2b2b4c01bc0326,baseline_fit
075449ab0cda31c9caac0982,baseline_fit
075787e736094bcde732e825,repair_validation
075a5be8b90b12f5e318d858,test
075aadd23f55351a338480dc,baseline_fit
075d99c29bdd79f812cfcf6d,baseline_fit
0761dd9d9cd3deaef19e031a,baseline_fit
079002b80217ce75675a8ea3,test
079617ddbbf04b59f2507428,baseline_fit
07a09a5b6c473d039db945ae,baseline_fit
07a4756bf3b03cd1d58e86cf,baseline_fit
07a864a5da029c402323281f,baseline_fit
07a9a26de45f697547a29462,baseline_fit
07ac924bd613d1943e71718f,baseline_fit
07b76def5b38a7dcc8beaf57,baseline_fit
07b9567302f37c7b90a4f527,baseline_fit
07c1064dc89267ecd4c5a60c,baseline_fit
07c145e3eb7a06183a3e521d,baseline_fit
07c30d6ac3bedfd49d34b560,baseline_fit
07c5a68e0955d434466c0428,baseline_fit
07cb2125e732c5a40927dd0b,baseline_fit
07cc206114186376b70f837e,discovery
07d8c6241f121ad3b4df4d6a,baseline_fit
07e06a0f083684c96957243f,discovery
07e09606aad7493f69722c7c,test
07e1c600e17c5c20cf851d14,repair_validation
07e9fcd49c53a5982ed5b82d,repair_validation
07eebfab20626c5b93a4bfd4,baseline_fit
07f2ea1fcbeeb5a3a1540bf5,baseline_fit
08002487ec147a905bee3360,baseline_fit
0801380c4872b2b9d4f12333,baseline_fit
081194dafe99b4b8d28689e2,baseline_fit
081306d7d1cc6d14b620a293,discovery
0815eb6add035a403790fa9d,test
082d74389e9606ae14786b05,baseline_fit
082f3063db702dec8c821890,baseline_fit
083aaea3f378bd190e594fde,baseline_fit
083c140a2a5367d602bc126f,baseline_fit
083ecb25478231fe0bd01689,discovery
084c4d6859b7cbe2538df3e8,baseline_fit
0855cf56e8471229c4ec955b,baseline_fit
085814136929578c0401972f,baseline_fit
085ff301a61b8575bcbdef2d,test
086220238ffd70f030c086ff,baseline_fit
086d2977e7cf664e9a6b860a,baseline_fit
087adcf7585e0f69c50dda3f,baseline_fit
087bcc4de7d38b62accf04c1,baseline_fit
087d6e4c2ba1b199c72a9cb3,baseline_fit
088168c7c67724acad0ef15e,baseline_fit
088b4235908abd8d96c528dd,baseline_fit
0891464f450f95ecb19355ce,baseline_fit
089fa0901eb32cdc3bd8b099,baseline_fit
08b11ede8857e2c97d9120a0,baseline_fit
08b2f441d6c192f0119b18ea,baseline_fit
08b3e4bcdb3c0b6397856e7e,baseline_fit
08b9894e18cf7c5a76151f18,baseline_fit
08bb1f0cbfaa40a01af22ca9,discovery
08c147b2d6c4c860a4663db2,baseline_fit
08c2d61052f86a9f46a9eee9,test
08c66a70fa3529153970a5d8,baseline_fit
08ca0e2073119f5860e42fb0,test
08cb5360b35406e39f1131ea,test
08cc624c4bba76af72cc8a36,baseline_fit
08d1cc3e0256d04495aef885,baseline_fit
08d8e4197a5f2da9ad6fef8f,baseline_fit
08da4534a94e91ba7b33c7ff,baseline_fit
08dc5185a1af9962e5b3738a,baseline_fit
08e437e088c4a3b7b939f8ee,baseline_fit
08e588cd8454f90e9f8388bc,baseline_fit
08e5e7010b6ab9e5359c784d,baseline_fit
08ec041856ddaf58ce28d667,baseline_fit
08f20f5a2d924db79a9754ba,baseline_fit
08f3d84ef2733be3d4178318,calibration
08f62dfefb15c8fe407e0012,baseline_fit
0905cc84456fd066314c82a4,baseline_fit
09081e6f3364b891bec95405,baseline_fit
090da1ec86c38084ef68ae51,baseline_fit
091e44fb3f93a4cf994d9ab6,baseline_fit
091fbc3f9e9e6a929fe16741,baseline_fit
0922763b653c179ee8afc246,baseline_fit
09260e6d85d58ed7e5450cc7,baseline_fit
0932c1dcf6a4224c2561a5e9,baseline_fit
09435f24496cd71550f14147,baseline_fit
09474542d74e9e31bc3d3768,baseline_fit
094b6d25efe39ea698a75ea0,baseline_fit
095739281eefc393331811f3,test
095d9b655a7247e240e9e255,baseline_fit
096487b6a04eff58d8bfbba0,baseline_fit
09853cc398c4936f54915c0c,baseline_fit
09996189bf820182f6f5b588,test
099c30434af144ff8a4fe730,baseline_fit
099c52fa075cc640931c5b64,baseline_fit
09b3083f32b048d16f6910a7,baseline_fit
09bceeb6c3add15570739200,baseline_fit
09bf479359fb8b9c2379f434,test
09c146bfb3d663060054b7f2,baseline_fit
09cda21ae44a0091127ddf3c,baseline_fit
09e889d93f3815d478f5243b,test
09eee4cb80841340ffc8523f,calibration
09f4db3051b25a308a66ca09,test
0a068abfeae0843f97eec03a,baseline_fit
0a12c0b4bf95798930fdf3db,discovery
0a195e5da34d763dcc1980da,baseline_fit
0a19b6509894f562515553eb,discovery
0a1e6fdd9c492af5df1d0738,test
0a2516845e0250866eaeed2f,baseline_fit
0a25256e6844be8208c23f0b,test
0a2d3311857fa73502419ef0,baseline_fit
0a2d57322f26ba33e9c9b0c4,baseline_fit
0a30b5e095cd36c279139b71,baseline_fit
0a401e7bea62297d77054f4e,baseline_fit
0a4026247deb818d0dd7a61d,test
0a43023881dfde800d53942d,baseline_fit
0a439225f187bb2dabcf5b4e,baseline_fit
0a462858144a4b4a3276ce79,baseline_fit
0a4d5f3f4eb675721ba8335c,test
0a4d7c26eabb937e56e63fd6,baseline_fit
0a5a4f79e00fc924b6e8c659,baseline_fit
0a5b01b616800ab2f5d234bb,test
0a5db500c5a9f5ba22f2a7dc,baseline_fit
0a72d4bf6b5bc16e88c5b8c6,baseline_fit
0a75588dd6329e9e980f01d6,baseline_fit
0a75d0da7ee1fdcec31b2ecf,baseline_fit
0a7a5681f051e0835a923020,baseline_fit
0a7d706f29ee1ca1fd10a384,baseline_fit
0a7ec877751aac4c3a5ee23f,baseline_fit
0a7ecf16c6964eb8555f1ade,baseline_fit
0a803d36a0c1cca98f05dee5,repair_validation
0a8083b618b3dbfac7a66292,baseline_fit
0a813a360f591bbe0fa99c68,discovery
0a8166f45de9bd3ce0ea1bff,baseline_fit
0a88ce801a8fb1f27093ea77,discovery
0a8ad2c7958080e7dd4ec923,baseline_fit
0a92c2de3b01d484c1e1bf51,baseline_fit
0aac1645c8d906feec7ed340,discovery
0aad0183ac6ffcbc8b1d2dbf,test
0ab18d75942eddfd17be24df,baseline_fit
0ac5cab02535afdf86876961,baseline_fit
0ad0a06c2b0c98f14fd0d67d,baseline_fit
0ad52c1566f1188051a67a2f,baseline_fit
0ad6b94151dbf1fecb75eba9,discovery
0af838650b41ededf5fc4f19,baseline_fit
0af8c569a52ce531c16c0132,baseline_fit
0b0316b6f9e3d25aa9aacc63,baseline_fit
0b09f744b227f25e980e474f,baseline_fit
0b0b246de19be86ed53b4f14,baseline_fit
0b18b8f5b425ace0f6e4deb1,test
0b238901ab0e615ba2222271,baseline_fit
0b36894d9b7e38d59db32c42,baseline_fit
0b3f19748850a6bcba83d5cb,test
0b4b6e8bbc11662b30256258,calibration
0b4ec95735a67ce5b67ab61c,baseline_fit
0b546409ae8252ec03a92b90,test
0b570eb966f0c8474bc00f7f,baseline_fit
0b596b38ab67d232b89b1171,baseline_fit
0b5c78ed62fda56aa19ba6d2,baseline_fit
0b62360d5edba85690866d82,baseline_fit
0b63e5ab858298686f021aba,baseline_fit
0b6d51f733945ab6d353283c,test
0b71cb16daf129ee008649d3,baseline_fit
0b82daa4ed0561031bb3795d,baseline_fit
0b86a7caa65aeb5dadd975b6,test
0b874ff779354f869c02158d,test
0b91b35978b5e1984fc1adfa,baseline_fit
0b99c294327bfa60bdd50720,baseline_fit
0b9c5851b7cf5963c7799bd5,baseline_fit
0b9e07f57fba1acdfad76563,baseline_fit
0ba160886916b06e27435a76,baseline_fit
0bab454fb9c64ab0b8a4eec8,baseline_fit
0baf4f9c89d3aebdcfcd42fe,baseline_fit
0bafcd3398f8fc4225349867,calibration
0bb1014d92e934de5c0b0b88,test
0bb15d0bfd88e4a01f9f6aea,baseline_fit
0bb6e21940ef1667cf8db2bb,baseline_fit
0bbb7f56865dc19e530a82e6,baseline_fit
0bc0b7c09010162e921f3414,baseline_fit
0bc3d5224355fc7530910751,baseline_fit
0bcdc0874f58c12d8dee4c79,test
0bd4b5068bdf66ddcddf21fb,baseline_fit
0bd80372d30f9cc929609878,baseline_fit
0bd889dffb800f490771e6f1,test
0bdf2f4e7339f103b40e8ad4,discovery
0be188d83236b172575fcd15,baseline_fit
0be237ed84a1cdcaa8ee688b,baseline_fit
0be3bc86e3efcd1d1dd8fe65,baseline_fit
0bf00dd84a55d6fa9cd6b9ce,baseline_fit
0bf22aa85b3916fa52e39229,baseline_fit
0bfc0429c04176a657c7d713,calibration
0c05b83ecd6fcf3a4915e30c,test
0c162efe0a3c33654077743e,test
0c1e0092b8fc6d780e1471cb,baseline_fit
0c1f2d4f389d2b79a88d56a7,baseline_fit
0c20f106570297ed184552e3,test
0c2245bb5b442fbc099d61c7,discovery
0c27b34393f104992db2d5a9,baseline_fit
0c35e3a291f1acf8ed6f4e4e,baseline_fit
0c3afe8465048530b3a4ddec,baseline_fit
0c3de0f65c46142a855dfc75,discovery
0c3ecda2543a025fee2be968,baseline_fit
0c4b823cf94523ddee49875e,calibration
0c50d40f7f72053f81bef504,baseline_fit
0c54d84d0d53754400277363,test
0c5d2955bd4c28f94963ecd3,baseline_fit
0c61a200b405f64513887ab4,baseline_fit
0c6500c11ff9d7a595d16054,baseline_fit
0c68606fd2e4e8b3b672f39b,test
0c6a9f0959774d5de8228d1f,baseline_fit
0c71a9fa1b40eea3fc4ca29a,calibration
0c78f8d2c6d33f71c685b70b,baseline_fit
0c7d766967ba6d56f1fa7af2,baseline_fit
0c8417dd26be1b1ffd894db5,baseline_fit
0c90ca18c61f6439abdb2d02,baseline_fit
0c9385b8dd4365aa5934bda4,baseline_fit
0c96ecfacd80a732427c24dd,baseline_fit
0ca43c1490dd9b9269309ab1,baseline_fit
0caaec59ff5f5c6f24eb2c4a,baseline_fit
0cc5a044464bb435a38368e5,baseline_fit
0cc5b0fab687d5e2d0e539a7,baseline_fit
0ccbd389ed81557a69e78282,baseline_fit
0cd96d58af854e013035dd7d,baseline_fit
0cdc6c67288fa8f6eae74e58,discovery
0ceae5213fceb0fd3549d46b,baseline_fit
0d057a3fe5d048345cbd944f,baseline_fit
0d0b84b511515d62f0e0be43,baseline_fit
0d1172e3561ac46944808410,discovery
0d14045d817ac56d5e94d277,baseline_fit
0d1654cd44065873200a4ac4,test
0d181abab56a3e9b1d6b18c7,baseline_fit
0d1a078a95b37d59c91fd12c,test
0d1a347d2317b89551e29809,baseline_fit
0d1c4a5486410b9aa2639cb5,test
0d1e149b4ef9f3dc72fc7609,baseline_fit
0d2144e0588a89a4be126539,baseline_fit
0d2198e6e49c0ca5a923dd04,baseline_fit
0d232ed76a606104f6c93e82,baseline_fit
0d2672e7f9f5766cb2a82212,baseline_fit
0d26ae86f6dbe630d8c13a98,baseline_fit
0d3171477626858bd643c812,repair_validation
0d331edc9a2ceff00ed7a107,test
0d4322f7814529d6b0fea4c4,test
0d4847c0aa5c9af717f92525,baseline_fit
0d4db9748e560f22ae63a212,test
0d597b921aef42b01757fb7f,test
0d5ba59059f388338b90daca,baseline_fit
0d5c2cc630f42165177d9c65,test
0d5f53654c4c0904f691663b,baseline_fit
0d606d54037056d9836cb338,baseline_fit
0d615a8a4a078d6e8660df75,baseline_fit
0d65f3fc571fdca6df82ad11,baseline_fit
0d6952eb62922e40192c48cd,baseline_fit
0d6d4a847b556fc72b788ed8,discovery
0d7179986eebf29979d39901,discovery
0d73a1985b9a80f775e85640,calibration
0d7622c2a673cc87208dcc02,baseline_fit
0d774c750ebb63272c7f28bb,baseline_fit
0d7a93b871f1fb214a6bee75,baseline_fit
0d7bcd4d1a54ff9bcc6ddf8e,discovery
0d7ce9de87fc00d5c0c81dae,baseline_fit
0d83a275f7f5e60833ef5929,baseline_fit
0d886f456a9b376c4baad521,baseline_fit
0d8a059ecbab5532ee695148,calibration
0d914a05e7758ed831e2c433,baseline_fit
0d9733bdb87839647045ffc0,baseline_fit
0d97ce4010dbceb6a284478f,test
0da2176a8a5a73934eefb15b,baseline_fit
0dadd002a9bc1f52d2974bd7,test
0dbf3edb5a75fa014dd0db9f,calibration
0dc0ca6030093a5966980b28,baseline_fit
0dc9ff21d90de67f107919ae,baseline_fit
0dd4b5ef906268f55f58179b,discovery
0ddc01ba67f743c8d19a8f52,test
0de177b8aad3001c819038da,baseline_fit
0deab69fde2f02393e31aee5,baseline_fit
0df7755e09b2fc7e90679d67,baseline_fit
0dfe9b037b23acdca91eb208,baseline_fit
0dff7c134ef723dbad33c63f,discovery
0e01779ecbb0753fcaf2ea78,baseline_fit
0e0453e75e3d7dfeacc771ae,baseline_fit
0e08480cbb591b7854543ce7,baseline_fit
0e0a9ed9031875d3a2ba0f30,baseline_fit
0e0c16b0d72ecc039dfa8431,baseline_fit
0e16eba2d91c268ea544f620,baseline_fit
0e187ff171fec2598e30c264,baseline_fit
0e23d4236052dd0837242f58,baseline_fit
0e27437aaacf883043504c3b,baseline_fit
0e2f4dd89369cd3f5a1f4c42,baseline_fit
0e2f95985a22afe3e978ca30,baseline_fit
0e350e860049ee7fd1e21c58,baseline_fit
0e3b5fc7ac237d94685f968c,repair_validation
0e4d8bf77959c2d97066f655,discovery
0e5ad6578c4951aa5d1b87ba,baseline_fit
0e5fedde4bd4e2f351825f1a,test
0e642f67196bcead5344f04c,discovery
0e6a4c5b22561971f509c6b1,baseline_fit
0e6c5ff13b2f2844db953e70,test
0e7381edd449b1b662a2596a,baseline_fit
0e7a7795c956af1d890093b9,baseline_fit
0e7b4036e156f216ebe6a4b9,test
0e83161c0d7317a016535c61,baseline_fit
0e9150ad6ba836192fc366e8,baseline_fit
0e92d0590f0fd0dd7b92fd57,baseline_fit
0e9bf0ae1b7d17d131d97add,baseline_fit
0ec078446a2b417603ffe171,baseline_fit
0ec3bca971f0eaf786a08374,baseline_fit
0ec7bfbf8a4e7afad1c28c67,baseline_fit
0ec8cac82b40b956eca2d621,baseline_fit
0ecb9e42f964c6453d379bcf,discovery
0ecfd673f24f4551b796ba0e,baseline_fit
0ed1822158a0c4663afbc342,baseline_fit
0ed98e3d008558d13dc3395f,baseline_fit
0ededefa8d974c01647ae248,baseline_fit
0ee0f5f1d2937e43b748d26d,discovery
0ee3b4161b5dcadde2ad1f82,baseline_fit
0eea7d2adf9e4e5943f7a69f,baseline_fit
0ef698d416ce478d2e328b47,baseline_fit
0ef80ae9e08dfe13025472e2,discovery
0efc55d36f1869d0bda86ed7,baseline_fit
0f089f764f3ba6c5fb803ed4,baseline_fit
0f1c08db4b5311337cbe565a,baseline_fit
0f1dbc09fc8238bdd5791551,discovery
0f2b6f8bfa5ac9265eb31c98,calibration
0f4957589a21e29d8448023d,baseline_fit
0f506c0ada3e3aadc1ca23b2,test
0f55e66f6c6e5ae9e965d21f,baseline_fit
0f57fa267cb45821e3a12531,baseline_fit
0f5a9b1e01af6330fd0fbe41,baseline_fit
0f6757bd3b8dbd6a3049a27d,baseline_fit
0f6c951ceef94d44378cf6e0,baseline_fit
0f71500a47700cfdb6f01c58,baseline_fit
0f7dd509c23526937d5a722c,baseline_fit
0f975eab0d2baf9576b3e013,repair_validation
0fa03d4974c4febc9fb87eb7,baseline_fit
0fa15feb5312562ff4f8a6f8,test
0fa1c948ce263a68393354d3,baseline_fit
0fa40fa3875cacd5092947ce,discovery
0fa93e41b050ca3a44c02e28,baseline_fit
0faf5f46bc343365764f3a9a,baseline_fit
0fb8a9e0635c6767a1dd6d15,baseline_fit
0fba3a700981cd081fa50c10,discovery
0fbb409e719c2ea550c39eec,baseline_fit
0fd5649f18e866278d64be46,discovery
0fed1ff962e81a2a8f4cd7ec,baseline_fit
0fed87406665a7e1710728f4,baseline_fit
0ff1fa87380c598593a7f805,baseline_fit
0ff815c6d79ec0437faa5de5,baseline_fit
0ffdb3b532163433c1d59024,test
10025948db04d1851e25c781,discovery
1006b1de9932efa2c1122929,discovery
1006e4c537a58dcdc50c46e1,test
100d199e8c401432dc004cae,baseline_fit
100de59459feca5f4dba8f10,baseline_fit
100e653f456d0126de43afa4,baseline_fit
1016a998329d662f13efd412,baseline_fit
1019b9620ee615f3a038cc27,discovery
102452eb56366b8e0372c7fa,baseline_fit
1026c10717ae773104e3aba3,calibration
1032145ae1ea1331381614ff,baseline_fit
10364f84127e407a0cda914f,discovery
1037a7d9211814dbbc6c90bb,discovery
103a95f4fcc392a9268d441b,baseline_fit
103ea3434d73a3c454b90d58,baseline_fit
104658fcd8c9617bed3d760e,baseline_fit
1047d400ae3438ea785a1a8d,repair_validation
104ca105cc3412c227a277e7,baseline_fit
104dc5e8971828574e89a293,baseline_fit
105101e86559e1925775b37d,baseline_fit
105896503b93698cecc1562b,baseline_fit
105f5affa477a71cbd82b3ce,discovery
106c27bedf14ea69197d7680,baseline_fit
106e2de7a86ce6014d8297ba,baseline_fit
106e596eb70d834843982564,discovery
10729fded9c12c035c3c4846,repair_validation
1074da7b485e60b8f180300c,baseline_fit
107a02bdf67ecd2342d315c1,baseline_fit
107bef2cda72154fc5c0d147,baseline_fit
10863c6db31c9b59af92bea4,baseline_fit
10896b76299780b9d58614cd,test
10917f8e27a856790e82b9d0,baseline_fit
10957b576b82d082365e3ad0,baseline_fit
109d379ad5fc9bbe1d21c161,baseline_fit
10a462e75f365e1e1da825ef,discovery
10a8624e63c4c66b8c4e5ec3,test
10ae4a9bd7c70560cb8d24ea,baseline_fit
10b1acdddb5f64542261e5cf,baseline_fit
10bb4600cbc1df829b043dc3,discovery
10c7b1b07ad72e51d4ada0d1,baseline_fit
10cdcb8ee9c55e829d0636fe,baseline_fit
10cf54c509b4760cd298e944,baseline_fit
10d095324ddc6beb59b45857,baseline_fit
10efbf07b5928955448efbd9,baseline_fit
110123ba5debd898d1ccace8,baseline_fit
1103f413fc22431896519b5b,baseline_fit
1110ad5948c407055a65663d,baseline_fit
112086e398eee78914016d8d,baseline_fit
1123254cfa51b88b228cdff4,discovery
1123847ff8800bc5c2b23995,baseline_fit
112e0082a4139ef80d6e5166,repair_validation
113b68b69e0788e5dde9e263,baseline_fit
1141649b0d1bad53dfb1da31,baseline_fit
114357944c5f36975d6b1a67,baseline_fit
114d6f7209541dd820a944ce,baseline_fit
11578de8dd4c4a334a97e623,test
11602121ce4ab133b2040586,baseline_fit
11646dc24c530350a00355f3,baseline_fit
117a7211e519174fd0ee21ba,baseline_fit
117e96326c1f76c23509e189,baseline_fit
1183f78daed522c7fef10fde,discovery
1183fdb2a27258234d776044,test
1187af4456e994899da7e17b,test
11896507bff56172a39991e2,test
118a092b56070037f2b18eea,baseline_fit
118a1384e3597580d2990670,baseline_fit
1191f46eb145974e4fd25226,baseline_fit
1196b427a4a1f5e5aed698f7,baseline_fit
1199b853e0ba9e0c3ba4f302,baseline_fit
11b073dd9bf2f03b16a9a52c,calibration
11bf92378dee4f3607ef9b5f,baseline_fit
11c13960754cd61eddc84bfb,baseline_fit
11c3327d0198b4bd865f2de7,baseline_fit
11ca9954e3d3a4e5dc2722e4,calibration
11cadc806d8e39005da42251,discovery
11cf4bb2866fe3b17e36f8d2,baseline_fit
11d2a4f06926ce053768146d,baseline_fit
11d662f1c98942adc0ec8173,baseline_fit
11e57955b6a3fb0d51cc4cc1,test
11e595d5d6098d944cd44ba2,baseline_fit
11e9eefdde0f65dfd3af3c96,test
11ed651fa6ec4f89499e3d57,baseline_fit
11f3fab185609abc68e519e1,baseline_fit
11f5c35430abb4f0be869dfb,baseline_fit
11f6ca1e80bcf6e8b335cd44,baseline_fit
11f8a7f28a1d4157b881f8ee,baseline_fit
11fbc921c64cc22b199ffb54,baseline_fit
11fff270ce8c6438469da870,baseline_fit
120473db7591ede03f39117c,baseline_fit
1220685e5c6957c9e027b086,baseline_fit
1221b8875baa9df2af232240,baseline_fit
122b5a0fea88ac125f6d5faf,baseline_fit
1239b54053b198f9fed1e052,baseline_fit
124048099767d8aac1c186c7,baseline_fit
1241550cb133f4f89905d330,baseline_fit
126a7065341fdbeb2699f9b3,test
12711389a172bc8644ebf619,baseline_fit
1276ba9a092f82ec1850ba2d,calibration
127dad506e6df302f4fea301,baseline_fit
12953e5b4439bd0de90ec3b6,baseline_fit
12a76eef6e7e49a5c9cd72cc,baseline_fit
12a80941a44f9f96de3511a5,baseline_fit
12b1ab9fda8cbc1481f197e6,baseline_fit
12b4f58cc240588abaf68895,baseline_fit
12c64d4e25fe5e8f7df794cf,test
12c9e902d4f0f78884eafa3e,baseline_fit
12d1b054e3b71e394fe6953a,baseline_fit
12dfe21e50f786e7a9cae50d,calibration
12e3bf36cbc39b7a9ef13fdc,baseline_fit
12eb23e731e91ce4b4be1ef9,baseline_fit
12ed24f8b17de4d614785fd8,baseline_fit
12f723d3f7dd68740df42e64,baseline_fit
12fe37ee06de22d748b6721b,discovery
13027e78720d6a552770f162,baseline_fit
13048fefec05508de00f92b7,baseline_fit
130b457839292dd2c0f29065,baseline_fit
130c8e210fbf3fa500f0ea3d,baseline_fit
13227a7e445d835ce2b9f33a,baseline_fit
1325bd767979159db4ec7743,baseline_fit
1327a8404d1f0df8e9cf4517,test
133850998d9e58e83080fcb2,baseline_fit
133a77fcd6a73f9872098ea1,test
1340982f0f09adeaf36777b8,baseline_fit
13427d1bddbe8ef1e664205e,baseline_fit
1349bd3e1ef6333bd1827438,test
1366eb8abd5161b78f6ace59,baseline_fit
136821344a935d0dabae2a84,baseline_fit
1372e26640355e148d50cf03,discovery
13734d90e0b61b47192492d1,baseline_fit
137413387747101fa26607ce,baseline_fit
1379ff2ff5a07491340a3862,baseline_fit
138f12fe0c461b36fee9bac4,baseline_fit
139285f720e08ed0ebaea1e0,baseline_fit
1399642fc629b972ad444db9,test
139df4ce593e03db5d2bd370,baseline_fit
13a4db413e43b93fe4dc99d1,test
13a9cbc5aa7a6406e575806a,baseline_fit
13aa6bdd8c5d0921256297c1,baseline_fit
13aea57255b6a390090dc581,discovery
13af3996e6d5162f6beae8ce,baseline_fit
13af5839e3d1a25a0c323c2e,baseline_fit
13b993748e3c74dc7b63fa07,baseline_fit
13ba04576d9d34c769cd0a6f,baseline_fit
13bac16b8599a4777f562ba7,baseline_fit
13cf34ff7f19a6960facf1b8,baseline_fit
13db42935c0b8f766d2fd0a4,baseline_fit
13e08abb73452e50db22f8d6,baseline_fit
13e486d978e1a4aecd22a259,baseline_fit
13e62a0b0dacac49f3c918e0,baseline_fit
13e806939e140ecb0fd19e25,test
13f050fd97648b023a02521f,baseline_fit
13f4381f0c80c09e5467ef85,discovery
140e503f3eb0e9d16089d872,test
1413f43d6ab18836ead3e05b,baseline_fit
1415a5c0eb0f0bf5f8dec82c,baseline_fit
141a4f30e45231f055651e65,baseline_fit
141fa8e3eca51629ec9cded3,baseline_fit
142065e4908e9c4628da7124,baseline_fit
142b8290fd5524f5f67949ad,baseline_fit
142ea9797ec5efa1fb2240cb,baseline_fit
142ebb28bbb9099c3cc5703b,baseline_fit
143024728d43ae535764a588,test
14383857951bdb1b87647fb0,discovery
1440ac9e29e203f887b6ed0c,baseline_fit
1445618647c26928b380e48d,discovery
144938a5e22b61669d59b0ba,baseline_fit
14500096ca272d018d5b8c96,baseline_fit
14607fe5e3b145a291c69aff,baseline_fit
1467cda9bb05772020a27b52,baseline_fit
146a4520696d3a4887324b90,discovery
146ab3fffe937d03221782ef,baseline_fit
146c7b16c6a41f5994392fe1,baseline_fit
146ce7332e071ff14400e0d8,test
1476b63fbeae940fcd938079,baseline_fit
147d8c80e8529748b8ed5f37,baseline_fit
14938e196af41ca702e57eb9,baseline_fit
14a30e44e4de48f508350ec3,baseline_fit
14a5611c4a6e8bf07fd9c307,baseline_fit
14aebcba93054c91f1941657,baseline_fit
14b5940ae1339296ce5e0a46,baseline_fit
14baec797898c48ffe3a2535,calibration
14bcfc6af7f4ec8574ff516e,baseline_fit
14c9679a64ff1ba1e121894c,test
14cd3a439dc554539b948999,baseline_fit
14d2af2e6c4e1738803a2e56,test
14d31027bf4e3443b45fc3e6,baseline_fit
14e34887ccee2897bfe46d80,baseline_fit
14e5c75b1b02bc0ab3c004d2,test
14ecfb4338592288112f746d,baseline_fit
14f623a24c54ee6e9a7f9cb7,discovery
14f6b99d939bc2f1a41526a6,baseline_fit
14fb1225cfbc1025034a9c46,baseline_fit
1508dc4e6a8cf1ec19d1ca0f,baseline_fit
15108c7f20f2b7de6284cdc7,test
1515adb6fc0b72e803f3b1ea,baseline_fit
151b0d2d9b03d9a459899f06,baseline_fit
15265cb703ce39ea3b64205b,baseline_fit
152a105c597bba0ad70c6a3b,test
1536d7608d88564971887204,baseline_fit
15408a7246d06735a29e58ad,test
15452dba70adbb6ad2b72cb9,baseline_fit
154c5bc15c8c0dc12edf9166,baseline_fit
154df223f5006fe58eb6a89e,baseline_fit
154eebb6c4548eec18c1216b,baseline_fit
155779970bdfd86d988de509,baseline_fit
15735173987ba95aa537a74e,baseline_fit
1574dff8fca534887d0effc2,baseline_fit
1577facf778610252ee4bce6,baseline_fit
157921cfa02af42f13314282,calibration
157a0af981123ab531067dc5,baseline_fit
157c193c9206a041b0d683c9,discovery
157db0406e1f18c84fb8ad68,baseline_fit
157dcf2209df3fb42cd7ca48,discovery
15814072ad28a28e7490a530,baseline_fit
1581b3475f232259f6e332d1,baseline_fit
158da4c19a69f5322121362b,baseline_fit
15990064ad08d0786f1fe980,baseline_fit
159c9155b652d641993d9817,discovery
15a23b23114f9b06eab6a68c,test
15b8a9a16343e503f7927dbc,baseline_fit
15b914046af9ce3d80669044,test
15b9b7609745789aef7926f7,baseline_fit
15c046b63151a1f6c100079e,baseline_fit
15c33c35580b3d5f30c2849c,baseline_fit
15c6ca97662576e99abe1480,test
15d2a4eccee66636fc1d6271,baseline_fit
15d692c05e53b30e7a686871,baseline_fit
15d82aebdc07e4a45d4800f0,repair_validation
15da6a8690ebc20f47c74ff9,baseline_fit
15dfdf09d50477b398bc33ef,baseline_fit
15e1e9c3b6085b5cd7bb213d,baseline_fit
15e2a7b68391f307f4b1cd4f,baseline_fit
15e300f03abdd9eebb99c7e5,baseline_fit
15e4267ef6cbdba837005bfd,baseline_fit
15e462b6f2511e15fd3541eb,baseline_fit
15eaecdb225379cf1d462d9b,baseline_fit
15ef1aa060a6b8d88f8e66bf,test
16016be0629fbbfb1b45ccfc,test
160652b73027545d376a1f3f,baseline_fit
16074ad7570e73e60a141f7e,baseline_fit
1608e5b34b10888da4224b1e,baseline_fit
160e3a3612a9e766189c847b,baseline_fit
160f8b96f1c32847bedc4776,baseline_fit
16129bbdf6a7e07cd43e6e0c,baseline_fit
1614338c4d06855098f4c7c6,baseline_fit
16185514e83e369227ac283b,baseline_fit
161ee0506bdf7b67f7c3752d,test
162409dbd8967401ef2efd97,baseline_fit
16289ddbb15355f37bc541db,test
1631ceec4b8bf98fdcb6713f,repair_validation
163430181112b9281f4dcf48,baseline_fit
163b7eb316ab6e20894de60b,baseline_fit
164a20fd41ffc144d31b3a94,discovery
164af40bd3ea2efbf3955f62,baseline_fit
165a1511cb238238850eaf02,discovery
165c57971be1fa8c16fcc138,baseline_fit
16629098b2e1a3afc8abf87a,baseline_fit
166f462d57d463f561fdc917,test
167443ffbdf822e28a406d63,baseline_fit
167afad0db3a665419aa4c08,test
167c0208934e934cace06ec0,repair_validation
168204773119ca812628e4fe,test
1694ce90d458289e7c2d21a8,baseline_fit
16a34fc7d3e8ccfcefeffe71,test
16ac8ce42800c3fc691be66f,discovery
16b56483f85606bb8ec1c2bf,baseline_fit
16b96e3dbd56c80825203875,baseline_fit
16c7a2cdd6356ec93b902005,baseline_fit
16cbb153f9ad5818fcab534d,baseline_fit
16d6cc0cbd34b381323d9222,test
16d72e0da97188a12f3b3bd2,baseline_fit
16ddafc8189d5c17d0d797e9,baseline_fit
16e195326743d72ae78ffac8,baseline_fit
16e3309c591cfb734062e4f7,discovery
16e6dba03c6e8da755b16535,repair_validation
16eb950b2e19c2f964d22758,baseline_fit
16f4ede53026197cf0b58f7b,repair_validation
16f63a8c77fbf23018f335f6,baseline_fit
16f6ac34316f92569370e0fe,baseline_fit
16f7df0418a11b40410657b0,baseline_fit
16ff962f8ebccc3d3d0e826e,baseline_fit
1714a1f60b5212975ec55349,baseline_fit
1717387840bf081238ea7246,baseline_fit
17185359e911f9a4c090d0f5,test
1722f199669da97ff1c0bb7f,baseline_fit
173250ef4020736f3b2bb0db,baseline_fit
1732f8a1a791805d72ed829e,baseline_fit
17381fc8322181797a9605b6,baseline_fit
1742771c23605a22acf92c5a,baseline_fit
17568752aff3b7180ec117c0,baseline_fit
1768abbc40dfaa1213521fef,baseline_fit
1769367bfe4c957d48e7d96c,baseline_fit
176b6d0ea2317eeb82100973,baseline_fit
176f8f59fd20eeb7ee9877c8,baseline_fit
17745971a2c69ce642909924,baseline_fit
1777e5dc70ce8acc0034ce60,baseline_fit
177cb103437457586a0f470e,test
178382bc21907eb7832dd458,baseline_fit
179f47bdd06007dc9629a6f0,baseline_fit
17a669915f89ba1a7621472f,baseline_fit
17aa6d914904c1f14ccd1eeb,test
17aea2b4144a4a53da35e0dd,baseline_fit
17b0513a87c60cfaad28c363,baseline_fit
17b4535d02eca4d79d23c6cf,baseline_fit
17bcd321285d52ba870e9c26,test
17c1dfffa6d23ee596cdb4d3,baseline_fit
17d75cbf26ff5f3ce134b421,baseline_fit
17dddf09a9fda891c032a6af,baseline_fit
17dfa91cd9d8a7450d4efce8,repair_validation
17e497e4f7c7f4cf71f8cdd1,repair_validation
17ed643cb6ac1df0f094af0f,test
17eddc8f67b35f3ba493965b,test
17f436610b02682220a3823d,baseline_fit
17f7cbfa78a0a0afb1041489,baseline_fit
17f9f9ba3a27b4db429dae0c,baseline_fit
17fb7f0135b28d9afab11b5a,discovery
17ff440f5a906127eb6f7d71,baseline_fit
180ab1961cfec06155122bfc,test
180ca870af4b17ace4b2e919,test
180ec9c334ae056e2b176173,test
18136c74a10621ca04f7c8f2,baseline_fit
183620d2ed6026767521bf80,baseline_fit
183929c260800a7211c1166f,baseline_fit
183d384fad4870594842151f,baseline_fit
1847460b78677d62b1685b51,repair_validation
1847c6054d92b3a3a3c317ed,test
184e5afc44ad372bcf696db7,baseline_fit
184e96770dcff9d4d062f76b,baseline_fit
18594157f5d194328879da95,baseline_fit
18645b5256ce33bbf64b16bb,baseline_fit
18680a0248f98d5910a14746,baseline_fit
186e8fd34db2cf718775d527,baseline_fit
1871354676a20e2b8934e0b9,discovery
1872adda6f1ffa31ed20e7ac,test
1874be39d21f9de54c25176b,baseline_fit
1874c776ec53bb10087511a4,test
1876cf037fe16496db034765,baseline_fit
1879a40f7307a0a3f0225c62,baseline_fit
187f41bc73cf55efbd052e5f,baseline_fit
1880f06b10633d27b4c88a26,baseline_fit
188278a1f37d0a6f4d795f9d,baseline_fit
18833526cb53f53d2a89a16d,baseline_fit
18847b97d9164e77a4a736dd,baseline_fit
188ef35e0fcc049bf8d8383e,discovery
188ff532a601f165c9177656,baseline_fit
1893eb7035b64974fe6d6dc1,test
1894231d9d16775396c5ea36,baseline_fit
1896414ea7d5f2bf81bd38cf,test
18a3428fa7f348c28e4c5a0c,baseline_fit
18ae4fd6e67724b5079ffef0,baseline_fit
18b0fe92408e2f430d493d3a,baseline_fit
18b12d6b5057a63a98824015,baseline_fit
18bdd07c7205e67f5fdf6440,baseline_fit
18bfe3552a13088dbb7471d3,baseline_fit
18cc69a0bc4aa0944b38ed62,baseline_fit
18d4d0ce1c5f1f7aa0283347,baseline_fit
18d92a584dd24100e7650109,baseline_fit
18dc708573bddd99bb7fbd50,baseline_fit
18df767c2096bbce4c3e770b,baseline_fit
18df89df1132701d75188aa5,repair_validation
18e6446f3611534cfc52b872,baseline_fit
18ecde8e0447507b574fc971,baseline_fit
18f08bba8be3026ece2bf96e,baseline_fit
18fe38aa0c65c6ea533c177c,test
19032cc1c07e3e622ea1c264,baseline_fit
1905ef1b46f0195ce9960d4b,calibration
190a332f5d43853e81841c6f,baseline_fit
190ab9160534a9be185d60db,baseline_fit
190aba8cdd3d4bf3e8ec944b,baseline_fit
190cbfcada0d8421abd9c803,baseline_fit
1911112685c8dafc0ff26470,baseline_fit
19127c2b5cb031aef3f0b7a9,test
19130cb237113cdd57bb2643,baseline_fit
191b4b5ff7c3d7ab4212154a,discovery
1922db148d2c0bdda1571ea5,baseline_fit
19231754442ef8fe340c5d00,discovery
192e054333c0af42218123cc,baseline_fit
193493365930966ae2d4a0a7,baseline_fit
19349d1fc2dd79dac92bb606,baseline_fit
194182667db3f18a76eb7593,baseline_fit
1941a7282bdfba82ea660428,test
19430b39e6d4424c9aada239,baseline_fit
194a600aecdb55f03b9e92ff,baseline_fit
195ed4f97c76c8613f532eb1,baseline_fit
196243f93cb29610b04d5be2,baseline_fit
1969f52d8075a5cf5de71578,baseline_fit
198362608ffb29220eef39f6,test
198f8ca16adc2cc3e18375eb,repair_validation
19a971763d31a46329b56de5,baseline_fit
19ab7654be94f789e151d12c,baseline_fit
19ac664e3138f3afa7622e1b,baseline_fit
19ae4b623993c2673d6dc917,baseline_fit
19b0465961149dda2496534a,baseline_fit
19c0fc990fe8f73573f29fa1,baseline_fit
19c354931e8e343661f27616,baseline_fit
19c841082f1b3d459a4c1c46,discovery
19cc8a0737afe6877d57be7a,baseline_fit
19d62f1c08657778190d0b3f,baseline_fit
19d75000915a2766dffd4a6a,discovery
19d958eadcdef579a31d0ac9,repair_validation
19dca9a5e4493371054341da,discovery
19e2d3c2162a141ee72f01b4,baseline_fit
19ea74b3cadd4f0b4b1d7695,baseline_fit
19efc8244e859977f04a31b2,discovery
19f11f789c21f875376fe05d,baseline_fit
19f42fdc4932d0840d5d0b87,baseline_fit
19f4a1e4923ad06b9648401f,baseline_fit
19f5f59452d7a93b99f0a212,baseline_fit
19fab84ddc2460a7c0cc3501,test
19fac2805060a7f68e906159,discovery
19fdaf5e67eebf1694640311,test
1a0549bd99ea09b395237fa5,discovery
1a0d64b938125c4af5022040,baseline_fit
1a10aa32d122f5c765f06e85,test
1a1262114305df69ca18a7bb,baseline_fit
1a1a3bd72abb8f0041f6a2d3,baseline_fit
1a26d4b99da09c46e5f640ef,baseline_fit
1a2e0a80661458c3432b3c33,discovery
1a3063844e363b93b90fad35,baseline_fit
1a3180bdbb060235f7ff04c1,test
1a38ed6d647bfcd88dfc0e4d,baseline_fit
1a3b1b388ee00fe6c87f7b18,discovery
1a491e918bd54f68ade45b4d,baseline_fit
1a4937a369a2f34510f4e357,test
1a502fd3eb5698f929644fcb,baseline_fit
1a5398a3e714a30ee1775322,baseline_fit
1a5425fe83640b5884655c2d,baseline_fit
1a54c6a5e1f3889d0bc9afa6,baseline_fit
1a58fd1277223727098956e0,baseline_fit
1a59ca572ebb302210924a20,baseline_fit
1a5f348399c57ae85ff59a05,baseline_fit
1a65c0772d065fc6be9c2f3e,baseline_fit
1a66e9133205d09cd3e994b4,baseline_fit
1a8cfe4ce88ac784b1ab6148,discovery
1a8e79645c8a36f4164a6db0,baseline_fit
1a9993320a506df18d5c316e,repair_validation
1aa253b7849cc0226300aa0e,baseline_fit
1aafa3ee9ceb450a16762b2a,baseline_fit
1ab79c2a90bd23006f39dc17,baseline_fit
1ab8c37de2c6ecf52e04e5a1,baseline_fit
1abe27c07401901b7a44e6e0,baseline_fit
1ac490b22bf8a414d7c10ff0,baseline_fit
1adda941ed698e780328f146,test
1ae24789ac524fbbb3f13a08,baseline_fit
1ae2c025ee8601b1724088d1,baseline_fit
1ae4b79ef83ba9bd318fa0eb,baseline_fit
1ae4bd02322dfd93a0ff6b1b,baseline_fit
1aeabc26c7706d14435c806a,test
1aebd0ec572a2da814285a1d,repair_validation
1aee676302bda893c1e69757,baseline_fit
1af1afbcdbe609e7251e9646,baseline_fit
1af1d9cfb9258cfade157801,discovery
1af3940c730905b496c2b7b1,calibration
1afc529211b93d92c774ce15,test
1b1749edf991a86ff94011dc,baseline_fit
1b2514f416f6dfd2cefed981,discovery
1b2a8512b10648af49b324a4,baseline_fit
1b32b17b1c27723e0ca6eb5d,baseline_fit
1b36c46ae2e880d9e81d7b14,test
1b4473989df1c0abf48e44ba,baseline_fit
1b56d1f9b1896e451fb3c984,baseline_fit
1b5747a0c6614f6160acd136,baseline_fit
1b5df8f6141e12e8dee089d5,baseline_fit
1b60782691e5de51b7f61ff2,baseline_fit
1b68377d5cdbc55afe174acf,baseline_fit
1b7e0d866da63dd257b8486f,baseline_fit
1b831832c8f76dfb13663550,discovery
1b841cb0e32b988d2ae6a064,baseline_fit
1b8516b8452e78d7129e031d,baseline_fit
1b87d2223d32e19504332eed,baseline_fit
1b8889f37b8c0253df99a5ae,baseline_fit
1b8dedf915fc5e00b4aaa633,baseline_fit
1b8fedabbcc33c7f6225da07,baseline_fit
1b91260260c61100dea3a053,baseline_fit
1b9359faad730bfbc786142d,baseline_fit
1b9dfe0edd975eaf4236f4f0,baseline_fit
1b9f2cede372fd407c5924ed,discovery
1ba1d5c1a392af048344f23c,baseline_fit
1ba62727d9fe5aa6cf3912ac,baseline_fit
1baf36fd28f14d53da7e8d79,baseline_fit
1bb6dff56b919ae4b1b32574,discovery
1bba880832c44fb31557add3,baseline_fit
1bbc30a60e2f766bfea90bb9,baseline_fit
1bbfba3a8f5f7f53357a5956,baseline_fit
1bd02e31d5e68e9b26715c18,baseline_fit
1bd94558892dd796fa5eff70,baseline_fit
1bdda37267cbd972e128bb61,baseline_fit
1bde6675ff26377b2ef07e63,baseline_fit
1be11cfe0e7dfc20c0f0ea7b,baseline_fit
1bf0c44ebc0fbb95a9b37c80,baseline_fit
1bf1e711178c3b0f57082240,baseline_fit
1bfadd9adb34245571b59bc3,baseline_fit
1bfce7a43248ec8790091683,test
1c194d428644bc01b3d4f50e,baseline_fit
1c19acd20e7104cc85dd01fa,baseline_fit
1c1a83ec41b7f7d3b3ac2819,discovery
1c2ef66d2f1cd10dcdfa7f03,discovery
1c2f58499dac7825cc8dc661,baseline_fit
1c3363e5867313590a4640fd,baseline_fit
1c373c7e32f4e9395efafd20,baseline_fit
1c3ef24a8e7eadab67db8604,baseline_fit
1c40a2380e5b1acffd6948ab,baseline_fit
1c4c92484424bae114a105d5,baseline_fit
1c556604fad5bb4e9f37cbb4,baseline_fit
1c580ef384f549fffac071d3,baseline_fit
1c5efb7a83e6f566c05c42b9,baseline_fit
1c6c0b18ebabee7d320a21a8,baseline_fit
1c736beff71429478cf12610,baseline_fit
1c7414f6595aad505b7a1eef,test
1c77ffe9a9f8f77578a3caa9,test
1c7c34ea6bb7466fa26c6c91,test
1c88038e7843630643f4654f,test
1c888a07ee9172639eb26bf2,repair_validation
1c8a588af8f4bc11e4c70b19,baseline_fit
1c8a93d7347e71533d8cd5d1,discovery
1c8ff0aa921a348eb1abfd38,baseline_fit
1c9123122f605e46fc2b859f,baseline_fit
1c921e870f1082931365147d,baseline_fit
1c93d16bc2c8ff871ee872f5,test
1c96195b3879c5ae3de5b3c8,test
1cac3b85cf1499d7db672bf4,test
1cb1b8bd483fe6403f6fe19d,baseline_fit
1cb8111055f853480c880a85,baseline_fit
1cc68d12f400639dc7ea453d,baseline_fit
1cc6accbd33607e7c8e61256,baseline_fit
1cc9db21b4bc3c1ac6f52ffa,test
1cca95ad24a7c0f356b5cc97,discovery
1ccfb443a89845b583135f3f,baseline_fit
1cd1fc9fa194534e63190514,baseline_fit
1cd207b6622e605d3c7425c9,baseline_fit
1cd613e6dde80deafef15f24,baseline_fit
1cdb291ed9f1c91225cfe642,discovery
1ce61b79e18eb902cccd80b1,discovery
1cea4450a4ced52c3c4d8b54,calibration
1cf57f717a39390b467ab629,baseline_fit
1cfc6085e1856dc0534446a6,test
1d106e621ec5a2fcaf30ab34,discovery
1d22d6b469b44b5f1bd0f34e,baseline_fit
1d24a76346a76290e6c0c476,baseline_fit
1d29329c35ffd11f847230e1,baseline_fit
1d2fb089f24eaf70e45bc36d,baseline_fit
1d372068ee9bdb858d5c4c7a,discovery
1d4c1a0eb7f8527e63afd6b0,test
1d5254245803297ec6235fbe,baseline_fit
1d5a28baf002b8bd6f0c245f,baseline_fit
1d6bed462217947ae5f157f2,baseline_fit
1d6eb71e3235fbd2d99cef2d,baseline_fit
1d6f098a19d0eda8d8852f89,test
1d6fe3c7859d5bb46ec77b5f,baseline_fit
1d841c0bcfa4d6fdc0181ee6,baseline_fit
1d852ea459f0782167bb6937,baseline_fit
1d8a231e8132cf8d0b09e90e,baseline_fit
1d8d19c76ac7b4ad98f4a571,baseline_fit
1d8ed8b9d800c3415b2f4a44,test
1d9226570b9666a2dc4357dc,baseline_fit
1d93a9e9196a4ab9622a9cfc,baseline_fit
1d971268b1c5f125187974d5,discovery
1d99c1c39e7b7412a0efcca7,baseline_fit
1d9b2086a6aa6d15776228b2,baseline_fit
1d9c8e58ea032550e49d5c66,baseline_fit
1da6b80a98d92d2eec59f700,discovery
1daa21481e592903b810125c,baseline_fit
1dac5b0aa1a2ad341fa910ba,baseline_fit
1db3deffe917407b44314693,baseline_fit
1db3ea40d6e0e2a7e0131da1,calibration
1dc2253d14a128521f54e482,baseline_fit
1dc785462b0c2acfcd8725fe,baseline_fit
1dc92e8ab328b051c2680f91,baseline_fit
1dcf4f5198db81b82e16cc36,baseline_fit
1dd9c4f21605111fbf312976,baseline_fit
1de657ad5a5dea451dcc5edc,test
1deb7fce9de3abe28103b716,test
1df0f195b4d806e541d0d7ac,baseline_fit
1df5bb08a9f9dad1034984a1,baseline_fit
1df6b244584f11fdeb7bc37d,baseline_fit
1e0bb8293dd70d6b5516a950,baseline_fit
1e1572f5f0b9aa52a1427ed0,baseline_fit
1e1b6fe4d5a3e1c79ecd3696,discovery
1e1bd7863f2ec08398c68e25,test
1e1d4f24e39e30f3b4889fe8,baseline_fit
1e3402a37c9742dab94f6430,baseline_fit
1e3dbf8da02d8818b0aa8a73,discovery
1e3f67bfab0f5d9131b24107,test
1e4998111ea413c3e60176fd,baseline_fit
1e499890fe47fb30902ae930,test
1e529c47e3a6399215943edd,baseline_fit
1e54979216c568ef641dae89,baseline_fit
1e564f20375497caacbf3d83,baseline_fit
1e5888e4c57f9e5ae45e12c9,baseline_fit
1e5a445755a48ac9ddfd7ce3,discovery
1e5eac8a59af426d50e55364,test
1e631ec01d0792a0bf281fa2,baseline_fit
1e63e1da7a43f30323a77a77,baseline_fit
1e65d5212f7a6955d9a419a1,baseline_fit
1e69ef3677d49da24adacb3e,baseline_fit
1e710b453ede4034ad2c2e2e,baseline_fit
1e71a62f1afeff0ddc45e910,baseline_fit
1e74f02891a00973c5163058,baseline_fit
1e75b53e0e99e5e7df5e9599,baseline_fit
1e85a3ee098113133286babe,baseline_fit
1e8b8376d2b44d8648731b44,baseline_fit
1e8cab2f7757dab1cf095854,baseline_fit
1e8cfb54d313b31fcf31e332,test
1e93d5325c7d47fee8a6aa31,baseline_fit
1e9596ac5ec97282d71bda41,baseline_fit
1e9c62809a77e65edcc0e7e1,baseline_fit
1ea0fd85cbcaa99aa01c41f7,test
1eacce0accc04ed70ea5d0f4,discovery
1eb0c279bb55e94990d7bcc4,discovery
1ec4ece5eea43455fee2f3d9,test
1ec5c81be121921f5ddfe655,discovery
1ed2b0671e7f0c43fd36c502,discovery
1ed739327c9b5fa13045c567,test
1edb200f684d32b5e5fa68c7,baseline_fit
1ee3f72c9a8d577a88095b83,baseline_fit
1ee7c983f8b3c1ddba3c7581,discovery
1eee8907cde3b084a1fc5471,test
1ef3281f22bf1f989d728927,baseline_fit
1ef7957fe420cb61ea791232,test
1f08aa265f331cdceffe9621,discovery
1f0f42de08798ca58b21a4e3,repair_validation
1f10c732bd3c03757f030d6b,baseline_fit
1f11ae0a6dac1a6a2327b266,baseline_fit
1f12c9da22ae081b7dd32b00,baseline_fit
1f21e580451cc0e083fbf5da,test
1f2848b93c87275105d85bd0,baseline_fit
1f28d4917ba51e5b4562e224,baseline_fit
1f2ff6364505dc0822cba659,baseline_fit
1f30b96c1a8b3ed137648b28,baseline_fit
1f32722a2a05bd9bbf7f609f,discovery
1f395b437ac571e1ae9a43ae,baseline_fit
1f44a14bf22092c64e7aadc7,discovery
1f5a94f0b1c4a492d417e9a4,test
1f5cd9984799112ff24ad141,calibration
1f626a149bc19ab8a4a125df,baseline_fit
1f63dcbe985359b308734a41,baseline_fit
1f66f862916dc6394164adca,baseline_fit
1f6b4e62de6d1589c80c2f7e,baseline_fit
1f716a8727799c45b7bdf6d4,baseline_fit
1f731ba3487504127a148bc3,test
1f7358ef43229cc50e29e9c3,baseline_fit
1f7be272020847a90a59a2dd,baseline_fit
1f7dc8b869f8802ca19bceb4,test
1f8c26dec7c8bd1c3388bfb0,baseline_fit
1f91ae66f845fd412e589c38,test
1f9f3f4e8974ec5a6f261e89,baseline_fit
1fa36151eaa0685aae46f488,discovery
1fbcfd50be6336e0874a84ca,baseline_fit
1fc03ee0d263677672cc5b17,calibration
1fc4459ee115c65118958bbb,discovery
1fdd49d9959d344559a42616,test
1fee5edec4351109e786a5a6,baseline_fit
1ff5e6670ae56bbe63ab5fff,baseline_fit
1ffa422389a070e261678881,baseline_fit
1ffb78f0e4d952f2b0c766a1,baseline_fit
20030225a79a080c54c6c8d3,discovery
2007baddb28b2d04ce59a175,baseline_fit
200fe6e60de2b0558aafbeec,baseline_fit
2010c431362d4883be001aa7,discovery
2019a9a46d07b215f9b25b3d,baseline_fit
2035b4b81e0df8d3c193c2f7,baseline_fit
203d5bddc622f517865ebf06,baseline_fit
2041c6579a6930a9113cba3e,baseline_fit
204e6989595be544653a4e67,baseline_fit
204ebf694c0dd20153a2722c,baseline_fit
2050c80eca161245422a5e1a,baseline_fit
205f99a7757e111fdd406627,baseline_fit
20609c50ce66e87766492bcc,baseline_fit
2062a244083886bad8c24cee,test
2065dd8a455498622cdd288e,baseline_fit
20672301c7e3637144137e46,baseline_fit
2073fe07e54776ba2c330244,baseline_fit
20741ec03162a45daf6e7481,repair_validation
2074b779a8243500350e538d,baseline_fit
2077900055a3127f19f6508a,discovery
207e353b363d51a436277104,baseline_fit
207fd78245bb8adbf483aa02,baseline_fit
20885a9df9f63765473714a2,baseline_fit
2088f7f221cc383326c062ea,baseline_fit
208e7c77e5b2596291d762d0,baseline_fit
20907843176357711d13b806,baseline_fit
209e8acc5c524419f6a366ff,baseline_fit
20a7fa5c2498038945efcfb1,baseline_fit
20a8fe4b1f30a4d2ed6c8c44,baseline_fit
20ad8abdae5abd5297a84274,baseline_fit
20ba483a05adf7c10d85d803,baseline_fit
20bc38661c1bd7b50931949c,baseline_fit
20c1ecbf17615ea1b4d6f362,baseline_fit
20c37bdaae99b3af25602449,baseline_fit
20c405700ed376e8a4d890ac,test
20ccbe5248d5bc7442c43f15,baseline_fit
20d39d2ab987c8809a2c3bca,baseline_fit
20d43a713dabe86d0b5a1a62,discovery
20dbb21b85aaea638b236d04,baseline_fit
20e386d2913b5b1495571901,test
20e8233b3b89d519ee89e2f6,baseline_fit
20fd436aaf54d2b29f7b86e0,repair_validation
210bd6cf1190e7e45779c85a,discovery
211bb41ccac147d88b4f9cfc,discovery
213cec0731c69ec328450301,test
2141e554458a11cf481e8143,baseline_fit
2142329386d36358c60ad355,baseline_fit
214306e0a13201123ca85860,baseline_fit
215816db485332b420440cdc,baseline_fit
215ada37466455edea68d089,baseline_fit
215ef228314d8f619fa0f2eb,baseline_fit
216107023e0596b81e646011,baseline_fit
2167bd11516fb21323a0c9b9,baseline_fit
21694c8c299071939f9063be,baseline_fit
218a599eb3c21211d3a869f6,baseline_fit
218b5f6cd22690470cf90d88,repair_validation
218dfcf852cc1a8056a3a132,baseline_fit
2190e4a5ebcd5edf77365545,baseline_fit
2197dbe2250abe9a5e62b250,baseline_fit
219d7460b4cb7157a44ad1cd,baseline_fit
219d88437888147ef085353e,baseline_fit
219e33cb794b72c6de981a9f,test
21a08e5755c40d0c743241c0,baseline_fit
21a1dbb59d995ca2ed49de69,baseline_fit
21ac6b83a98ac0f88f7188b2,baseline_fit
21af68c5e9fb489f41ebc601,baseline_fit
21afe028cb3e2d011662877d,baseline_fit
21bafc358539d0541d6495c8,baseline_fit
21c126e6a61d238e6b8d6dd3,baseline_fit
21cdd329057fa28137195ce9,test
21d610d059c369b31753a0e0,baseline_fit
21e8bec652f04deb3ee3b535,baseline_fit
21eaa7c281d35ecc1e10d06d,discovery
21eafcbbf36a2915b0257589,baseline_fit
21ef190580373bdd466ea072,baseline_fit
21f717b5d393b9c63cd597e2,test
21fb29a29ba14e19f55f6630,test
21fcf131dafab937167ed1d6,baseline_fit
220b4cdcb2ed94d554a4aad0,baseline_fit
22125574e002d6c23a97b4b9,baseline_fit
2213700732f47f2e5468fb03,baseline_fit
2213be6aaf23fffdaaee133d,baseline_fit
222ad83e95b1a6d18a6580e1,baseline_fit
222f50afdb08d52a2608220f,baseline_fit
222f59db2da3246c3d4be237,test
22342657aa4da5650d18062d,discovery
223684661b404a6e0b3f3f26,baseline_fit
224b16e767e9dc60392658dd,baseline_fit
224b5a53b50443f8fb2fe927,test
2250867a0b8fc57ddc863c2b,baseline_fit
2258cfb2a67d9e756f2bf428,baseline_fit
2264faa2ee1088ecd50561fa,baseline_fit
2266f3fc54395fbb3dad7c7a,baseline_fit
2269fc547d4ea2dd9a122fb7,baseline_fit
227514545014bd699e93bc40,calibration
2278a03ff3a3a03985be4112,baseline_fit
227a52428b8e20aa001d4bba,baseline_fit
2293dff9b20b0b05c13ad5fc,baseline_fit
229e71784b37dec96f466e58,baseline_fit
229f63805390c94b9039452d,baseline_fit
22ad5e7374ea0a262a87dfb3,baseline_fit
22ae6e8abbf5ef5ae43cdd54,baseline_fit
22b2a9d6858163818ce26e7d,baseline_fit
22c1bde804aeed4399ee6ade,baseline_fit
22c8edcc0388950eda5a2308,test
22c9fb19a7a6b9564762f368,baseline_fit
22cfe9f8334f2f4644d1af90,baseline_fit
22d25cb301546a94c211050a,baseline_fit
22d747ffda42dbb88f353245,baseline_fit
22d980eb280292f850ede658,baseline_fit
22db038377af3b9fde49b57c,baseline_fit
22e27d35ba3afc0d5beec20a,baseline_fit
23064c931f4d5c6e9afde682,baseline_fit
230ded118f03d492f0fabdba,baseline_fit
2311e1149c7c50d28bafa9ca,baseline_fit
2314cb3e672ae446e6044548,baseline_fit
23183f983f41372c6987ce3e,baseline_fit
2328bf05b379859ceb7dd5bf,test
232a104f248d0aedb4cab948,test
2331a2d7c75861b0f279d7e5,test
23320907d775b5e074b7bf18,baseline_fit
233311a292e17538de1c6b10,baseline_fit
2336324c22490b0ce8288cdf,baseline_fit
233b5e12132425f657f1490d,baseline_fit
23424ba6153ec0b1bff4cfc6,baseline_fit
2353040fa2b6de2d904d3ade,baseline_fit
235c31aedaf001d26862a99f,baseline_fit
236243aaa507b01230e3c298,baseline_fit
2362a6df1ab09405796d3619,baseline_fit
2375d2f5c4ee20009bac4f74,discovery
237c7611bbb4d12f9b5cde72,baseline_fit
23814ed13479044950cb70d2,baseline_fit
238e79881ef13e168bb162c5,baseline_fit
23906a6a240d9b37d39366ea,baseline_fit
23963a3100c80b9be62ac054,baseline_fit
239be4a78592b8e822b3e0ff,baseline_fit
23a1b0aa58a737de7cc257c3,test
23a430d0d79755b9bbb76c9a,test
23a5658bf09b0270fd65743c,baseline_fit
23ac9f6f6a1f0cc9590dc530,baseline_fit
23aee162a05f1c8d0d3945c8,test
23b709669d2fb110af9712f2,discovery
23b7fd44f7db23de23fb3262,baseline_fit
23c39f91b8f2ae106497537a,baseline_fit
23cc2d341fd8854e942eddee,baseline_fit
23cc4406b88ffde24cc4fb40,baseline_fit
23d26237da617f30d9d57d6d,test
23dc933f59ee3ecfec46d5be,repair_validation
23e2746b03c66729a1828d77,baseline_fit
23f1e41177b102f37dfbae01,baseline_fit
23fb725fc45d6a9a31f60c2e,baseline_fit
24049c9af255a0b330f3a599,baseline_fit
2404af6fa6152673eda4d069,baseline_fit
2409708210da9cc8eff0b8c1,test
240c356e9f907606931c3403,calibration
241099a93731bf8903705450,discovery
24125782ed9882577532d540,discovery
24194d9bc36e06260356b5c0,baseline_fit
2425da60def7dd5a3a68b1ca,baseline_fit
2433d6db514e838d1ab89591,discovery
243474fe00bf36e87b95068d,baseline_fit
244b5c98250d8d6fe0473e37,baseline_fit
244fe53cfc5e342ab2026034,repair_validation
2461e516bb942065609892f8,baseline_fit
246fa81b1e4d146bd41ca424,discovery
2472d8f02755aca2f813e8a3,baseline_fit
2496da3b25cbb741f0d926a5,baseline_fit
249ad56adcf3e7e61b2972a7,discovery
24a0cfc42ac6316c3400b27f,discovery
24b54ecf4263eb70feaf6af3,baseline_fit
24b653e82c006a71ffb7913e,calibration
24b679a68f321e69410ea879,baseline_fit
24bab955badd5cb7c3c0266c,repair_validation
24bb21216784a5d97383abc7,discovery
24cbcb868a0a810f7656b00b,baseline_fit
24d33999ccb4908c91353e3e,test
24db9ddc2ec57b4e326dd23c,baseline_fit
24e833afa89e59a0f43edcd3,discovery
24e8928b14804f3743455bf8,baseline_fit
24ea7acb9948f50eeeae940b,discovery
24ea94635eeb5379d299a83b,discovery
24ef137463f119d58f57cd13,baseline_fit
24f1d892785429fda7f4d3cf,test
25038e5b14aac075c35669bb,test
2508229501675739073c001b,baseline_fit
25132dc6682d8ca772f2b6c3,discovery
25224b815f5899286e0de22a,baseline_fit
252530d79675710899b39b14,baseline_fit
253b7d1f9b9ec2d338b81d6d,discovery
2540939710e0cb09e2eebbb8,test
2547124fa05e25283c498d7b,test
25594a9df2b60acd19431351,test
2559aebe80aaabd4b3fad7df,baseline_fit
255f3b70caed7c38995b77a1,baseline_fit
2563514dfaf2efc2d41178fb,baseline_fit
256794d5c99bb9443ce87a0a,baseline_fit
256b44ad2d4d831df93e3356,test
256caba6f89e1fa0032a4d97,calibration
2571b8975f19d2706c587fe9,baseline_fit
258005f474362a7b008a2844,calibration
2597349ebdc37a4545c81d49,baseline_fit
25980e359f9d450d39908233,discovery
25a04404af7c9b5f135d829e,baseline_fit
25a2caee8adbdb3bd1f17557,baseline_fit
25a62b6cf1ab5d556b8468da,repair_validation
25a93d2c217b90b646f74cf9,discovery
25b4d8245e2212533899c562,baseline_fit
25ba804de4fd9c854305a16e,baseline_fit
25c4bd8b33ef7d4a49082146,baseline_fit
25d2913045c152c9385075fd,repair_validation
25d3407a45f95ea4718d02b9,test
25d6639a8f4786c390c84fa6,discovery
25db4d0c56cab697e08d5dd7,test
25dc7f1d1fd819e9bd4185b1,baseline_fit
25ed582141b2a92c9deb89f4,baseline_fit
260b90cf6c6e600e6d8bc2be,baseline_fit
26117f42427a2cfb4d525642,repair_validation
2613269e29c3d590ee9f26b7,baseline_fit
261755aa3f3cb477c61e23ab,test
261a3025927cd8ab0f2c484e,baseline_fit
264145d88401d174cce02772,baseline_fit
26425abe8882fac8867ba3c8,baseline_fit
26438edc6e7b1a2ed1661110,baseline_fit
264bd2daec45627643aecbd2,calibration
264e51ecd19204f50d455c0d,baseline_fit
26522eeb33d9278954f45431,baseline_fit
26571baf6b11c2a89501264b,baseline_fit
26624fe51797edb039945118,test
266796c4b333cf9e413aa61a,discovery
2670cff4cfa08c40662ce867,baseline_fit
2675db59c3931c98eda13dc8,test
267a6c2831843c239baf3396,calibration
26820dbfb6d937befe4ede0f,baseline_fit
2692dfe0d72e0f349b05c484,baseline_fit
26962d31fbbc4dcb32f18690,baseline_fit
26a964170c96f1e910ac14fc,baseline_fit
26a9be8d717ebdfe1a2e1e08,baseline_fit
26adb8114bb1921758128d49,baseline_fit
26b13b192956a8e416b36913,baseline_fit
26b9316c8c24d095ec7e4815,test
26bab68013986073b634d1c2,discovery
26bef39aef5c014fba053b0e,baseline_fit
26ddffb75fd808bdc90523ad,discovery
26e0a8bb1d31ae06a54d99e4,baseline_fit
26e3b00ea8eddbb31afadf7d,baseline_fit
26e8252a755b3afb51ba77c1,baseline_fit
26f4ba29c429d0501f9006a1,calibration
26f79c9d154b4a9b87dd3869,baseline_fit
27065b59eaf2856b2f6992e0,baseline_fit
2709bad497ed66df01c519ad,calibration
270a81cab773ab2c0a1689d5,baseline_fit
27155888286bdf3be7777ad1,test
27172b4d9642a9c1776b595e,baseline_fit
271ea0f0a628c31b94c09609,baseline_fit
271fb335ad743ddbee738e1b,baseline_fit
272a78ab3f92a61265240810,baseline_fit
273022e54973c1d061f9f9c2,baseline_fit
273301ca9464077e03c33385,baseline_fit
273a203d7fb771ea58acb918,calibration
2748de0987235aea4717862e,baseline_fit
274bbc9a96bcdb82263c6aea,baseline_fit
274ddae0f795e441628d2c0a,test
274e8d328682f0e8c49741bb,baseline_fit
274f2569483e3d355a57bc14,baseline_fit
274f4965a8648c7e814b574f,baseline_fit
275627aa2e2c46fbb0a9d3ee,baseline_fit
275aba8398c53136fca56f91,baseline_fit
27620f3495d07bfe3d623115,test
27648537c7d1499c0c555539,baseline_fit
277035451d082dee943aaa43,baseline_fit
27748108c5989cad899c93ea,baseline_fit
27813cbd20ffbd8c74c3c24c,baseline_fit
27860139d2a352e55470fd36,baseline_fit
278a8251c9f5839363230907,baseline_fit
2796a35e451d8047583340fa,discovery
279a65dcac527283582e37b9,baseline_fit
27a96daab4fe579f286616bf,baseline_fit
27aac58673e9d8cc66de5fdc,discovery
27b38b792f9f024b0d89c84d,baseline_fit
27bc7611433f556a38663a42,baseline_fit
27c24e7e8844375229ecc252,baseline_fit
27d0dde6543b23bb1c596c2d,baseline_fit
27de9adf61b3c274633d6d98,baseline_fit
27f2427680ee808f3dd85c34,baseline_fit
27f87b7bea3ea70f2d73e429,baseline_fit
27faedaa48ce1e40d5f75d9c,repair_validation
2804f69eadef94a1b37cb5f8,discovery
280cd21b003df5d98e317dcd,baseline_fit
281624b67b58c2594279da3a,test
281d2e5a12c21dd918338832,baseline_fit
281df315d5b58ee70d7f8e20,baseline_fit
2823b98b42dd583a64d324f0,baseline_fit
283b22fee8854a1e353e20ef,discovery
283cfe255399bd6df3f3b317,test
284075fd2e85766f4f3f31fb,baseline_fit
28431b49161eaff648cc674b,test
285398832bb6fb0651ceb40c,test
285a53ed60c2409cbd06ae7a,baseline_fit
286377b61ddfc61a4aa5109f,baseline_fit
2863ac44894b065fa899875c,repair_validation
286469c5891a2875cdda4c15,test
2875c8cd6c3fc8a26912a499,baseline_fit
287d5b485fc81690a07900df,discovery
2880a9183dbc2776b49a95cb,test
2888aa07d8a38ebdbf135715,baseline_fit
289d8fb84189c13f01935ba2,baseline_fit
289e8cfdcd0a8080587bd040,baseline_fit
28a3f564b8ae169f1967b5a7,test
28a97309caf6b4f25842c17b,discovery
28aa26fd3bd0e2af633fa596,baseline_fit
28ad2ef6c34b038f4d13117f,repair_validation
28afab2ccf326403e4f741c1,baseline_fit
28b8ae86571091812ddc2e1e,baseline_fit
28ba2cfbd80d1b28f8dc9ae2,baseline_fit
28bd929739d0e133b4b442ae,test
28c12ce06fec6213541b83a6,baseline_fit
28c1301c513513d27b818e84,baseline_fit
28c18f82e62ce7244a85d37a,baseline_fit
28c2f477eae5174dc9f61673,baseline_fit
28c8dbd842f478cae3bc8599,discovery
28c960bb4d48fa7634d4743d,baseline_fit
28d03c9e27220a68e8e9ada6,test
28d92568d6332fd418c8f503,baseline_fit
28f3a351460f6eb7cff7ad2d,baseline_fit
28f8ef8cf811db214e7e8a93,discovery
2901f4f8df11350925af625a,baseline_fit
290f7d34fa4d353b7f259578,baseline_fit
291476bc11b62c60930e0eb4,baseline_fit
2922606d0ae018c29b4786d5,test
2928bbb69b58cca23cdba2d3,repair_validation
2930ca5082a456ba3db3e7e8,baseline_fit
29363049702ebdeb49c62438,baseline_fit
29488f99df0bd5d30256d159,baseline_fit
2963d559c48a4cd3c47b9842,baseline_fit
29696fb6425831359d107954,baseline_fit
296a4bc46fed1f91d47a206c,discovery
296c6750cc0aab6c557e8d3d,baseline_fit
296e304f2597bbe68ea3a18a,baseline_fit
297f08a1f05b7b22acf919ed,baseline_fit
298681433d05a6670baa5880,baseline_fit
29884f073fb6f10599ac5bef,baseline_fit
298c8f92cb82fcccccf279a6,baseline_fit
298ffa4accf734180ed25c00,test
29914c094e4f35d2404c47a6,baseline_fit
2993230c3d35f00ccfdfe5bd,discovery
2997165286a062947bf60c9a,baseline_fit
29a5539800ae2d040f67b1f9,baseline_fit
29a74b6b4b4fbbc96f36f6f8,baseline_fit
29a7669441d9d40e41b3c74b,baseline_fit
29a81084f3886406de201d29,repair_validation
29a8363649e1da61089390c8,baseline_fit
29ae44ecc1222f7a2f5de9e0,test
29b483fdd4e6677318bba176,test
29b5fdeff6751eb4ea4c8a69,baseline_fit
29bd287192e5c19704a08d50,baseline_fit
29bf43f8459b7d1f0a70b8d5,test
29c6eb77023a96db1f59ea9e,test
29ca0593adff72c974948c27,baseline_fit
29d5c405e268dda484484004,baseline_fit
29d6b34d45afeeb0aea3effb,baseline_fit
29e8a893e69b41a09a9038cb,baseline_fit
29ec4d5a9ff7a68239b7f826,test
29f11f35ce8f7f1552b41935,test
29f307ffd2dce8550caebfbf,discovery
29f4bf790f723938c556ae55,baseline_fit
29fd6c1af5501a703ea80c19,baseline_fit
2a0accc18cc4bcc4803519e9,baseline_fit
2a136c5e566a98bc02e75eb9,baseline_fit
2a14aa01962d098b337682a1,baseline_fit
2a168b41a9a604f7149a4b17,baseline_fit
2a18056ec63dd3de1f032039,baseline_fit
2a19058274e5765cdad4ab52,baseline_fit
2a283e4324cff97a2a5a590d,baseline_fit
2a3b71e79f337fc1d0934e02,baseline_fit
2a3d3906389f71e38da90117,calibration
2a44de84cbe65fec36eeb931,baseline_fit
2a4a903b48f90447f2f86841,test
2a4d3c3a85bc79682f4b6985,baseline_fit
2a4d860cb52d6cb352301da5,baseline_fit
2a4fd7d423f59eb6ef6f6557,test
2a517bf6f99d6020cd7338bc,baseline_fit
2a523ee229e1666d6f7ba1bb,baseline_fit
2a524af1d80b6319ee0d84b5,discovery
2a5362fc6e3900a7fa6f42f7,baseline_fit
2a66453bd33fc6301568d366,baseline_fit
2a7b26034575270200b38b05,baseline_fit
2a7d1e584691661044d3d561,baseline_fit
2a812daaed7a4154a88ddffb,repair_validation
2a825b738f69c630d827e4bc,baseline_fit
2a8d55f9dda998c8210ac72c,baseline_fit
2a9022596647c835bf88c2b5,baseline_fit
2a9af281fd0ff703689edc2a,baseline_fit
2a9d96058421906867efd25a,baseline_fit
2aa33d142efb69d0ee03105a,baseline_fit
2aa519e50292ca69e06fe51a,baseline_fit
2aac51d77c8469f0671d3ec5,baseline_fit
2ab0ef415be729b64acb20bf,test
2ab2a77c990568bdd5ecdd3a,baseline_fit
2abafae6ff80596503796db3,calibration
2ac0dff58ffefc8d1763682a,baseline_fit
2ac1def6c87873b6118b089d,discovery
2ac441f426b85dffcc60e9e4,baseline_fit
2ac4c72c444037c4b5fdc19e,baseline_fit
2ac9624de2bb2e21c170d1ee,test
2ae0245d2556aa186c02416b,test
2ae2cbc2e1c628f4c8e46fa6,baseline_fit
2ae6870b61e31e09570a632b,baseline_fit
2ae786818e9ce9b82668dac4,discovery
2ae816af66f8bb0992ef4253,baseline_fit
2aea16db9a3e57e87a8c6671,discovery
2af482387be53eb5192eb5fe,baseline_fit
2af6e1b691f893de9b108c9d,baseline_fit
2af82c870d594b92b4c6c690,test
2b17b826bb41d0b5d69b7df5,discovery
2b1a1bbb5c295fc71dc3bde5,baseline_fit
2b1d7bb2f8443ec0615db80c,test
2b24b0977a8e4fa26c71114d,baseline_fit
2b2dd0015f714de7848bc427,baseline_fit
2b30ebb5ca639e1dbacaf133,baseline_fit
2b342d0802d1dd820a4147c0,baseline_fit
2b347445b76e02e91a162b80,test
2b3f6f5a85068f077a993e4c,baseline_fit
2b43ffbb57c795bfbf2c08d6,baseline_fit
2b48b4be41cc3cb5a4a88891,baseline_fit
2b5000d88ba8660a7451149d,calibration
2b5064749380df8cfa17d37c,baseline_fit
2b5201005b991055f2447948,baseline_fit
2b53c516a0ab2632bd0e2d00,baseline_fit
2b59dab0ed47d0cf65605b96,discovery
2b6fee8ee6f8e723b88eabb9,baseline_fit
2b7189e671d6bc50913a8473,baseline_fit
2b7fb656fcd5bec24c1c52b1,discovery
2b8332861349da673c6dfffa,discovery
2b8eae54fe15d3b548c31063,discovery
2b911d43e90933219faaa2e3,baseline_fit
2b952e4df285e4f9656d292b,repair_validation
2b9b3c1b20a3f206cae2da97,baseline_fit
2ba1951787d5d8737b318fdb,test
2ba552ec24da38cb130a2303,test
2bad0270230782f85101f9c8,discovery
2baf620e0e4b3c9ada22e592,baseline_fit
2bafb75cde1040d636bb3bbf,baseline_fit
2bb2766cf01226c6d6bd4e16,baseline_fit
2bb609961aedc65058f2f223,baseline_fit
2bb699ea9f46d40a77c71552,baseline_fit
2bb9665c3efd4238bd0d493d,baseline_fit
2bbc12ff2a82bf6c9800d39e,baseline_fit
2bbf216a46eeb193525e68e0,baseline_fit
2bc1c26bd0175fa02d850c97,baseline_fit
2bc27042c646ad31e40c2af4,repair_validation
2bca43a95fd4282d47028756,baseline_fit
2bcba0a4bf75c16a76244507,baseline_fit
2bd0f77ae1cfac58a2cc7c52,baseline_fit
2bdc459de185df0c14cd5464,baseline_fit
2bf35471d940a58b78f1c4c2,discovery
2bf5f85fb0b6cf463bee46cf,test
2bf744af14a0c172be26125e,discovery
2c0344b1d1c20b134d3e2b19,test
2c0978a7b157cbc1eeb329ed,baseline_fit
2c0aa1d1b6b2cf7d80b975f2,baseline_fit
2c0c9c2e7ac95a26f3969386,baseline_fit
2c0cf9872598b64b2b36eacb,baseline_fit
2c16b06eda944c0395cd5c47,test
2c17f47f0ae0eedc0fde2db7,baseline_fit
2c1b862b9ca0e2c122e4cb66,baseline_fit
2c1dcdc78282f6ab60eab48b,baseline_fit
2c1ddbf289f38814ab691270,baseline_fit
2c203cde37f0c80342a3450b,baseline_fit
2c222bcd8fdf42d9bebdc3f5,baseline_fit
2c226075fa9d239376110b54,baseline_fit
2c2428a44657d8afad05d267,baseline_fit
2c2cbc5c1c97c468d553126f,baseline_fit
2c2e1b58975dde9fe353ee05,test
2c338ffff8b2ac460e9bf455,baseline_fit
2c371238036544760fa194b7,discovery
2c37a83c1232f2f4e96c2d08,baseline_fit
2c4526c3a5208f35fca45d3a,test
2c473da07ad36ac893507809,baseline_fit
2c556b2036f01385c1b1918c,baseline_fit
2c57732ee9df617b86aba191,baseline_fit
2c59c9508aa9a99f8ab2438f,baseline_fit
2c5b78b733cc983af827650c,baseline_fit
2c607eccf977d0f1b133d075,baseline_fit
2c6565e42048b58fcd0929c8,baseline_fit
2c6b7777243e669cd4932be0,baseline_fit
2c730a3d9deafd82e24b24bc,baseline_fit
2c78a2732a86f2116f82dc99,discovery
2c7ab7a0ea3ce094f2da5dad,baseline_fit
2c7cdedfaa7ec435e72d4fda,test
2c7f03f66621b8b30fb5db33,test
2c837b9e307914551d6efd0a,baseline_fit
2c885afec26e4b417d25a228,baseline_fit
2c8c75bbdddd0c90664fc2f9,test
2c960861c7a5d7c988dcdec0,baseline_fit
2c991e718ba103d39e15e977,baseline_fit
2c9bd69e36cdcc7be43e3ccb,discovery
2ca25872ebc156b1502209fd,baseline_fit
2ca6bb52592e261b8fabae0a,baseline_fit
2ca89153f0a0119ef0a90360,baseline_fit
2cadfc6420fccf7c060d7b58,baseline_fit
2cb7b96978599c728f038c50,baseline_fit
2cbfd71fbfe646121e74a76a,test
2cc896a2e6d82dedfd4856d5,discovery
2ccd8ce2d51591d30cfe11ff,calibration
2cda9ed091ca99984e75035a,baseline_fit
2cf2c66ed583a827abb429f5,baseline_fit
2cf69735609ae575a7451709,baseline_fit
2d0217ef27a38855b14e946d,baseline_fit
2d18c31697f4306d311259d9,baseline_fit
2d2718a4179462e63c0d05b5,baseline_fit
2d2a9b754d55237d22866d0e,test
2d2c4683e6c4ea4965972b0b,baseline_fit
2d2fbaf6b495cf0a794c748f,baseline_fit
2d396a8ea4ceafe61367cdaa,discovery
2d3ce9a608567fc6be799848,baseline_fit
2d429d849d82970339e13e00,baseline_fit
2d46cb4bbe897c75f539e0b6,discovery
2d46f43a381cbe464f98fce8,repair_validation
2d50625ae88dc8f476304ef0,test
2d51cb815bdba01eca701c6b,baseline_fit
2d5d184c1f4b84253eed0c6f,baseline_fit
2d635ad09344bc3889baea43,baseline_fit
2d6a3f5113753ad612ce8dc5,test
2d6dfab4994e27f568c38fb9,baseline_fit
2d6e6c829a69f366c6bb9d9a,test
2d7aa40a40a37d47dcba4d32,baseline_fit
2d8454c0e7c1c8f84f6020b9,baseline_fit
2d86e3b0eef7ef3ec07a30e3,baseline_fit
2d876e83ca0cac083ecaa227,baseline_fit
2d88143fa500f31eeacf3553,baseline_fit
2d8ba2faad489c6c289e712f,baseline_fit
2d96fd9c17d41bf0cf58a505,discovery
2d9750df6c4f1ff3f947acb7,baseline_fit
2d9da0848e0ed2adf0926c3d,test
2db0a886a173b62a0224d70c,discovery
2db76d05dfa7948d9d4957aa,baseline_fit
2dbd9063fa2f55a8f69ccece,repair_validation
2dc0a13e5709db226bd35949,test
2dd981a2de813be74a02abe0,baseline_fit
2ddd76c58d0bf25ebaa603cd,baseline_fit
2de21e55085a1d99e983e0a9,baseline_fit
2de811ac08aa899ec5c0ec2e,baseline_fit
2dece2c2b11f7f152aeb3f53,baseline_fit
2df2ae3bbed2bb85034cdb35,test
2df882848dfce1a8dafc29c3,baseline_fit
2e0682e5ae7097a101dbec73,baseline_fit
2e0850e4336798089d72a4a1,baseline_fit
2e09a18f78655d6bcebf85b3,baseline_fit
2e0b5d48a335bce355bdbdad,baseline_fit
2e0e068f4dbdb4d09ad1c569,discovery
2e1451a9b4d7495a9a62155e,discovery
2e1a1de073b84cc8fb191200,baseline_fit
2e1e7e7147da0381555e3330,baseline_fit
2e3a693bd006a0161921542c,repair_validation
2e3a7d10cd68672a67b46d4a,baseline_fit
2e3ca910abc713ff87895690,baseline_fit
2e4412e941cb37ee22c2415f,baseline_fit
2e461f3a89c1e2431c2b8069,repair_validation
2e4a4069391e46e12cf466af,baseline_fit
2e4d119466ed797eaef83ace,test
2e5e9bcb4b89bd26bfe4bea5,baseline_fit
2e5eb6223f3d99d5310091a3,baseline_fit
2e6e0764046fb2a27b78b346,calibration
2e717874bd51e2cde96df9d3,baseline_fit
2e74292d09c4759c1e43b6a9,baseline_fit
2e74c7c91853007d112bdb3c,baseline_fit
2e7658a58cf15f4fcab905b8,discovery
2e7a9619b12cf2693a0952cf,baseline_fit
2e8002138f41622a3b3a5337,baseline_fit
2e8a775d4e41969b5e40ccec,discovery
2e8cc5ba5b64078e7aec50db,baseline_fit
2e910bb26f51136eb982175a,baseline_fit
2e9dd81c9e2df07158defb8e,baseline_fit
2ea9e7c6a3b205e865a0775f,baseline_fit
2eaa05ef32481e97d9c8831f,discovery
2ecc0e2fcdca604e4a8c511a,baseline_fit
2ed61ff9aa0c9f18c3a59660,baseline_fit
2ed68949b7f076758ff9ee22,baseline_fit
2edf2081e45cce1738120662,baseline_fit
2ee2ee65c78c5029cb83426a,test
2ef18caa3db9f961a2d78d5e,baseline_fit
2f0bf5218ce3e2de3cb96fbb,baseline_fit
2f0dfe416659ffc9601741f6,baseline_fit
2f0fbdd2f44b9d631ff332b5,discovery
2f1bc2ce179753d79d387c3c,baseline_fit
2f1e5a4d516868f01b322a47,baseline_fit
2f1f4b69cd031063271656b3,baseline_fit
2f21ff7cdfc73bd1eef0dd96,baseline_fit
2f279f392b4c24e78fffd3d3,test
2f2847c0694b322142a76eda,baseline_fit
2f3338bad6838abb2a9f4b09,repair_validation
2f366ab6c94a7899682d8f5e,baseline_fit
2f3739a85e9d38b6d04d3b56,baseline_fit
2f3a87d941f6dccaaf442038,baseline_fit
2f3d8649c41e06b647a7fa34,repair_validation
2f414b7b699b0f6c16694a5c,baseline_fit
2f4c5f84d53ac703c24fcc3b,test
2f4f42737305e17ab3ed485f,test
2f50126e801db58bbf25e6ed,test
2f5dbc5a52662a95a208cb4c,discovery
2f5ddab0af38502af1d35772,baseline_fit
2f6360d7a3eb5980635e4186,test
2f63be338a3cc9108edaaa30,baseline_fit
2f683f7d6a0a4827a6b592bc,baseline_fit
2f798f24eab469a8d4380ec9,baseline_fit
2f7eec356eb5aee68668e8fe,baseline_fit
2f82598303a8dbd1e20e7d96,baseline_fit
2f86b54756c6744bf45850cc,baseline_fit
2f94b121c595707c3869b64b,test
2f98161acc66fd33c99e6251,baseline_fit
2f98672c9cecf00a69dbf3c5,test
2f9bcd08ddc147dda3899840,baseline_fit
2f9d18eac334f9eed9f88576,baseline_fit
2fab806dc1769e217657a4d1,baseline_fit
2fadce77b160d43a86e1ef82,test
2faebce7415791e9a6a04060,baseline_fit
2fb65e52dcb68a732a3ce498,baseline_fit
2fbd0e61894454c8b06c8a20,discovery
2fc227181d2b212bc89a602b,discovery
2fcc53109fd411753ff8645f,baseline_fit
2fdcd413f8898af9537d47aa,test
2fe654a536b7b41b5b38fb15,baseline_fit
2fe9e91fb861f16b52d50b45,test
2feb06139ad50282986088a8,repair_validation
2feda732ab270c9f147417b4,baseline_fit
2fee974dcf184d17cd165b5f,baseline_fit
2ff28923d6e1eb27b478fe00,test
2ff9ea8f5a5ea44bca70c818,repair_validation
2ffdf5a638656ac159a7629c,baseline_fit
3004e7bb5fb1559434e564e0,test
30084e350bf52f2751a7a5d8,test
3010a61a71aa7b41b4671c72,test
30142fad393ee7cd296b903d,test
3014c38dc69984c2083412a3,baseline_fit
301a8ef106332ab6e31b3727,baseline_fit
301d8aece5807a05916d6864,baseline_fit
301feaabc7cfcd3de42312ee,discovery
30215f038f010294db23cc50,baseline_fit
303ec1005061a0b9c82e79ec,baseline_fit
30472844cb8f93cae44630cc,baseline_fit
305ef6a08519db5946ba4abb,baseline_fit
306412a8213e231eb3c2716c,test
30702d4b45cc2529fc0f96d5,baseline_fit
307930824ee771d9448dea20,test
307eefe0574a6bf7efd0283c,baseline_fit
3083f2bbc3acdfd2798ed5a4,baseline_fit
30933113018545fe0d152a3b,test
30970f193a89e29c1722f42a,baseline_fit
309af0ff66bd1f27838da4d2,baseline_fit
309ce0ee1ddd50618e96679d,baseline_fit
30a3ce5960228be2d9a0c8cc,baseline_fit
30a5cb6b0a0918af3e70213d,baseline_fit
30a5f500b6753e1fd832710a,baseline_fit
30a80e3c0a508ee6d6046e5e,calibration
30a9150055931263884ab285,baseline_fit
30ae1eb8591b144b61d9b7b2,baseline_fit
30affa49bc8b57e2ce7d6fcc,baseline_fit
30b0830b05e1e8613ea95e0e,test
30b0ddc947b0188c58377b18,baseline_fit
30b6e83189f2d1f6ccddc02d,discovery
30bcdc0699f8625c7727f92e,baseline_fit
30bf535c1b30dd789b5d9313,baseline_fit
30ce5551ce76693c21143d29,test
30d5e7dbf93224f28dcd0411,baseline_fit
30e4d75a1069e621e2d47456,baseline_fit
30e7fd6a646cdc989397ff5b,baseline_fit
30ec793047058a8291701649,baseline_fit
30ee7e640e769a89e7a9de80,baseline_fit
30f980821acf96e39cfceade,repair_validation
31017b92720483bfa7bacb2a,baseline_fit
310a540ecafcb7d572b58308,test
31157b23f47868563b3278e9,baseline_fit
311da7b4e70d634c9211546a,baseline_fit
31208bb19644e89f77d2f913,test
312bd27ef115e896473d87fd,baseline_fit
312bdf9a730f77c136ed94a5,baseline_fit
3133956d769c14244f380bd0,test
313c1a55a1a617c5e4c98904,baseline_fit
313fb886bed7316a041bf5dc,baseline_fit
3145a022b3a5927ac712be13,baseline_fit
314a2fa1e1521d26d30b4e54,discovery
314d5e13e7d6e49f7f1a04c7,baseline_fit
314e2b0aaf70e73dc6b64331,test
31512ca243d71868a8093f80,baseline_fit
3158fc554175183621d59ecc,baseline_fit
3165ec247affd7c832b03652,test
3168aa93c26c40c55db9df22,baseline_fit
31697214e6a9d39b2fe07be7,baseline_fit
316c0270c899bceba36950cf,baseline_fit
316d9a43e5780e0a8d170d28,baseline_fit
31729cc51475caaba64a01ad,baseline_fit
317d8542c2853ee4718d9907,baseline_fit
3182d8464852f39855a611b8,baseline_fit
318a52f5e1b23eb6211b8fec,baseline_fit
319258c92733be45e91b42f8,baseline_fit
31bc677b0e8730d113d91522,baseline_fit
31be95df119b29a41447375d,baseline_fit
31cd7b53f9113bdca260fbff,discovery
31d6c5a3195720dda3800969,baseline_fit
31e1fcb3ba5837826e0fb6f3,test
31fdc5d5396a7334c86a6c89,baseline_fit
32050e9c9bafe3f5c769b885,baseline_fit
32079a706b7980bab46c52b9,baseline_fit
320846fe5e0014b108cf8e2c,discovery
320b92bf64f9d548b0aecd0f,test
32117547bf28399ff1dc4cbb,baseline_fit
3218448dbaaaca2abc958e14,discovery
3225f4cb74780f6c0256fa31,baseline_fit
3227456bed44190041629b44,discovery
322a55c8323bfb7c5b7b43e3,baseline_fit
3236cca2b26d3016fe299ca2,test
323f97b31c4148eda5c27fa5,baseline_fit
324172d7dae2f043e961e426,baseline_fit
3260dfb17601af243849eb90,baseline_fit
3264bfc78f7ce6002ac1c597,baseline_fit
3272062104fa06e45833fa74,baseline_fit
327f7ff4071b2e3692130c3e,baseline_fit
32835a95a689ae584802ca57,test
328631508dc0dc25299069df,baseline_fit
328c1d9acf060f272b307400,baseline_fit
3297b245e10b24b8a0eff4ce,test
329c4c7140a3ecaaa625d6ea,baseline_fit
32a25b19f83b4837f0041524,baseline_fit
32b4d75d206be21661629bc0,test
32b4d9ccf20365e7468b423f,baseline_fit
32b6018373e13d5c48cc10b4,calibration
32c01de48f06c41121204d87,baseline_fit
32cb98b85bd05432eeaf3aed,baseline_fit
32cbf0dc52113d3955b9973f,calibration
32d01b9130aff40bbe217d9d,baseline_fit
32d38a8734948b35e6851655,baseline_fit
32d3a93815dfb5578f63b677,baseline_fit
32e51b3812fe8cea820a89ad,baseline_fit
32e67ca2a0e6ab27bd2b29c5,discovery
32f69a93c07833150d8966f0,baseline_fit
32f916a095a6f5e97c246be1,baseline_fit
32fe972ae948a558acf75179,test
33072759f475182c4c2f3e2f,baseline_fit
3307dfc2010ccbc0592dc773,baseline_fit
331cd1b5676d405bb647635c,baseline_fit
331ff7ac3901dc982550dc2f,baseline_fit
3327a7ff2f208f484357b368,discovery
332a678ee718b0cbb714df0a,baseline_fit
332d629a09117629c8bbb6da,baseline_fit
333156094a85fcce74ee9128,discovery
33316f746978e178bd9c80f9,baseline_fit
33335e1ab504a4543eec3f07,baseline_fit
333591f74fbb484508fac399,baseline_fit
333e5cf1454277a6ccc6d50f,baseline_fit
33418c79fedafe950628c24b,discovery
334729e242685371f9a4dfa8,baseline_fit
335b0d0547e98a3f6cbfd6e1,baseline_fit
335d3f4127e6ea24ebfb936c,discovery
3363ad4549d5fbe380a5f04a,baseline_fit
3365b6b0389652ef23ca4932,baseline_fit
3367292c070efe3d1a3d0d8b,discovery
3369d015da9af46bc6bb1688,baseline_fit
3370a837c9b5d55302d3460d,baseline_fit
3375f90d68a0e7fa635d9026,baseline_fit
337ce4cac84819856c918942,baseline_fit
33900f7958d42bca9a777e0b,baseline_fit
3399810939cc334a65dfec87,baseline_fit
339a7f5cfd4a589158460671,test
339b1c722867f8d76595f0c7,calibration
33a2c28703004aa76cc09650,baseline_fit
33a46ac87485dab6b5b17147,baseline_fit
33ac31cc36852365ad93d80d,repair_validation
33b1fbbda7394d43ec4985bc,baseline_fit
33b48651d73c5428654c393c,baseline_fit
33c58029fbaba03530ad6ad3,test
33cb456175e0042275f5671c,baseline_fit
33d2e57774c7ce45c31c53b4,baseline_fit
33d69b0cda3fc4bb6b709f12,calibration
33e407e8af7f2555dd2c02a2,baseline_fit
33f488c42d80543be5a74937,test
33f4ea0d3d42fcc8f96ea8bd,baseline_fit
33fd1f7f74f7322127653d78,discovery
340d073ccf3986917f856d92,repair_validation
341806f593f91e8c9096902b,baseline_fit
341c68a3d586290f3aacede9,test
3420370565863fc157813e94,test
34204cddf34efe3eefe020b1,baseline_fit
3421631a97b0e1fe55518681,baseline_fit
3432303d157fefe27ed289c6,test
3435398a91c34b4c1871fec9,test
34355cba3e527c74f060137b,discovery
343ca3dcb1af6e5532fa5269,baseline_fit
344f237b644cc3f688f58f30,baseline_fit
344f95b729847fbfb70a99c5,calibration
34513edf13cb4432c5c397e6,test
34588c7f64aa49f6d18f44d8,baseline_fit
345c475c75926bc19e80589f,baseline_fit
345c62073d54159038c32b34,baseline_fit
34670a51edce9b6bc91cd432,baseline_fit
346ce859819f0f1143e273a9,baseline_fit
3477f6e5bad6ebe919a175e4,baseline_fit
34824167ac8db1700a019214,baseline_fit
348b7bb31abd8b954c227c08,baseline_fit
348e43208e3f656567ea4b6e,repair_validation
349860ca69358c98559f9286,baseline_fit
34a943b4c05e38c0a8ec30cc,test
34af4f5b22a1b2292a856d3a,baseline_fit
34b942201486abf95b77091d,test
34baf30ca4d942301ffb97e6,baseline_fit
34bffeb1b6edcf484da1e7cf,baseline_fit
34c5dd09d4113422af26c597,calibration
34cc540a29b003b632b2f299,baseline_fit
34d79a88b6d6176b1b222aec,baseline_fit
34d80fa21b55d66c5f54c25c,baseline_fit
34ded416bf56a82c503a114b,test
34dedc1aed00581a86fcf379,baseline_fit
34e034ec8cb6a412da5a4321,baseline_fit
34eb556fa78d0feccd176009,baseline_fit
34eeb7edfd0a093a37eff8ee,calibration
34f80a31aa0f692b93b1cb81,baseline_fit
34f8b84ba5b496e5e0d50613,test
34fa979ed6ff13003611103d,test
35008bc8bc106caf0e790bd3,baseline_fit
3508a0f104318e4389f6976b,baseline_fit
3509c2c041332482c9a64d4d,baseline_fit
350e861b867d53f28daefcac,baseline_fit
351f324e15d6dbcd368fa46d,baseline_fit
35242487fc3c49c972016e49,baseline_fit
352ab71010ad328477f0cfef,baseline_fit
352cfa394dff64cdade54660,baseline_fit
353be67122e72d0af272fc3b,baseline_fit
353efb3487ca83dded19ed74,baseline_fit
355b2ef00fe8a6fcce3b05b4,baseline_fit
356997a8558e2aa1b0e93189,baseline_fit
357e663917af31a5d4c5ef18,baseline_fit
358d52b1d7748af7de108b5d,baseline_fit
3592e35f28192381047b49e2,baseline_fit
35963ff9acb2e1dcc37a45ad,baseline_fit
35a8b8e91901c7a3f2242388,discovery
35a8c2f8f9f0020a9dc447f3,baseline_fit
35a9c5ac4c8344775c83ffa8,baseline_fit
35afdcde9c203aaaab4879a6,baseline_fit
35b0f2fbb6b06be644825127,baseline_fit
35b2626774a58185f3f8b75e,baseline_fit
35bd03a96c3f408dbba9ebd4,baseline_fit
35c01f354766a75d184db332,repair_validation
35c23620332acf80265ee066,baseline_fit
35cee4281fcbe559f77c146a,baseline_fit
35cf36221e782014c340dbe5,baseline_fit
35e650864a147731468b6fc6,baseline_fit
35f08c8d7d39f18697b5ee99,baseline_fit
35f6cdc3c4a190fc0e1954ef,baseline_fit
35fb9603c057651bf6e6fe0f,baseline_fit
35fc9a8699ef89d9eed3dd8c,baseline_fit
3606851497a9d203e10ea3f4,baseline_fit
3610ec440e608f1a0d32cbcc,test
361215654a383baa3297a30f,baseline_fit
36154180e66cf845afe498a1,baseline_fit
3617d9739bedf4cc113ad655,baseline_fit
361b2238c3ed999d782cffe7,repair_validation
36242e1159197df0ea7d6ee9,baseline_fit
362e6267f46e8c9e7b3f95d1,baseline_fit
36582e66d540da4f7e580aa4,baseline_fit
365bf979acea9d448e040c26,test
365c00123afd6a4a671e0009,test
366a56f994c5d4a3b621e0d7,baseline_fit
367497938aa88426c7b70747,baseline_fit
3674a4c0a9ea8c8f6c43944c,discovery
3674b9ddb313dd36a1e20b64,baseline_fit
367c40e51b64b7b37f22089b,baseline_fit
368eb34aec4b33d987565c03,baseline_fit
368f8d1e43348e674ad0b835,baseline_fit
369097177191f60d19c88505,discovery
3696dd407852279a926266a8,baseline_fit
369c250c4dee558006fc06d7,baseline_fit
369cf46418d44d334dcbd83a,test
369f314c9cde1c04962dcba9,test
36b57c135e7309a6e159050f,baseline_fit
36be61babd65e15b7be21878,test
36bfb497302859bf883e439e,baseline_fit
36c70188ca75e1998d82bdb1,baseline_fit
36e09e14959c87e49f9ee794,baseline_fit
36ebaf9172df90800538c646,baseline_fit
36f64d94eb645e0691cf2790,baseline_fit
3700441b5b31a641f8b5ae26,baseline_fit
370661b1cad62eca65e159d8,baseline_fit
370b870ec397c4fde4c49f35,test
370e5f6c3aabcbf7e9c35dcd,baseline_fit
37124adb3e5bd4f67e64576c,test
371569a9fe0d6fee4186c1cf,baseline_fit
3716f3141a28e77975e24651,baseline_fit
37224f33d477422c3fd51284,calibration
37261250a8f7ef1dd0a7c23f,baseline_fit
37412447358a37fa1dc80fff,baseline_fit
37474f488d582ef0ec79954d,baseline_fit
3749945ec66d4efac71a6be8,baseline_fit
375b778ba7c4d480dbff40d4,baseline_fit
375ed9ff4b0add7384834676,baseline_fit
375fb72ab5eaf8cfce26d222,baseline_fit
37695ee4e2bf66e9ca2880fb,discovery
3779d8d34c3cdb36a6bfd366,test
377f5a3f8c7e17e8da2657a0,baseline_fit
37820f2986053b83e533d410,test
378726168f85183f6c6a862c,baseline_fit
3789e869487c3615d4f876d6,baseline_fit
3790c521438ce31254aa23be,baseline_fit
379d823968f456b5b1eeec57,baseline_fit
37ab0eb52844639cb3367aba,discovery
37b0607839f6bef747f9d930,baseline_fit
37b7af55111b8c51b70d297b,baseline_fit
37b94c89c0473dccbfca5a46,baseline_fit
37c27731ffe8080fe106fad0,test
37c6ef3cb1819d5ff034153d,test
37ce8abad3847cee3031a5ca,baseline_fit
37cf8540a105314ff0f6bc59,baseline_fit
37e43ab47bf54502b5ca3649,baseline_fit
37eab4d9ac074e1a57c9a041,baseline_fit
37ed99023e6749bbbb1b8c77,baseline_fit
37ef5cafb39ecd0e0bb01110,baseline_fit
37f0055089d27ba6b77edadf,baseline_fit
37f5c67bd8e56e92cc0d6bd0,discovery
37f60c304887de2d8e51dfae,baseline_fit
3818933c6636324c68c6bdc9,test
381c14e0895151fd9ddbfca6,baseline_fit
382311fe473b89371a454059,test
382319e035ede1fe98b4a337,baseline_fit
382cdd2ae8a1b8ba5fc1e58d,discovery
382dcb1d6dd58e517bdb7acd,discovery
38441c81def973f6d97d5e10,baseline_fit
384dba193e34d91fb82653b5,baseline_fit
384e0c7cf90e10047d32580b,baseline_fit
3851f5673b0ba007a4a6be0d,baseline_fit
3867a7e3a93ce246c1dee95b,baseline_fit
38753f13b26c51d1628d1f14,baseline_fit
38768c2df382c17cf5f4b559,baseline_fit
3876a54c6ab53e7dd467c232,baseline_fit
387a076f6dc0590b0f242c48,baseline_fit
389eea89a05f998ecfd7c835,baseline_fit
38a1d1ed5e9a088d7e0be5b4,baseline_fit
38a92d730e52f65caeaa8cbf,repair_validation
38adaa3627b9e3d0bb53194c,baseline_fit
38b19b7f903444d5155a51a8,baseline_fit
38b6f1014dc55333e5e1b083,calibration
38b8c610a49f6a22618ed03f,baseline_fit
38bdaf153fcba5adeaf582f3,baseline_fit
38d063e80fd7215fe43a5046,baseline_fit
38ddb7982388f9a2527eb68b,baseline_fit
38fc9e4d40f681c2d03bc488,baseline_fit
38fda3251aa616bdf8f6dc75,test
38fdfa8bd77e48602a007d3d,baseline_fit
390289fa2a94ac08003c0eaa,test
390516834314ccd0770f8e79,baseline_fit
3906085a8409325af7375ea1,discovery
3907543d6549d083e1dd80ed,baseline_fit
390a67f6be44a4698b2d875b,baseline_fit
3911440ba21521018ee1de5c,baseline_fit
391b7fcd2aacd05e83eab4c7,baseline_fit
391e9bc407ddf2be3c1af87d,repair_validation
391f5ee5a0cff41becb6ce2c,baseline_fit
39216d9d76ed49d6ea9008a4,discovery
39257881be1969c1d399bd68,baseline_fit
3928ecfbb43b415a8d359bd1,test
3929c75f70c53fecaf2637c2,baseline_fit
393d49a38ac5422396d59281,baseline_fit
393e643c77253cc01b429c65,baseline_fit
39411a36d051587c8818491a,baseline_fit
3941e99f698a4bf2660ae8d3,baseline_fit
394637c32bf0d1dae3e7ed65,baseline_fit
3946ffef1f48be3a9ecf5f0f,test
395232c14f3e434af5711076,baseline_fit
39565177b17ac6023774025b,baseline_fit
396068af18731a9721a6bcdf,baseline_fit
396594257455a27c05a9b7a7,calibration
3969d344d46efc19e8865807,baseline_fit
3979f582cff9af31edad3830,baseline_fit
3997ac0e083d6fb2365d63fa,baseline_fit
399a70a6caa8739a93cf0394,test
399d894a4eb75b7e9d9d0270,baseline_fit
39a2ceb4b01f61cb96c26419,baseline_fit
39a602d8d441726c26caf7d6,test
39a683b43933ea29d9c2e09b,baseline_fit
39a74322b37df92fbf44ba6c,baseline_fit
39aad5cd4d953a0ea65c9d01,test
39b0e2c7c25e0bc336bac188,test
39b3832dc30b0335b505f188,baseline_fit
39b3aa59ae5f5e3040cc4765,baseline_fit
39b81dfbeaeaae4b73ba01bd,baseline_fit
39c52245e518faf8466aa19c,discovery
39cb496c6e205347bea5d61a,baseline_fit
39d7797de1b5b930662b8052,calibration
39e33be201fd25cb925dd221,calibration
39e9de3939895f4d6f5b9fda,baseline_fit
39ea279566e43f61bb31cf7f,baseline_fit
39ed78c3482097f36ecda62f,baseline_fit
39f3231c3117be4d6497529c,baseline_fit
39f75a06739aa62cc1af8541,discovery
39f956e386b899815114cb6d,test
39f96cda8a930cd6942dee90,baseline_fit
3a071314381c6698da0e252c,baseline_fit
3a0bd4d34901ecc62d32d3e5,baseline_fit
3a14f13372736affdb218671,test
3a1541cc7d6242c353f3870a,repair_validation
3a290620dd3908eb42ca75d6,calibration
3a2972980e05ab189120b26e,discovery
3a2da343c3e0957ba61999bb,baseline_fit
3a2ed13b9e50d7ba741f9697,test
3a35f11382cf733d75636f94,baseline_fit
3a360bbef2308eeb3ba8e84e,baseline_fit
3a37ef09ebfbb910c911cc5e,baseline_fit
3a3848578d5f78eebe5ece6c,baseline_fit
3a3b00b537719f0ad1d9747a,discovery
3a405244169d3223d3f710b8,baseline_fit
3a465b370db5d45f4f5cf7d2,baseline_fit
3a50c7f8ef05c89ea33aefc8,baseline_fit
3a512a7bc83d8359383ddc11,baseline_fit
3a53b2eaee114e0a671f3747,baseline_fit
3a545f6f029b57459d03797f,baseline_fit
3a5592ac2e15c52768ad7231,baseline_fit
3a5ea81fe713db9caae0fae4,baseline_fit
3a5f9faccc43c275d06fc437,baseline_fit
3a5feaec73c2b63eda2b0819,baseline_fit
3a6eab3e8c57712c991d15d9,baseline_fit
3a79e8cdacaf04b64e5d129c,baseline_fit
3a85390e62195ecf4213ba19,baseline_fit
3a87e9e7e9dfed13debe0e9b,baseline_fit
3a8da9fc29648e3c3d8c1dbc,baseline_fit
3a8e3f45a70054823ccd77c6,baseline_fit
3a9014103ffbeb9c05e7303e,test
3a91119e6160ff7522724bc8,baseline_fit
3a919b1e1d1ae39674af533b,discovery
3a91b364baf85bb911036fcb,baseline_fit
3a96739d5012f13ba1cf3541,test
3a97cd31ca905bec46d03e9f,baseline_fit
3a9f073a524d3d4f51b1318f,test
3aab55cc99b869b0f611a095,baseline_fit
3aab7093ad531d8df6dacf7a,discovery
3aaf1b1c4baa163112c74de6,test
3aba9d5662df04509b24e3a0,baseline_fit
3abbe96541a0536b484f7e9e,baseline_fit
3abcad2acffbc71a6239d9c8,baseline_fit
3aca9ed0d9fc62e37286404a,discovery
3acaa45d9e925f9c765e96ab,baseline_fit
3ad6664248302645af3f8065,test
3ad89bff05424df83881b15a,baseline_fit
3adf33fd0ba202692950784f,baseline_fit
3aee7bb1544c69a9604aeb26,baseline_fit
3af32f24dbe94ed8f6a8ce66,baseline_fit
3afbd8d8e483936c9ed36927,baseline_fit
3afdc180f89c92f0ce68d146,baseline_fit
3afe64d5b076fe81411b8ba1,baseline_fit
3affcabfd1ced47d4b8fd288,baseline_fit
3b0a34605be4ebd8d7b827e7,baseline_fit
3b0d5f722444e884910424fd,baseline_fit
3b0f65e3ee2a5619391be9a9,baseline_fit
3b11ec3f100d6ebc61795693,discovery
3b17dcf429d68e93cb40c3d4,baseline_fit
3b1d37f895298cc07c73304f,baseline_fit
3b1e64f666373c0a63514368,baseline_fit
3b20914b6c03cf6255804003,test
3b26036565527ea186a92828,baseline_fit
3b265820c1a1c22aa542beb7,baseline_fit
3b2866a42570b3478174f6a2,baseline_fit
3b29bcb09d27dc6897a9044a,baseline_fit
3b2bf80c0078c30c0523525e,baseline_fit
3b2f0c9d2ab1fc9b37434040,baseline_fit
3b337f808d14995654ac058a,discovery
3b35242d3f58dd4f033a6fbd,baseline_fit
3b39c687860e79ca80ccaec0,baseline_fit
3b4bb749046e1ab46dc6bdd9,discovery
3b4f27423f2f1d5ccc3627ee,baseline_fit
3b55bebe48fafdf85341106c,baseline_fit
3b5846fe4df4433f92397886,baseline_fit
3b669b5e776dde7363ddc67c,discovery
3b6cffa112bbd74b302a5064,baseline_fit
3b746f1c584ca53216695921,discovery
3b7850329feffbed5097fe9c,discovery
3b80994bcfa31f804d8dbe27,baseline_fit
3b93932edf487ac173dc6f61,calibration
3b9a622dcf7a1542862b68ef,baseline_fit
3b9cc8c1473d6bdaaa67487e,baseline_fit
3b9f11fda61ee08ff3b8df16,baseline_fit
3ba2f347d105197aa1b8b946,test
3baa3f3abe8a8b8aa5af4960,baseline_fit
3bbf47c385c4f7b9ac44ab80,baseline_fit
3bbf501993c95f4c88deed34,baseline_fit
3bcb1a5354db5cf058df7be8,baseline_fit
3bcd330bc2bb8d784e4b4bda,baseline_fit
3bcfe499dd9246b2692dbf92,test
3bd1d3a7fa4a3d9953c77d82,baseline_fit
3bd2b27135c33cbfc9001f4f,baseline_fit
3bdb53362d3e973d72a41aaf,baseline_fit
3bec36504d88ec2f0cf2ec05,test
3bf150e0208544156660bd1f,discovery
3c06796c819f27a866fe76f4,baseline_fit
3c0ec36db95b22646bc2726e,baseline_fit
3c1032c3e290b9bfcba9a981,baseline_fit
3c10c4796aec537d903a22e1,baseline_fit
3c15b341ece9415a9d5db595,baseline_fit
3c15fe86d1afdbf812147299,baseline_fit
3c27a414b921fffd612a56f2,test
3c28313e7d2c5d3565cd76d5,baseline_fit
3c30e20c02f47911155bb9ed,baseline_fit
3c378404a9085c61c103bcef,discovery
3c3a1c7bfec6bff7daa7ea0d,test
3c40897e253fc608ba899db1,test
3c4686b5bf2f7f68a6d412e3,baseline_fit
3c491a62b4298e5c1bede2c0,baseline_fit
3c50835194919637fb297fa4,baseline_fit
3c546fcd3dc43e271478dfb8,baseline_fit
3c57a1c01868014b59accf16,baseline_fit
3c69b5883623cd11cd60b2e4,test
3c6b1fd9e0aa7d7a139d6107,baseline_fit
3c71349524189f3e51f3509e,baseline_fit
3c758a87413dec4c0762ba18,baseline_fit
3c76140708a84791112fe867,baseline_fit
3c7f57f7ec42acfac8808dda,baseline_fit
3c8b5ce18af82aa7ec40e4f3,baseline_fit
3c9079a0e822d539dc6077ce,baseline_fit
3c94fea5019c0135275bc04e,baseline_fit
3c9535a4dc12f2ddae46d686,baseline_fit
3c98d54fe6f0815cc999d196,baseline_fit
3caed549b2853794e3943352,discovery
3caf8768a8e5eb6610f4b859,test
3cb9fda423470afa2f948f30,baseline_fit
3cba472adf87b539555fdc78,baseline_fit
3cca72ba0c2d689db61d37a0,baseline_fit
3cd0b14ed0856dfd01de83ea,baseline_fit
3cd2ff2171a595d57965781c,baseline_fit
3cd3ac94ae5244205d9b33b9,baseline_fit
3cd4112f2784dbdff0808235,test
3cd58c0d8cdebdea9bb3cedf,baseline_fit
3cdf52ee2a2b713a6cac9fc1,baseline_fit
3ce2f6618d7b7420aea9cd3c,test
3ce5698208b34df2887f8204,baseline_fit
3ce877ede61a3afbd0b39166,baseline_fit
3ce9261994f0f789a4013e77,baseline_fit
3ceea4f9bc6234960307fc1e,baseline_fit
3cf24ab63b84e94acec6a6b3,baseline_fit
3cf86429a027ff97f9d03a8b,discovery
3cf966784bd151ffd3739ab4,baseline_fit
3cfaa0ab7f204aa7dba4a8d2,baseline_fit
3d0ebb849c953ed1ec8a1f8a,discovery
3d0fccc611150d35ab377203,test
3d12292b458f84e090cee4c0,baseline_fit
3d1c677f3b8e4225bafed2c4,test
3d1c9521e07b16b5219b7b04,discovery
3d2337023a7365d2c6daa3fe,repair_validation
3d349944b39d8c5ee2316ffc,test
3d37a4a94b235be088bea09c,baseline_fit
3d3fa690a57f9b35b8a211fb,test
3d4af24e96a94a6d286a031e,baseline_fit
3d4ea20188fef5c0c7f19ad4,test
3d57b88072374dc69d381a54,baseline_fit
3d6ddceed3ed4a31674f1e1c,baseline_fit
3d7828840bd24510941aaa18,baseline_fit
3d8d02a8bb05f44c9315b964,baseline_fit
3d8e7d88bf3e6a2776288b1a,test
3d8f51fe6d7687a77fc3d5cf,baseline_fit
3d93ff25b73746f79b73c78c,baseline_fit
3da4c867a6f8a93f98ee966a,baseline_fit
3da9459590da9e7999a17af1,baseline_fit
3daa2014f25a4056e2991874,baseline_fit
3daaff8f9bdc75d94fe25f6a,baseline_fit
3dac36a49380555e0a018d1a,baseline_fit
3daf84c30a80538ad4fffd15,test
3db8d89738d48116c105ac1d,test
3dbba2e9f946ae3b874e874b,discovery
3dc3e824775a55fa32016030,baseline_fit
3dc3fd66f30f976171c0e474,baseline_fit
3dc7b39295bffc5760c51adf,baseline_fit
3dc87172e3cff3a8263f16e9,baseline_fit
3dd00704e18bfd0b9e57eab9,baseline_fit
3de60d0ceb6bdf977ddddcff,baseline_fit
3dec54a12da6b6dab92ab763,baseline_fit
3dec5920096a363b38d03d28,test
3e015a25b7fcf0629f308b7d,discovery
3e1695b77b9393cd1c8bb7b6,baseline_fit
3e174f442af9cf6448d5e677,baseline_fit
3e1932b7970cc7fa210bbe60,baseline_fit
3e1c678a6e05a5be133ff18e,baseline_fit
3e2e89b4e49712185a496954,baseline_fit
3e3f7d5800e65a50358b248a,discovery
3e47f5670b56b2d0ffd74a6a,baseline_fit
3e4971034b42426be80aa9df,baseline_fit
3e4ccee041780cc63d0d0679,baseline_fit
3e4d0dcc9b549d57850bcbd3,discovery
3e506234cc7f0c85be6c473d,repair_validation
3e53ad6a1e606864b6ec9c49,baseline_fit
3e55775dfbee9080279f895b,baseline_fit
3e5b853efb95dce8df17fe0a,baseline_fit
3e6418c90ef0dfdc06cc5f10,baseline_fit
3e6988a5700f821a8b3db7df,repair_validation
3e6dadb3e77547b0fbba801b,baseline_fit
3e6edfec8e51e036ab92f05b,calibration
3e6f2dac15584f6b39ed2ac7,baseline_fit
3e7403143be57449907f184f,baseline_fit
3e781d88aaf4abeed9374cc4,baseline_fit
3e78962670972db6ba63e911,baseline_fit
3e7b19f6bd3ad0279a0af73f,baseline_fit
3e8e87a0ace7c9425675e480,test
3e8f8639d3c72e6456f84ae7,baseline_fit
3e9cc25e518aaa8dd40da5c0,test
3e9ecb6aafd34491316a8762,baseline_fit
3ea0662ed4354fbc3c7e6708,test
3ea72e0584452678147134aa,repair_validation
3eafa63457e737272a432923,baseline_fit
3eb6606465547690217d6d2b,baseline_fit
3eb69c4c679c20eb3b4e3b13,baseline_fit
3eb866ef52558f521f5eb460,discovery
3ec1fe7e94477d3e26abbe5e,test
3ec91c8f9689f10089b8a2a3,baseline_fit
3eca544fa42e9dddd655eaeb,test
3ecce568acb7a808335c78c7,baseline_fit
3ed686c91be6ec282be62787,baseline_fit
3ed9934c9d4bce588d4099f4,baseline_fit
3edc49c750719ee3f9ef8c54,test
3ee73042aeb507c8aa8f8aa5,baseline_fit
3ee8baa6a9fc107330ae6d6a,test
3eecbf77d4be1e1ffed589d4,baseline_fit
3ef1b11248f690bf00f96db5,baseline_fit
3ef67896014623d896383631,calibration
3f001ff2bc0c1dd5eda71ac8,baseline_fit
3f00b2cc0bbbea4c0531dfa6,baseline_fit
3f018d126b64039db653e540,discovery
3f09f84ef855755bb642f089,test
3f0b04f5e189532a39bb971f,baseline_fit
3f0bf7e60ab0b500e218a8f0,baseline_fit
3f14802ebeae06610f43fcba,test
3f1b163226b691a1a6ff58c9,baseline_fit
3f1c7860fd1996a24053a633,test
3f1d49601e37cb9f4d1c5dc2,baseline_fit
3f2241942893505c336087d1,test
3f2e0c9b6225c18b025616c0,test
3f30fa7034971106b0471a11,baseline_fit
3f3415a7f0ac7c5a2ada9b7b,baseline_fit
3f35e918c4f13c42192f3e4c,baseline_fit
3f371aa576f8e3ebf6101397,test
3f3b73b6603b773bd85fdb00,discovery
3f44ae74816a12c537b0074c,test
3f47c1cb88da0bedfb307f6e,discovery
3f512d9710a5ca07f4aad5fb,repair_validation
3f5a980287a34cdb73ac9775,test
3f5b5c1d18f2f3cda133fc07,baseline_fit
3f5cbe492452aa697248794b,repair_validation
3f616e807241e9a2f6a11d0b,baseline_fit
3f70d4330d10bdf9d5a3ac87,baseline_fit
3f747f80a967c6f1bfcde7cf,baseline_fit
3f79055d7e23b757d6bec950,discovery
3f7fbbe2941b850621bfa451,baseline_fit
3f809a1924dd82fdcd7852f6,baseline_fit
3f839ed26d16a510c1048186,baseline_fit
3f873afa7ef17c2e340cfbc2,baseline_fit
3f89ecb895f7e9232b179179,baseline_fit
3f8bd4d3c297f9e465498ad5,test
3f8d822a818fb49fdc5bbc23,baseline_fit
3f94497d70b041bd23ea565c,test
3f9478daef348987ed339c1e,baseline_fit
3fa51947cb927f971f26f124,baseline_fit
3fa5db4fec86a5fe498419c7,discovery
3fb40744a6b4feb0b93947de,baseline_fit
3fb4decfec701bd3c399b8d8,discovery
3fb64750f7a5aef62676e997,discovery
3fb9e8eb8c025e0ac6beb3f5,baseline_fit
3fcc07ca4d296d5cdd285c4d,baseline_fit
3fd2969e0dc848ca89872e20,baseline_fit
3fd409334db6eb3c611caefc,baseline_fit
3fd903229d0ad945b88c631e,baseline_fit
3fe072cd00ac35365c9a111d,baseline_fit
3fe39fe841b69a00169edd75,baseline_fit
3fea90a95eba000767f3f9d9,test
4010f4e76520b6795f71e786,baseline_fit
4018688158d853eff2d50535,test
4019d47476efe8e45c765bfd,baseline_fit
402f120b7dec5569d343e2f2,baseline_fit
4040b632bbb0a8f8d4bb29bd,baseline_fit
4056efa4ce20d8a6b49d2b84,baseline_fit
40660fc26de098003786aa25,test
4068ffb5a7d4d2e4ec6008e0,baseline_fit
4072db19f323fb47e97ee4da,baseline_fit
40744c4369d45972f420efdb,baseline_fit
4079b67f15e07f68ce52e415,baseline_fit
408106bd08c15944ecc793a7,discovery
40838a181f0dadf8ef19da94,baseline_fit
4086101a0d8f237adc472665,baseline_fit
40867789b0f4fa30b2f8006c,baseline_fit
408b0ac865e0fd513b1136e4,baseline_fit
408dc3212eb4f3dc80a10a5b,baseline_fit
4095006d4a4b972773a96ffc,test
40986631e758f54bc216165b,baseline_fit
409f5194a30e6230d2ff9bc5,test
40a118ffbdd73ddc038b64da,baseline_fit
40a437d52dfc4bcdeb7f799c,repair_validation
40a8d969e6117a033ff24ba3,test
40b9da1980a0faa6dc8168c9,baseline_fit
40c0470fc02a4415bfe39d28,baseline_fit
40c5512ff2e6490258ce452f,baseline_fit
40c7419b02511909c23b89f0,test
40ca17d5f581311f606b0f6c,baseline_fit
40cca1eef0131dc1d1fd8485,baseline_fit
40cd37f90f593c113f14adb0,test
40cd7cc87751a1ac13a00937,baseline_fit
40cf0a581d3dfeabb4f534bb,discovery
40d2115a202f297fd438213b,baseline_fit
40da589276088236f4eaa854,baseline_fit
40e26d87cf6a4aae8fc7ea23,baseline_fit
40e4cca233ca6cde14471434,baseline_fit
40e742badc7881bd4c8ca782,baseline_fit
40e9ad41fd9aeeb515eee2e3,baseline_fit
40eb0d0339dc72a706a7fb13,baseline_fit
40efdac4d1e4bcd2ae7a7b02,calibration
40f98dbba95984f088eb7001,baseline_fit
40f9c8a434615fda02d971e3,discovery
40faeaff4e2fff7a9f8a87c3,baseline_fit
4102bbea39f857e36de0fdfa,discovery
411460691afd0d22a3ce1911,baseline_fit
412aa5533b16b5936c04ca10,test
412dc306e6a7dbb1c5209f8b,discovery
412fecea7ffbaaa898aae5f4,baseline_fit
413bf3d33a35dfe44bcb3ccb,baseline_fit
41518cfee2c95f85d92cf9f1,baseline_fit
41624cd96f46737cb6024d4f,baseline_fit
416b8598bb411d3146294618,baseline_fit
416c86be4d2a2c724fd1039e,discovery
417c0d0812a65b41d3a82d96,test
417d8359465144a7f364683e,repair_validation
417d858d88616d9ce4dbd759,baseline_fit
41810481bc07fbfdb7810a10,discovery
41823f9076a88776f8d229b4,baseline_fit
41952d11ff0c0d6d17f0a3c4,baseline_fit
419edc36933f45f78c4c32a3,test
41a4afc5d892ee5f2c49fc39,baseline_fit
41b5019004e7a8aeca09894a,baseline_fit
41c7185d9b399d5103fce8db,discovery
41ca16c2100381bda3e8966d,baseline_fit
41ca37a3463ce1c2f77859cd,baseline_fit
41cddd906639aa48331a0d93,baseline_fit
41e4d556de6c2223668bd377,baseline_fit
41f8f8466a0f9b6f80153719,test
4208bd37cf569578399e0bcf,baseline_fit
420c02e78a678dfde831c4fb,baseline_fit
4215d450741ac70db5448ca7,baseline_fit
421a298d58e351baad1e53b1,discovery
421ff3fb37605dfab0f0aa20,baseline_fit
4228109c7441d6c6c5a197bb,baseline_fit
422aa5080f50345e690e8055,baseline_fit
422b5b0270a2d5115fca6a66,baseline_fit
422c3cf7399797e601434c8f,baseline_fit
4232041f4abf6693b0545578,test
42426cd0e8c417da9e99b566,baseline_fit
4242bacf5b648f5b6e88ae95,calibration
424ea1e5e0cfd632e7503756,baseline_fit
42580b52760d5db386eb72f6,baseline_fit
425d5a8e34a7c3fff2d37fb3,repair_validation
425f5ed711f8264d3a423457,test
425fd4e06f8396396bea5fef,baseline_fit
4267db6a7d9a6eb8f28f3d48,baseline_fit
426a1d8562ebb8ec661d1b7c,baseline_fit
42796ac6538835da72fc7010,baseline_fit
4286b42a9c9480860960331c,baseline_fit
428cff929f99f9865655f2e2,test
428e2c66d7a2b6ba647a7206,baseline_fit
429d88f387caf72a2f1f9735,discovery
42a6b68396db29a4ba26ea5f,discovery
42a98c7e23ae0d2c0ae395e1,baseline_fit
42aa1501978f7f0c6274f3b7,baseline_fit
42ac0921b619a53043c42205,baseline_fit
42acee56de7436534d2d6856,baseline_fit
42b3a3c2cb6da18414907bcd,calibration
42b5d2cabcb701bce17c6768,baseline_fit
42bd625a06592c26fdd222fd,baseline_fit
42be4ceaa68533958ecd0777,repair_validation
42be55617f7b6556406764c3,baseline_fit
42c961dd821a7387c3c192c2,baseline_fit
42cd05d492369e2962dad7fc,discovery
42d170f2917fb8b868c05644,test
42d6984e70885cdf4b7655d7,test
42e854e28f8d46d136e10aa4,baseline_fit
42ea0bfde1e82c9f12a5535e,baseline_fit
42ed162a3edec828d8fcb5de,baseline_fit
42f28002a8487a2c677cc617,baseline_fit
42f2ec0afbddce2cd5f9e2fd,baseline_fit
42f700635555406ef6ffe729,baseline_fit
42f93ee9c9823aa4899695fd,baseline_fit
4304f13cf3dcc3402620f6cb,discovery
4306b5bc74e9d6d30a91711a,baseline_fit
43073f3ec844b28d7b0391e4,baseline_fit
4307426623761d47e31ac48b,baseline_fit
431ac914c551d17e5c7a4034,baseline_fit
43264788257d241813003089,baseline_fit
432a6980ec1eab3026c1550c,baseline_fit
4330c789370cae85e2662ee4,baseline_fit
433ad1784d57e00922051a3e,test
433e099d8d566b6480e74eb3,test
43431fc86aa542882abfbaef,baseline_fit
434ad065bec5849a9950efdb,test
435182b7c64f4464da3cc5ae,test
435993dab4dd3b1b24073405,baseline_fit
435f7eb5036f0318364d0155,baseline_fit
4363ff99bffc5a429562d186,baseline_fit
436b017800b8fa3bbf593812,baseline_fit
436f8f78c073c6a00473ce04,baseline_fit
4374ca0e6856adedd40540c7,baseline_fit
43842ce504a84a14f4018898,baseline_fit
43883276df83ba85e1fd7d70,baseline_fit
438a74414efb07b81ba1cb67,baseline_fit
438ada172e438da6478f0943,baseline_fit
438cb8de01e69ff65f6920f0,baseline_fit
438dd66fb7e72c4026d27d13,baseline_fit
4392e136c5d4d9eec01af5fd,baseline_fit
4398f8a4f85d644d930dea2d,baseline_fit
43a7a0198b794cf22a498d22,baseline_fit
43b28825791b3cc9c3131163,baseline_fit
43b49e25d89713b543c09f77,discovery
43cb46d9c7d63ceaad692b7b,baseline_fit
43e456c6d53ebc1847cb7074,baseline_fit
43e4bbe3c1804e189c34b62a,discovery
43f4de359a49d206b64bc161,baseline_fit
43f6cad72901a021601544d4,baseline_fit
43fadea81aa5d5f05202c1ad,calibration
43fbec0adb86e612d3fc0385,baseline_fit
43fc496e84432aee71e2596c,baseline_fit
44007931862478aafaa9a23f,baseline_fit
4400887f896603be20c6bbfd,baseline_fit
44042de7969599b9bb330282,baseline_fit
440e3834a4031d499ce73f32,baseline_fit
441110bd6b824109097033aa,baseline_fit
4411309ee908e777a4dc8231,baseline_fit
44192b8b8bb1803a41a232c1,baseline_fit
4422f50907e939d2533cc8e3,baseline_fit
443836996f83c8f26c5f2b9e,baseline_fit
443a8b441940286683ec6414,test
44424e99d98a601ac772a57f,baseline_fit
44464a9853526843d363dda8,test
4455cd9f10b3eaed96d41179,baseline_fit
44590cca97d90a3a38b8de1b,baseline_fit
445bfe1831d5268970ef7e3f,baseline_fit
445f2eb562c3789da8f26392,discovery
446d610539ac60904f9aac41,discovery
447a2c1474036880ef49a6f9,baseline_fit
447a67ea6a474bf6cec1123b,discovery
447bd89ae62061318394f0c5,baseline_fit
4483cd3689552b0a9cc55b53,baseline_fit
44889de1eee37fa81aa75bb5,test
44922aa4c6712b3cfa15ccc9,baseline_fit
449292dd30a35ea17c6a4e66,baseline_fit
44987d5ecdf8727ef7b34307,baseline_fit
44a04a78875c517404f6e645,baseline_fit
44a77fc7985973f0b75bd5cd,baseline_fit
44ab03973e318c37b73253c6,test
44b24bfa2f6a2b788e2aaa01,baseline_fit
44b78130390bbedd7e4513d4,test
44c1fc351ab45c4958f1fd61,discovery
44d5e62455af8e29725b5ee6,baseline_fit
44e050b4b9717894ce3203d4,baseline_fit
44e3d5c1c9a814206e72e142,test
44e4f6c8ac982b194b187457,discovery
44e57f9d38ae72ece6604e92,baseline_fit
44ee8a0540843c86ba860256,baseline_fit
44f04b021010d27a0a4fa21c,baseline_fit
44f371c1ab1fba4783505eef,test
44f3956a43cbdbfd22c85712,discovery
44fef639b259c2714482813e,baseline_fit
45077f07945b2ecc756fb56f,baseline_fit
450d746bffd78618cac2d380,baseline_fit
450da192e75d46e3f9f69381,test
451771003efa0ff0a7e1013f,baseline_fit
451d20f970d7e2ea96c08cde,test
451fcb1e7153efc6f92b97e8,repair_validation
452398a5779fe8c8e5ad0603,baseline_fit
452bd569faabae017c351894,test
452c32738223091931f4cf1a,test
453d18ba404b79f05d944f98,baseline_fit
453fde71d0957bec3c2c61a6,discovery
45491814646353677b32a0ad,baseline_fit
45582d7bde89ad3e69584696,test
456c4fa40c2e31ef14d56f1f,baseline_fit
456c582b82f95133a02c6453,baseline_fit
45749de0da187ed5a6eb62bf,baseline_fit
4574fb7baf98b49a5289e5ea,test
457f2e8e1786367582b14ba1,baseline_fit
4582e68bf093331d2ddeaf63,baseline_fit
4589b549d09af076ac5b0057,test
458a6be5baef68ff830d519a,test
458baf82fe12f2542595b650,baseline_fit
458d639377a9a81724fa4abf,calibration
459fe13d7439f4e2b0893b17,calibration
45a16b399e9b13872ebee250,baseline_fit
45a40e265930147407c9c015,baseline_fit
45aa721e52a9954014a62447,baseline_fit
45abb16750b28557f73d450e,baseline_fit
45ae8151e59e31a7749380db,test
45af1dc203e4097a972b5fcd,repair_validation
45b00639bbce702ca04667d4,baseline_fit
45ba83ef84ebb93a0b292bf7,baseline_fit
45bae3d4b24a2c1fe066db20,baseline_fit
45c86c06cc7333c4b7893d35,baseline_fit
45c9c91f8b9a1206402e6a16,baseline_fit
45cd1bc94ef711bd5a63e931,test
45d3b6f07f9352c62611928b,baseline_fit
45e72ce7bf3c5ab485162fde,discovery
45ecc39209f3d32a84c1ace4,test
45f397bed1d9b61d71f621e9,baseline_fit
45f8f3d3e3418e07441783ec,baseline_fit
45f98c654dddda3931c33501,baseline_fit
460385821cf0857edd503404,baseline_fit
4607219d8370229f62c3b3e5,baseline_fit
460b8828150a99f63984f066,test
460ccabfffd52669adb8b820,discovery
46136b3670f41ea1b2448a74,baseline_fit
4614f7b20c9eccbb7ce575e6,baseline_fit
46233594a51d718cae5c1db7,baseline_fit
4623a70c29a21879eaf91ac8,baseline_fit
4625cb69714bdc1b8af9c3e5,baseline_fit
46276260bdfe5b220525f5f8,discovery
462a2b92506c2d7ff3cee0f0,baseline_fit
462e7c6bd2e116793f48ed0f,baseline_fit
463cf9e7ab680f2b383a92c8,baseline_fit
4640fc2fd0c09bf5459d3e1a,baseline_fit
4647fedd55aa1a7d95bf21e1,discovery
46484203a4aff07a0addd4d1,discovery
4652513454576f52921a1ad4,discovery
465d6de22d0cbbc7f6501eef,baseline_fit
465ff9762995d507970543a4,baseline_fit
46723a69768b5b468ac5d873,repair_validation
46758e1567f76d13be4256db,test
467b14bcee59ac2dd95941f8,baseline_fit
467ce16ec16d2c34c74d7964,baseline_fit
468e5b2c3e91847b6c5db85d,baseline_fit
469483421a69b95dca6d5ef7,baseline_fit
46971d5098c189443be227c3,discovery
469927e69b715f34718de7d0,baseline_fit
46ace274fa81e8db0be3e081,baseline_fit
46b9aaac0d31709069e2416f,baseline_fit
46c22811e4a8657c1362734f,baseline_fit
46c5a5efe38701d66535926c,test
46ca4c56174006f16fa52a09,test
46ca93df4daca069ebf8331b,baseline_fit
46cc14851aa21da9042aa0fb,repair_validation
46cccdd410d2d1ed30678f71,baseline_fit
46cf6887c92075d69497b614,baseline_fit
46d073ec9813e23208a88cd1,baseline_fit
46d70fa1ad9bac3b36669252,baseline_fit
46dfaca26b01de577f3b4a22,discovery
46e0170a95c71a4ce7eb172f,baseline_fit
46e0e82c07468946d266c756,test
46e956d8b62cee3ad2692c7d,baseline_fit
46f18d6b0921a5fb30dd5227,baseline_fit
46fa3ee0307463a9d1d5f30f,baseline_fit
46fba893d5a2c7ee1e2cd53b,baseline_fit
4702357958ffe0a37aea7a04,baseline_fit
4708e158133769f132e1a1af,baseline_fit
470d0557a1fe9207fdead75e,baseline_fit
470f299bc486bb1c30dbadfd,discovery
4718257e2c4a4ca6f00909de,baseline_fit
4738b5d24d457749d643d7fe,baseline_fit
473dbffefb5812cdaf685474,baseline_fit
474448d7dff103e21a6df348,baseline_fit
474b7fcd8118686d89dffc56,baseline_fit
474ff51ba2ee5962689201ff,test
475148642ebc62b67008540d,test
475de10282c4a901467ab91a,baseline_fit
475f0a850c631fd7956f8457,test
47620675575629d72fd67d98,test
4762efe3205c1785050d5a47,baseline_fit
476641510cc6c427a2b7dc30,discovery
476ce049b4325434ddcf078a,test
47752a59ab624d19dc781a57,baseline_fit
4778e2e89f8e39278cbeb1f5,baseline_fit
4779ac0e92cc147837d51e2b,test
478099a1c1fbbb595f61678c,discovery
47851df6511a208d06ae5d31,baseline_fit
4790f0d9d34b114ffc9ba1e1,baseline_fit
47913e8bd777ff8b4560ef3f,baseline_fit
479a4ebc8b69ff4355963c65,repair_validation
479d682f73bea2fd6424a753,discovery
47a0e2bab5faa5dfc5623293,baseline_fit
47a6671e86f2d86877059d69,repair_validation
47a7cd215e984ad552c6053c,test
47b2935ad7c9e43030d6f147,baseline_fit
47b48781daf059bff7126f02,discovery
47ba1330d9da0e796f293752,baseline_fit
47be7fad8bb0f50e45be8ea4,test
47cca5197a475e634f7a4d56,test
47cda245e6f5fc5aa77553c5,baseline_fit
47e5acc092fdb83372ecbd1d,baseline_fit
47e8b5831e5ff01ca05d3838,repair_validation
47e8c5ed34e8df7fc07dad32,test
48058b8442eb13929c3a4c91,baseline_fit
48064dd3415fa6ddf7a88c55,baseline_fit
4806ec027738e4c82b84b189,baseline_fit
480a033ca546900ae71e0e02,baseline_fit
4810d7e429f0cf368ddf0766,baseline_fit
48146aadbbbb82178c9d5da1,baseline_fit
482762f6104ee4403a499a58,baseline_fit
4828bebeb51bf555c2fc94e7,baseline_fit
4835511fe6e37ba49d45bfa7,baseline_fit
4837c4ea4c88836ae768cc1e,baseline_fit
484947fa80132de8ad7b7e59,discovery
484ce38c90efc4427d2b97c8,test
484d745f05e281046934aa15,discovery
48554340c7ab4a5171d75da0,baseline_fit
486bab296868f5c0f3944d3e,baseline_fit
48705959b161c8a4d614c215,baseline_fit
4884b9ea5f373e7970ab7ae8,baseline_fit
4890a99c33b46113cf7a2f41,baseline_fit
48a47b39484ad5d53c0841bc,baseline_fit
48a80d4461f85541b478cae6,baseline_fit
48ac8ed740e4f595dc92da1b,test
48ae6a7fbcb63964d96de890,test
48b3aee39e03cd91a5c49220,baseline_fit
48bae7428979d010608d2d31,baseline_fit
48cb73283655004290590e68,baseline_fit
48cbd5e452dcc0fc5796f20f,baseline_fit
48dac4f4dc0896baa6e7c58f,test
48ef2f28014db1fdc3782c63,baseline_fit
48f38f92dc898ca79e102177,discovery
48f7df89712f6a281f7e1086,test
48f85a88d8c8f11e57c9b4fe,baseline_fit
48f8d9a46a8f0227eec9a515,repair_validation
48fa98ffc9465efe745a3d44,baseline_fit
4901ad1d6a7b2501c93aa93a,calibration
4908b70342bf64fa4d21847f,test
4908f4f3765acd49382bdb99,discovery
4911c5927b65b60765a6f0db,baseline_fit
49124568bad9e70cc6f5ee19,calibration
4916bbb8e36fefe8a546e469,calibration
491cf7551a31d6e9e5ab4db7,baseline_fit
4922bf0f664c6ad3381ec87a,calibration
492462fd5c56ed03e9a53efd,baseline_fit
4927eeb3e330f1e7dd8949f7,baseline_fit
4927f3d04fbe21bb575e08bd,baseline_fit
4930bfe13453dfb85589aa84,baseline_fit
49326e863a5e8860062d090c,baseline_fit
4936b400f9793ff6ccfec700,baseline_fit
49483d5dfb65549433f54a85,discovery
494b695a009c615c7eafd8c6,baseline_fit
494b80944c4cc65872796e64,baseline_fit
4950e196ed959e73b9d71729,baseline_fit
49571dad7c33b9390224c7a7,test
497422e2f66ffc9f9b571079,baseline_fit
497473b485174b3868130c81,baseline_fit
4981934be557484617c20c74,baseline_fit
4981eaa1c32dbdb320056fcb,baseline_fit
4983382558a79b200b603b4e,baseline_fit
49837632cde4afeac1dae678,discovery
498b38fa79cb2ba5eeb55b4b,baseline_fit
499a997ae3211f1ac9cb20df,baseline_fit
499d293e3d20fbe65af23f7f,baseline_fit
49b2b55ad36eae61cbf28008,baseline_fit
49ce674fe7f112934c1324c5,baseline_fit
49d14f936a30ec6cc5a06487,baseline_fit
49d444085ce599e4cee7e9b9,baseline_fit
49e0e97d26e3e7429d92e1e1,baseline_fit
49eb22ca6e57feaf7ffefe65,baseline_fit
49fbfb3e6c95c4a0adbc9171,baseline_fit
49fcee25bdc28d4b1758353e,baseline_fit
4a012c3c0c6d9d22c4290ea5,test
4a01ac7d616343b8947d5442,discovery
4a059e8c8402d62f6676fd6a,calibration
4a0788230217f22e1bab6c7e,discovery
4a1dd51610ab83f70e91a2b2,baseline_fit
4a20f814a2b16905d8fd9034,test
4a25b18aa3a0ec1eb852c029,baseline_fit
4a344daa1a0b60f1deb98a12,baseline_fit
4a359595014751f4ac5e6f44,discovery
4a3878b956553c39786fc098,baseline_fit
4a39aa3387580626b966f449,baseline_fit
4a3a33ef066be5e95bd0a864,baseline_fit
4a42d6d87a9f7c3756d52f53,baseline_fit
4a4635daac022c48f636db38,baseline_fit
4a4abcd896412736e0930f90,test
4a4cde80402637e5f69ecf73,test
4a635e03a9632a2742384f87,baseline_fit
4a67484cbbd4dbca2c1a48aa,baseline_fit
4a6cb4dae65123d0fd8b9055,baseline_fit
4a807b3d1f8e50182d3132ee,baseline_fit
4a8d55a04fccf0d02f51b836,test
4a8f17f3e41288285290d90d,test
4a9c65bf11217c23c8bc88d1,baseline_fit
4aa6264ea9cca2e4afabff15,baseline_fit
4aab4bfeda1bc258f036bf20,baseline_fit
4aaccb38a1db0e2459f0e009,test
4ab098cfd22a1e09e8381d99,baseline_fit
4aba786121bffde513530d64,baseline_fit
4abd68e6b1896bf928dd5bf6,test
4ac8c51bf8bd48e0f8719265,baseline_fit
4acb6339aad4b4de9ec53840,repair_validation
4ae5b6407c0383a977e07b88,baseline_fit
4af340ce55af761453e85846,baseline_fit
4af5bebdf6e0716659501679,baseline_fit
4af65f0e426af11a3cee8004,baseline_fit
4afa4ecf5c4ea4d17498a1df,test
4aff5472580083a03d735d86,baseline_fit
4b040f5d1d4f4364da480bc0,baseline_fit
4b0579fa9eae44f01e275ac6,test
4b239faf4cf5434aba63ada0,baseline_fit
4b266f0e7d87682505e42155,baseline_fit
4b27f1c5e35c39d01ab84e53,baseline_fit
4b28188b4703a6d779fcf4ef,baseline_fit
4b2c069498e137b477182be3,baseline_fit
4b375f01388a83f1363a9bb2,repair_validation
4b378caac7da0f43a1172e6b,baseline_fit
4b3bb1fadcd233e274873375,baseline_fit
4b3ec364ece4e68252bcdedd,baseline_fit
4b46484034d0f05cf850bf08,baseline_fit
4b4b715b4f1b7b8a3d46f902,calibration
4b4bbab6d497e8db77a32460,baseline_fit
4b50d659304a92ce904cac06,baseline_fit
4b583ee34f8d10564416c2d6,baseline_fit
4b585dcbaf3409f2235f1dbd,baseline_fit
4b58d426d5bb50a25831e266,baseline_fit
4b59c76acb2c7296271bd68d,baseline_fit
4b5b999e0e6ab535935293d9,discovery
4b5fce704f21fc624f6b4ace,baseline_fit
4b66c3e830b288d4b40c8a92,baseline_fit
4b74830ef3401f7db21cc760,baseline_fit
4b758d07e3673f1fe8eda15c,baseline_fit
4b7769de56051b0498374696,baseline_fit
4b7a2a3dce1fd4f5c9982250,baseline_fit
4b7ac2bca580f0ade37f1996,baseline_fit
4b7b3f16021130d7de5467ec,baseline_fit
4b7c97295771cf8bb302a21d,baseline_fit
4b7f6f0e4595366c29791d5b,baseline_fit
4b84b8f0fb8e4f4a2259bdee,calibration
4b8edbd9d5ea258cc3e2e435,baseline_fit
4b8f95d63d8d719df13cd145,test
4b9fe134f86f8ea1461b467d,baseline_fit
4ba356dbe422d6ddea586b8c,calibration
4ba5407aac79be4aeb1c1e8f,baseline_fit
4ba75610696866a520bc7e1f,test
4ba8cebe766f9be36dd16085,discovery
4bab5c1c486d2da2dd6e1755,baseline_fit
4baf821a68f736ef8c0698ea,discovery
4baff16b82491a11cbe10eb9,baseline_fit
4bb04093fc130dd4f952e716,baseline_fit
4bb62030a5337a51dbd674fb,baseline_fit
4bb836b8bcde80af8660810d,baseline_fit
4bbaabbd53b163f8e315c587,baseline_fit
4bbe40051a87f217601b96f2,test
4bc37dd25c34488ac0c5426a,baseline_fit
4bd9891d42572329c98aeaa9,baseline_fit
4bda58c567092d9c0f3a3d90,baseline_fit
4bdcfa4f131f8213bbc9c5df,test
4be856b2308800a761e25b49,baseline_fit
4bf8f2ad560a2db6ec8be130,baseline_fit
4c0bbb164103ba0891bf4c6c,test
4c0d806f2007676b879a1e12,baseline_fit
4c0faf15d8412da39a52920e,baseline_fit
4c14c3eb78ac14de6d20658e,baseline_fit
4c1512b38b721a227cb2469e,calibration
4c166e68f7a869d5078eb84c,test
4c16ed5ef8ae23c39fcb4885,test
4c21eb6883d707066da17368,repair_validation
4c245304bc7cb97c98c01e6a,baseline_fit
4c277c97626f80e8c76117a6,baseline_fit
4c345287ad6ca1a0e31fe291,baseline_fit
4c35b544b6f964a64cdbee1b,baseline_fit
4c3ceeb4e8c0413db0d72340,baseline_fit
4c44bdef0c3bbe1af800454f,baseline_fit
4c48579160ab238af8574793,baseline_fit
4c51bd03947e7b24f6a363d6,discovery
4c56a0b12940d32896b95752,baseline_fit
4c57e2e5f74c9182775a0297,baseline_fit
4c5de2afb607eda16523e556,baseline_fit
4c740ea7972370e4554b9e53,baseline_fit
4c7ac7dc4c0eef9485097ad4,baseline_fit
4c85c9e937ea8d75205101e8,test
4c88891e8dd94f221fe96e28,baseline_fit
4c8a544bbb8b668ebbe59f30,repair_validation
4c8cf91b8188d51ad61242ba,discovery
4c8d1ddd62a7eed402c883ac,baseline_fit
4c936be64fb73556e2cc4a30,baseline_fit
4ca4b0758c435ddbfe4d690c,test
4ca7541c5f9ba7978b9a9d0f,test
4cbb7403dacf3bd19f10988c,baseline_fit
4cbbae5755d9cdec17698d3f,test
4cbfd8d91bcb6662189e7a57,discovery
4cc83118f68f265d124df442,test
4cce93e8105bf410ca53c4f7,discovery
4ccff5d61e1ed89caaababa3,test
4cd92d34951e50dc419184d9,test
4ce92938f227219d540cc93d,baseline_fit
4d007bb223498e00379f62ca,baseline_fit
4d0b3cf73d27334db907b696,baseline_fit
4d1e6acdd658aeb5c3d699ad,baseline_fit
4d1fc22aca960fb09e49e4fa,baseline_fit
4d287c25244f896414efdb33,baseline_fit
4d2bf3177e6ab79e9f3cdd00,baseline_fit
4d3dfc846439733e21df1c52,baseline_fit
4d4ea4eccfca94c24fe70227,baseline_fit
4d51a278b53beabbcaeb3290,discovery
4d54d6941d0bfdd34fd3f6c0,baseline_fit
4d5954f21cd919ba857af1f7,baseline_fit
4d77a6ed56ae815b0c37a157,baseline_fit
4d7bbc69206af60c92fd3a0d,test
4d85e943c077756fd583caa4,baseline_fit
4d89b46f6d6954a559ac479a,calibration
4d8a3cd6a9f25dd3033c8fb0,test
4d8c049af2d3dde148bb8fb2,baseline_fit
4d8ff0c9c92ff8003de1291a,baseline_fit
4d9506dc4efea12846752ac1,test
4d95432df79374739abf56c8,test
4d9fab408270e83b0a2447fb,baseline_fit
4da5e6a7af45ebd77327081b,baseline_fit
4da7d137091bc799059a8476,baseline_fit
4da87280028d8cb9aac0a8a5,baseline_fit
4daa174a76c37545e967b539,baseline_fit
4dae2c7f218cd13c58288b36,baseline_fit
4dae564b0340a11760d7e809,calibration
4db346c24e3d0961d1b640e6,baseline_fit
4db786acbf6d515277377e33,baseline_fit
4dbd9aaf3c3f9353e2e9fcf9,baseline_fit
4dde1f0745992438eb55e9f6,baseline_fit
4deedcdf402df2e7139cc76f,baseline_fit
4df11b9d27404d7db69fca1a,discovery
4df5a4976ab7203da561df4b,test
4dfd51ee70e9fcd20be0c7ef,baseline_fit
4dfe9188bcb3a56e67810206,baseline_fit
4e045b6f43e179f30d6d8cda,test
4e0732e8608f49c4a8b68ad4,test
4e0a241d91ff4337340856b9,baseline_fit
4e0d23b882f48b3eb0a4fbd4,baseline_fit
4e13f1e2da683066dc413537,baseline_fit
4e1f78f19abc5e83ac399e43,baseline_fit
4e36dbdc910f161e4025df15,baseline_fit
4e44b4ddc748082eeb741838,test
4e4501730e7ec32d55ed63cd,baseline_fit
4e45a644dedf5dac07665248,discovery
4e495deb736e213e237f695b,baseline_fit
4e4b327e6a99936157c3766b,baseline_fit
4e4f9350460c0a472a69b9ec,baseline_fit
4e516f362c9ef0825db96f2c,baseline_fit
4e5397ce354dab0912faf276,baseline_fit
4e580cd7fb0d4fb88bc695fb,test
4e6bc4eec2fe7eff205336d2,baseline_fit
4e80115cdbda073096aeb2ba,baseline_fit
4e80c8cb624fbfdf13a01fe1,discovery
4e8653e900287d897cde8f13,test
4e93de1f5c03f44349314cb1,baseline_fit
4ea46a61939fcd10090824b9,discovery
4ea9af4bfebf5c091fbef72b,discovery
4eb2973a54a9c6f103c6861c,baseline_fit
4eb5d98acc4ad3c10ca9804c,baseline_fit
4eb62ef0f94f5d7f87f2937b,baseline_fit
4eb81ddcaf3df895bb7e234e,test
4ebb1761b389adc2a6730efb,baseline_fit
4eddc0ff881ef636663e38a2,baseline_fit
4edeb74ddbce11b2cd9faa4c,baseline_fit
4ee475f2f5b789fc32421faa,baseline_fit
4ef70365455b23247456c24e,test
4ef7eea72e2c17f54395762f,repair_validation
4f0d29890277f8fa930abd01,baseline_fit
4f115f1cc926a71ff11cb22e,baseline_fit
4f27a6aeed5f9228d1d4860e,baseline_fit
4f2e029018e7de1d341f4fa2,baseline_fit
4f3209dc26fa6993d7af3054,discovery
4f391b205d0d78b2b64054be,baseline_fit
4f3d69d47439ac358b2210ea,discovery
4f4242fc122d093a1d7aa295,baseline_fit
4f57de123bc555ae2b4948c3,baseline_fit
4f67240c7ea6d6c5c29ab068,discovery
4f8739ae319d06de80c7b2d2,baseline_fit
4f960a3f7183a4e4bdf29476,calibration
4f9dfb2432b0381bf0e1b106,baseline_fit
4f9f099aec00aaa2f6f74f8d,baseline_fit
4fa6341b4d7b897778b49cee,baseline_fit
4fa750be3271859b9e077fe1,baseline_fit
4fa7cdb1baa55a58eb9254c3,discovery
4fcc82703efc29d27bb1910f,test
4fcd3dbaf4b58d6a3305eadd,baseline_fit
4fd0331c3d623e58207539df,baseline_fit
4fd5b808293acbefebc80b7c,baseline_fit
4fdfea4e66179e63d7914798,test
4ff3754314ae5da3add63f05,baseline_fit
4ffc01dddbb2c1b0117168e1,baseline_fit
5008a661b195a3f1e73dc303,baseline_fit
500cb5cfbf75974c430072d4,baseline_fit
50103b6622f6d58ea290360c,baseline_fit
501c5266f4b9a8e8b4756881,baseline_fit
501f235c9cc70b3ae2fc399d,baseline_fit
501f7b4975d519e34e9346bc,baseline_fit
5021fa74fa957083f04648ac,baseline_fit
5024878e3815c24d9b9f97aa,baseline_fit
50259c65d883e027b192c2c6,baseline_fit
5029c4a2b800c100f0a87a9c,baseline_fit
50389fb0c8bd51444d53ac70,baseline_fit
503b4ea8c0d0ffd58e8b5193,baseline_fit
503d32fe95de63e8657c00dc,calibration
5040579624c3296657980f7f,discovery
50474c7f6ab9af8310a132a1,baseline_fit
50498946419886fc26db4df0,baseline_fit
504ee5fdca7edf3746826df3,baseline_fit
505b741bd99d7da28130d27d,test
50631043fd85f266fca9c0fe,discovery
506a7378888592d77339bdaf,baseline_fit
50835b6af82ac788ead6a5d8,test
50844660623fe3ba68ae26d4,baseline_fit
508466c3f951b4fd1675aeda,baseline_fit
5085c6e68b09cc9a0fb24bfb,baseline_fit
5089078666bd1a2a72b1335e,baseline_fit
508bed76e2bfb6e3dd7e45cf,baseline_fit
50944f5dcf5136c7a24758ee,baseline_fit
50a23a76f918fd6d177704dc,baseline_fit
50a96b6dca378f6053e4539d,test
50aa1d2244626bcf5052fcda,baseline_fit
50b35c2251d31f6734b10988,baseline_fit
50bea90df60ad6d435b6d887,discovery
50bf52176a30bcd85864acb9,baseline_fit
50bf7d4b721b28e934026288,baseline_fit
50c74ea5cf54072d629b305b,test
50ce798aca7c9feefcfcb2e6,test
50d09c2521086386cd83ebff,calibration
50d2ee649d7ca00a0f607bec,discovery
50dbd939823aa74bba2f7e2c,baseline_fit
50dc208028e46d2d262be816,baseline_fit
50df9b757b9e269d301f2045,baseline_fit
50e36a3495f81d56babba613,baseline_fit
50e3713a4eb825c2cfc0cb35,baseline_fit
50e3e8fc6c90fe8a54129c1b,test
50e6de98ed8c6167a1dcbc01,baseline_fit
50ed9460ec0e82e0e871b6cb,baseline_fit
50f1536beaeacc65a49dac38,baseline_fit
50f265306b7b2a941408079a,baseline_fit
50f54ae94f75ce947ae27f9c,baseline_fit
50f7b7430bbe7f0d4f7ed38e,baseline_fit
50f9c8274ce10fb547eb799b,test
50fc7d4057deb0b8e27f1693,baseline_fit
510654870449607fba1ea73d,baseline_fit
510ae3eda37b9372ee1c5449,test
511329aeb4638af6e1199eb7,baseline_fit
51255fbef5930142b263a405,baseline_fit
5126f3e6dd1239a2725f829b,test
512cac3a96119dbea6ecc54f,baseline_fit
512d596d92561c16cfe68d55,baseline_fit
513179e45417cd38ce682595,baseline_fit
513a8ceae1a92d85f089e4c9,baseline_fit
513c5c8b46a9ec4903fad467,baseline_fit
51465c8d5ea7f5ebc3c643cb,discovery
514ca7fe37d2f5e539675e01,baseline_fit
5155ed73df6938741f1bd8b2,test
515ebc5d348c48dd2ddd1142,baseline_fit
51698e35fc21d43226cfad8a,repair_validation
517191fb997f2dd7bf43fd23,discovery
517d4780a1e76faccb7151df,discovery
517db151ad624ccc96448e1d,baseline_fit
5189e6f5ca6bf29d2fdee0af,baseline_fit
519702cc760c1d2ebac41d6f,baseline_fit
51a8b510ea737c6c83ee5fd5,baseline_fit
51aaa289cb19a2f3d9954556,baseline_fit
51ae93cc8fdf56e01dff6330,baseline_fit
51d17876ed474fa209ebf54b,baseline_fit
51d3cc9af4ad41b205051b18,baseline_fit
51d71e9e4c77418a970e3b76,baseline_fit
51db2c61abc1387b9f8a8ce4,baseline_fit
51ec63e3d5cc2bac333cc13c,baseline_fit
51f0334eed1ea5a3f8b3dcdc,baseline_fit
51f0bc9d009a23dd5a175c10,baseline_fit
51f31bcb29530e1d3c26a88e,baseline_fit
51f3488ec94d538a258c4442,baseline_fit
51f9953842ee792b65d8a915,baseline_fit
51fa9b95b231a9238dfaee83,baseline_fit
520655d6d64c0efefb54829f,baseline_fit
521833b4987dbae8dc792fdf,discovery
521b886207078ff2acd34b89,baseline_fit
522257c4d89d145fbf66f1f7,test
5234b344c0dd3c49f75962ce,baseline_fit
523572e55035656b50045b33,test
52392751311fa2d492666aac,baseline_fit
523b1996b392c8caccffa450,test
523b22929d0d6d7acc0896e7,baseline_fit
523ce7a72cf6e38f76c1ff52,baseline_fit
523ebba8d0d2ab6f80c8f7f1,baseline_fit
5241786e31e06d576b93a602,discovery
52476595ceee67e20bb3120f,test
52567687222113005dc1747f,baseline_fit
525de61418034d768cf34222,repair_validation
526423c084092997be415d7d,baseline_fit
5264c4c2709595d1fb070931,baseline_fit
5272843aba47bdb4e6756b35,baseline_fit
52735cb5e0b5d4d27a8267b7,baseline_fit
5274ccab476a0134439f1b21,baseline_fit
5280c318210899ebc5fb43ec,baseline_fit
5284939067b9915acf2dc0f9,discovery
5285929034720d9d2629abe8,baseline_fit
528bf28b7d1fd5c7cdf07f4e,baseline_fit
528f6e66d5ca33a1fd319d0e,test
52af2c56a065a68114e5d6d9,baseline_fit
52b4e39250485675cca5f03b,discovery
52c11d1b6ef23a6e75828f76,baseline_fit
52c288eec06f425b1c074cc8,baseline_fit
52c6eac0f0afebba5f0830c6,test
52cfd1876668ab524944b5b9,test
52d1da2bfd5ce2a23f3221b8,baseline_fit
52d408dc5432e25a93a1a844,baseline_fit
52d7336638238320cf7e06f3,baseline_fit
52e09f0dec2a38723dd98e2f,baseline_fit
52e384238fb0b3b08085d26d,baseline_fit
52e6376d32b37e1dc3ce1854,baseline_fit
52ea38f7be536e9101d2d5a5,calibration
52f6e1341088b20b45d1a415,baseline_fit
52fdb4e38dcfc5c0a2645263,baseline_fit
530790903c6f31bc266f62bc,baseline_fit
530a76cf58fc14e96bfe28d1,test
530abf2783ba22ef11889633,test
530ad7bcde9b22488b717577,discovery
530f75042bd97a8d2e62eb7a,test
5310e92bc5c6243daa98161a,test
531c9d3b31f43a14623b42a5,baseline_fit
53230b3901a587124eb33cd0,baseline_fit
53256052317bb71ab0a954f4,baseline_fit
532649adc34b4aff793bba3a,test
5326b61f616ff76ad3512f9a,discovery
532de5a147816007873c5777,baseline_fit
5334462cae1882bab07f4213,baseline_fit
53357ca49dffb83b82f1ac28,test
533a0b605d9a2343849904f9,baseline_fit
533fd828a8b0d418be933627,baseline_fit
53416dd970f872b753dd3ad3,baseline_fit
53434e115830be166489dde1,test
5346aac82fcb3168cc811372,discovery
534ea97af1f15ca9d715702a,baseline_fit
5350aa32bdbf95412a3100a4,baseline_fit
5352a519406770f3f8d5d13f,discovery
535b4515a06b27bad9c3aa31,repair_validation
535c6e76174099b57547c3a3,test
535ecdbe5417db754b627d2c,test
535f55f2abefd8c4bdb209dc,baseline_fit
5361da40b692585e08f10758,baseline_fit
5368eb947cdbdd3389cc8ff9,test
536d1af62f571f1db9a0e5ce,baseline_fit
536e29011dd50fe5517c82e6,discovery
5372d83ec83a70dd0dcb8485,baseline_fit
53819bdbf50c890aa76b5aef,baseline_fit
5389a2f8f4f666e8a2c117b8,baseline_fit
5397b25adea3161c81248822,test
53a575ee3e22315bcc27b1b3,test
53a98463cf753b5dbea315b9,baseline_fit
53bb8af57010bd6467c03b0e,baseline_fit
53c09b5feb9ba86751b4d308,baseline_fit
53c11025e32059235ae0d980,baseline_fit
53c14908d95542a6e05750b8,repair_validation
53c2a22f7a6a15d5f9531dbe,baseline_fit
53cb9be21e4ea8cdb28e8ba5,baseline_fit
53d189571e681c4982bc7388,discovery
53e79125560c3a8535cb818c,baseline_fit
53ee5bdf714a5cdfd9c796ae,baseline_fit
53ee90f3dc28ad0aa3d7590d,baseline_fit
5405c448de66e1b42408de71,baseline_fit
540c8cd554f7cca45cff67e2,calibration
540cb3e9a33f230ea0386ed9,baseline_fit
540ec5e476a36473e2863154,baseline_fit
5425d3d57715a350730ebffd,test
54279d381194fc5e425dfe7d,baseline_fit
542c4e08b705f067f318c07b,baseline_fit
542d111c2884641e1952e027,baseline_fit
54326efd4b659e7e0e4c86d3,baseline_fit
5439f3432d1973206a41fc55,baseline_fit
5446cb1d57b2342103c47147,baseline_fit
5455b99e7e82c14aa5aca641,baseline_fit
545739a4a7cf2479c36d0f63,calibration
54609763cbfbd3de221be325,baseline_fit
546427a6f3ba25879d8c31c4,test
5469c31c4fdfe0ccd269902f,baseline_fit
546a36c4d4fcf90792728903,baseline_fit
546bc79e0f132d871b723161,baseline_fit
547ff5c967c9a9d372b98a83,baseline_fit
5481a2421ccccb3a3808d457,baseline_fit
54898629da8b75bf228ff420,discovery
549096d50a4aad594895d6a9,baseline_fit
5491dd0bdd3b6db9144b95a8,baseline_fit
54a2e2cb2149774c14b5ce98,baseline_fit
54b0898fd95406583ff6a7e3,baseline_fit
54b36b4449f4496cf66b5fdd,baseline_fit
54b5d21ad8ab2ae00c6f434b,baseline_fit
54b7e29a9cd61983a6d8cc97,test
54b9bbd0ff5c9bf38ab4e2e3,baseline_fit
54b9c47e132e0aef4f02d69c,test
54c8a6a6f57f293ecca2733f,test
54ce9fca7f935ceefee3136c,baseline_fit
54e37f694a0f1112d5b448c3,baseline_fit
54e50f379b34336ef8caf538,baseline_fit
54f0f304741f2048c77fe1f2,baseline_fit
54f49acdaf24d9b41ce4d3a3,baseline_fit
54fe089b4e926fc54ef99467,baseline_fit
54ffdf3356947890ba5f6621,discovery
5500d5b3bc31d234c6c6858e,baseline_fit
5506acb292f32bb92371eace,baseline_fit
550a87270f5140062b396cd3,baseline_fit
551275021e9d157c3d4da9cb,baseline_fit
551894bbddfdb1d8dcd743cb,baseline_fit
5526141a833d14fac5e8931d,baseline_fit
5529cf7a22c142b163b1096f,baseline_fit
552fcca0e27773cd6a824e69,baseline_fit
5537512cff31b0321a46ef74,repair_validation
5537fe95a7ac841f87e5a19a,baseline_fit
555662e944c99449b50c4c6a,baseline_fit
55599fcb435d076e53bb272b,baseline_fit
555ada5e4f848cc60b580fc6,baseline_fit
557529abfd44585a76d03105,baseline_fit
5576d7652cb52fae6ba83186,discovery
557a0fa24487d2be3a2ff83e,repair_validation
558146f08c330258f710a36d,test
5584e27f91c3d7a39e7ca900,repair_validation
558eba40bedc95f1262b3ca2,baseline_fit
558ff777cfb66230a5ec8628,baseline_fit
559c4e2c9d1cb7a5a3f1ab7a,baseline_fit
559f70bc7c65853843459b0b,baseline_fit
55a65af0eee96c36a1a3d19e,baseline_fit
55b0b100457dd8dc64ecac8f,calibration
55b0ea079cdf22c745a5e8e0,baseline_fit
55b1a1f14e0eeae22ad71089,baseline_fit
55b7734e75dc7f961fa683b5,baseline_fit
55baa2af010b9f22474c4bd0,baseline_fit
55bfa565fbe69a60f134ea52,baseline_fit
55ca16ba69f84352b7fde307,discovery
55ca7262c4177d451258f60f,baseline_fit
55cdc7be015a9b6d838ee324,baseline_fit
55d9dc4d00bb5931b78364a3,baseline_fit
55dd2bcb01027210273bf67a,baseline_fit
55eaf73b021b0e03f0196590,baseline_fit
55f62980d099e5b8b1beae27,discovery
55f9cff95ea1b29ad02debdd,test
55fef58e7beb3ed9f1bd4dab,baseline_fit
5603154a1d022fc2cde0451e,baseline_fit
56093f01982b2a50f2140482,test
560cdb3a191d5e642b4cbff4,test
560e4450a4daa366548877f3,baseline_fit
560f7d00a1789e629d7bbdab,test
5611c9ff1830b090932b7dd0,discovery
5614ead61ec70ab1e0ac2d45,discovery
56150431269009d973a860b0,baseline_fit
561bf6d53160bfcf60967ca4,baseline_fit
56225155c126729850414d06,test
562739b12fe2fd4cd19b0d7e,test
562fb9b498422551f38778a5,baseline_fit
5631767686220da916c647b3,baseline_fit
5635f153c2b3c202e2f90155,test
563be242aafbd0061218b2f2,baseline_fit
563f247537b0d3575a11bdf8,discovery
5640486ee235b529b63e14fd,baseline_fit
564423bb136920327eb61c61,baseline_fit
5645666acc898ee7f55dc7dc,baseline_fit
56467d486f6287506dd777c9,baseline_fit
565301932d1466970e09d60b,baseline_fit
56548a06e19b89dabe98bb0d,test
56609eef2fb075842411a1bc,baseline_fit
56735eb7bc39685ed806d0eb,baseline_fit
568a913abba6dcacde5be9ee,repair_validation
569703965917f2efbb953649,baseline_fit
5699a1253d3bc3e5861b3581,calibration
56a319c8a6c7950daacdbfd2,baseline_fit
56b2f866b7211d461a95b4f1,baseline_fit
56b3699e233d8a056508fe53,baseline_fit
56b380268dc049972bad287e,test
56d2b2a1dff4cabb9303f651,baseline_fit
56d3e9b33b4087c67b27bcca,baseline_fit
56d7061807ef97b7c863011a,test
56db0cb9de8031fc5dca2edd,baseline_fit
56e3b283fc7217982380d062,repair_validation
56f27069dd8ad320042410aa,baseline_fit
56f27819fab68a7959befdb7,baseline_fit
56f2b44c29283d426db686f4,baseline_fit
56ff4ce1627b723723b959b9,baseline_fit
57010e16b8c1baba51b9f6a5,baseline_fit
5705f02adf6acacd384ec063,discovery
5706fb78f0b568488f4b0596,baseline_fit
570a4ba5134bd893a078b0b6,discovery
570bff08b3fbdf2c82647e08,baseline_fit
57111ed90c0aa5790140f1ac,baseline_fit
571760cc36e3685376ef9c90,baseline_fit
571acd4fb8d058b2e029dd57,baseline_fit
571d13870e01a04cdc6a06c3,baseline_fit
571ed124ca3b7942a5550f42,baseline_fit
572aaef6c2bec644a3db6bd2,baseline_fit
572c2112c3382b0d6b9173a5,baseline_fit
57308c531f7fcaab5fba5795,discovery
5738b8b0bc79823cceb24d82,baseline_fit
573ff343dd61aedb472bb961,baseline_fit
57428d212f6f3148be802bd2,baseline_fit
574e71423ee1f29c774c4022,baseline_fit
5752586ed0958997e671109c,test
575293c1f613c4f2041513ac,baseline_fit
57529c9e0910893f9a31dbbb,baseline_fit
5764d287feb0b585454cb52a,baseline_fit
5768f05c97e4b4b5c6672022,baseline_fit
576dfda017aff447554ce125,test
5771247bb4ab2728401fad27,baseline_fit
57731b90eeebf61a648482b8,test
577f9c4a96143e4a6e690874,baseline_fit
5783ccf34591ae47d4b7204a,baseline_fit
578957b532c815878989cf3c,test
578cd438f0dd028324c66203,baseline_fit
578e5bb764671ad230974ea1,baseline_fit
5793d0253bf1710819a16a70,baseline_fit
5798b64a0dc7cfb2a7f00c59,baseline_fit
579be6a9c4b4a7f42ec9b5df,discovery
579db623aacd894a0d7dfcc4,baseline_fit
57a1f762f37e090df9579247,baseline_fit
57a86ead8d7ac4c39394d386,baseline_fit
57aecb4fb0a7cc0d84749401,discovery
57c20f7db421379381f9e950,discovery
57c248969e421a52a22d1eac,baseline_fit
57cfbf86c36c19755f6b0be1,discovery
57d31f62a8d2374bdb458f3d,test
57d6edbc4e24877addf8ed5d,test
57dae6ec1178fbee897bfa8a,discovery
57df6a964e79fda31a7c34e9,test
57e0ba866a7089785b6d8265,test
57e0e9d719c55a9085b63e02,baseline_fit
57e45cb1d968a4ab8b6e7ce2,baseline_fit
57e566062739315a860fe0b8,baseline_fit
57e59eb05fdaffafb8ea860c,baseline_fit
57f185d7536853b784ea8d92,test
57f1ce1cb2ea199bfa522ba3,baseline_fit
57f2816532fa2562db80f494,baseline_fit
5802b6adfaba5933221661cb,baseline_fit
580a6d527f49397f7d1c33c1,baseline_fit
5810754ddc74dc8af5e4cec1,baseline_fit
581849ef03ef745d05818a4a,baseline_fit
581b6781fd11e2950dad0ca4,test
58202fb03354f6b01405ede8,baseline_fit
5821c875e7fc53341ab8dfb7,baseline_fit
5823800584713048731a416a,baseline_fit
58258b51fc7c9da1bcadb881,baseline_fit
582b7ec2bef092cd51de4a67,calibration
58329a3f405d9d266e1d71bf,baseline_fit
583465cb02db1c0d401d5757,discovery
58407557166fee7efe8fac4e,baseline_fit
5841c1eb85ddb7ee47496817,baseline_fit
58470ed46c0c967660ef47e2,baseline_fit
584a7eaf211f4b774704ea07,repair_validation
58581eae29b84497710e826e,test
5860a49b1ae1d9e0c2a499cf,baseline_fit
5864a54c5f4eacc83ea61588,baseline_fit
586a0b08112a179406b5c466,baseline_fit
587132e9a68c4b3aebc00b37,repair_validation
5879f107c5de788429163b71,baseline_fit
587a0102277bdf6f9adf5efb,baseline_fit
587cc1228ad4a74aa81ed79f,calibration
5883bfd4d88cd6509470b457,baseline_fit
58898dc88b457fb22b97e159,discovery
588d4498c8795f9cf6044b3f,baseline_fit
588eb16a713e2b72018ad0cb,baseline_fit
588fc127a416abd6da414bc4,repair_validation
58950d7c7016e3c3edaa4fa3,test
5897e2997f804efad0486b76,baseline_fit
58a2a1c3bbf24c292e169118,test
58a41ea63015b1c5f6886b7a,discovery
58a9c18ef061e5ece6c51eb2,test
58abdeff2b1e0cc72f9c935d,baseline_fit
58adf504bb923c78a180ef09,discovery
58b25181b37ce617cd84fb52,test
58b2728f6e47a024c8e2fa10,baseline_fit
58b5d390d196f88c7de5404d,baseline_fit
58b8a506505a3afcd39523dd,baseline_fit
58bc3dfddd19153f0c8e2f67,baseline_fit
58c0d88b7e821f6f8262e709,baseline_fit
58c323ee61532d3228b6b395,test
58c659e699739bf51ffd41a9,baseline_fit
58c6f1a48d2f6e25961b4d68,calibration
58c7c2e63c84d86e1580209c,baseline_fit
58cc6e38486981cc5782db0f,discovery
58d66a59f4a9af158bd275ce,baseline_fit
58d7dbb9cfc894674f9db546,baseline_fit
58e328761542f66997a22aef,repair_validation
58e37b751fa14d4bfe8533de,baseline_fit
58e3b018da20aec5a1543e9d,test
58eabed8d62acf05bea424b7,baseline_fit
58f132d960c86db385f6ab08,test
58f841b899ce550494258336,baseline_fit
58ff49e532abfc17b35c2ab2,discovery
5901a96b34887df944ffc9ee,baseline_fit
59043fa61a81bc061948ec19,repair_validation
5906695aae44c3127f46cf0b,test
590d18326ef56d900aa9f0c7,baseline_fit
590f8e1b0dae672545bfa9d6,discovery
59117d1d284b4278cb8d6bb7,baseline_fit
59192b667402b4f8e0414b45,baseline_fit
59192e5f90b156300b96bc65,baseline_fit
5919f66fbd27807e922b34a5,baseline_fit
591adf046c18aba49bb8cba5,baseline_fit
59258bcb10659f27cd76fa27,baseline_fit
59265c2fb3fcbef68051a91b,test
59336ba8f78518e46fc49027,baseline_fit
5939b5860c6e0c88674fc366,baseline_fit
5939c1b78d6ff324b79d2f99,baseline_fit
593ffe2072052f22967bfff0,test
594f8f55e9c2fbfa065d22f2,test
5954276e14823e0bf39082ab,test
595bc9c68142d339918df6e7,baseline_fit
595c7585d1d5970d79877315,baseline_fit
595f1ed69400b77fcb32e15e,test
596a7a2c657faeaaa7581590,baseline_fit
596ff7766900d5ed8c9c9ab3,discovery
5973dbdf06b2c62086f87ec7,baseline_fit
598dd707a79e2545e4372794,discovery
5994f565910bdf8bded296ca,baseline_fit
59a4f2e4a32b046afd0a1f6b,baseline_fit
59a7e7ab6b779b6f155cd38c,baseline_fit
59b2e3bfad7ec1ae824a33c1,baseline_fit
59b49c6b5844b21814b0dfeb,calibration
59b8932c7b397dd4d05f7754,baseline_fit
59ba78de3e008c9cd6180ab2,test
59bc539f23e40ad5efb745e8,discovery
59c7d6934181c5178144512d,baseline_fit
59ca4073df242b14e675e777,baseline_fit
59d560db2b2153f4d1930b67,test
59d5d01a3dac846643b8ef10,test
59dc6b6349d99286e3ad250b,baseline_fit
59dde9ee009ac1d9d725b8a5,test
59e41cd9a8c5098de6f0ee30,baseline_fit
59ed72bb7dcc56f76a5044bb,test
59f1efdf67735eb75d0c88a9,baseline_fit
59f3bfe720d8f03015c37878,baseline_fit
59f738c29df6638af7a847a2,calibration
59f923d74663de18fa339e55,baseline_fit
5a0a833c2ee8021cca3007e2,test
5a0dc69e3c9ffba8b8a5e70c,baseline_fit
5a0e9eef8d142c53f08eb9f5,baseline_fit
5a199bde5aa68d896572370e,calibration
5a2b045dbea81dedfc83d591,test
5a338af097a070676ed87d82,baseline_fit
5a35dedd1110df8e32fbf313,test
5a3ec9ab6453d1ec01bb1788,baseline_fit
5a4180270908081b0c4d1cac,baseline_fit
5a418589ce9de2ac8e1373e7,baseline_fit
5a423152140615a464e5fe7d,test
5a4276a70bc322932d50deaa,discovery
5a52f1b879003ecf603c1111,baseline_fit
5a5dd3bfc5b99f945438514c,baseline_fit
5a5e3622887874cae5ac6e22,baseline_fit
5a68564e82b3331081205bf6,test
5a743d40ca50a15659721fd6,baseline_fit
5a74c312f0e51f3c8e339b0d,test
5a778718903684eb970c97b1,baseline_fit
5a7c5cbede403a396eb79d03,baseline_fit
5a7edc65d2a874084d54ad63,discovery
5a854833966f71a99c354a31,test
5a8776d99231d42784577f68,test
5a8a6e761a1c69a160a7bf8d,baseline_fit
5a95e734ffee6032beba4c4e,test
5a9ce5a093b346a02f77db97,baseline_fit
5aa3f2380fed0552aae190e9,test
5aa4a9f41bea39bacbe919a9,baseline_fit
5aaab8b72fed9aac786eeb57,baseline_fit
5aad37f7961fe39cc3243b30,test
5aadc8236cc9b1127719d55c,baseline_fit
5ab5af534546c175f793d706,discovery
5ab601a20635b67316be37a0,baseline_fit
5ab624ea3b5fc03c4da6f368,baseline_fit
5abf8148bf885cbdb19310e6,discovery
5ac03abe89510672ac1fab35,baseline_fit
5ac271e254a7632afdfaf5df,discovery
5ac6ddbf8a67b2df68374bcb,baseline_fit
5ae3cd2368314310688e71d2,baseline_fit
5ae99ab8cf9d8ea8f47b4b2e,repair_validation
5aeadedaccbac6d4a00d81e5,baseline_fit
5affd526a35be12900b6613c,baseline_fit
5b01004ecf0e94f74afcc682,baseline_fit
5b0ba97ea2107d3432721e02,test
5b0d6728625f57eeb3041080,test
5b0d6f55770ae335963405ce,test
5b206aa91d32a35540205767,discovery
5b274cbe0db5b63f09bf265c,baseline_fit
5b29b752007c32765d73998b,test
5b2f7eca31afd03e9ab1c46b,baseline_fit
5b3129694752e0cd6d906083,baseline_fit
5b4cd85a4ba1e62a872639c7,baseline_fit
5b4cfe3137f0583f924f3bf2,baseline_fit
5b574014112e570b45a05650,test
5b5ba060e7b4d41bffd6f355,baseline_fit
5b65602947e148201f395d58,baseline_fit
5b6d881fa1def4c20799b83c,baseline_fit
5b7ba3e4f6b266e432771d64,test
5b8571f6bd9d7ef3bba1b805,baseline_fit
5b8d931cefad19d0682070c2,baseline_fit
5b919f5c0c6dd9e916d0deed,baseline_fit
5ba274431251b1018fbd8592,baseline_fit
5ba564865920ab6820f82256,baseline_fit
5badf21230a7367fc1031ee6,calibration
5baf2a6234984c8647b8d204,baseline_fit
5baf5ea769606ac315bccde6,baseline_fit
5bb5c8cb9ed359c039bfa2ca,calibration
5bba52e24eff3090f80478aa,baseline_fit
5bbb9df9134463a4493ad8b3,test
5bd1e906b3fd63150b402961,repair_validation
5bda378565adf29f9a3452f2,test
5be07a7918d9d9c7d78a8d07,test
5bebf9334a9215e1c3030915,baseline_fit
5bed6f4a13e61385e291a9a4,baseline_fit
5bf47a981255fb19d570a427,baseline_fit
5c0315db07538c6855d3e268,baseline_fit
5c12337d5b71a27c937d8c0f,baseline_fit
5c16164c5e5b1280ad422d64,baseline_fit
5c16f2a24fe40cb844fde192,baseline_fit
5c2842dff5d4a15caac8642c,baseline_fit
5c352ccc4f0003abaef367c7,test
5c35cc1aea7bf2fa33ccae44,baseline_fit
5c39014f9dd737199005d09a,baseline_fit
5c3b76a8983efcfa8cc45160,baseline_fit
5c4664e545363d82b3666ec5,baseline_fit
5c4dc6f3e7c5c9051cc164fd,baseline_fit
5c4fe0f0bd451f02b77c71a7,baseline_fit
5c51518d911a352af02fa8c9,baseline_fit
5c5957d240f316fc19c399f2,discovery
5c5b4678cac9e8859dca20ce,baseline_fit
5c5c5ffdab2510eb2c2a6016,discovery
5c7dc0ed41f77d54f99a908c,baseline_fit
5c83590241ee77b61d12802c,baseline_fit
5c8778e4c9bba47ff5d682ac,baseline_fit
5c9f64ea7c579adc99f1ff9b,test
5ca99d1c5e0159e1adb646cf,baseline_fit
5caa4a0c4de01d4fbe3e8076,baseline_fit
5cb17a79bb5cab969997e0b8,baseline_fit
5cb8628bc9028f094f066921,baseline_fit
5cbb3409b748e6f2ce18fd4a,baseline_fit
5cddc63b2707aafe302db23f,baseline_fit
5ce2918ce69e42b73372ee4a,test
5ce5592defae6f96458108c3,baseline_fit
5ce83aef2b7427d3c4df0cf1,baseline_fit
5ce92812acb95ab228fb38b8,baseline_fit
5ce9a6fd31a7e4441ea9e3cf,baseline_fit
5cee366fd68011f19dbd70f9,baseline_fit
5cf44d4518bafbb72effdc83,discovery
5cf7d4deeeba338fa7082ff8,baseline_fit
5cf9b46fb606876d6811ae98,baseline_fit
5d00adacbdd9a80811241737,test
5d05cb262c981cbba82f6f71,baseline_fit
5d07405a47645c3ab5d99997,test
5d0877d3155649103f382bc8,baseline_fit
5d128cb1d50fdedb89c43435,baseline_fit
5d1696301e17ea004e9bfbdc,calibration
5d2edfc383b4c9456256e362,baseline_fit
5d31a9318c6552b1a4e674ab,baseline_fit
5d32acc4af5b3d16e86aa36a,repair_validation
5d3a5f8809934713d0abe492,baseline_fit
5d4243d655f6df0d1d57c4ca,baseline_fit
5d4663824243e4efef43f0f2,baseline_fit
5d54672522e249a4ea7ab17d,baseline_fit
5d555cb0943f1743ae832c54,test
5d7c29aec73f6a374c840af8,baseline_fit
5d8809c447950e7d4b608a38,baseline_fit
5d8cd2dfa8ecdc80d68b1550,baseline_fit
5d8cf322b7cfc89d4169d7e3,baseline_fit
5d8d4c865ed585a7e7451d18,test
5d8d5a2a2c19fbb997ca0cee,calibration
5d95bbd1f418c0658754a0ab,test
5da232af44702f2645bd5c5f,baseline_fit
5da3f562a8b015524d7f0ede,baseline_fit
5da8994e268bf5a70f9e8421,baseline_fit
5da96776758d10227cabe194,calibration
5da9ab7aaf4be7db5a8ef68d,baseline_fit
5dad6fdd407fd63f63b24893,baseline_fit
5dad73ab4206d06795e9d473,baseline_fit
5dc3c5bd64ce09c562fe1b64,baseline_fit
5dc504d402ceb88e53f1e9ab,test
5dc650c071b742ff266915dd,baseline_fit
5dc662e7cd7f7435b2fa9a8d,baseline_fit
5dd3e262a0b9b9d10c65f561,test
5dd54cc9db6436cd3c66a973,baseline_fit
5dd6939cbd49fe4ecfe263c9,repair_validation
5ddb92826cec6ba4e0ee355b,test
5de460bd235111a94716486a,discovery
5df1000b280ed68d649358e5,baseline_fit
5dfff0740b678b8f292ecd4a,baseline_fit
5e01fff618493b310824be58,baseline_fit
5e07ebc995244cb98c14d09e,baseline_fit
5e0cd1b2d095d8af1f285a4d,baseline_fit
5e1151d4d1939d9716280ceb,calibration
5e1cc7aa6abc68e5e3d77cf2,baseline_fit
5e22a9af9d1bd197feaf64ea,baseline_fit
5e2df90e9ec063df60a90ac3,baseline_fit
5e2e7aeb6ec06cbf0aacf6ac,discovery
5e35f88b66ab0970bc9644f2,baseline_fit
5e3bea2b802d967be3969064,test
5e4aa3d418921f56f6569091,baseline_fit
5e4e5c1df010e8b87b781bd5,baseline_fit
5e5167317f9e8af61da3c7d3,test
5e53c2930df0a4e55458c7ef,baseline_fit
5e543f5d4d356d1ba855ce83,baseline_fit
5e544c7031326e075de86826,baseline_fit
5e55173a00dda1f20875751d,test
5e57c204669e2293b56e9cc5,baseline_fit
5e5b0523a9364554108e6a8c,baseline_fit
5e5ec094885343c0e46093a2,baseline_fit
5e5f724b4c1cfa3c06a4012e,discovery
5e61e1444ff57e16809a39b4,discovery
5e68376e1710fd59a117a9cd,baseline_fit
5e6aac3c564acd7a3303f324,discovery
5e8989a9e130771f2b429ae1,calibration
5e8b5950c17f999da16a2fe4,baseline_fit
5e8c28635210c9dec3fac1a5,baseline_fit
5e91985a8666d70ce836a3b8,baseline_fit
5e91c709c6759dffdbb95d9d,baseline_fit
5e9671d81ba5277ddac00d44,baseline_fit
5e99eed9dd75ac3506084001,test
5eaa313d3173db1fd1f089e0,baseline_fit
5eaedac761bd3293055903bb,baseline_fit
5ec789e3e132a14831baf7c3,baseline_fit
5ecce9c65ab9062719d82464,baseline_fit
5ece7ec564d0cf88f4db85ca,test
5ed6cf9e0eb1a144c1bdabeb,baseline_fit
5ede478f16bb5a95a58e5247,test
5ee04452ba3e456094f3fdd6,baseline_fit
5ee308b36d5bda46beaa4db3,baseline_fit
5ee33cb03f8cbdc273bc0226,discovery
5ee5ac08657f10b273da35b5,test
5ee747c139c745c5b2c763af,baseline_fit
5eea8950c1d4686ed2ae32e0,calibration
5eef7d8f9b9adbe7ac35f062,repair_validation
5f1aec21ae871ca92a83a21c,baseline_fit
5f2afcddcaa19df853d98fbd,baseline_fit
5f3380fd1498dfe05d7b8a35,baseline_fit
5f361fa1bbbb85db5a94d2b5,calibration
5f3cb63644e10a1214a6729e,baseline_fit
5f403db6e74d3f4dfaeb8ab3,test
5f502bbe504705450051de4f,baseline_fit
5f5454805839d9ee702e2631,baseline_fit
5f5b48853e2ae6adf03cf48b,test
5f5bfbe3acacc9c7a2c1f636,baseline_fit
5f5faf137220037cd6255446,baseline_fit
5f6a1628cda9bc09f4df1209,baseline_fit
5f6b705a751de8d51c53e503,baseline_fit
5f734aabd069a721bad927fd,test
5f73bb193702d41e737d9ab3,baseline_fit
5f7a255aa315340ac8e81152,baseline_fit
5f7bd8c2a42e1e21965f491a,baseline_fit
5f7bf78009c58572a7bead59,baseline_fit
5f874ef464240a83998c0a60,baseline_fit
5f8e4775143069a5905e68da,baseline_fit
5f91dcdeae7a86ede28bf07b,baseline_fit
5f92ff33737712a8e2230073,baseline_fit
5f96f64b2eb20156c0858ebd,baseline_fit
5f9fa6354037a95962950889,test
5fa3eb2902df6153e61a64d3,repair_validation
5faeb5da88cdc4c724a05497,baseline_fit
5fb8380aed5f0eedd8850824,discovery
5fd64a2131f34b94fd04fa1f,baseline_fit
5ff720cdf13aec31a209610a,discovery
5fff0549fc81a88916ba8922,baseline_fit
6002599bad9e98bdb1afcd47,baseline_fit
600800fae54c3bc9186159dd,discovery
600fcef3ac5984ef86d392de,test
6016a21fc829f40854bb0808,test
601f4096a43d897bcfd75daf,baseline_fit
6023410017228c685aac8eba,discovery
6024633c8e406510cfcc7d89,baseline_fit
6024ce61ae7776417b663bf4,baseline_fit
60271305567243d846aa5455,baseline_fit
602f6689aaa7b4f4bf8ace8b,baseline_fit
6030cf9918c562344fc98850,test
604211aeab9c8611ff026392,baseline_fit
604c2c588514e0aaab39af04,baseline_fit
604c71b01fce729bb0240fb7,baseline_fit
604ccf59fdd778249e78ce11,baseline_fit
605454df25e4645c9bdc50e2,baseline_fit
6058464e82d105195dd980d6,baseline_fit
605979656753713ec3bfd231,baseline_fit
605b866b5e90e1311ee99bdf,baseline_fit
60625f29e435447e6abb07d4,baseline_fit
6066dad60642b313255d480a,baseline_fit
60679b53d0c769e10fcb372e,baseline_fit
607058be265b19684fe179eb,test
607ab6230aed62016e63b48d,baseline_fit
607b6e68f1ba41443b74c662,baseline_fit
608208a15e87fa71ca95e766,baseline_fit
6087391ca30d1b3d70d718f2,baseline_fit
6091186186988c46da062e9f,baseline_fit
609a1614e8b0010321579f71,baseline_fit
609d67c6cf944ea7559cf6d1,test
60a15d3a17cc7909912b62a6,test
60a24c3eea273a78a1e86c45,baseline_fit
60a2544c121ff692963a7e2f,baseline_fit
60b0083609baa767b661a21c,baseline_fit
60c321f0e4c26145c242d1ee,baseline_fit
60ca9ade2b5ebe952a2e4588,baseline_fit
60d082289716f1ff9de4c987,test
60dc54baccf4825df294b664,baseline_fit
60e236832e17aec5dd575ca7,baseline_fit
60eb31c43f508aeef1b56795,discovery
60eba56eb8fd56cffacf2178,test
60eff6e00abfbbe9ca806392,baseline_fit
60fdf1b59563cf7a881bad26,baseline_fit
610579f1e93cc4951558e4cd,test
6105c07121a25ba049fbfe7b,baseline_fit
610d60c725262fb4467d69a7,baseline_fit
61100f2b0466bd58c2085217,baseline_fit
611106279da2fc22ef487206,baseline_fit
6112752a71888914730147ad,baseline_fit
6112c4a4ab423348f10d707b,baseline_fit
6119178817942958c86ed704,calibration
6122d3f12797f3d0da4c053a,baseline_fit
61282673070abc0939f56254,test
6129f1fbe7a35c426955e65a,baseline_fit
612c3ef19bbf6dce5d282a55,baseline_fit
612dd4b0fdc6a8d436a1af97,discovery
612fe0bd59c454b159dc0f43,baseline_fit
613e7fd866516a422c7799fd,baseline_fit
61410a646269620db638ce6e,discovery
61436c7e50bb977d68fdfe91,baseline_fit
614380c2ab60e759640a72e2,baseline_fit
614605e5f03a60c2e8044fb5,baseline_fit
6151f1b6477ad325aa0d1e70,baseline_fit
61520026992b0540e6afa26d,baseline_fit
61562a4fb872732fe2fa43e5,baseline_fit
615b65079227668a25531870,baseline_fit
615c86bbed8b5cb3a2e480b9,baseline_fit
615fb258dcd2af490a7674e1,baseline_fit
6160b45e7a8d23fc6289e917,baseline_fit
6166f42dc869c74bfab2f051,test
6178e057855918d99205b887,discovery
617fedb1970cfedd67203dc0,test
617ffd6ccc3a1a4a4c16064d,baseline_fit
61807b2a75cefc452216590e,baseline_fit
6180dbcc061d20bb183e6f43,discovery
619b93c07e481225c97de42d,baseline_fit
619fbf55f1024c02f49b5031,baseline_fit
61aa50cb28bcb7858128e3fe,baseline_fit
61b565471bd00f930cd4fbf5,baseline_fit
61bf5d61aea13bb65a5b7b85,baseline_fit
61c6fc818135828a849b7f15,baseline_fit
61cb6e5fd0e9ad0cac859b70,baseline_fit
61cdefb52b758caad86f43a4,baseline_fit
61d052d0bb77d6ab88fedb0c,baseline_fit
61ddf64a4825d8c1a8a247ce,baseline_fit
61eb7d982082c9d42ff51301,repair_validation
61edc60fb30f3ad6aa654609,baseline_fit
61f02bdcbe3b484902045f6b,baseline_fit
61f071e5b50a07617fcf66e0,baseline_fit
61f5ab5f08c2a250711c0c3e,baseline_fit
6210fc77ec48a576d954865f,baseline_fit
6215dedc84d6e97d2d4c9bb9,baseline_fit
6216d2b2891f34377319f367,baseline_fit
6223c76b94951266ef712783,baseline_fit
6228091d64ee252210bf8556,baseline_fit
6228ad09ebf9026eb22f5fef,test
6230081e60c39c5605132f35,baseline_fit
62456d293bba3c1ef0b81535,test
6259d9244685130f67951dc7,baseline_fit
625aeac1b682aa43a3a6e830,baseline_fit
625e0b173cbc51822903bb45,baseline_fit
626b1a5cc75fe48ab7314a8c,baseline_fit
62746c17b90ca6ac63b80e09,baseline_fit
6275f7a167e8f7d69ff1b54a,calibration
62774d16c0f5ae3ab57a8e91,baseline_fit
6277aed5a291a90d1f09dfbf,baseline_fit
6283ae8d567966277119639f,baseline_fit
62990f21667ba06bed1bbd67,baseline_fit
629a8d3b04e52ddf8dc74648,baseline_fit
629bd7f3e60f6a28d5753c2c,baseline_fit
629e01c58ed4fa4bb617c00d,test
62a51e59c6b845e215c9c82a,baseline_fit
62b2c8f88da843fd80b3289a,repair_validation
62b6ce7a0854116d244ac934,baseline_fit
62beb10960353c1a63f15a1a,baseline_fit
62c1055fc5da192a2925c714,baseline_fit
62cd9e3cc0f72c877cfd5cd4,baseline_fit
62d5e15e3852f7b106a23ce3,baseline_fit
62daeb7d2b52182c7e37e066,discovery
62dbf8406d9f5f4102c1cb94,baseline_fit
62f52bb5ce89ccb6058a55e1,baseline_fit
62fe2bb2c2ef42c5da74e3e3,discovery
630578961367da13f16873cc,baseline_fit
6310c147aa2e90a726cc7ffc,baseline_fit
6326696c49ecd7697f7c6224,repair_validation
6327a1ebaa2567da04d50acb,test
6328ad26376deb2178bb07d8,calibration
633155328a934ae4e9255953,baseline_fit
6339ec399d0c292c054bc529,test
633d9a85c2b427a093d78a15,baseline_fit
633f0c73191af9dd0bed23a5,baseline_fit
6341725665de6cb8ad0f92a5,baseline_fit
63444c0b6318e67869cfa823,baseline_fit
634590cd4340f47ce2341d1a,baseline_fit
63464385412c8da3fb28f97e,baseline_fit
6354130269f913e07dca17fc,baseline_fit
6355809b4b7cbc428ddaf6f9,baseline_fit
635a5eebee1ee21114c69dd3,baseline_fit
635ae0a0e0d8caa70b660210,test
6369d72ebf1cf9aff1197539,baseline_fit
636e6acdb84ba47fc3aace86,test
6371cc688ee0add8e7d494ba,baseline_fit
637cc2b21c3193b455a63fb9,baseline_fit
638290e4dd8e8ecebec218f2,baseline_fit
63867a1cc7949e857634862d,calibration
6390b8676b6d44ac0de7c074,baseline_fit
63920f0eaeb304caddb1ae7a,baseline_fit
6392ea9d3231a62bfee14a08,test
639fc94c83bd8ac7d56073c7,baseline_fit
63a27e2895368a5b1d7517c2,baseline_fit
63a3408a68eae4b997de2c47,baseline_fit
63a47bbfc1d03ce3a42fb231,baseline_fit
63a6c2d556a9580e21b68f4a,baseline_fit
63b868c4ea31be953e2c4d73,baseline_fit
63bfb1fa19ebe22a0db5e455,test
63bfd519f6a845536252cbe6,baseline_fit
63c8963a0d6cdba71b8ced7e,baseline_fit
63ce4ec2a30323bfaba6f174,calibration
63cecc4bf5671c002169d11b,baseline_fit
63d506ca2207a3b9fa394401,baseline_fit
63dc739d4e5337f99a2285d4,baseline_fit
6407246dbac30d19b4f9307b,test
640a72003f2056e26c3098fb,baseline_fit
640abeb316eee40dc5490c03,baseline_fit
640d2e555f7b5b175fc12127,baseline_fit
6422c0985f02f178d295b385,baseline_fit
64273f02dd383785c227cb4f,baseline_fit
643dca75a0beb9864da592d0,test
644508e71c37770c30487e8b,test
644ea8190540971d0ee6952f,baseline_fit
6454b9eca776fe2b658fe497,baseline_fit
645c14141f2a586317622534,test
645d29537952193754e3a845,baseline_fit
64610b130adf218f9ab4feba,test
6462d80631a887c775a19d0d,baseline_fit
6468472c6a1a8a4c92fbab2d,baseline_fit
6469fed6d6198de7b5193f0e,test
647f933e8bbb37bfe6d0e6c1,repair_validation
648b50ecab01d4b240cc5670,baseline_fit
64989d7da2de7c7efe6cdb2f,baseline_fit
649913ab4afdbdf979539a9b,baseline_fit
64993d057eee0b98e9e05eb4,baseline_fit
649e2b4827964b0f2971fec6,baseline_fit
649f79b4a1e3848385190989,baseline_fit
64a37eac1904457221152230,baseline_fit
64a4cdf34b5b292515ee0ffe,baseline_fit
64b051288eef52fc4e285894,discovery
64c2cc5c3f8ebf68b3748f05,baseline_fit
64c329af2466b2c9b6439456,test
64c5c89df5fa8e3c0cf73cd9,repair_validation
64d80367d43555ddf7485bef,baseline_fit
64d8337e3093a76670928a3b,baseline_fit
64d9ee48f983769e097bae3e,baseline_fit
64ddc1bf84477a6169f18416,test
64e49c8aae0903f0a357a97a,baseline_fit
64e6ab5f6c8795f7458cad18,baseline_fit
64f5ead10a6d78fe655b9285,baseline_fit
64fc38ef8254db0daf2161b4,baseline_fit
64fc806970978d963a587eca,calibration
64ff87437cbae9fcdb0bfe2b,baseline_fit
65057b39ef23b5f245fe162f,baseline_fit
650d2c15136d70fb735dfcde,test
6514448d6232f9910f252bc8,test
65182d77a2b5c135ee4e9248,discovery
651b6a8c39a43aff34e1a478,test
6521761d7eb0b27f4d30b0c1,baseline_fit
6523267446ed2d9a90098959,baseline_fit
6523d937fd8a6608786888cc,test
6528265dd29795c549beaf34,baseline_fit
65294a4f92e51f0298cb7e9e,baseline_fit
652a73c4cc4b42b665c0897d,repair_validation
652ada7e64eeb4897aac2028,baseline_fit
6538eb5dfcc0bf76eb4fb3c6,baseline_fit
65419f34e3b4f45301d4cf69,baseline_fit
6547c29a985a8dd533314b7f,baseline_fit
654975c17d87f5a880b5d1ca,baseline_fit
654f1cd3db8d5537728f9a49,test
6553572020c8d2cb766250ee,discovery
65571c544f6006516522eeec,baseline_fit
65580af7f5441c182ced10ae,baseline_fit
655af7b48b9c7fe7a4e92bd3,baseline_fit
656156736cc19ca17169567e,repair_validation
65642bd29926982fa1a1fe34,test
6566fc8ceda29e92825407d3,baseline_fit
65678306fbb49aefb038b1d7,baseline_fit
656d2c7236f1bff369da8b24,discovery
65719eaac7bf8c60185e6e23,baseline_fit
65773e641f3a029e2e6e7bd0,discovery
657ed6e1641810ab304d5567,baseline_fit
65801325114f18d4fc89430e,baseline_fit
6589477658a1991781a9eec9,baseline_fit
65a78c47961bfb963d87a45c,baseline_fit
65a7c81e9e7a9ab9e5ab3bd5,test
65a84821b15e57e53036a615,baseline_fit
65afaa5d264293f2d2b714ef,baseline_fit
65b2c777442d99c96aea3bd3,discovery
65b548e7e7b39728959af9ad,baseline_fit
65b8fb8d2b9a9e17e434938e,test
65c94fe8eb75727c6ec30468,baseline_fit
65d2fc0656f114c9f47ae800,baseline_fit
65da6607e31ff37b2e2cffe7,baseline_fit
65da7c089e21fe19a64f0ced,baseline_fit
65dd64bb4ee90c679218af96,discovery
65ec136a043a9aa8e5a5564a,discovery
65f1ad27e0fa4447171b9168,repair_validation
66002710197743dc309f54de,baseline_fit
66035ed49ed300b78c5a8779,test
660a1a224e5caaec995cde00,baseline_fit
66136b2d97ef005ac21178c1,test
66170ed321f95eacc91d0b93,baseline_fit
6620faf2e59c5514f2ea880d,baseline_fit
6626c14b156dc643de0065e2,baseline_fit
662c9079ce2978d4adb8c1c6,baseline_fit
663816debbb485e501e9ba45,baseline_fit
6645fe47521dc635b7427727,baseline_fit
664cfb1cf6bbfa11a4506b33,repair_validation
6650fcf9bd44e75b0643bae4,baseline_fit
665775d46494e02b79a04126,baseline_fit
66589d13df02ddbadea81396,baseline_fit
6659e1b40750fca05658f96c,test
665b90628b4ba4f5de6cadbb,baseline_fit
665de8a476d77359f5e54086,baseline_fit
665ed4ae7db56d807f5743ae,baseline_fit
6667be3f939d0a4a94dde997,test
666a3a600ac861d72ba503be,baseline_fit
666d38f69c367564688ef658,baseline_fit
666e96143a69d95b10d77e18,baseline_fit
6679537785e7d57679f52a6d,baseline_fit
667d011a2dafb4acdd84916f,baseline_fit
667ea2dcbe20c1903b56043d,test
6680b68125700a3460fa5643,baseline_fit
668999523b0b7e4d39644af4,test
66994f724bd7e64798a284e2,baseline_fit
669ac4b6c7ed9045946e1db1,baseline_fit
66a3f502615867c86f5de88b,baseline_fit
66a80589d1bdf4ad593e54e1,baseline_fit
66ab224de3114112f41aa117,baseline_fit
66b1dfb0a6dc290ef1f6866c,baseline_fit
66b1f1a20d91e35a8d57f938,calibration
66b99ec37f505513f97e6a87,baseline_fit
66bae3e68379cb655d593d2f,baseline_fit
66bed41bdd660a84ac10ee99,baseline_fit
66c2cee568f46123ca916ccd,baseline_fit
66c6524c79165465ff6ee456,baseline_fit
66e24841fc173105e2b3925e,baseline_fit
66e2c8379f32dbde086970f3,baseline_fit
66e2d6c79430c82db4a3b52b,baseline_fit
66ea791a5ad0fe00bc4af9b4,test
66ee919a56603125dd971016,baseline_fit
66f2cf91f37f4dcc74e38f3b,baseline_fit
66f348d08a80ae61cd4b0e25,baseline_fit
66f37f1bf17ce3e8b9338d8f,baseline_fit
66f464d2161cdb6695e8138e,baseline_fit
66f84fed369c534f28dc9f3e,baseline_fit
66fd7cffe512569f4660b51e,test
670178d7b1feb3b44e3c9197,baseline_fit
6705c8844c53212abb26c509,baseline_fit
671038973bb7cf07a6c57616,baseline_fit
67219e0dbc5c994fe187c8dd,baseline_fit
6733e7b6bbd01ca51e5df52c,baseline_fit
673c97b023f2a0540ca2ed47,test
673d67a9a9ca65c8a0da9016,baseline_fit
674b1342144560a9f3df8877,baseline_fit
674fc3ec74858d46853bfea0,baseline_fit
6753dbacc99ddd95c80c5161,baseline_fit
67655f24a5411b569ef21ee1,baseline_fit
67751ffb467ed8b241484c8c,baseline_fit
67764ba4e6f166df6c9e22f6,test
6777bfd4165aab8cef5399f3,baseline_fit
6777e331abdca2e71f6e3bcc,discovery
677ac6aec9898606b68f60de,baseline_fit
6781227e4caae1cf21a5f36a,baseline_fit
6786b11ab10d2efceae8943f,baseline_fit
678e52259044cea557e4f6fb,baseline_fit
67957b5aea89658daf273d04,baseline_fit
679a15fc1868c8d6fe7d6d6f,baseline_fit
679b53301ce16225fea9ccc9,baseline_fit
679d67f392d75bdaabb01d02,baseline_fit
67aab7041e4adf0bfac0b91e,test
67ac4ea2f02f972eef580027,baseline_fit
67ac536ebaa2aa695aa1c46a,baseline_fit
67ad34fe9cd2496778f28090,test
67b308ebc6815cbd89c48495,test
67b6270643fa6bf0d52ef13b,baseline_fit
67be40155d56821a6271893c,baseline_fit
67bec9c906d13f31c4811845,baseline_fit
67c551dc4e42718dd1ecc7bd,baseline_fit
67da1690a701429e726d46e4,baseline_fit
67dd3b1e03c8950247311d8b,test
67dd5e9554bb8c6e4b0777ab,baseline_fit
67def620c13b90ee9f46b9f9,repair_validation
67e24b3ba2cf9ef212bd9717,baseline_fit
67e44415b52600c832ab4ea5,baseline_fit
67eb17238fe5385df85c577e,baseline_fit
67fbda0374de60669608482a,baseline_fit
67fc9042fc87fb0700a4fcb2,baseline_fit
68007cd4f6476d74147599aa,baseline_fit
680cdb968a4970af9f311d05,repair_validation
680cfbac57e3123c095f2930,calibration
681064f17ec205ba040204db,baseline_fit
68157a1932cd824407fef639,baseline_fit
68198c5da97ee53053ceebe7,test
681b56ead2eae7cc44efe1d8,baseline_fit
6821fbe1625a37a7a3c03421,test
6825e43cdce3a807e3cddb44,repair_validation
682dce82bf1f02bf1e1eaa74,repair_validation
683ba5b33888a057a663ae31,test
684814e5e6ea5e1b40493d1f,discovery
685456f3103a8c42dcd6d8d9,baseline_fit
6859db8abcef1d03c813b79c,baseline_fit
686c447dab269ceb29c336d2,baseline_fit
68731f33cf7f234bedb63821,baseline_fit
6875e05527d805953a656342,baseline_fit
6877655d93e5796db614523a,discovery
6878c4a429163a1ee3ca81aa,baseline_fit
6882d76d791212724ce27c22,baseline_fit
688c687aa493b422aa051106,baseline_fit
689478174d594d3ee1a30e6e,baseline_fit
68b1b2e8185732750927e9e4,baseline_fit
68b41a8bb8b443355a55da8d,baseline_fit
68b72300e7d245885fb12412,baseline_fit
68b9a8c266276a85fe407c3d,baseline_fit
68d2d4c2a9f978d7272645f7,test
68d407b059c6729d74f9a2fe,discovery
68d75acf526627cd150470f1,baseline_fit
68d86a878794e1efa39b675a,baseline_fit
68df3bce0fe698321b31b4de,baseline_fit
68e4c0f5aeda0397a6a18761,repair_validation
68f4efaa7a4a96449b6789be,test
690a6fc012b29a83d7988624,calibration
691dd0391fe8d54797aaeafc,baseline_fit
692946a39c80849619a20164,calibration
692a30da70541fbf889c7aa0,test
69310b3e834707f6df7621a4,discovery
69333b33917a3ecd617b39fa,baseline_fit
693b869b79666a0ed83a6a8b,baseline_fit
6942f3c64d5dfa2eb74dde30,baseline_fit
694498580042cc502177dada,baseline_fit
69470281779e30371d669c4d,test
694c62b7f04d6ab0bc56f626,baseline_fit
694e3ef325916e1a6236b33e,repair_validation
69546df53cd07ce5f606565d,baseline_fit
69597e0c6e618bb4fa4157c4,baseline_fit
695ed0e732a7b0ecea484b27,baseline_fit
696086106e8e95a44938b8f8,baseline_fit
69617bbb58d5f6a67e45a53e,baseline_fit
6961cf9a70da85226e667f08,discovery
696d75b1ec52cb6e1aa9dd8a,baseline_fit
696ff2e0dbc86885d2b07933,baseline_fit
6975422daddc6dad75ce61fd,calibration
697e237964e0eb1a264f3bca,calibration
697f6f50b4c7c5ffa36dfe96,discovery
698cb590d0a57d00d44176e3,baseline_fit
6990ff33e0347bcce76e6672,baseline_fit
699c70cb2ebc0ea2e0bd4b60,test
69a4205733ea28b5fa7fc0d8,baseline_fit
69aa0cce12000ba339b890ac,baseline_fit
69bbc1d692c6c52ef43087b8,test
69d4b2b5775cf45a911229c2,baseline_fit
69d7a905e1bed3a0184a4f02,baseline_fit
69db77932d4300824d2bfa99,discovery
69e85996d39e3081e60ab270,baseline_fit
69f0313c5b6e2e38cd92f8b5,discovery
6a079bd6500f51f03b2f373f,test
6a07db80721d63dfefb1f93a,baseline_fit
6a0a6077d69a7fa57d5fb380,baseline_fit
6a0ffbc33ea0190eadcd9ece,test
6a1404faf517c2a8e909f990,baseline_fit
6a213bb4656ca9fbab3db86d,baseline_fit
6a24d272255716c70bd84096,baseline_fit
6a287635b57c678dc5f754ff,baseline_fit
6a337e77c5eb39b4faae36b2,baseline_fit
6a3b13da7c8ff483da422a4b,baseline_fit
6a3e94bce99f619da85f13e0,baseline_fit
6a4a07fb9638db277969b19d,baseline_fit
6a891f92300f101ed671a732,baseline_fit
6a8b1a272ce0f8a9aa6bebc2,baseline_fit
6a931ec693eabb6be6a53f0a,baseline_fit
6a99e68ce2ff92c0874a307a,baseline_fit
6aa811ca3708ca6f4bce8058,baseline_fit
6aae9ff062861f08fb548558,baseline_fit
6ab1b921d795255bdb20bf97,discovery
6ac2fa4cbdc7465fb9af5f81,baseline_fit
6ac4e0ecf121bc1bb0b2ddd3,baseline_fit
6ac7edda779df9bd113b9daa,baseline_fit
6ade9f1abe80cb5407eeaf6e,test
6adea34fe44a3ed247ac4950,calibration
6ae59b55476f53a706da6e65,test
6affce6c2583671bcbba2806,baseline_fit
6b139f54346795bf744da6ea,baseline_fit
6b1a1df2eef3aa863f090598,baseline_fit
6b23321c7f08c789c3e80cb8,baseline_fit
6b27c7abaf613ecb301a3e20,baseline_fit
6b2a27a612aa575791107214,baseline_fit
6b391bab85e250b9b5916639,baseline_fit
6b39271eaad8551276600cd7,test
6b4d7154bcef241572501e3f,baseline_fit
6b4fa54678e9edaac16b3ff4,baseline_fit
6b55cefa7250f975febe0291,baseline_fit
6b5ca0def7c266bba6e81930,baseline_fit
6b5ca674be928b064cbddae4,baseline_fit
6b5f5274b954a06abf5a36bc,test
6b64f35cee5b8c6071dd42e1,baseline_fit
6b74a607cb853c69977a659e,baseline_fit
6b7568f31eac6cee7f9d78de,baseline_fit
6b7d6bc1196c8df46babb88e,baseline_fit
6b7fad3ef8baab2fffc8b47f,baseline_fit
6b8a97c42041a5a63bd68cd6,discovery
6b8c94d00adee2928cee668e,baseline_fit
6b98ce1271de512591d38a56,baseline_fit
6b9a6741f7c45ad451f7cbab,baseline_fit
6b9a8b27953db5ea45a18b7b,baseline_fit
6b9f61cf8719ae30375c98ac,test
6ba053e0242d999b65952fa2,baseline_fit
6bab219330c50b442ab3b17a,baseline_fit
6bbb77b8d60f2889fedd87a9,test
6bbbf0831d76d4800cf7c477,calibration
6bbc673300ddda92735bc3e0,baseline_fit
6bc1ec580514beb9a7c64b67,baseline_fit
6bc2112d6bdf61ce635cc585,baseline_fit
6bc666e5b3787d5670e62a71,discovery
6bcf65190b5643fd8956242e,baseline_fit
6bd9289a466056d3e58c1bdc,baseline_fit
6be6d2cbcf11bae81dfbf132,repair_validation
6bf82475f200e48b1aa6c578,discovery
6bfa1c0c2a880ab639fd004f,test
6bfb4b0aa0ae3e12faf43c6d,test
6c0551ecf97c07f145ef016a,baseline_fit
6c1ff3e7a76c53e854bdfa3d,baseline_fit
6c22d23b68aaea0bb55303aa,baseline_fit
6c2a7878b1e6fbca60cf06f8,discovery
6c2ab52733b0ab2d8e1fd556,baseline_fit
6c2f77266556ceedfd15f6e1,discovery
6c35097f6f98af165495ea02,baseline_fit
6c4eb03910a7bba65d624b78,discovery
6c625460c6e2159baf5b261d,baseline_fit
6c65d3cf28c39033e3980818,baseline_fit
6c6a053fa8f43c72b0035141,discovery
6c6b8c8f711bad52c09c94d1,baseline_fit
6c77b316b7f39df5a2862307,baseline_fit
6c8becf2c621829dc982372c,baseline_fit
6c8f9869a3a3f76f2ceedeed,baseline_fit
6caaffd3f00601c3667be159,baseline_fit
6cace65638a6e40484a8e7a8,baseline_fit
6cb21446a70676aa4a046be0,calibration
6cb5affcc196516b50e1c44c,discovery
6cb7bd4bb871b40313d35fd2,baseline_fit
6cb87cb7040d0c0692f51495,baseline_fit
6cc7fd832d9e34aa36b1991d,baseline_fit
6cd21565dd5b07e047dd406e,baseline_fit
6cd7cf09334c5dde04aa35fe,test
6ce7b0b797acf08c7cce8c21,baseline_fit
6cf09d1af79d9aaabab9e8fb,test
6cf1ab6f27bcd19ba449fc9d,baseline_fit
6cffe5edd2218d5d4f10ead1,test
6d007d9fec5db01a1b572ea0,baseline_fit
6d074b1c8eb7eed86efe24e9,calibration
6d0845f417f96ba3093ed082,baseline_fit
6d0d6fdc459e10eabcbd39f3,baseline_fit
6d0ffafee5bdba727edbe5f2,baseline_fit
6d1fe3e9ce035b96f076dc3d,baseline_fit
6d220dec78469002430c7531,test
6d262d58fc831b5ccd49ee72,baseline_fit
6d43d5afd0fce9d4ac4f7284,repair_validation
6d539207b1c5aaa087931b54,test
6d57c60f5876b1dbd7b1d6ee,baseline_fit
6d6edd7e18aef34336bf5080,baseline_fit
6d74bc8e9b2e65cf97d1e698,baseline_fit
6d7bbdaf2de5274305759a82,baseline_fit
6d8b5de7c7bcb10a0dc72d7c,baseline_fit
6d9de9ae12dffefcfe602799,baseline_fit
6daa90768c3c1b1c7442639b,baseline_fit
6dca1667f5617bb26b8cd001,baseline_fit
6de08b64ac369e0279b3da20,baseline_fit
6def7f8391bf6592edc73145,test
6df269f5ed4d8c4c1ae45a9e,test
6df3ef3d93c1e6c1e34d33d0,baseline_fit
6df4d464bf21be7bb8f4e51e,test
6df72d54e68386f65276e44a,baseline_fit
6dfa84b9e5a1ad927e1f93e8,discovery
6dfca0ee5a16afaf4c00a5af,discovery
6dffc0526e0be5fb211e696d,baseline_fit
6e0b2573c37cdda29118684f,baseline_fit
6e0c8bdb4cd8e7fe76025aa3,baseline_fit
6e10ff933b8ce15190f45100,baseline_fit
6e1256037938ea29fb0d33af,baseline_fit
6e152bc773dbfaa9898b4853,baseline_fit
6e1542947bf66382e192283c,baseline_fit
6e156ad0b287d0ab15513d1a,baseline_fit
6e16e2f0d966c32a3fbe4f8f,calibration
6e1b67149716b3e63c76fe90,discovery
6e30e81b41478268e48ee6bc,baseline_fit
6e42719602de2346daf9ef0b,test
6e45f7785e00382937728315,baseline_fit
6e49bab0418ce843f297a0ba,baseline_fit
6e4e54de25ab425920864d09,baseline_fit
6e5a6b9011d2a5c2ebefad3d,discovery
6e5dc8f52f3ea5f35f8edf3f,baseline_fit
6e5ea2f14b79e8c52720f6bd,baseline_fit
6e6829d013f4c54e0a6dbd2a,baseline_fit
6e6a3dfcb27d3c0bdef1cd4e,calibration
6e6e76cbd9200c3eca488e31,test
6e799e1bd7556ccd0a8d7da2,calibration
6e7d00fe3b74110fdf3643ef,baseline_fit
6e7db64a08100ed7c3a02401,baseline_fit
6e9704a4f21e1aeffff0127a,discovery
6ea20564ab6eb4d6502e00cb,baseline_fit
6ea66f9c29df1a322312bb3f,test
6ea9bb5d5ec5d47a1a4aa194,baseline_fit
6eaa78e7a3a1e085b09add9e,baseline_fit
6eaeb49dc9703c045e04b70d,baseline_fit
6eb6138ecae8ae41f815f8a0,baseline_fit
6ebc767b836c8fa3262edef4,calibration
6ec048b53f9498b5c180da20,baseline_fit
6ec7f9fa774d35f627840813,baseline_fit
6ece627bdb474ef31f18c748,baseline_fit
6ed46709f2eaeea680ce9141,test
6ed7bcba8239dea837af106a,baseline_fit
6eda1e388dfde226aa156cdc,baseline_fit
6ee2ec43dbc14e67fec72240,baseline_fit
6ee3e740e6289ea8d92d700f,test
6ee49f59d9f62fdac38643a8,baseline_fit
6ee7cdaf6a49dec13af635e6,baseline_fit
6ee7daa00754e8bf05b78ffd,baseline_fit
6efdc5eaed49fdb55af0c59f,baseline_fit
6f002b2bfe1d7ffc027e4b74,baseline_fit
6f065a2544e0938f59844dda,repair_validation
6f18d4911a9a9fc5b7302bc7,baseline_fit
6f1e998987383a6a47d7d238,test
6f2128580397d5ab9fd315ba,baseline_fit
6f2296f708b10487e7bbbb4a,baseline_fit
6f2e554b8621058069b9c238,baseline_fit
6f372978a9d233aaac084cfa,baseline_fit
6f498051080166551cc0618f,calibration
6f5315279de73a3de4646e86,test
6f5a67b07f73e0717f47d036,baseline_fit
6f61fa899e04d56e4e60509d,baseline_fit
6f62571052a5bc0071d4db46,baseline_fit
6f63cf4df1c7f2f4a10b8642,baseline_fit
6f6612faf634ac56cd2a2f9d,baseline_fit
6f6aaddc2e75d95ee1300fed,baseline_fit
6f85f2970a02be860f94fb02,baseline_fit
6f8dac92c682da570d73e73e,baseline_fit
6f912aa1a543af9444bdc729,baseline_fit
6f9b74ef07a812aa3420f757,baseline_fit
6f9de94c7a984da269f6fdfe,test
6fa59769aee66b5acbeb91f5,repair_validation
6fa77791d4d21b8d09aba5c7,baseline_fit
6fabfa38069ea8a926b934b2,baseline_fit
6fae1a41ffa005a389e1171d,baseline_fit
6faf8cffe3557461ac892f1a,baseline_fit
6fb38938ba0652e3c0705b77,baseline_fit
6fb472a0fb6b2d8983719737,baseline_fit
6fbde40a8af965ef360c3cdb,baseline_fit
6fc13f291444edf06d21082c,baseline_fit
6fc3209607963252a7fdface,test
6fc8fa658f13a8ed4034f40e,test
6fd0a2af8f08d6f87d17f3f0,discovery
6fdee77ae17d166bb0bb7bb9,baseline_fit
6ff14a6434eb9eb7576f2eb0,baseline_fit
6ff4a2162b5987b98749b68d,baseline_fit
6ffea4313e4fe558b99c9830,baseline_fit
6fffb406ba38e1429265e14b,test
70013864d184b345e35dcf1a,test
701247b090777975bd3d71aa,test
7014d7f0ba30adc912672b3d,baseline_fit
70162feae50e9838aaa8397c,test
701de28cccbfa12f03c9d1cf,baseline_fit
702d596dccc503c01c7562ae,baseline_fit
702eea1a518512f13bf8cbe1,baseline_fit
70375c8e0a5b43cb15d82b09,baseline_fit
7041e4134c92f55d9f8250c4,baseline_fit
704378bb679211c8ecfa5d85,baseline_fit
70485d7713553982c997cd1b,test
70499d48ebc40aeb3c6346dc,discovery
704f4538f570d734144ace0a,baseline_fit
7051d9b70fd308ddcbb1560c,discovery
705700334616df06ca36cb5a,baseline_fit
7063a5becbaa049c3a8f9e80,baseline_fit
706824cbf4eec81aa9e6c8f7,baseline_fit
706ab68088604e4f379bad16,baseline_fit
706be65922bf40cd50f951c2,baseline_fit
706e4f9213c1b93a492bfc45,calibration
7071a768b98b3d40720c980b,baseline_fit
7073598064539328534f5de0,baseline_fit
7074dbe1bb324686a0dad189,baseline_fit
70776f6b59a30ac45f412617,baseline_fit
708bad553f89d5088ab4a13d,calibration
70a3db750638e4050cb05fb4,discovery
70a6b05fa67bf255e5deb13b,baseline_fit
70aa2cc49d800c8d509261fd,test
70b3ce45058fedae5f556e41,discovery
70b4fcec3d881531beca9cf7,baseline_fit
70b62d02c51a526ce2b13d55,test
70b75fafe0193825bb097f6e,baseline_fit
70cdc116e6134e92b32a2486,baseline_fit
70d55e21ecac7b4fc6f72ad5,baseline_fit
70d5b9b2d9919a5c2723125b,baseline_fit
70d813ed605f9cc2e1fc47b0,test
70dd40d18b66443476aecc35,baseline_fit
70e393d33ea6135e78a529a1,test
70e4d5f0cc4db64a2b219289,baseline_fit
70ed9303c5398348fc37bacb,baseline_fit
70f0403342b419fb6f75dfdf,test
70f5311b2221747db0729714,baseline_fit
70f6efa8ae586688ac6f7bc0,baseline_fit
70fb4f6982f46be2b602df36,baseline_fit
7100b57f933e62215761e9ad,baseline_fit
71023fab4c7364ec661aba00,baseline_fit
71028f6c7f8a769d9d3a9423,baseline_fit
7116a530f4fcab8a44a65839,test
71170a02e99d1b727232cdda,baseline_fit
713a58784a9b4ebf8b9a6389,baseline_fit
7141734939b72f5659a8a92a,baseline_fit
714803b6644b91fa6d77162f,baseline_fit
71490a8675d2a1b3422ca618,test
714d3a6642f2d1dfe6f9418c,baseline_fit
714f21ff6e1c665181949f1d,calibration
7153e3ce36e3046f4f82ae5d,baseline_fit
715a2bdaa745e96674afd063,baseline_fit
71612de67673d0b54ba2a5a2,baseline_fit
716729a6cd027269760dcc0b,baseline_fit
71756a9966d2494d45e5a5bb,baseline_fit
7175b090c2c02577da8e8006,baseline_fit
719afada980367728f290626,baseline_fit
71a3f3b703d8fd1ed8aa4487,baseline_fit
71a4718e8038f61f479f17e0,baseline_fit
71a7dc89ef073fd88713d33f,baseline_fit
71bd2e9c6d4eb96c4803dbcb,baseline_fit
71c33ad3989c3403c06d06f4,test
71c5d68f206fabc7c1123b76,baseline_fit
71c70f26d7e90271455a372f,baseline_fit
71c87e3c97dd41bb20a407ed,baseline_fit
71c9229b9e22f983a19e9187,discovery
71d92b64347c3757e9577af9,baseline_fit
71dcce977370adfd8c4df60a,baseline_fit
71e38496aa083f72708bbf9b,baseline_fit
71e46f0da8c8d4f5143e36ae,baseline_fit
71eb41609a49f603b73eb700,baseline_fit
71f02417aaf4e35834bed96f,baseline_fit
71f3184962885bd83dceff13,baseline_fit
71f5654d2a3ac214b042f073,baseline_fit
71f5e3c8e988f51a1cd5eb75,test
71fa0ceb5223b883d80913ce,repair_validation
71fec78c87d586b18d7ad413,repair_validation
71ff09705b5af528098066ba,baseline_fit
7208979cee666dcd531a8a11,test
720dfd977b502881d135a28a,test
720e154a8e3fbaab9dfdf69f,test
72138bff4c443be542728bb0,baseline_fit
7218f1999c18a0d09f86331f,discovery
72205ca0e386d6dd8142abad,test
7221b0981cc2b591b0e035c8,baseline_fit
7224dcc095626f384c7b2a01,baseline_fit
722e9d9efc373d1fd5d4953d,discovery
722fc4c7ae9b2190cc068482,test
723590bca5078242fd7573ac,baseline_fit
723bd19b96bb442f8601c057,baseline_fit
724d1b279cff34703254586a,baseline_fit
724f7755fdbb96e97339a8bf,baseline_fit
7254f1e8b485368f812cdfb8,discovery
725a78be8e327ea3b0226fab,baseline_fit
7264d6278d9085e39c15793b,baseline_fit
72663bddfc29d1efbeab3ab7,baseline_fit
7268116df90d11c151adc18f,baseline_fit
726997bc57370f2fe5bdbda9,test
727856d9310e9b9691ef0662,baseline_fit
72785d4f7911b63712955c34,baseline_fit
727b0c61c8734518e5ed4f6e,baseline_fit
7285529548f447b0799698b3,baseline_fit
728a48aedc20dc7b6bbd364c,baseline_fit
72a693ec6e152768d26c9000,calibration
72a782c06b6c0499d9bb5df8,baseline_fit
72bede5d14573507bbefa924,baseline_fit
72c2841c2745642f33b71630,baseline_fit
72c4a3044e18b3745b6d1312,baseline_fit
72cbadcf4c436f9a3852a991,baseline_fit
72db784ab76a7c73e0887d74,repair_validation
72e3b1a3b7497c17483fe772,baseline_fit
72f7c0dcfde0db849433989d,baseline_fit
730085c97082784a6ca0e562,baseline_fit
73081ddbad2d3b8d08ec8b43,baseline_fit
7308af23a8da2c7b080e69cf,baseline_fit
730972859bad102a22e23c55,test
731ad44ba82b28994e5d8728,baseline_fit
731e7579a0aeef72ba48a92c,baseline_fit
731ed2a7968909e446b297ca,baseline_fit
731f8cdf9d01644ea2d4286a,baseline_fit
73213994208557d126aca7ca,baseline_fit
732d0710923b2d56d9c5039a,baseline_fit
7333d93c2a10940ab1f2a8fe,baseline_fit
7336593b1d8576d4422e89bc,baseline_fit
733ad7b0128f9adb393fe5cc,baseline_fit
733b1bcf712db52e23416998,baseline_fit
733c1edbf3b30a5355d7c56a,discovery
733f9a57bded152f2b91900f,test
73419f3878f88e823099cbb0,baseline_fit
734290b507693c6be257ef82,baseline_fit
734703ca43374122be7009c7,discovery
7355d7375f38d65041ec36d1,baseline_fit
735f8fc3852ac45295f7e9a5,baseline_fit
7362e2df1e80ebb4298ec7d2,calibration
73764efdbcb59b5cecda8503,baseline_fit
73798ccdb9dacd8d74f9b074,baseline_fit
738573f6c5538e55bb7aff31,baseline_fit
738b20eec2f15a8f14c7fffa,test
738cdab2c9a3b2ca6040d505,discovery
73961f1c9c950515ca731dd8,baseline_fit
739a816fef6cf3f8682fd13e,baseline_fit
739c8528f97d7de1d99ebad5,baseline_fit
73af5e9dccc81a3e08f3791c,test
73b64463fc391875bf93e002,baseline_fit
73b6e81bf09cefb030392e83,baseline_fit
73ba27640d28d5c7b4afca41,baseline_fit
73ba72e717f46349db8fe104,baseline_fit
73cd209bd5a5c953d534b581,baseline_fit
73dae5e3b4dae33bde79a36b,baseline_fit
73e79184fefd4608297b1ba6,test
73ed9f1671af5215b0eed69a,baseline_fit
73fa8e86ea8402e30d9e55cd,baseline_fit
73fb5100411c8a491e20b255,baseline_fit
74098681fdbae7707fb7eabc,baseline_fit
740baf30b003b9763fa235b8,baseline_fit
741495f7575ded4461c9381b,baseline_fit
7416295523aa1b352d6ef89e,baseline_fit
7419a6fdefb56effd2cbfe30,baseline_fit
741db895ab54923e8b4b1723,baseline_fit
7424845f13f1054acaed71c9,baseline_fit
742b480a4190f8d3d3e7a0af,baseline_fit
742b8dc79c3ae1183f21065f,baseline_fit
743d477aa83b6202a0748197,discovery
74453f731a87eba5b09fc27a,baseline_fit
7456194b2f75642d75929da8,discovery
745bb059dba9b7bad0eb74e9,test
74624ea8b478a1b848f8b067,baseline_fit
747d9253204400621c4e0b96,baseline_fit
74872bb731f6d2bd926bf4d4,baseline_fit
749f43a57b844b8afd657c61,baseline_fit
749f4bd6fcc1ef78bbfb3918,test
74a3bff5eefa2b7bcc3dcc8d,test
74a45df0410b728dcc886e07,baseline_fit
74b017c685095768d1c9fabd,test
74b9331de74991c159996bcd,test
74c174f44c86cb7f0836126b,baseline_fit
74c3a1f4fdc7436720ebb2d7,test
74c6ea4fdacbc5f5df8226c5,baseline_fit
74cce80496bebbb4bb57cca0,discovery
74cd25543feda9907b49bde7,baseline_fit
74d7129ddd1c21e35ec0209f,baseline_fit
74df5cc5b709b2c768e0fe59,test
74df856f35c40fec30bce071,discovery
74e7312d8f2cd5a4680044e8,baseline_fit
74e7f14077dec6092f672350,test
74eba9c1237c97e50a38ec1b,baseline_fit
74ef7182d170ea05703365ae,baseline_fit
750007856a6ee486975da313,discovery
7507089c1aa1ac115200aec0,baseline_fit
750de49e4e0d50fc153d97e6,baseline_fit
75165ee754114b4afa7c7b14,baseline_fit
751bd5257dd696ea960e9fb2,test
75204e55687356226ac70890,test
7525d2ae5e1909cad4e22975,test
7532f74a6519dda834d0b5aa,test
75368e5209b0a5e16770d33f,baseline_fit
754249fc5a552ec716bbcc32,discovery
7545850af172bfb2210a4f4d,discovery
7547c3ed1a5f39c986b35712,baseline_fit
754afb4a043149707ec84f10,discovery
754e4184a5ff8cd6b81f0097,test
75515269b9b35f52dada1f21,baseline_fit
7553540c002781bd950aeff6,baseline_fit
755620d36d8f137d65e80c7b,baseline_fit
756054636114fcdbd6741220,baseline_fit
7560a7165ccfd6f74e2cd6c6,baseline_fit
756b1f3f778d56d7b3abf9bb,baseline_fit
7573968f1e464e32a1387a04,baseline_fit
75746f141eedda97ca92b85d,calibration
758172d12a3bf23d113c9b9c,repair_validation
7586b8398129f5bedfd87be0,baseline_fit
758964710574b605dd4a68bc,baseline_fit
7589afe6847788884ddf8c57,baseline_fit
75931c91577d52a4e36879b4,calibration
759554ab8ce2aecc3cdef890,baseline_fit
75a28c26147bedb003a274ff,baseline_fit
75a59c03ffb1f21ef2dccf4f,baseline_fit
75a9f0a8c9855bf38b9f4682,baseline_fit
75aa8dde7d83091aec352e71,test
75b3ec828009034bd26ec8e3,baseline_fit
75b70d976fe6a75cc3054a4a,discovery
75b92b431e7acd251d22cbac,baseline_fit
75be349abbc379d288d54eea,test
75c10f05705722ab7b31b0ab,baseline_fit
75c3f50e388acce2a6e4b6cd,baseline_fit
75c4e917c5e3359b9a4700b9,baseline_fit
75c9f644c456db00899349ba,baseline_fit
75ca058c5c8c38138cb7ceda,discovery
75da1fc81266cadd8e4a2cd7,baseline_fit
75df0bb6e28b2498910fafed,calibration
75df47bbf5a654a7352daf58,baseline_fit
75e15af60013d82c498d0aaf,baseline_fit
75e409e5ef1c1d698aa0e348,baseline_fit
75ebaf7827b8a5795dab63da,baseline_fit
75f3eba10cb168486b35c455,test
75f7df8a44023ad9cac43e18,discovery
7602c4dd496196dd3abbe6a6,baseline_fit
7608f3bf2c3830be9776fd04,baseline_fit
760fdd8a1367a83016441b07,baseline_fit
7613b2c1f70772586dfa5cb3,baseline_fit
7614311866a52964f765acdd,baseline_fit
7617d1772f6f14678bc7dfbc,test
7618f4a1cc8e00581a93c70c,test
76340bd18f816e1bdc950deb,baseline_fit
763a51b95beaea22c593bf0c,test
763d5c36aa9718df57176619,baseline_fit
764b7010221992e1fa0dbf4c,discovery
764d2df6f9a14e5f7f3d9f59,baseline_fit
765a74dc7295a3ccf2f8312c,baseline_fit
766c1270f1d516b962d79ff1,baseline_fit
76769fcdea3a50218db60113,test
768e2cc1feca89a0b6776678,baseline_fit
768faeb3acfb96fe34568366,test
7695906391340c393060bf0e,repair_validation
76a251bc3a1e8019f0205bce,baseline_fit
76ae8c23789255468e7c8ebb,baseline_fit
76b79dcbdfd02fed5b00cf3b,baseline_fit
76c6fc970b3609a48e613bb8,baseline_fit
76ccc14ea62aa1348421b8b1,test
76d2300084e405c3ad071fc7,test
76d965a32e15f60ba7676f01,test
76eb5283ea795a0f913f2392,baseline_fit
76f8d3082ba823cc1815ea41,baseline_fit
7708f7dc63dcd37248141341,baseline_fit
7725a0db6f278648a3a4fd87,baseline_fit
7737275f813a9692f4ae8c2b,baseline_fit
773ab608d358cd3328d3c708,baseline_fit
77400cd81b6616ccc5ba2806,baseline_fit
774e116e4ea0706d4d36694a,baseline_fit
7751f17493a5deb471cb4391,baseline_fit
77571a21ec98c1ecf813f1ff,baseline_fit
776f0903ec487b181e678dc8,baseline_fit
776f6181e9379c85b504e273,baseline_fit
77701effd8059ad438411c2b,baseline_fit
77735553334eaaf7618de7fb,test
777ca7b195ef29c4e3768b44,discovery
7790c4520c64546a5556e4f1,baseline_fit
77961abbb3cb5cfc74bc6362,test
779ac6a82f830ec23d0a8b24,baseline_fit
779b7475fb70331c4f9b5cc9,baseline_fit
779c9a9789a5196066f8303b,baseline_fit
77aa94d8b373deeb260990d1,discovery
77ba48258042746c93811b2a,calibration
77cb90497c7a1f19596952a6,baseline_fit
77da1ca73e8f304a3360d93c,test
77dc6e4297fb04780273dcb8,baseline_fit
77e5ab16fe5ac5df7f3c8ce6,baseline_fit
77ef29617729ec2ff280b57a,calibration
77f06577e4e0c7b87fc9d347,baseline_fit
77f343e1460953a27a79b50b,test
77fb2deabe2dfd9958de9d25,baseline_fit
7809a1ea8b6d050a3afb13ca,baseline_fit
780a61f3bea80622549c3982,baseline_fit
780f172ebede6ebd85c016b7,discovery
780f7b83e54b784de5f2e594,baseline_fit
782025ef67b03c9ebb84956d,baseline_fit
782365fae7da20e0e613579b,discovery
7824184695630cbdd99ad785,baseline_fit
7829a02a0f5836aba3b042ea,baseline_fit
7829ef3bcedf9c5d14989737,discovery
782cf3712ae33786dbd1503c,discovery
783dbba7ed04ebabebc5914f,baseline_fit
784bf8b5ae1561b983dfcbdb,test
786159d56fc7b915587448a4,baseline_fit
78645043830e7131959522ca,baseline_fit
786a0aeaf14e2bbe1ac0477b,baseline_fit
786ed07878dfa42a6dd9979f,baseline_fit
7871be7c5193d3ec3ac0b42c,baseline_fit
787d86fe4c1d1f7eb403dd43,test
788695d6fb7e3d414b1b4370,baseline_fit
788a52927cc7575d2c4226e6,baseline_fit
78923c66c419d49518f014f9,baseline_fit
78a0cda7e1629b59d23ea7fb,baseline_fit
78afaf680e1929d25b74b4d2,discovery
78b2c4e5b812dfb0a72e56b9,repair_validation
78b96dff62729dc9892de495,baseline_fit
78ba0984c8f70a80e303775b,baseline_fit
78bc7b1d44e02717323199aa,repair_validation
78c18ecea65945df0cd3bbb4,discovery
78c9f998f0586a2696e8138a,baseline_fit
78ddcc041ba77e2dba09dbdc,baseline_fit
78e06197a39105fd49b24a0b,baseline_fit
78ed88269f77470a0c0fc402,baseline_fit
78f7b85707551af7097dc35b,baseline_fit
790252b4e3fffdcfbc8f9520,baseline_fit
7906cd3aaef08c9958a7eea0,calibration
7908590822b8af6e92469a25,baseline_fit
790e1b960e08f0aba0b7150a,baseline_fit
79174abfb1570507127d3414,discovery
792b1a97636aee0fe41364a4,test
79435fd8d557a08ad13582e9,repair_validation
7943b6e6752e0d37bb32ddc8,test
79472e7044b5400fadaaf170,baseline_fit
795156d07cdaec06498d7b05,baseline_fit
7952f3b1b827c0d357f66652,discovery
795b6fcb308819245668ba30,baseline_fit
795bb8e1a7d41d296d332289,baseline_fit
79605ed43a817c34dbe91e9b,baseline_fit
796117dbd1f879ab53acc428,discovery
7967fcb5c22bf3d756e7cc3e,baseline_fit
797fbc99be8d5349a55a3211,baseline_fit
7980a53615772ff461595231,baseline_fit
79858944b2c3439dc9355479,baseline_fit
7987085b3a3cbfff50096b86,baseline_fit
79873c0cb93865674d0fd648,discovery
79890091e300e9f8c9bc6148,baseline_fit
7989f7bfa7ef24f27ade7406,baseline_fit
798a0918a7196615f0bcc2cc,baseline_fit
799d64741a0c2ccfab9c4bdf,discovery
79a8be1c87c45b345ccf8529,test
79aba7bb18611d0c3bf6146b,baseline_fit
79c1c5a9ed112eb18c3eaca4,baseline_fit
79ccc3462b1d70dab096842b,test
79dbb5187a370beb77e12f3f,baseline_fit
79def3c541c45fa10e0efc46,baseline_fit
79e0de4373bbdfd69d03985a,baseline_fit
79ea4ad131fc1b46ef185110,baseline_fit
79ed671ae95f8e54f4927765,baseline_fit
79f3a6b3344ca285c8ab30d3,baseline_fit
79f453ee86e8a5dca3bac8b8,baseline_fit
79fbb85050626760def98ea9,baseline_fit
79fe67384f7a33b9af3cd023,baseline_fit
7a02106b686ccbe07c571fbf,test
7a10525f54aeef6796904d12,baseline_fit
7a1676d4b35f1eb5ff6942a2,test
7a174ef2b84b6d03e72b2fbe,baseline_fit
7a2974299d9b85799c0ac1f9,baseline_fit
7a2c9e8efaa7a630e5aa41c7,baseline_fit
7a2e8bc29955a11397614424,baseline_fit
7a330c0752cf292b53d58c5a,baseline_fit
7a467f034aff6249a6d8e631,baseline_fit
7a49ad970150847c8e42ca8d,baseline_fit
7a570c7c1b8fbe0615a9e575,test
7a5a26d1ca248c7d64f09086,baseline_fit
7a5c2c780c6fa44d4fa7c7c6,baseline_fit
7a5dcb659b1ff4b6aa9dc743,baseline_fit
7a5f577166508c04a618930f,baseline_fit
7a74658d3f8cb1a0cba533c0,baseline_fit
7a8e50ca1884acddf7511388,test
7a8f8fbe734fa86a3a6bc5de,baseline_fit
7a98c7799c0441a2e9bcd887,baseline_fit
7aa1ae29dcbfb7bc16c60083,baseline_fit
7aa55f681e28fea5cbf1e367,baseline_fit
7aae46009c3648a32643949a,baseline_fit
7aae73ac07a0b9bc3d60ee59,baseline_fit
7ab82b5e6854cd46ef1d138a,baseline_fit
7ac70c38c61889774a4d2d58,baseline_fit
7ace35845cf5727caa37d285,discovery
7ad2fd24eb591c70b6586df3,discovery
7ada8b9641742554aad99a4d,baseline_fit
7adb3cc6ba476dc7749b079c,baseline_fit
7aed1fb84dc8184849586675,baseline_fit
7af75bbd9146c9e0372e848d,baseline_fit
7afc9379d3a9712c03ea7b44,baseline_fit
7b0029b405013cfd38294f57,baseline_fit
7b0047f572745a94eabbdc72,test
7b005c40f13add6374e41cfc,baseline_fit
7b04c5a1e1692e4563ccc7e0,baseline_fit
7b064ca96c13a90d1b77afaf,baseline_fit
7b0770cd1eeeedccd978fe1c,baseline_fit
7b08ae4eae65593bd689566a,baseline_fit
7b09f88a21f3bca414578946,baseline_fit
7b1958e13ea6fd89bf892a2f,baseline_fit
7b1c660ab4bade18e3b46099,test
7b30368e4d0fb4a2b52c9d0e,baseline_fit
7b33ba27f80243449f88bdcd,test
7b36c2898bd59f7ae2920d9c,test
7b3d4a08521e20006da2c806,baseline_fit
7b465cbd115307e9e859cdd7,test
7b4cd8bbb06fa3a1e9bf7c4d,repair_validation
7b4e924a689d8e0cb0f9d951,discovery
7b5c30839e0f10c8b0a177ac,baseline_fit
7b5c9c86f345e609798bd273,repair_validation
7b5fc07d1fdd5548e403e0e1,baseline_fit
7b65db3f7bb571f985b02cba,baseline_fit
7b67a084584bae8cc0f0857a,baseline_fit
7b6c580ca2ccc6a8377f18fa,test
7b7409ba4f65685fba09edce,baseline_fit
7b7423e446bc6c2bff15c143,test
7b78e97a363be176460984f1,calibration
7b791ba0374460c0792cdb00,baseline_fit
7b7bb3699dea582e4c071163,baseline_fit
7b8182ef369d5a1743c8b8f8,baseline_fit
7b832369f93eda5bc81ec082,calibration
7b840f69d14b76cc609412b3,test
7b8e4747177840b072cb7987,baseline_fit
7ba0541088789e67908a7652,test
7ba0d68d150a304744f9941f,baseline_fit
7ba2fb997b33540a731fea7c,baseline_fit
7bae201519c3ae498b2f510f,baseline_fit
7bb3950a5563d3d582c2be5c,test
7bb7c06b382294648ee4acdd,baseline_fit
7bbf04f537c82347551b93fd,baseline_fit
7bc0e87c7e7ebde78bdc2566,baseline_fit
7bc502372aede1643b4f1425,discovery
7bc6380095368a04aeab3f0b,calibration
7bc7f8f60e9a9fa7c1508825,baseline_fit
7bda06c8f645d2c57009eab2,baseline_fit
7bdd7faf2299426effbca6dd,baseline_fit
7bebfd3e3af4b8588808dda1,baseline_fit
7bed38cd4078c32eb2b1a065,baseline_fit
7bf01c4c244cb6ee1420d443,repair_validation
7bf05248410be5aba2f96e55,baseline_fit
7bf1b39d417d8e67571a64fc,baseline_fit
7bf1e2069e4aee4d75fbe71a,baseline_fit
7c04cfa4251c20c3683aed1f,baseline_fit
7c10fdf717de607efe10d08f,test
7c16345082d7dc8d704be18e,baseline_fit
7c16c00181818112a6860174,baseline_fit
7c2320eec859f7a2d03694ca,baseline_fit
7c23a9628f2b121943747d2d,baseline_fit
7c3178847717f09b3a18678f,test
7c3d2f63953524f4c4d76faa,baseline_fit
7c3f040e012a1dd7f91d975b,baseline_fit
7c47071ee4f108eea8bd4f3f,discovery
7c5282576d554fe24d8a967d,baseline_fit
7c54b9addbae73f546ec9457,baseline_fit
7c5706d91c32dd43b416b129,discovery
7c6616cfc66658d9d91fa085,baseline_fit
7c6e36b41e693d5c94c281e4,calibration
7c756ef550eb21f2e0d4b08f,baseline_fit
7c7a4aeb7f29a26863712ce9,calibration
7c7b81ea221602b8d2edcbc4,baseline_fit
7c7f313092d64589ff61e41c,test
7c837987834169337f20498f,calibration
7c839e1564afa2b9c9307f05,test
7c8a8dffee02658152474d7e,baseline_fit
7c8a9cc74a37673a52a814ce,test
7c948b431b8aba6729eafcfd,test
7c94ac87bcfc161697794b57,baseline_fit
7c98c52260193b878f1a0ab0,discovery
7ca2c4d7b891ed4ce596f2dd,discovery
7cab9c4314f1a4fdef546c19,test
7cc05765f2960c20b758711c,baseline_fit
7cc412bc630b43b946bbae85,baseline_fit
7cc60171d8db86be67c48204,baseline_fit
7cc65468216282be796d3ae5,baseline_fit
7cc70f74d28fbfff8e0ff3c2,test
7cca21392f3110848b46d9c3,test
7ce001597527d54c9e83644a,test
7ce3edf191c742a27ccf966d,baseline_fit
7ce5af36228942ff5534678d,baseline_fit
7ce722a23825a6c42548a61f,baseline_fit
7ce9942029bfa5ee046cf3c1,baseline_fit
7cebb4e7d5b6082a62c328cc,baseline_fit
7cff07480e43f8df00f95f95,test
7d0b7383dbe90e2dfb2ad893,baseline_fit
7d10819696f2e5b3bb0f6e62,test
7d1ee041a66f296d6eb82dda,baseline_fit
7d1fe7bcbaf364d68777dd2b,discovery
7d21f21a1b6a662745f85963,test
7d24cc636fb6ff2ae04df157,baseline_fit
7d2a1f00529f810f53f6d4c7,baseline_fit
7d2aa376504f62a86b4fa275,baseline_fit
7d2d576a3bd485feda27abe0,baseline_fit
7d30724b5d4a8e0869ce50bb,baseline_fit
7d419136ee91eb2730d40475,baseline_fit
7d5c540d4a1c0122e4a28a98,baseline_fit
7d5daabcd475a303788f3205,discovery
7d659644d809c233327f7dc2,baseline_fit
7d65b93191adaa455fdffdd7,baseline_fit
7d6acc7963e82a9d663cd0b7,baseline_fit
7d6f34945eca4dc31d534729,baseline_fit
7d6fbac3330266dd358eed9c,baseline_fit
7d7756f37bdefe7eb5057558,discovery
7d7e3fc4a94bdcd43b7e1daa,discovery
7d8120e5bcf4ffba41e90bcf,baseline_fit
7d815aadae6d86732120d6fc,baseline_fit
7d840a4e8fa81034f1d21909,baseline_fit
7d85d591c0c6b16eb4270524,baseline_fit
7d8a41cdf5bae783fcce34dd,baseline_fit
7d91a31fe923adf7bf92edc3,baseline_fit
7d98f9f928f0413fc929f098,repair_validation
7da099373d7ea213c8a6c99c,baseline_fit
7dabc33658964416d69ac7bd,baseline_fit
7daca7e99d9af98a0806d4e3,baseline_fit
7dbc39027df13f252b6e42da,baseline_fit
7dc2f5cf36249740f6169ff9,baseline_fit
7dc9f77091aea50761a37ed0,baseline_fit
7dd14790b6ffb2504a7987f8,baseline_fit
7dd2e25a8542ce4f287914e0,baseline_fit
7dd70a7a27646bedd8905b65,test
7ddaa4a2825e4b21e4f72fac,test
7ddfb7dcba3e0d84be2fa94a,baseline_fit
7dec2fe01d3062f49d0c7e9c,baseline_fit
7ded9c48ecedae8d2821afde,baseline_fit
7dee46017c6d9e73cc5106ec,discovery
7df38b7ba884db8ad2aac7bf,test
7df57f4e6ed21dde02b4cd85,baseline_fit
7e01f4c4c9ffff6ab9e84a2a,test
7e084a8c4f9e042763c9ae10,baseline_fit
7e0bcc91a3da163f57ad93f9,baseline_fit
7e0eaeb36e659affa5e6c5f6,repair_validation
7e17059786e22d6ff4d64188,baseline_fit
7e32a096bd6c5064efb8117a,baseline_fit
7e38c42704fd057200b9c541,test
7e4c45492b047b55246da1dd,test
7e4ec1728ef4d60716d8cffa,baseline_fit
7e519e707212c231bbbc64f6,baseline_fit
7e55f92c313acfadf6fe20e1,baseline_fit
7e570a033d68d395d8d952fc,baseline_fit
7e57c63370d4d396f77d28e5,discovery
7e61b6bd38c3dcd20b75d8c3,baseline_fit
7e65d5f5b1795c62ffbd7132,baseline_fit
7e725cb64d79b566fdc71019,baseline_fit
7e7282e33007b09a54ca2670,baseline_fit
7e7f6cbad1ecc8d5533746ea,baseline_fit
7e833a6829ae82ba61fc360d,baseline_fit
7e842e8458220b561fc765bd,baseline_fit
7e9171cba25a0bc1614f5bfa,test
7e952bf5c8025461b6315979,baseline_fit
7e9b76a3818e3759234dfacc,test
7e9ba488fbbbe8fea023fa7b,test
7e9cdc5ddd4f312d49745d76,test
7eae6bb2efe25fb5e8d01a89,baseline_fit
7eafe7d9951cac532281c47f,baseline_fit
7eb4d8ed55189a94a8eb3a73,baseline_fit
7ec99faaf58ee48c0421ea73,baseline_fit
7ecd24dda34be90e7fd6754b,baseline_fit
7ed24451b56b9ae2352850cb,test
7ed33cd9d4e513d501eed514,baseline_fit
7ee3f6785c2ae93acb9ff631,baseline_fit
7ee591cc26947108eea51bd0,baseline_fit
7eed99aec04a6839797ddc89,baseline_fit
7eef51d26dd41135e1928857,baseline_fit
7ef2901d92a05bb0e9f7b1b3,baseline_fit
7ef4daf7e47a8ea1b208e876,repair_validation
7efb0c9fa496a5a50f140f77,discovery
7f05cf99ecf7c572500ca5ba,test
7f0853fc6a22f4bd2a06a0dc,baseline_fit
7f0e6b5cd6685aa6262d4fcd,test
7f12d95bf45172a4ba9463a0,repair_validation
7f18cc187dce403b25fd1969,baseline_fit
7f1b00223a12da6e4ae9ed86,baseline_fit
7f1ddcdba18db7b7e04efc5b,test
7f29da6d04ff90a8ccf19bf6,baseline_fit
7f30732aea2d91e47a7e2faa,baseline_fit
7f35ff3e5dfed3934c8eb402,test
7f3a84942ed9cdbbafcaf8d3,baseline_fit
7f3aab5f5bc80971a15f1f17,baseline_fit
7f3d186d0249f4316475e756,test
7f45bb0c5b35ee1c1d9eaeaa,discovery
7f49204325c9984c8fdda1bb,repair_validation
7f59e59c986c4a505754df2f,baseline_fit
7f5e1a0b7202f72814f2c7f3,baseline_fit
7f6223f049409a3b767aebba,baseline_fit
7f6281c9f3e6d60100e1cd43,baseline_fit
7f635d7b0ac5de50efa99e94,test
7f666ce231cfde3a82d7f494,baseline_fit
7f6f81af701835f1d54d53a6,baseline_fit
7f71ea704d6ca3a5a079070e,baseline_fit
7f72e8d9095516d30f835110,baseline_fit
7f752f81f9141c3a586cd9a5,baseline_fit
7f7bbc927798de47d4fe2344,baseline_fit
7f8118364a3de7bc46606d02,test
7f852c579fb084a2fad0beaf,baseline_fit
7f86d8f7caafa40b17541459,baseline_fit
7f88f4aebe1cfc04085aac7a,discovery
7f8be6b0a8cd48e09204c25f,test
7f93ed2b54f7b668cd1aa743,baseline_fit
7f9b10e810c2a71bc8b1caa8,baseline_fit
7fae6838d045b8f6a1e9f545,baseline_fit
7fbe1c0b948f64cc58f94a0d,baseline_fit
7fc5d1d7127697752cae0164,calibration
7fd310a99201e456c968432d,baseline_fit
7fd53d7a538aeb782f3966dd,baseline_fit
7fde8f8e5d265af9bf85929d,discovery
7fe26d1803866a822cb16ae1,calibration
7fe62cb51a9552ea592d7b79,test
7ff74a3c26aaf0ab91712fe2,discovery
7ffab4868bb6772a5d54095b,baseline_fit
80079294c245c9540319b229,baseline_fit
80083f3ad4d6a65858b4102d,baseline_fit
800e73caa3262aecc19431c5,baseline_fit
80104294ba4ab64ba03a7d82,baseline_fit
801dd17bf9ca22640db45d2c,baseline_fit
801e68f399ffaa0a18d20a65,baseline_fit
802c1ae57326a50b4032bb54,test
802fbbfda63f26061328315c,calibration
803fca95b4712db511eaa7ed,baseline_fit
80492838be3a6bf49f53eb4d,calibration
804bb4778ebd711d3d3ccafe,baseline_fit
805227eeb825d8daeb8ddbde,baseline_fit
8058819ec9b154ad6ac6539c,baseline_fit
8059c0ad050c0f48aadb8536,discovery
805a878040d67d376767b5f3,baseline_fit
805e5def0bb876d9f857cf90,baseline_fit
8061b403a244bd70a9c3680d,baseline_fit
80627069d11d9eb195532ca8,baseline_fit
8063151c1b867afa993bebca,baseline_fit
806fc8053c5c0d40ef2d29dd,baseline_fit
80710855167f4a71a8a811fc,baseline_fit
80726b4a2d34d1a493a54daa,discovery
8074a71193e4a8e538f66fb5,baseline_fit
807f47b41f5b7cc65c0de80b,baseline_fit
8084505cf395696f92f70ae1,test
8087ab6f30a0ce43d42b7dd3,discovery
8091329664abab63d0e2a45c,baseline_fit
8094db2b034e23aa49012b43,baseline_fit
8096feb2e008a8f884346fc3,discovery
809a7fce31ea0ae5769bc4d9,baseline_fit
809b752cc8e7501aef84435c,test
809fa77f362d041241e42d67,baseline_fit
80a5195b540cff2ac11d0215,baseline_fit
80a7ed264c13599b7fd63b21,baseline_fit
80aa786c593314a9ed059f7f,baseline_fit
80b04f423e5c6307f78f35c5,test
80b2536982c0d62247042ba4,test
80bad784bfd5c3603124dbaf,baseline_fit
80c3bf9cde56331d998f4b48,baseline_fit
80c5f99b60a06b286edfc21c,test
80cc1d95e254283b9fa7fd5a,baseline_fit
80e149be81931cc3c4393e85,baseline_fit
80f13c397683da9922816428,baseline_fit
80fecfb1bbd7b0df5cb77e9e,baseline_fit
810703151dadf6a1b8716458,baseline_fit
810bc9781bb301e75f6d9ff1,baseline_fit
81140d045837617f70c20c28,baseline_fit
81171486e68e75e0b1cb593d,baseline_fit
811d1ed2078e649e48f766b2,baseline_fit
8123f4a42d077a5abd41c88c,baseline_fit
81251483945b940f370dbe81,baseline_fit
8127a023f4e31e09fc3118dc,baseline_fit
8129445b617bc42335798ae1,baseline_fit
8136a176c5c85d6bcac5151c,baseline_fit
814636f53156b4fcdefe7ff1,baseline_fit
81496a9829546366f9e1b4e3,baseline_fit
814b963072962661b1a1e5bc,baseline_fit
814d0cec34a4ac3c200642ca,test
8169ee1bd37a7815e4b76c1a,baseline_fit
816e76f8291e651aee7a2ad3,baseline_fit
817ae4580ff569516f631a98,baseline_fit
817e39f169fb6b97364d46bf,baseline_fit
818b03926500846d61b57a35,baseline_fit
81996265127d620b7022f33c,baseline_fit
819a0754c44e86c60e2c3ddb,baseline_fit
81a402adc35514edb2525447,baseline_fit
81a95f90659792dcc30f7c11,discovery
81b2faf0aa2566a8116a68f4,baseline_fit
81b309246c25f45926514c1d,baseline_fit
81b43732a645f815455dc18b,baseline_fit
81b94d230ed35d9be04673ac,baseline_fit
81c53c2164b0c01ab0982a93,discovery
81cba6c462e1679dca93119c,baseline_fit
81ccfc55de6afc37a70629f3,baseline_fit
81cd1522ffb252c6a396529b,baseline_fit
81d969a203c370a98609cc1f,test
81dd14f3bcddffc932d85c65,baseline_fit
81df96c65d4290bfd0c2bea1,baseline_fit
81e5f88e6c7863119f706178,test
81e688dd3ec52c1575cf1de1,baseline_fit
81e84a42885f0e1011f0a53f,baseline_fit
81e982b0d42209b0ad81ab15,baseline_fit
81eef6d3d74e0c89a18bcd12,baseline_fit
81f7d1654367a938bc19390a,baseline_fit
820c130f4e305cfff0fbed9d,test
820e987cb287fe0cec54d453,baseline_fit
820eb541b8a26bb6305c610a,baseline_fit
8216acf75f96a17d3281b754,baseline_fit
821843998414ae21c90c574b,baseline_fit
82249aa5d97a5458bbd245fe,baseline_fit
8224a31d7f4f28e0c09c67c9,baseline_fit
8224b05da429e908dd9ef03d,baseline_fit
82301b56c834b37951f5655a,baseline_fit
8231487091e3204afecdc36a,baseline_fit
8233c0fe006c71b334b24356,baseline_fit
82435c5e489016a64a5e98bd,baseline_fit
82514d401cf02fbfd5805b5b,test
8258f90fd2324497c0c29ab6,baseline_fit
825b27465493da6bc9b02985,test
82622d30d162fcbe8df3014a,test
82670871e4e2b4a9f9e311f8,baseline_fit
8269c9d37ac01861be5ef1e9,baseline_fit
82721f23912aacaa32347dcd,baseline_fit
828dd751d3eeb012aa6fe564,baseline_fit
8291243c60e332b49055678e,test
82a645434362cfbe8ef29712,baseline_fit
82a8649b10fe40c364a4f404,baseline_fit
82b1620ed23148e0ca31fe87,baseline_fit
82b1ea610e2a2531a2147a21,baseline_fit
82bbdd09f22626ecd387150f,baseline_fit
82bcc6b3e7b93467b9addb4e,baseline_fit
82c2ad952fb5726ac1bb406b,discovery
82c67c7f3b37e0202c421515,baseline_fit
82c704243c563357507d4d68,baseline_fit
82c7142c149b4dc985430bdc,repair_validation
82ca4cc5a68c4569c94cf8bf,discovery
82daa8500b838af9414ae8f0,baseline_fit
82e12e7328a148e5f6bfecdd,baseline_fit
82e23a01c2b72a6727ce3496,baseline_fit
82f1f544d40e6d7a1127113e,discovery
82f6f47eb9edc3b13077d26a,test
83051c3c748ebd5af9d01ceb,baseline_fit
8306b1bb55593383134f084f,test
83076c8e4c1983c2cd7f03af,discovery
83112ddd516bd6395cd631d5,repair_validation
8320613e14d6ef167adc345c,baseline_fit
83260fe470418e54297c548a,baseline_fit
8328df3c1ef26af5ae4c3e1a,discovery
8334b4487d0099c0befe314d,baseline_fit
8337222cbe460b8e01e9c7f3,baseline_fit
835a0f6027e5ec82083492d8,baseline_fit
835d1606ff90e75ff9ca2863,baseline_fit
836577ae0bbb9c79fa1d4668,baseline_fit
836ef925dac41b1ed81f1444,test
83739fe62c8e8231fb6d2d9a,baseline_fit
8380fa2e219aaa5ae6362c69,baseline_fit
83814ecddc301b8af322253d,baseline_fit
83868cffdff4067e9d5ba2a7,baseline_fit
83899497ad92f1c2e54c999f,baseline_fit
838f4ca80fcdd5ae760111b7,baseline_fit
839030a66b363330a4c98265,baseline_fit
8391b7642c18c07dd15f70ea,test
83983f6b039fb43abdd11cdf,baseline_fit
83a7ef6f309324638621b241,test
83aa5da1a3a6bf70c84bf4bd,baseline_fit
83af9967314e9b688381d6b1,baseline_fit
83b1be438b5dd80b124232ec,baseline_fit
83bbd10f9acea24ccec2d32a,baseline_fit
83be815c356686ba41245ee2,baseline_fit
83d70e6cdd870195d0ef11f2,baseline_fit
83e550a3cae79737f94e3cf5,baseline_fit
83e9860c2102232f22ed72a4,baseline_fit
83e9fe5b3fb2459161151744,calibration
84017c8675e2b1a2bd0bd8b8,baseline_fit
840636643ca466c44991efd4,baseline_fit
84067dbaac4d51bd6cf53462,baseline_fit
840b61612835a6581814edc0,baseline_fit
841af4e64cfb7491930014d9,baseline_fit
841b0f8d44ad4b39e23b7a0f,test
84221f7739bb97a338c7c5ba,baseline_fit
842521673711e552a28c325f,test
8427a9af6c05c2b7f7e4e846,repair_validation
842e153cb920c8ed464ecc71,test
842e1d257887f0a163ea98cc,baseline_fit
84352cac8257755fe2a08594,baseline_fit
843956a382420da9f17755c9,baseline_fit
843986306cc6c453e280d972,repair_validation
8449b7bfd7c913442f8a5bda,baseline_fit
844d7ef9d854d780530cd522,baseline_fit
845ed3c6e41cb3266389d09e,baseline_fit
84682901703034154088cf68,baseline_fit
846e245ccbb52837015f768c,baseline_fit
84707ed27a9bd1ae9361d815,test
847525d65c87be25e6d7938d,baseline_fit
848b3d08752ba13705aacbf8,baseline_fit
84976a466c3765545779d1d1,baseline_fit
849fd620c5c43849d54f2aed,discovery
84a0fa297d08c54b8acdf7e7,baseline_fit
84a548b428992de69547c046,discovery
84a8709d8e6d73c4607bec62,baseline_fit
84abde0dd6bfb8955688dc11,baseline_fit
84b25df6d5b6a379c3641c74,baseline_fit
84b7d0b7a365891766947f8a,baseline_fit
84bb915b446e7071f458048b,test
84ceaa3e410bcc3d0792d016,baseline_fit
84e165a57b42736819cd0735,discovery
84f2ebc6df027254f0aa6dbc,baseline_fit
84f4e0cb8a02026256cfb7a3,baseline_fit
84f9a46497655733beeb404a,discovery
8502bf7975a83e091fcf0afe,test
850b856ce2b39b4f99f027ea,test
850bd6ccd0d4e3807c41fe8a,test
8516cc559a35f75e696ad88a,discovery
851d2d941bb27e0e26a94837,baseline_fit
852458fbb0e4c1e845966b78,discovery
8539ac5a529cbcca65dcc099,baseline_fit
853ad09a43ad8eb1bf0520a1,test
853d19ffaac3bc9a17ba7ab1,baseline_fit
85415103d387367cc39738a3,baseline_fit
8541b66371823026450cd8bd,test
854200607c8389ad11158ec7,test
8545b633b4f227d1e4691f5b,calibration
854f622bd874c3fce3f3309c,baseline_fit
8556f2e6084990cef72e7fbe,baseline_fit
855d64544c9a4bedb9badb7e,baseline_fit
855d88a62b9b6495bfa233b5,baseline_fit
8561aa50fe108ab6f5f15f28,baseline_fit
8565cd1834d77fd69e132dc0,baseline_fit
856d0e7066c8d867dd504fc1,baseline_fit
856f5e99e2595873ddf725b9,baseline_fit
8575f10269e6ac492df1ccc0,baseline_fit
857801f805efd9a89a233844,baseline_fit
8579278084c579116778e0f8,baseline_fit
857cbaae524b1a933bbb05d2,test
857edab50557ed4672ddc739,test
85830a52c2ffe23cf1dd598e,baseline_fit
8583c92b4c1ac78710a8af2b,test
858542941530037b569f859d,baseline_fit
858570e2a6bef1b96a093f5b,baseline_fit
858974c52cfad0882d9b62ed,test
858e3e9e6b9fc696eed64f05,calibration
8590bddbb9803e0310754955,test
8596abf96051e7c7f2b7ecbc,test
85988524f5094dc1c5e263e4,test
859fba46615a6f4e3a776d57,test
85a52b82cb89879f8fd87790,baseline_fit
85afae5f8047652538364482,test
85b015b5b38a646676b9a845,baseline_fit
85b0b67cc485a03013409204,baseline_fit
85b1a2b755b42e89269d1d67,test
85b6ea843f6a9f7c51c7b590,baseline_fit
85bf7e887854c042097e5d17,baseline_fit
85c9c298dc988e0d0d8d6dc3,baseline_fit
85ca8605a0b9957ca013d95b,test
85ca91cb5a242c1dea9145b9,baseline_fit
85d07be773b783b57566bb2e,baseline_fit
85d333c496e64e1141bb7b32,baseline_fit
85db1999fdccf32225f1a176,discovery
85eff922c9059a4d22b6f138,baseline_fit
85f2cb89fae5cf280f4c75e3,baseline_fit
85f7a6865e9a1f125c21ef80,baseline_fit
85f7e1819d6857f6cbc22e21,baseline_fit
85fa7b9ac022496e7c6fd01c,discovery
85fe700159eb73bfebf80632,baseline_fit
8601e6df4573be977f688bce,baseline_fit
8602a3198c994ae93c9f6780,baseline_fit
860547ac43d023d5123c5719,baseline_fit
860566ae47eca1952c3df91c,test
860610d2dde4b8403665eb70,discovery
860f5618511802af5bde0706,discovery
8611af882e9423a146c4368e,baseline_fit
861a67c8b0a2e3b2283ff111,baseline_fit
861c58f7b63ae71e1947e0b5,test
861eebb1058fa2fc23522a39,baseline_fit
8626b308d8ed406a08c72dc6,discovery
863237a023c8e8fd3c4c2c54,calibration
8647d0759edfc3e80aab7ee2,baseline_fit
86505692d7fd5e660ab2c6fd,test
86531139926ddd2dd1419635,baseline_fit
865c5cc55003462587988430,test
866831ce7f847510c17533ae,baseline_fit
8669a2a587bb837599da1579,baseline_fit
867b1358e69c7fe31031b40d,repair_validation
869141ff283485fb06c50626,baseline_fit
86996dc136c1e02bc3037cdb,baseline_fit
869b2d7d38f8d7af0bfff835,baseline_fit
869cf0c81d29261f4cdcfe85,baseline_fit
86a0829df927bef9f4212f67,baseline_fit
86a228de1f3895cb89001003,baseline_fit
86a772ada52c887687c78b88,baseline_fit
86ab426ae37aa48c534d8192,baseline_fit
86abd75cd5e551f6475aadab,baseline_fit
86ad2cb8bc89faa39b005ee2,test
86b4ea64cb9f140d71b95d1f,baseline_fit
86bcd647ec83f54ebf1ad718,baseline_fit
86ce0d7ded8ef153f78de907,test
86d4dad4fa3930840ba17d8f,baseline_fit
86e02c3194a85cfd146118ab,baseline_fit
86e4a59b41fd42cd7bff76bf,baseline_fit
86f2f3469178e6745e2ae299,baseline_fit
86f9d28517c4f2a27675de4b,baseline_fit
87066822acd5137d35a2f4f3,test
87093e7858f34f9b30d7da93,baseline_fit
8716534244ede823c1a64b9e,discovery
8716bbd93eee241c960809ce,test
871afdad65722bc46f28b12c,test
871c4fc4d14b422bdbcb39f6,baseline_fit
87254a50fe10183ba2fb65ca,baseline_fit
8729ee94e71cf79081e650ce,baseline_fit
87348f0834b7ff33d80695be,baseline_fit
87455cc74a02cdb897dd0057,baseline_fit
8745898957835caffe834d4d,baseline_fit
87473aae90d770679eab6dd5,baseline_fit
874a9546b276e90f990838e5,test
874bcf3a47fe4e73fae9ec2f,baseline_fit
876189975d0f08b7e88eaaee,baseline_fit
876464ee928c4b015e99fb8f,discovery
876d0202067cff8caff24d69,baseline_fit
87858be27954ffa28c7e756f,baseline_fit
878a68b2708cc33d22945194,discovery
878a7759edd37cbbb42e8abd,baseline_fit
878ca26fb371299804b23856,discovery
87999e7e2b05799302635fae,baseline_fit
879d8142a3bad4b428313a4c,test
879f5eb04ef95202c7bd7dc4,test
87a19d111b36453b9cbc6a3a,baseline_fit
87aa3aed58c6424238eb6cbd,discovery
87abbe7be629434b3c526705,baseline_fit
87b16e098c2adea8e8d99286,baseline_fit
87b4fc08090401334bfc25c5,baseline_fit
87c1f5f6fc04453bcada8c95,baseline_fit
87c318661434a165f9177b9d,test
87c360c8b3e87d15f1ce2130,baseline_fit
87cba002d0349fdd7c39a137,test
87ce13eaf81848836498c4c6,baseline_fit
87d237b92a93c8a802905550,discovery
87d6deb7dcb3ff22e0631de3,baseline_fit
87dc92b200b452b8fb2cbffc,test
87df9e87850c202a14e494ea,baseline_fit
87e05f9390423b39092e9e5f,test
87ebeab61d4fb4a099133b95,baseline_fit
87ee6226393e492ecb4f514a,test
87eee5cd15450fb0d37fffa2,baseline_fit
87f463bb6dc3896850877811,discovery
87f52916c9629b769ec66c53,baseline_fit
87feb546e679d2bd988abcaf,baseline_fit
88046392db6364b231b8ec11,test
880dea4f37724267751474d9,calibration
880e1d42c691f263ba22f873,baseline_fit
8814bd8c4efbe5f705c39675,test
8815c9fdc40b75440d12a42d,repair_validation
8828949a3d8fa637ff2ae113,baseline_fit
882d8e17a0dd6b6f0ea472c9,test
882ef5801b2bbf635decc55a,discovery
883a6fdde32f4c580ac8e9f7,baseline_fit
883bae494c5d0e4be2329833,baseline_fit
8846fbad44530974daaa2840,baseline_fit
885ce674fc3ac28c182fef10,discovery
885f72c6a8d57ffb8e59e164,baseline_fit
885fec568b047343cc0add12,baseline_fit
8860275c73b8a07e06ab2d61,baseline_fit
8861f9ca0f0437a20cf5f2d0,baseline_fit
88683039eb3460f061c5b66f,baseline_fit
886920a18822cc4be290faf0,baseline_fit
886c3aada5632ddfe9878dfe,baseline_fit
8871518db8003d6168e840ab,baseline_fit
88774671e0b230251e6d3486,baseline_fit
88947b3f1f27a3d6de37dd31,baseline_fit
889b59c2a9fe2f78dfe55fab,test
889ec1fa2364912f60a58cdb,baseline_fit
88a5f6ae9db6aed6a45f0c1f,baseline_fit
88ae39a94a4f0cf7e44aa573,baseline_fit
88b5dd368397e12587d18fd9,baseline_fit
88bf1f80ae9d6454d60b69fb,baseline_fit
88c4e13c0b1777b7b3b2655a,baseline_fit
88cfa51c823d9cf32838c36a,baseline_fit
88d7e9dfed65668821b527d2,baseline_fit
88e148ad2fc148745528fafa,baseline_fit
88e5901c3a57bd6a1da97eca,discovery
88e9186cfee34e7d1e059da6,test
88f85e8a3b6bae3c21b74d05,test
88f92a057d7c2c22b0c67cc5,test
8908f034944d4e33b3f88cf9,baseline_fit
890ff63ab7a9e5442d94e8d8,baseline_fit
8913307204a49f0845da9eb0,test
89166b7e5d2ac8ce290cb3c0,baseline_fit
8918811a1b0e3b950a0be5fc,baseline_fit
8919935eae9127dc957758d3,baseline_fit
89275b0a3127584fbfdd9af2,discovery
894311030a11464d8297eb71,calibration
895463061c78b743862f8e17,calibration
8954b42fc17c8fd042bc4f01,baseline_fit
895596391c1a016cf629a484,baseline_fit
8957127a33a049fbe73f01c8,baseline_fit
8963daa406cd2b9af64ae38d,baseline_fit
8966bef40b30d638c4828d4f,baseline_fit
896ae5e20a865bf8bda2d5e2,discovery
8974a024a2f36c99ca0a8832,baseline_fit
8977161077f0a61cb13c9f68,baseline_fit
8981d1b1cbae97596c43016c,baseline_fit
898757f6b0a51eb558df19c0,baseline_fit
898d0f9bde077730f3804c9b,test
899163eef2c09e640df791e5,baseline_fit
89937f94d18fd9ddc93d794f,baseline_fit
89941dab576012cf5eaccced,baseline_fit
8995ca82c14391e7aeb3517e,baseline_fit
89981e988be9bb15a5ef904e,discovery
8999fa5add8159a1e52f1433,calibration
899b189b5c72770accaa0ca6,baseline_fit
899b911f94124bcc98919647,baseline_fit
899c73dd56fd9dd807feba1e,baseline_fit
89a54289df5e2d3e4a1746b0,baseline_fit
89a7b463ffd00b6663e76e87,baseline_fit
89b06bea51b1f36a6b79f634,baseline_fit
89bd508abbdef95c467aaae4,calibration
89c4a0e392da343fc6f3ac76,baseline_fit
89c6ae8fd456a8682f1d2c98,baseline_fit
89ca7d59fd55e62e220547a1,test
89ca9cb4cc50ab5ac88a0009,baseline_fit
89cbb2d31ce9846af43fd2c3,baseline_fit
89cde669089cf14082079a64,calibration
89d7563881845d710f68700b,baseline_fit
89e1c8a791e34eed0f3111ac,baseline_fit
89e2059a9f487c4b2c27e1f2,discovery
89e4a7ebec7deb869dbdc50f,baseline_fit
89e79bd9728f9cbbe7d6d42b,baseline_fit
89f7d0f11decf2dec66ebcca,baseline_fit
89fa64c419d1f3480d7f2cac,baseline_fit
89fbdf2eb1e0247cbda89164,baseline_fit
89ff78dc7615b2925b55be30,discovery
8a0021e606c34d55fc3dbe4d,test
8a0118cf5ba2b163ebd2de3b,baseline_fit
8a03f05de94536e3d2db3082,baseline_fit
8a0a50dcb92261f4c301981d,baseline_fit
8a0daf72c1480c3b298d1da9,baseline_fit
8a11b1b3a6db4dc861fd99f9,calibration
8a16d2b4da3c05f9aaa7d2b7,baseline_fit
8a1b709ffc252138cf4e5c03,baseline_fit
8a1e27ac61fc3e3411516718,baseline_fit
8a1fdfe49c8f79affce266d6,baseline_fit
8a2685433aa88907fee5a2cb,baseline_fit
8a31a7e068db5a69df93b143,calibration
8a34d1773957282a15fdfcb5,baseline_fit
8a39dcb94666502d516b36b0,baseline_fit
8a50e085411f853af1d8f6c0,test
8a512a13515c1223fab51963,baseline_fit
8a5419dce5ee3716c81f7e3a,baseline_fit
8a5661ac02ae27e65143459f,test
8a62636a4aa444d48d485b2b,test
8a62e288270ce48546db4841,test
8a6cf0249746ebef2561f017,baseline_fit
8a702c2fba3c8608e34c9681,baseline_fit
8a76b8b5d66a9ce1fd2ec81b,repair_validation
8a7915e63e2db78c737c8437,baseline_fit
8a8287e53ace583c5edd2929,baseline_fit
8a865c19b3550abef8524778,baseline_fit
8a90c71a379988ba70825d1f,baseline_fit
8a90f00d96eb80a664c5a3d1,test
8a92496f3511f7f2126a3e88,baseline_fit
8a9853fad7e8c9b552560d3a,baseline_fit
8aa3eab5f5defa23e6d7a55e,baseline_fit
8aa54490959ec279d5c4fb43,baseline_fit
8aaa74ac94a487a593b68bca,baseline_fit
8aad260e89c3936021af0e8c,baseline_fit
8aae467790bb9d87ea79a800,baseline_fit
8ab1d60921c9527ea38ce797,discovery
8ab7127dfee1e5e8b718b061,calibration
8ac1df7f73534758b3015811,test
8ac5b00d56e2d574a2174095,test
8ad97dda4bdc24cb7c208ad2,baseline_fit
8adc17977966921f52e2be79,test
8adc6fce9c740407c3f2f758,discovery
8af05de32f64d1823aebce6b,baseline_fit
8af0b15584596fa551994457,discovery
8af868e6181924b1d79cf8f9,test
8b0146aed0d75b4b369b57f4,baseline_fit
8b01d474c82c8d5d2961b4c2,baseline_fit
8b06d3df32b8b714a1332d3a,baseline_fit
8b0fdfdc082cc1971d793800,baseline_fit
8b13aac92f85d51ed0b3fc73,test
8b192064aaf0b102e1f4735b,baseline_fit
8b21a73dee7c5ea04072552a,test
8b222602ad4adf1231cc71b9,baseline_fit
8b24bc3815daef9a989a5090,baseline_fit
8b29398f2f16cb63efce4a29,baseline_fit
8b311726477fbc9e8c1a76d2,baseline_fit
8b3cabbd638730c3ee6fadd4,discovery
8b40f7744a9701d6012c5236,baseline_fit
8b447fc08826fe59a365019a,test
8b48b6baa978892a77969f12,baseline_fit
8b4e000029a201b1e835cceb,baseline_fit
8b711910a9e65c77929fd9e9,test
8b73d5e0353b097b541471c1,discovery
8b7844e926e524ee33a306f5,baseline_fit
8b7971e2d112e59d0909ad10,test
8b79afe4039cf6c6628bbc80,baseline_fit
8b8064c63a370bb0dbfd63b4,baseline_fit
8b86663f09389d62c00dff45,test
8b8f8d2d4a43bb7066924aac,baseline_fit
8b98e1944afc2fa0a71ac661,baseline_fit
8b9d9f06f66ef48a4afb0199,baseline_fit
8ba656d4c90b5d46bda8f63b,baseline_fit
8bad5f68109bba88386849b8,baseline_fit
8bb31a9fbf0fc4bb7d6c239d,baseline_fit
8bb4bf9ba8db07a62d1d7e3d,baseline_fit
8bb6e44e5b6a66611f6e6a21,test
8bbcda0c4079f97f87e4b02d,test
8bbd510a91d4de21dffcd9e1,baseline_fit
8bbd572386c94f2b533668b2,test
8bc6ae86ef0fa3c2c7cd4bfa,baseline_fit
8bc99ece7903abcadb489ffc,test
8bce82eb0702e5dc1a200f64,baseline_fit
8bd2357c3de7656e4e89ac24,baseline_fit
8bd38c89c580560070ef4c46,baseline_fit
8bd968cf86637f5fa210bad6,baseline_fit
8bdb9a7ead2a3d54373431f1,baseline_fit
8bdc596115039a4cef8f634c,discovery
8bdc63cf74e0d5edd46abb7a,test
8bde21c2840f0e7faac9f6c5,baseline_fit
8beda4a101ce4ad619371cfe,discovery
8bef94632cb8513725075b77,baseline_fit
8bf9692af8eddb0d55f5a906,baseline_fit
8bfd19c71f10cdf67829a135,baseline_fit
8c015eb65469f9ebeea332a3,test
8c0dbcec25254d802d7a8c25,baseline_fit
8c0e2ef3ff28ac8baf6f1930,baseline_fit
8c0e582184c742ac94fbdbea,discovery
8c1d4de776133605ba00f73c,baseline_fit
8c34796c19b7c723e3697695,baseline_fit
8c3676579eb77639b40354b8,baseline_fit
8c3764d16cd7a1a44a1cffb0,test
8c3b410e0481a1f1ae34e74b,baseline_fit
8c3dedf088fec2e9a36d87a0,baseline_fit
8c3f6dfe6de8f2153d96dbf0,baseline_fit
8c448bd881e3e33bd43d9a58,baseline_fit
8c45be1d1e36d4d85aeb6a55,baseline_fit
8c4729abd40c998b16a51709,baseline_fit
8c47b996774874b5bfea4c67,discovery
8c4fadfaebf94536069716a6,baseline_fit
8c51db55f0a3c00b8e9f8d54,discovery
8c5fe0c257a38f6b35880519,baseline_fit
8c62d14eb0a0dd406879d4eb,baseline_fit
8c6a09e9fa4f320213062618,baseline_fit
8c6baf1aeda6cf0f82e4c974,baseline_fit
8c6fc19c43ea3f0c120bd220,discovery
8c706afcda84f8a674384a0a,baseline_fit
8c7d0e8274456680a8add458,baseline_fit
8c7f9c0efbb9cd383455e770,baseline_fit
8c82a6e6c777beab4d73a015,baseline_fit
8c85ab1b3065bbb36a1d7818,baseline_fit
8ca210e975ee79bb660e3b72,baseline_fit
8ca354db614bd4516a1a73be,baseline_fit
8cc43ec708373c28ea8fb8f8,repair_validation
8cc44c0e0c5214e4a83f9227,test
8ccbd9d6e2b9c020932d5dd5,calibration
8cdb5b3d0f558b988b3f6c21,discovery
8cf27209ecf7421ac184f8c7,baseline_fit
8cfb0bc84d03330081eb2c1d,test
8cff3487dec2c6883348fa0d,baseline_fit
8d026540713d10bbd1337ef5,test
8d0eac659a70611d33237ebf,baseline_fit
8d13bd812b902445f4776cfb,baseline_fit
8d14c7138a957391de4709d1,baseline_fit
8d15e9a55b142a64586d9365,test
8d1749b8188c3ac3a91695c1,baseline_fit
8d1b59be556bc30023167fcd,discovery
8d2103c68580e80fa43466ae,baseline_fit
8d2de44c3a3d21aeb58d2340,test
8d31f9123adfdcdb6e5d74b8,discovery
8d33b404ff84d9d1202f4ac1,baseline_fit
8d3e76b9be5a459d548f5e27,test
8d49c9f9e76989d2d3945fe8,baseline_fit
8d4fff617e6312d1aaa80a88,baseline_fit
8d5f9bd460d59ecd4a2d0b90,baseline_fit
8d64fc73c4ff4e680f5ae130,baseline_fit
8d65f265086d6aa69c689eea,baseline_fit
8d6a71e7986608cbe1f737b8,baseline_fit
8d73048e3145d13dcc38228a,discovery
8d77b1bae32718c26b40c3eb,baseline_fit
8d7964169bac6ab7c6cf6e11,baseline_fit
8d8b17c14eee1382fa25769a,calibration
8d9b2618195501d05f59a0de,baseline_fit
8dc2e769b92765d9ea4dcda0,baseline_fit
8dc3620507a922c924bafc5e,baseline_fit
8dcb77a5f5f0e59b4ee6d243,baseline_fit
8dceb9ffe300572d2faaa99e,baseline_fit
8dd8c62506d04012442bd9ca,baseline_fit
8de437dbb4cb4fba9884ed87,baseline_fit
8de98a7ba106978155e1c210,test
8deb55a87749e228fc2aa0bd,discovery
8dedc62043ed5a1845d4fa0e,baseline_fit
8e348e3f5d77dd9cfa8f9271,baseline_fit
8e35838c7acca47e814ea7a6,test
8e37e821f4c0d667f066cc22,baseline_fit
8e3897bc97f2778e82bf3e73,test
8e480dbe5776fe5c92f6623e,test
8e4aa111d716c235f7ca51c5,baseline_fit
8e5185ea7c1c991fad24f02d,baseline_fit
8e5226095fa6f894ef63e7c6,baseline_fit
8e54b6855eeab6f9fa2b7fdf,baseline_fit
8e665845d45ee143886a04a1,baseline_fit
8e66c95deae105965c4f1c99,baseline_fit
8e6ad502900c7c384ecc5035,baseline_fit
8e6e4a49546fd18147788694,baseline_fit
8e790fd887d08527edec4743,test
8e7fd5da3c733bf7b2d1c430,baseline_fit
8e8cdd911102e2b8bb86b5ae,calibration
8e9f3c68c47afa2106d974ff,baseline_fit
8ea21650c070ec7e6eb13cd4,baseline_fit
8eabe2d434770591439bcedd,baseline_fit
8eb3c55b03463b2545117014,baseline_fit
8ebfbe43d5e2faad1abfd26f,baseline_fit
8ec82372e34ba039dc608ca0,baseline_fit
8ec898f9012ace87d8e3c5b9,test
8ecfa2b9ad1754327e0bb31a,baseline_fit
8ed0f73b0f24c5834940bfa6,discovery
8ed170d32165f612f4ff54d9,baseline_fit
8ed1ebe22814ce11fc2f7d94,discovery
8ed48df437671927d57491a4,baseline_fit
8eda33752849886a71fd9165,baseline_fit
8ede63456bf21816ea1e1fc1,baseline_fit
8edecdcd9f53e8eca63f680a,baseline_fit
8ef03b4c12817ab6262e0ae0,baseline_fit
8ef256c54b2d1f73dd7ef270,test
8ef5e1db00d01fbd6ab965cf,baseline_fit
8f083a379f049a82a227b80a,baseline_fit
8f13920c649e4d08541e0836,baseline_fit
8f1ac2e1da48fb7b7c1a57ed,baseline_fit
8f1c91dc44d33b2745514f55,baseline_fit
8f1db97425ccf78781de5964,baseline_fit
8f1fb7c982b3122c3973a4ea,baseline_fit
8f22fe08b020a917430a9b98,baseline_fit
8f291ff482e9356def102244,calibration
8f2a71f339f89bb14198393d,discovery
8f2ce4d0a61a8d6472f3bf12,baseline_fit
8f2e942b66491561da152e09,baseline_fit
8f353d7993e488c232a831c3,baseline_fit
8f526a0b86841458d6468816,baseline_fit
8f52bf68b0d170fc8d1a2c29,discovery
8f58064b666b069f8a15e4b3,discovery
8f5bd5a8ab89b6c759e367e5,baseline_fit
8f5dc229c1ebed87f659a110,baseline_fit
8f5e770184c72b0179875df6,baseline_fit
8f63cad4ead90086776ee220,calibration
8f63ef03ff9659a5daaaece8,baseline_fit
8f6db53a3594b34d7b2e9361,test
8f70c55d314ff3d7557fbabd,baseline_fit
8f7d3f9e9f3b95f2d8cc9a77,repair_validation
8f7f6743e9434032519820f0,baseline_fit
8f817b872aa02844c06a2c94,baseline_fit
8f839fa58af38079b45a955f,baseline_fit
8f8862c63197e5deffd97ac4,baseline_fit
8fae9ffd34bce8feeb486b1e,test
8fafe9b3038d43824054decb,discovery
8fca2c28f0b49a0ba3aff313,repair_validation
8fce4b6aa4eb8c0fec6a8556,discovery
8fce5c6ab88914544fd36fe9,baseline_fit
8fd2710e3bddc6fadcd6a54b,test
8fe095b8405022d2f8ff0c8a,baseline_fit
8fe32012750a701f76db2c7f,baseline_fit
8fe51647a3e7c7afcddf73eb,baseline_fit
8ff09d8b00516c74e6e9afb1,baseline_fit
8ff10cbd2301983480959703,baseline_fit
8fface81c3561c646865a410,baseline_fit
8fffa85c8709500384fd84a5,baseline_fit
90066e0ced96845d4177803a,baseline_fit
9008ec9c9484c7967b39eaad,baseline_fit
900fb5785bd94ec9d3b24272,baseline_fit
9018d6242cc0774021d2234f,baseline_fit
901be9b132fd0c0018c2a169,baseline_fit
9021435b8faa979d980f87c9,test
902986155648cfe043564f5e,baseline_fit
9033f9271a0f53daa4e29a5f,baseline_fit
9039387c0be5928c21ce65e8,baseline_fit
903a72876a4e9ebf8d1ad4df,baseline_fit
903c21ec8039963603309e9c,test
903ea09335b33e3a6ab648b0,baseline_fit
903f8c7856576fd38482df49,baseline_fit
904212cf62e02bc35dff08f4,repair_validation
9044787f529a26bd064d5f3f,baseline_fit
905cfc283dcaec470665d08b,baseline_fit
9069202243a018365ede9540,discovery
907736d2a5e5854ea371544d,test
908143c65dacb63410421d75,baseline_fit
9088e9e25cb55fa15fb41ab1,baseline_fit
908eb0bab7d93dcae45bd06f,baseline_fit
909e932b0d5b112bf56b1131,discovery
90ab8c2cdc73ec1461948178,baseline_fit
90af39793ea6b63c11a11568,baseline_fit
90b1456a81c4926f13ba3e05,test
90b2b84cddd6ffc61eff7ea1,baseline_fit
90c0c14d37322cdb7b674435,baseline_fit
90c2838f6d3231e93bc3b46a,baseline_fit
90c411726bc659dc7ecdcaed,baseline_fit
90c6740f9a57cf14b767cf80,baseline_fit
90c84b640a2a0aab7056bf93,baseline_fit
90d15035455197e25ca6aa10,baseline_fit
90d5662ecdc13e8e74f4e31e,baseline_fit
90d6902abd197a9a52d73088,baseline_fit
90d6daf1b04dfb7be945a839,baseline_fit
90e63b71a200d3cfed3edf5f,baseline_fit
90eb519684d2a7069cfc724e,test
9110f59a766434035a604857,test
91111b77f26dc720648fc2b7,baseline_fit
9113654137c94f329e1653ae,test
91152ad906a9c0b08d8b5ced,discovery
9117e033816483666c6475e0,baseline_fit
911b4116cea4c03ebe062c4b,baseline_fit
911f982b1df230a8c6b94a48,baseline_fit
912117397047e87ad1983b80,baseline_fit
91246922220b623a44248b9c,baseline_fit
912695785348d3ec7a340000,baseline_fit
9128d824f6cf1ae9ec2b2585,test
912b9e28101b8e3445ec54d2,test
912d388c848344a7bd31199c,baseline_fit
912f157345755fd264b0e574,baseline_fit
912fa8d6ad579684085d396d,baseline_fit
9136fb3a6ef0240c8769062f,baseline_fit
913d60721080c32c50ae5118,discovery
9141b0bddf1cd5d3071f02ec,baseline_fit
9143a16b53f45bcb5cae3e08,baseline_fit
9144354cb845065bebd75657,baseline_fit
914b2214f750b4cb1c9d28b9,baseline_fit
914b9dd1702b888cf720a348,baseline_fit
91521ecec05e5959914aea39,baseline_fit
915e85438a13dc3f87872123,baseline_fit
9170b325c8d05ca9afcf5a11,baseline_fit
918363e817e62c5a63c83883,baseline_fit
918557d96024b2efbdd3a83a,discovery
9190c9c752283447218f9164,baseline_fit
9196013bcb38d6f302d99acc,test
919f1421ac6155f2ebb29be2,baseline_fit
919f9fc091e317abe4195623,baseline_fit
91a36f003b5bdbb2cd64f8fa,baseline_fit
91b5c4b1d9c767330ead5367,baseline_fit
91bc614ca791bf4776cdf86f,test
91c24e02e54abbb717f3fdef,baseline_fit
91c9a7259037c7046203cfb7,calibration
91ca7ad2e0fbc5ceb448fb0d,baseline_fit
91ce58e11d1feb4256db9c9e,baseline_fit
91ceb32ce5ea2eefadca5836,test
91d3872e1c8860dbd6c2358c,baseline_fit
91e2bf015b4072e4d6f21c63,baseline_fit
91e453a772a0105666f9a305,baseline_fit
91e674f14946240cdb6733fd,baseline_fit
91eca723dbb95b5f671b1037,calibration
91f1c918674c54d3fcc29d7a,baseline_fit
91f30cdd37e41f59ea6d9c1c,baseline_fit
91fbc873a758c5884194f488,baseline_fit
920607c150096d5f8f4aef5a,test
920be9ac7533b18b877ac2e7,calibration
92104bbcaaf0adaac4c65014,discovery
921570fe2c5a395c9b3f7bdd,baseline_fit
9224f821449d95e89bed9891,baseline_fit
922e21620306adab4a00f814,discovery
923fb7abece8e065defefbfc,discovery
92424bfa50ca3e016324a99c,test
924e566e959d0999f5a960c4,baseline_fit
92680818923afb91c65f4fcc,baseline_fit
9269751145f7ec6d8cf805c8,baseline_fit
926a9902c354c31cb5ba1a22,baseline_fit
927609bfe19d9938a806d2c1,test
927700eb840dbc4e23f25f14,baseline_fit
927988d54abf69d6aa92be42,baseline_fit
927ae3943be3e458d12970ed,baseline_fit
9288b17618c1356b86497200,baseline_fit
92954184293ad6e5eb02a406,baseline_fit
9295ab6977d7a84f031bbf05,baseline_fit
929ea01cf138b5f34a030334,baseline_fit
929f4afdc9234f0057a41d18,baseline_fit
92a3068cc3c62bac63232ddd,repair_validation
92a69cfae1e395cc15058af7,baseline_fit
92a827a927705b1b6c1cf341,baseline_fit
92ad392b087a4950083221b8,baseline_fit
92ad76a073cee9b1f8921127,test
92c4ee02c4d660efc6757caf,baseline_fit
92c4fc5aeded278f6683e229,baseline_fit
92cd96f3b91b7db3456f210e,discovery
92d8f636f88eb739a2c54f76,baseline_fit
92de56f662f19ad66c618804,baseline_fit
92e2ae1cbefc19b38c17e095,baseline_fit
92e68aaf5a3d6d6838ba5462,test
92ed62c53cd5ecbdc6628ceb,calibration
930260b96323d5354a35320a,test
930a5cc347c5b5569c8bc5ac,baseline_fit
9315c12b61a176785ef7257d,baseline_fit
9317617d0f9c9c8a8dacbd8f,calibration
931d78bdce242be4c93fcf38,baseline_fit
9324bded57aff7292c6a80ac,baseline_fit
93392e8ed8a25639a5b49f82,baseline_fit
9340b06635aa7188a9f1ea62,test
9343104fd64e141d75de571a,test
93436e9b9f7a826577f87faa,baseline_fit
93475dbee0a6244df6dd4694,baseline_fit
9347a3e82efc57c83b58bfcf,baseline_fit
93542b812de79f2f639ef784,discovery
935cb89285bbb8d540fba11e,baseline_fit
9361a711530f965b21fffe2d,discovery
93683c76836eb7716dd4df24,baseline_fit
93699dc1f76b5c071db50e48,repair_validation
9369cf0ca97c9c304999fb80,calibration
936ad7277faf6acf9a55f46c,test
936cb0e9aa2b4d446c26af72,baseline_fit
9373cabc201c4f8a1aff46f9,test
93759d5582ca17175d37081b,baseline_fit
938503d46bc5e6155984e785,discovery
939929088095adbd15cee6cd,baseline_fit
93a619cb3e5f78bbc247b83a,baseline_fit
93b07e46352e5fdb93687d7c,baseline_fit
93bacf1c2672944c0f276614,discovery
93bb0aae233e5bc4d7e9a89f,discovery
93bf1339e6fe76c226d03231,baseline_fit
93c7fac2b958f1d082ccc092,baseline_fit
93dffd3b5582e1c22f9d6a6f,test
93e6420fcfe869953e5280df,baseline_fit
93e7062e9a9335c5287d0ffa,baseline_fit
93efb67f3a0c14b9dac8d828,repair_validation
93f16012390956af5b14db49,baseline_fit
93f8292812e8d568cbd57673,baseline_fit
93f873a485bb232c97539330,baseline_fit
93fb80bde80077bb3d5e74e8,baseline_fit
93fc11bc86f55fb7eca3bf41,discovery
93fe23d016c72fd8c98e6c4c,test
93feb16e01adc0fcc00d4420,baseline_fit
9403d2ab99fd7a9e59a34d42,baseline_fit
9406a5fe6201d66a4ac95ddd,baseline_fit
940a8345c6f6a999218295c8,baseline_fit
940ae143e51ebe0319c0cbb6,discovery
9415ea0a4f7811003ead01e3,baseline_fit
9418846affa9b1c21e7dba31,baseline_fit
941b045a39f014c4418d3959,repair_validation
94214928dab6485d5e570f1a,discovery
9421c3f66e7fedd1a95244a9,baseline_fit
94385aa2061482425e0d90e4,test
945f505bebd5a85fcc3aae3e,baseline_fit
946938410289a00955df58d6,baseline_fit
9473b6d61e0d2452397845ad,baseline_fit
94745bb0af18d48d6c911576,baseline_fit
947fee22586cab9058411748,baseline_fit
94803b9d39edbc3518d69948,baseline_fit
9480b4e99cef129606954f39,baseline_fit
948989d08772d3bb4b063314,discovery
948d6c22f9985578235c25f4,test
948df2c837a17fe2812917e9,baseline_fit
949e2e7c08a06762b5fc94f1,test
94a83302e6d0db474b99401d,baseline_fit
94a9699ee81decab82e07693,discovery
94b63ff6f841c80243f9e9e1,baseline_fit
94c200b047230ea4f57425e8,baseline_fit
94c642b1bebbdfb4ef0b1dcd,baseline_fit
94c65a2793ff870d8057fed6,test
94cef825ed3f70460cb7b0de,test
94db5e82f7260b1f6825d81c,discovery
94e7885b9aed6e86d955fd03,baseline_fit
94eaf68fe623d9de32ecad55,baseline_fit
94ebe6d8a9cafabb2f65014a,baseline_fit
94ee6b14d8d962bd1809e64b,repair_validation
94eeb94338427d7a692ef339,test
94fc2a9145efbc8210e1bb48,test
950cc7070deb1c3780d65afa,baseline_fit
951e6c983e1362850cd906c4,baseline_fit
9526902c96692dbe226d1229,baseline_fit
9534d3a7eef74d8ef267a60a,baseline_fit
95369d6edaa02503f1adffaf,baseline_fit
954daa32ae367c8080d220d2,test
9558b58c86f9080a60f93133,baseline_fit
955c82d05cd22d7ad29c55e7,discovery
9564ca3a452b8211c4f2bcae,discovery
9568759516ee1c974c2f3ad3,test
956d09499f80534abc1b8043,baseline_fit
9571affe10ab91d0b17111ba,baseline_fit
9579b0df9820b8d77eb0b7b0,baseline_fit
957cdda14b0acb1c2346cdf3,calibration
9581115b57c10bcd2d6c59a2,baseline_fit
9584e4ae9e0a027e022d01b2,baseline_fit
959298254640d9be20e5ab07,test
959c781340325ea720880220,test
95a1c82f49df21b797ad95de,baseline_fit
95a228db5f70f8dc36bb4a1c,baseline_fit
95a3f856452b5f881539c391,baseline_fit
95a4d8d8fe49ff1a2657e8c5,baseline_fit
95a655dcedbd9ade69e7c34d,repair_validation
95af68856e34df3b65641926,discovery
95b8862a2f633d755ebf53a5,baseline_fit
95c110b4b0ba4b63c3713eec,test
95c2597e5a5d7fed565fe41f,baseline_fit
95c378fd47114994f965d672,baseline_fit
95c46f6ef734bc3b42e380fd,baseline_fit
95c4b882e241f7d317ed712d,test
95ce1e2574dfab2ad1efbcd9,baseline_fit
95db72e8897d68aa4c69722c,baseline_fit
95df3c95b4da8e79a3b268f1,repair_validation
95f6b73387586fcba69b86b2,calibration
96030ebc5b5e71dc079a590b,baseline_fit
9608bbd296726764f8d53e7e,test
960a5ae16baa6d17d00d79d0,baseline_fit
960ab589924dd8f28d9cb7e4,test
9611ae69100806e5081e6ee0,baseline_fit
9615c2ac6c7887333a42b1d2,baseline_fit
961ad975149af4ab923a3cb4,baseline_fit
96212375cab9c891c8c7e66e,test
9625f22db76ed0035f5cd9c1,repair_validation
962a9ce91de090f3eaf6bdce,baseline_fit
9630270f0886e7e0854da8be,baseline_fit
964b33f09e3bacd70fbd5ec5,test
964c1d6961cff5b9be8e889c,repair_validation
96511b4d611270bd8b204145,baseline_fit
96644992dc788ebdd48ab2e0,test
9667c758bb76012150529a8d,baseline_fit
966a3786a1b2a822e032ecb9,baseline_fit
966ac31b80617ac66d4990fd,baseline_fit
967b6fff7aa605fc6f376db1,baseline_fit
967baad7795f138048607414,baseline_fit
967d6484e6dece330a633a7f,baseline_fit
96842cbaa692329b383908e3,discovery
968ee371f595948d6deea84c,test
96a7b63c74b3b9f5f6022001,baseline_fit
96ad50f0b1d017266cf203cb,discovery
96b09dff865bd4a7a7b55e57,baseline_fit
96b37013184e4f5fb4cef7c9,repair_validation
96bcefa4b76889d0f5d6b03c,baseline_fit
96c4c70cdde9c50cd5ec3226,baseline_fit
96cb7fc61bc210b29f0d5889,baseline_fit
96cb935d70f1698b58a6d850,repair_validation
96e66061d421a189a160917a,baseline_fit
96f410cc4fc55bc49e5b02ae,test
96f5f5ac3445ddf022f0df40,baseline_fit
96fe720dd9d94fc26dd2b447,baseline_fit
96fe75dbe8a890f4010bb8a8,baseline_fit
9701ede0cd06ecbc3b8e9552,baseline_fit
9715b8bd7a7fd7d85cd3b2ca,test
9717a8d86b4fa783f9e0d76d,baseline_fit
971cb7e7f482a0f2057eecf6,discovery
9720ce234d1f3ab58e717f02,baseline_fit
9721080e777789935b6ba8a0,baseline_fit
97229502d38cfcf26225c2e3,test
972680307bb0fda7169852e5,baseline_fit
97299b4454990f1968a75fd5,baseline_fit
972b8225ae1ac9fa586bb305,baseline_fit
973dc0698e6ab5e9dd2b24b7,baseline_fit
9742b3faf3dd954e594b69da,baseline_fit
97494ae21ddbfb10a629b370,baseline_fit
97568612cf9f4a063aaf0b3e,test
976505563deb54889d2c8ee0,baseline_fit
9765b393c0fab17f5fca2f5f,calibration
976609bbdce7e69467232cbe,test
97668a98abb2ba29a1a90819,test
977a2caca9f738ab909cd94d,baseline_fit
977b186a6148656b19248dec,baseline_fit
977d5ec45cfafa9061ee7be4,baseline_fit
978d3a9952e818d0c3a5bdc6,baseline_fit
978dc60600f24b5732b81944,baseline_fit
9790229b195c63c2bd3a1b93,test
9794da4fa4aacdb1f495cd25,baseline_fit
9798a23a387407e014a61293,baseline_fit
979cfdfebb3a91a1fd1c7c16,baseline_fit
979ea793572425cc56976217,test
979f79db364237bf0a1a4368,discovery
97a66336d93f0e4abfe2477e,baseline_fit
97a83cd2ef3a6dd44c9b7c69,baseline_fit
97a96cb436e583ecb5186b6c,baseline_fit
97b25699d2734e6c89de1a1d,baseline_fit
97b2b0e865926cdfc61494e3,baseline_fit
97bb1b9ab8d50d358654c0ed,baseline_fit
97d77964dcd71b7bd404cb56,test
97dbaa46e07d55d58b4bfaa2,baseline_fit
97df042a50cea93db6a259a3,discovery
97edca757cd9bbd9f97ebc5c,baseline_fit
97ee83d5c48470267910ef71,baseline_fit
97f53c0256d5802748aa2239,baseline_fit
97f96ede8cd26e51ca306617,repair_validation
97fd87972cb14f1f2cfe28dc,baseline_fit
9805b88f73bd8c14dc0cb769,baseline_fit
980fb0117791c6f286143f0b,baseline_fit
98128fa7e97048f0a69f22f6,test
9815a94242c17dacc143895f,baseline_fit
9819688fdb675be50a6eb514,calibration
982c4c1d44300ef157a7b083,baseline_fit
982fc9a4d9504efa4b9a6d18,baseline_fit
98407c4710cd9030146d5889,baseline_fit
9844ff8091b72d3bdce64677,discovery
9849146d9988f1910bd06b70,baseline_fit
98495a4e7907a27a754077c2,baseline_fit
98498434099006030ce7ab48,test
9859d1dbca31622b41f864ca,baseline_fit
9862152eb03f2debbf7cf8a5,baseline_fit
986b87520301bf0a5cf92420,baseline_fit
986d66613ad202346e8f1c1f,baseline_fit
9876cc1362bc05210625a094,test
98774d13f5010c705d6a625e,test
987c1b9bd1d0f48854e0a23d,baseline_fit
9886bdaf678de1d17f15200d,baseline_fit
988849f40527f97f260b7521,baseline_fit
98915cb3674f1ef73e2bf821,calibration
98946e9fa2c1bdea750cab90,test
989b2e0337de06c329a8d446,baseline_fit
989c8d4a7b0842547187f43d,test
98a09d60b801d892e334eea3,test
98a211e431cf00d52317fc09,baseline_fit
98a909e54c751dd4d4ba566c,baseline_fit
98adde8cf5a4022983668b43,repair_validation
98b6c36a4fdd3cd95548b1ca,test
98c4fa4b9e54a9979877734d,discovery
98d697f4052a31c553159236,baseline_fit
98d7c138ac5f68d8cafae02b,test
98dc6fba88cd478fe6e13ee7,baseline_fit
98dcdfd04005de5e406c6dfc,baseline_fit
98e25680fc2963f6558f3678,baseline_fit
98e268fd890415206d98fa9d,baseline_fit
98f3e8918146bb997d669e83,baseline_fit
990193cc94ed884245a2af65,baseline_fit
990e7934b2f6bf11afa9f0ff,discovery
990fa482ef04ff1cda640a82,baseline_fit
991ea095a70b4c0015b194fa,baseline_fit
9923f9fc342e4aba73a64b43,test
9924c7cd1837c0b5d00ee674,baseline_fit
9925586457d3bd494375fb72,baseline_fit
9926e9da00d0fc7b5137e33e,baseline_fit
993585f16e4733781784c1e0,baseline_fit
99472cdd3d2763f5db75a846,test
99493e5bda4d92a199d66ac3,baseline_fit
995c6d203c1c7d6038eff5f0,discovery
997191b8081a45d6bd144af1,baseline_fit
998b6f1d2c76350cf177fbc4,calibration
998ce9e97d53912631ac47d0,repair_validation
9999888b272b1bc148189013,baseline_fit
99a059c5bd1208b86b5d2214,baseline_fit
99a5db21c3f6233cc21791bd,baseline_fit
99b598f95416fccaa4c09586,baseline_fit
99b669354e270caba4e931c4,baseline_fit
99b89f076a0314dc89788a97,discovery
99cdb29d4ac3e1c64a2b2c2b,baseline_fit
99ce973bf848abd0640f04b0,baseline_fit
99e00eac5ac3d5afa53155db,baseline_fit
99f2c4d5af0a6ddaff41c118,test
99f6f5103c32f304ad23812c,discovery
99f9b14319927cfa0160ba45,baseline_fit
99f9caf3c212dd8a7c8536ed,discovery
99fbb3d6f358522580c9c370,baseline_fit
99ff98a01d305005790259ff,test
9a0c9db8b8f9f4a16d67aaa9,baseline_fit
9a0f2338169b35b6e401b7fb,test
9a1d7e3e8bb4406dac94ee8b,discovery
9a2a0372b83eab3b43804c6a,baseline_fit
9a2e4591f09a407560463a61,baseline_fit
9a2fc1e9ea57ec2bf279a105,baseline_fit
9a3611cc805928e8c69e10c7,baseline_fit
9a364c66a216dc498fb87df9,baseline_fit
9a3f30704c997ec38ff5dded,baseline_fit
9a3fc1341c841b0a3b108aac,test
9a43b873adde6185a4605bd1,repair_validation
9a453833f5e1d34f7fa4a6b9,baseline_fit
9a45fe9da6e4ccfa201f10ea,baseline_fit
9a47acaa9fe58def66e7d257,baseline_fit
9a48cf0ef26c4dbf0c88af7f,discovery
9a493ac79c54bcd303a5932f,baseline_fit
9a4950034f41017cba0749cc,baseline_fit
9a63f47cd7cb3fe466562c98,baseline_fit
9a669520a05af520ca00f92a,baseline_fit
9a6863413dde322148136878,baseline_fit
9a6c08eee1370679a2a5a83f,test
9a6fa7ad00de3044aff5819a,baseline_fit
9a80d5e5bea331191ff8d75e,baseline_fit
9a8305750044cd735a7e2baf,baseline_fit
9a8533cee7fa37a6ab9f8c5b,discovery
9a8564fdd368fed920c0b04a,baseline_fit
9a8b3fd0ab89b30c683a7c68,baseline_fit
9a90810ebc52443abbaf8286,test
9a94f37f1d3ce4963f87ceb0,discovery
9a9a82285d62fed89e02b913,discovery
9a9fb3089cb5307ebcd2fd98,calibration
9aa11d49d5c223ae686441a6,test
9aa1b19dcafa61967dd496ef,test
9aaa59e31f51e6428fdfedfb,test
9ab9911bfdc4be05f7993bfb,repair_validation
9aba377966ab7fe91e4519fe,baseline_fit
9abc1f327b74118d1ac9aa1d,baseline_fit
9ac02bc989d0f0a80c66f636,baseline_fit
9ac82693c5bbd58246b3d929,baseline_fit
9ad42b130fc7b4750c913684,calibration
9ad5037c0644e20074fc8b07,baseline_fit
9ad57d3c39439509396c58e5,discovery
9ad686a741bcd994d471c8fc,test
9adb8b31326a9c2e66066ea9,baseline_fit
9ae25679d23d8f6a7b27253d,test
9ae5db494b363b160a626844,baseline_fit
9afb89fba5e2a898f9f510d2,baseline_fit
9b0529aeb559b1aa71685012,test
9b0d8bc09109947c695c9921,test
9b14ac49c3322415dd2bb13b,calibration
9b19988cd282e99082953cb4,baseline_fit
9b1a2673f6e0fb20803b5f03,calibration
9b1f34107df676dec7ddee29,baseline_fit
9b236f91955db42cc061b7df,baseline_fit
9b24551720cd111ca8f7d27e,baseline_fit
9b24d41e65d83a9f8c99e02a,baseline_fit
9b28d1c90e9ffa2178ef2208,test
9b3665d4bb3cb68accf6a04e,baseline_fit
9b3e04d96f343007cea89023,discovery
9b3f0138631414e8c26092de,baseline_fit
9b4abf0ec61ae27f891c7398,baseline_fit
9b56b5349e2d67ecc35be741,test
9b64689b47acd8e72e37f3c9,baseline_fit
9b6529c44c0b12be512337dc,test
9b6543590f03172f58ce2715,baseline_fit
9b65617709299f2eb7f5554e,discovery
9b67e021507106eee5ad626b,baseline_fit
9b69df2be3d124bc480c66c8,baseline_fit
9b75c3f3b7e50b4bd61009f8,baseline_fit
9b771829cfef5acee6b3a438,baseline_fit
9b87742243646208d932bbde,baseline_fit
9b93634595806a4dd6ff2977,baseline_fit
9b93c14ffedf34aa61abd56c,baseline_fit
9ba1f1fd0f09912b013b104c,discovery
9ba437ea20690a7b3974155a,baseline_fit
9ba90e27127d4d240f07885b,baseline_fit
9ba91a4c80a706b2ecd62662,test
9baa3575e79ae8a2d34e08a8,test
9bb49f701f8660cbfeee1395,test
9bb79ef1ead33e4a73a35108,baseline_fit
9bc185d5bddfa29a883a1157,test
9bc694fee022e79067be4fe9,baseline_fit
9bca60334dd7c55a17ef1e38,baseline_fit
9bcfa8bd666da9cc9170f954,baseline_fit
9bda5d9926161bc73bf7b494,discovery
9be2c1669e49945027a580c1,baseline_fit
9be6ad3f546f729a5229a8e1,baseline_fit
9be804bd42282e40705fe0ba,baseline_fit
9bf249cf9dce2f23ef7e3344,baseline_fit
9bf5f180c959f34e269b0892,baseline_fit
9bf7cc059a7b1516b9a1cb94,baseline_fit
9bf84c4822d0e4c417d1ac98,baseline_fit
9c07a0249473e6a7a91908ed,baseline_fit
9c0cf8a798a22766a0c7c1d3,baseline_fit
9c181d084d254ac516e5f103,discovery
9c27b61d9656060c43d9b03f,baseline_fit
9c2adbdf8364fdd667f14fa4,baseline_fit
9c2faec18becf881d51d7c6b,baseline_fit
9c359bccfe00e5622941b8b2,test
9c37d42ba94fff7dc7ec92bc,discovery
9c39a00fcfbeeee43d09f295,baseline_fit
9c3be5264e4600059311442c,baseline_fit
9c42dc4ce34652f9253c8f7d,baseline_fit
9c457caecdb175d933299b0c,baseline_fit
9c4887f3fe6e582fee2dfee9,baseline_fit
9c49ec7c265668652eee41fa,baseline_fit
9c4f0c2d94fc96151fd51333,baseline_fit
9c58249d9fddd1611c077e2d,baseline_fit
9c6685662b800404fd24b82c,baseline_fit
9c6db86afd6e50e68820fc14,calibration
9c751b9bd00624b79e65cc63,test
9c754e7f765f2342a0b17a12,baseline_fit
9c7d87882df3094c4a3c791d,baseline_fit
9c84337da816b7c841e05d24,discovery
9c843eb2fbffa79290e5ef0b,baseline_fit
9c912dcf1a80a202901231bf,baseline_fit
9c9649c1b0b733e15d0f769a,baseline_fit
9ca96e93defd35bcc3a1384e,baseline_fit
9cadcc915cf498841af89466,baseline_fit
9caf0262e8493effb5461342,baseline_fit
9cb91728b61c77bf9e446e8e,baseline_fit
9cc4b5ba9d313c7692a2f157,baseline_fit
9cc6b1c854efa99113403c9f,baseline_fit
9cd040a84f8c8b4ecf698472,test
9cd3483fc2c5d3d1b1ecf620,baseline_fit
9cd433d67c68a0aa04049762,test
9cd78f4993a202752a03768c,baseline_fit
9cdcdf25ec734980d4f8761a,baseline_fit
9d096428195f1cb9f609f7ce,baseline_fit
9d0acdd93ed1950b2343b7fa,test
9d104988d3a99f19a9e4f96b,baseline_fit
9d16570203b2e0355ce6d2a5,baseline_fit
9d19a108277943a66510b98b,baseline_fit
9d1dd57028aff1bd9e8e6d6c,discovery
9d1deafb352c08f40f6952cb,baseline_fit
9d295c57cbb200d37a395c68,discovery
9d378dbc96e9590436b081bc,baseline_fit
9d38bf07bb39f78cba540937,baseline_fit
9d401e3ba7e2018ae009e616,baseline_fit
9d48d7fa32ef7040a4c96b89,test
9d497da33be2512d1782a32c,test
9d5428fc593214626ca22ded,baseline_fit
9d55c4cac084f5f6790e511e,baseline_fit
9d5d45f3d357cadb410fc649,baseline_fit
9d640fe55d78200ecbdbc42b,baseline_fit
9d7a6c37aa87f618aa22dc34,baseline_fit
9d95accea0816174886ac420,test
9d97e6627060d59fd56b851b,baseline_fit
9d9c61d35905ec718054586a,test
9da2099d665425bd55708e7a,baseline_fit
9da3f5d5be5d0b5adb35de33,baseline_fit
9da418081d94e63e4edf5d2f,baseline_fit
9da41bef3b45b2e9d4c1b597,calibration
9da47045cdee17713615f89a,test
9db26aea186629ed568e86aa,baseline_fit
9dba7e9b6df8b80dddaea5fd,test
9dd06a61d24970945b79a9d5,baseline_fit
9dd8462342745d31ac951d5d,baseline_fit
9deb07c2406db89a4b18314e,baseline_fit
9df88290e3ea7ba31082d312,baseline_fit
9e07c2d7ab5d1e88645d937b,baseline_fit
9e0c2457d3eb4fd1949c5060,discovery
9e0eca0868415fb9a3023638,test
9e1bff9032dd47bf31b96eba,baseline_fit
9e2c96cc63828e1ada8a3ff2,baseline_fit
9e3c184e4fbcd7d8a598acf6,baseline_fit
9e3e58a33e31ddf54b51bdae,baseline_fit
9e3f3afda228b3c8c3026738,test
9e460efedaf73434f9865c71,test
9e49bf51675c01b68e0c6196,test
9e521f35979bfbdf783f1704,baseline_fit
9e52aab3fc2fad8fe89fd03d,baseline_fit
9e5ac557450793cee525184b,baseline_fit
9e64b0df6fca919ba63c7400,baseline_fit
9e663daea8b4cee1936b34b8,test
9e72998d15520318432fee31,baseline_fit
9e7667656fddd96c0ebfa0ea,test
9e79f6f2c5a3db158143ffd8,baseline_fit
9e7eae3224d43faa744f40d3,baseline_fit
9e832e473841ae39859d32b6,baseline_fit
9e84af1f5448e81c51ce392b,test
9e8c34b5f63a1fcb19a4a99c,baseline_fit
9e8d6a7952f069a5fce45d4e,baseline_fit
9e937523dc4255797817000f,baseline_fit
9e94ab5a51594e482a98dc83,baseline_fit
9e9574ae77c9fedebedcf69c,baseline_fit
9e95eba2d41296bce1de25fb,baseline_fit
9e96599a3946d12d8aadde3c,baseline_fit
9e9e273e9dd29380ae517d83,baseline_fit
9ea4def12a72c1790e0982bf,baseline_fit
9eab41688fee962f56fe48c9,test
9eb041618116f5c11a67aefa,baseline_fit
9eb32b88b7813705c1befebf,test
9ebf1c6985f53b4584493d3d,baseline_fit
9ec427015e995fbb6b55d3b9,baseline_fit
9eca91c3a8b5091414a4b31d,baseline_fit
9ed1be8257683a1a019173d8,discovery
9ed4ec72ea443b99cd45b489,baseline_fit
9edae54d12acb4de8b644063,baseline_fit
9ee049896d57ecd18d4ee56c,test
9ee96c7883b267d393bdc102,baseline_fit
9ef3ea4f13f943b743577758,test
9efb0f4bb43cee91f3fbee53,discovery
9eff6b7ecd77b798109fc437,test
9f01704fd021370f7be8037b,baseline_fit
9f075edfcb91f6bc2f3f7876,baseline_fit
9f0b0b6e44a06b17b11a5d40,baseline_fit
9f0b5029fdf1679852e2e319,baseline_fit
9f0ce66f3baa0b31a8bd1a24,repair_validation
9f0e0c88cf0e8b1c6b6ac0d9,test
9f222dd28c43cc1ad563ba11,baseline_fit
9f259d142a54ea25866574b7,test
9f2e39729d1fb368686e77e8,baseline_fit
9f32e44c89a61c65c64c8166,discovery
9f401a8b027c173407106e69,baseline_fit
9f4679ac9fa0db73fcaba893,baseline_fit
9f482c8cb6aad304a6d5d5a7,test
9f48ded7e2f876c9e805aa7b,discovery
9f4dd0e66e6cef2b0cf10899,baseline_fit
9f6007b31b6fac388b768c8b,baseline_fit
9f6a58071d8db9e39302ee96,repair_validation
9f6f81b91a10ae50b4293aac,baseline_fit
9f8117b8fcb97cc4a3da4dd0,repair_validation
9f86c1ee212db1fb719cf70d,baseline_fit
9f90d8504bc1de36eb1c8b97,test
9f91650ebc9e166248457074,test
9f9190391f53d0fabb4a18cf,baseline_fit
9f9b0e216908813616f572a1,baseline_fit
9fa5c5a53a6ec17fa7f2f20c,test
9faa354a2b2ca2994c3c81f2,test
9faa69b3053de7a2603126cb,baseline_fit
9fb685fc73a53150f38cca96,baseline_fit
9fbf1e38f817b6c908346054,baseline_fit
9fc480bd6ec2031ce84d5146,baseline_fit
9fc5499ff6fe2b668e6b112c,baseline_fit
9fc89f161afe3e40a1569e3a,baseline_fit
9fca91d711b6a618570f3aab,discovery
9fd324f703550e1eade5a8c1,baseline_fit
9fd3d92fb635f440324a23c9,baseline_fit
9fdb2b545a6891633e244e8c,baseline_fit
9fdb743d49f20b56120b8f51,baseline_fit
9fdc552fdab93bbd430ab9fe,baseline_fit
9fe18190059707afb7d11cb0,baseline_fit
9fe6cf94d5958d7490b20b59,baseline_fit
9ff639e0d5f1957702315cf9,baseline_fit
a0091850a958c5195ac4c977,discovery
a00a0310c19c99e568066c0f,baseline_fit
a00e06bc3c52c9e4103e2d3c,baseline_fit
a013367ea549d7b5fc74f9c5,test
a014cffb2519a4cc41c4dfef,baseline_fit
a01713e1e9756bedfe29b73c,baseline_fit
a024c2d9e5af4788bc5a0b00,baseline_fit
a02e12687e3859bf53b1a207,baseline_fit
a043dd9f6cb35170965ca91c,baseline_fit
a04b22f7cd5c70f47a90c040,baseline_fit
a04c38930e056349dbdddd1b,discovery
a0539ed3d82ccb16a4182fe5,baseline_fit
a05f9fc19bb36a9acac6d4b3,discovery
a060e1851727d36ab0f70c32,baseline_fit
a065dba60840cc2d82d9ba47,baseline_fit
a0662be020a12549ce34e270,baseline_fit
a069caddae8f4fea2a276875,baseline_fit
a06ab2e1d07f1664b7cac3d7,baseline_fit
a07101a55407239470a31a16,baseline_fit
a07b9eb160dcc50b7f74fc11,baseline_fit
a0811257ab928a7b84dc7ef6,baseline_fit
a0860d6d997597855e39862d,baseline_fit
a08f0092d7adb6143d3683ca,baseline_fit
a09d7730af6a1ad88f114b92,test
a0a3bfa1786774021b0e41a2,baseline_fit
a0a5b59a6e3bf20b573b6f0c,baseline_fit
a0a7250a1735e0c4cd7cea2c,baseline_fit
a0aef8109e061a979e8d6c55,baseline_fit
a0be08ae5005b21916ac224b,baseline_fit
a0c6b7b956a02d33e12e037b,test
a0cb2267a971bf391b0a7759,baseline_fit
a0d0503ba07691ce948c6df1,baseline_fit
a0d37f9dc40bcef5d979739d,baseline_fit
a0dbd2b90ee18a4a117c7d98,baseline_fit
a0e2302d7ebc76b8009c8630,baseline_fit
a0e67b4c736e1f954a24a72c,test
a0e7cf859580015678cb647b,baseline_fit
a0eaf5c75e1d9cc4333d3bee,baseline_fit
a0fccdcb5885a1cddab829ba,baseline_fit
a108785c97b6d5ba6e95b94b,baseline_fit
a10e58e80c924ed5a72bb14b,baseline_fit
a1140a94c6d918e2100d9af5,baseline_fit
a128a78fd261029f6f9bb9d2,test
a129c5ad8fdbc657a6c4261d,baseline_fit
a12b595a1c96737829d81b7a,baseline_fit
a12e6d006782a861ece90dca,test
a132d17b1d8f5fa831a5dbf8,baseline_fit
a136db1a9aaedf85bded3c6a,baseline_fit
a13e28beebcc8c6a53e58f59,test
a1423706dd4b38f480a3acce,baseline_fit
a14363b431cd73ec4ef4b117,baseline_fit
a1445b618c03053dae55e7cd,baseline_fit
a14e07bf151abaaf6b3a5cec,test
a14e383f789be498295fd8f1,baseline_fit
a150b42d15d016a8325358af,calibration
a157e18898512d285dd1c1ca,baseline_fit
a1583e52fa2e5dd09d09c5ef,baseline_fit
a166ec89ee62ec1ca2e0e96f,baseline_fit
a1693b835dd5e384c663396a,baseline_fit
a174034232f63bc335e650b1,baseline_fit
a17c3c10f898f0b34a3f7a53,baseline_fit
a1879e8f2dca1f138545b9cd,baseline_fit
a18a8999068933cb60f9462b,baseline_fit
a192463ff7ddb2405be58441,baseline_fit
a19664d5c562ed222888c2d3,test
a19823a22b2a72324d97f54f,test
a19c6e1490e9ce46230f484e,baseline_fit
a19e02e3599b9845a21c4934,baseline_fit
a19ffacea3ec98a50663e4a4,test
a1a5935d5647fa883c758c0b,baseline_fit
a1a59ff142ee271a96b44aa8,test
a1abb1ace3d44b4460d3165e,test
a1b4ddbfc3e01722b95d5a8f,test
a1c09ec551aedb99082a7983,discovery
a1c0d97ceb3d062c7cba8960,baseline_fit
a1c1f46d5122b995d14338aa,baseline_fit
a1d76736c6e7428fed6a2776,discovery
a1d8a4c4028f49f489b9cd3b,baseline_fit
a1ddd4a8eb42e7c9c4fdf304,baseline_fit
a1e00922cbb3e4f4942596e0,test
a1e6291ef5ffa1bcb7f4bcda,baseline_fit
a1ee72702e34438a9ce35890,discovery
a1eeb10364dccd8ecb02bbcc,calibration
a1f4ece44cab5623c5d7f18b,baseline_fit
a1fefe955ad2c2ddfc3b5c01,baseline_fit
a20535317264e99c7119ae10,baseline_fit
a21a47d5371c2e111d408741,repair_validation
a21bf1135cf4906668e8ef46,baseline_fit
a2205ac600264285b1870d49,baseline_fit
a230cebbc0e23a944017d534,baseline_fit
a231f76dbcfb2aada9346fdc,baseline_fit
a2426bbdff09dff7e3b76369,baseline_fit
a24e84b066cd85a947a51c60,repair_validation
a2701a64121e0f7b627ff472,test
a270fd3ba4ac56e64b85b472,baseline_fit
a273282df65b2293861fffd9,baseline_fit
a274b9359f3b23e0714c8fa9,baseline_fit
a27baa937af2d22d09260ca8,baseline_fit
a281c6f48de1be0fa6991f3e,baseline_fit
a28699cf41b4834b1076fe86,baseline_fit
a287ce5a1f1b54d8ac7c059a,baseline_fit
a296a825db1a30c00245f4f4,baseline_fit
a299c4cd9b69d5e7a6672ad7,test
a29f2d4cf206ca91c77ed6da,baseline_fit
a2a4748d45343b7f549f526d,baseline_fit
a2bb4a8ab9318fd096874568,baseline_fit
a2c4ec0e0af5bfa65c281fc2,baseline_fit
a2cbe1f1d8d9e3e1d0677e02,baseline_fit
a2d10ac4ddf6d1d5c57512f6,baseline_fit
a2d2a62f8cf698b21dd6bbae,baseline_fit
a2de1e4f5aa92285507734fb,baseline_fit
a2df2c20cda2cbf878eac543,discovery
a2df8dfb182343a8957e67ab,baseline_fit
a2e00160b14b02a162e5be4a,baseline_fit
a2f05ce76ae42c0263860be0,baseline_fit
a2f6608fbfae518526ed062d,test
a30a7e7064cbe1b0c7b2fac6,baseline_fit
a30b789794077d90e5e5f4c5,baseline_fit
a30ef8663c61526c812d7c27,baseline_fit
a313d9c66c643805320126a6,baseline_fit
a316753276a490e6979ff204,baseline_fit
a318af239ecd60330c1831bd,baseline_fit
a31b4998fb796f5c8b096217,baseline_fit
a3201420a5f0f1696c9b94da,repair_validation
a32515b652b29ec7a5936990,baseline_fit
a325c72ad1b24798e9f22b49,baseline_fit
a325d45755cf89c11b9e6162,baseline_fit
a328a585b0dddf10f58367da,baseline_fit
a32ec71d657d1fe08ae264c2,baseline_fit
a3323ced792ff2b8da410da7,baseline_fit
a342eed6538ccefcda038917,baseline_fit
a3452b77ddb953c3489d71fe,baseline_fit
a34537e87c6072b561bf9369,baseline_fit
a347f3471fd6d90c7a062915,baseline_fit
a3501fe299d1fc9aa5a15338,discovery
a3502963ebadaf097539cde4,baseline_fit
a35077585b0caa41befcda64,baseline_fit
a3528a2eff953387cb6960aa,baseline_fit
a35abcb0186d57e9a8a3d72f,baseline_fit
a36b461cfda8f4b61707fe4a,calibration
a376287967501419fbbeb712,repair_validation
a3773d897e1083efa37a6cd9,baseline_fit
a38398ed290016ab42b3fd53,baseline_fit
a389fe67c1dd423db13ca471,baseline_fit
a39152bc1f8c7550e8f8f20e,discovery
a3916a3e9e5eea003cd20940,test
a3a0337b3ec080c5d558e9fb,baseline_fit
a3a0d06d2e99d4eaada49dc3,baseline_fit
a3ad335f5c4a06a493ebb504,calibration
a3b7b3e1b1ed3fd271403af8,baseline_fit
a3b983c39c3ec1e4b7d3fbea,baseline_fit
a3ba68eb28cbcbff19c5a82f,baseline_fit
a3be6f0aebff8326bf737587,baseline_fit
a3c970753cbba6201e3aaa49,baseline_fit
a3ca96029e75f729030ed9f8,test
a3d1187638385ea8cb86ce86,discovery
a3d998a257036f3f0510b84d,test
a3dda96cc730b96c299a5347,test
a3de49d0fd84c2a1debf4b51,test
a3e613c611ad5517566d36db,test
a3eb2753147b309641db0c4d,baseline_fit
a3ebff5b654a3044926ceed5,baseline_fit
a3ec5ac27d19bf87cfa5dc4d,baseline_fit
a3edec8196c1fdb757bfd994,baseline_fit
a3f5eba80d449d69e3e57a55,baseline_fit
a3f79e66b0c9c17447523841,test
a402d78961dfde142354ff85,baseline_fit
a40310cf3948f0a519bb906b,baseline_fit
a4095dd40793eeffb2f6569e,test
a40c918c9e8eb8f4f54f374f,baseline_fit
a40fa2ec321f748b44a4ff56,baseline_fit
a41135b81b32c69e66fdad5e,test
a413fe796c62927dd0263417,baseline_fit
a414ef4849f5e4ce88b8ca31,baseline_fit
a418635be965e044b3af7589,baseline_fit
a41d03e6c192fb690fa9c362,baseline_fit
a4209d79ed2a4d879b72f7dd,baseline_fit
a43aab71d6bb5826048987c6,baseline_fit
a44153bf588c1969d316daad,test
a4444cabe4591da9a8bff3a8,baseline_fit
a45775c2b5f39df51c8801d3,baseline_fit
a457cfd87d62ffbbaa746a89,test
a4678ae6338d27c7ed44b5da,baseline_fit
a46b14e07c69db6219f928ca,test
a471b0a7f1d5980269e8aa16,baseline_fit
a479d5c332db97a73249d4fd,baseline_fit
a47cac00cbef2b04ff3952cd,test
a4806f1b95692afe4ebc11f0,baseline_fit
a48c02fbc6c1c54308ef2962,baseline_fit
a48cf33f13596aa7d23d4d43,baseline_fit
a48d468355536b18a6f4288b,baseline_fit
a48f274822aa5683bdac4f5b,baseline_fit
a48f9a2c2b00e1b26bcfce7a,calibration
a49213b970f407e225a96f4c,repair_validation
a4939dbe03136aa7d3f38c2b,baseline_fit
a494f795bbb530637287c8de,baseline_fit
a4b42d665af86197eaa44ccf,test
a4c01a53c292e6bfff1deadc,baseline_fit
a4c56c5622b25a7533798ea9,baseline_fit
a4ebcf3b0708869fb255321d,test
a4ecc3da2f3255e32b7a51b3,baseline_fit
a4eceb3be1ded8600fac8ff5,baseline_fit
a4ed72c979977cf566856812,discovery
a4fc834eb8415a1744c88d0f,baseline_fit
a4fdbe232e91bc095577bb76,calibration
a500027d4b875e00731ee1af,baseline_fit
a503824bae33caf1867c5407,discovery
a50f6f85ae17026b6d76322f,test
a51663a1bd1168ee320baa7d,discovery
a52207c3c5a45be00bb80e07,baseline_fit
a5255ef2afd78405629d9c6c,discovery
a52668718d3ee6ff60d66512,test
a52d258e716b76159f30cf82,baseline_fit
a52f07fa74f03a09e54d5f1d,discovery
a5349c5c7fb22c005e18865d,baseline_fit
a53d7195274346eefc689f48,baseline_fit
a546abab097eb1a13a33dd34,baseline_fit
a54b249ffeb07b0501d2e446,test
a54e386167064b1127ae2f02,baseline_fit
a54f5114ce476e965cc45f23,baseline_fit
a552820e84eb2a6c0e537a39,baseline_fit
a553cd8b4ef672123f080297,baseline_fit
a5542baaedd36df7c1798064,discovery
a56a794410927150c3b32d22,baseline_fit
a56e6fe5d94b8454fde4ccc1,baseline_fit
a56e9897f7d112f8c04a0861,test
a57b85af52605cdb0acaa4c8,baseline_fit
a57f2892a34032850a54924b,baseline_fit
a5879207f0106c00c4d217c7,test
a5a42de407b3276a8bbfe5bf,baseline_fit
a5b08146f8160289df940279,discovery
a5b367ea31a02c96168c997b,baseline_fit
a5b58ededf5d06d0ee58455a,baseline_fit
a5b9bf45a16fd0dd5c0d7cdb,calibration
a5baacf6c7f844877ee2eea9,baseline_fit
a5c210dee5d4da8261ae7598,baseline_fit
a5c9c4d6da693133ad7bbea9,calibration
a5d8d09cfae4bc36b56778f0,baseline_fit
a5f5b668a769bc624b3afa26,baseline_fit
a607d3b3ed5df39178204b41,repair_validation
a61fc45e00c0f4db9b2c5602,test
a6236fc8c7cb52d8f91acdcb,baseline_fit
a6284d38acf3b236eca786ed,baseline_fit
a62c502f5a48d54971ed1f29,discovery
a6350128d59d34ce173f2ffc,baseline_fit
a635a2b1fc607d740c1722ba,test
a6371f57a8715c4b44990e60,test
a6391d09ac5d163cbc043c40,test
a63d9bf020ff0c38b61527bf,baseline_fit
a63eb561d51835345f83454b,baseline_fit
a643d676b4b75494c69322d4,baseline_fit
a64cc61132513b3b5ebf8b5a,baseline_fit
a65f4d9e8272a12510757b25,baseline_fit
a66b8c231bcb3a49b1fdba26,baseline_fit
a6928ad28a1b00da2246176d,baseline_fit
a69751a9afac99b7d151efda,baseline_fit
a6a24f727d9d430d8fc15992,test
a6b6a05f15fb4f6ba4db4eda,baseline_fit
a6bc2339d66fbbf3cab77643,baseline_fit
a6bcbdc9959c19f8a2980b4a,test
a6bdafab3c7c27bafff1bb7b,repair_validation
a6bdddeb96bf5561591d1f49,baseline_fit
a6c74a0cdc51be3c927633fe,baseline_fit
a6c81b1879f5976b4dc2e672,test
a6cbaaa9b0ba2268b3b5a068,baseline_fit
a6cc1efd4e17c877f43cec25,repair_validation
a6cdb6ee10d413599d55a607,test
a6cfab37ead9946f9c911b73,discovery
a6d6e1e1a481f002162ebc17,baseline_fit
a6dcbc70a2941bde20a9bb29,test
a6dd6d9974655f0a78b2fd83,discovery
a6f6ebf8f621873cf5a4e4e3,discovery
a7020cf5c601f351f4d7441b,test
a720d3fffd4d6bfab399dd97,calibration
a7265c587c5532e2502ccf70,discovery
a73338a125290bc227adee8d,baseline_fit
a7341371fed596931e5e8943,baseline_fit
a739ac66f087971dd4983a1f,baseline_fit
a74ae00013ddbe7be833af99,baseline_fit
a7569139869cc49fda6ae7b5,discovery
a75dcb305af64aeee532a745,baseline_fit
a762abb329129302ad3bfcff,test
a7714cc0a0e44a731d6b2f91,baseline_fit
a773057e79d5de1e868095cc,baseline_fit
a77c8135e45388e70ce29a8f,test
a7841b0655a532be2a533bdf,baseline_fit
a797b8f70d48fdc34d752e64,baseline_fit
a79b25ac915d1c888de2e262,baseline_fit
a7b100a96da45ec7eea44139,baseline_fit
a7b53e119ee3e2df5b197d0c,baseline_fit
a7b8f210da8907e6049e0821,baseline_fit
a7cf44fb9c30730f97739b14,discovery
a7d25a10a44c2b508938d84c,baseline_fit
a7dc041f79749fb6dac09027,baseline_fit
a7ee1a6194c7a3480432b88a,baseline_fit
a7f754b7eff41ef619f796f9,baseline_fit
a7fdbf20ed71dd89cdcd5e93,baseline_fit
a80e7dbfe102909ac1c4912e,baseline_fit
a80e8544fd4b12b934716af2,discovery
a81ce44e6733bb6018e6f5f4,baseline_fit
a81f21188a08fb6c23dbeddb,baseline_fit
a841aee6f8790dc4405542cb,baseline_fit
a849f0d8eed3f6f3c5862164,baseline_fit
a85c8c20e9636a67e9be8966,baseline_fit
a8661a96ea383680be51ba95,discovery
a86663f66455646848e92783,baseline_fit
a8675d94c84c0100b8a26e11,baseline_fit
a86ec1f2fac5a85671aad58d,baseline_fit
a86f4e76d082367cb1950b75,discovery
a887dca2abd0198f63e00b25,calibration
a8888cf4d1dbd272d397fe3b,baseline_fit
a88ec17d9ef5b06b2fed29cd,baseline_fit
a88f832eae82f49457512022,calibration
a89250d7f810df0afac2530e,baseline_fit
a8981c84356b139816c46934,discovery
a89f539e996c9af5ec845cea,baseline_fit
a8c0cbd96d425d06b236948f,baseline_fit
a8c5be223ed8f5c7c9b9ce3b,baseline_fit
a8c626f19ba5bb13084c2915,baseline_fit
a8cc72f719ce72212d28b50e,baseline_fit
a8ce49a9559bf7e42d157755,discovery
a8d50613bd08abbe99f532c7,discovery
a8d8b4edbd7390341a1b7cd4,baseline_fit
a8da70f54ced0f907576ba05,baseline_fit
a8db735765f1e66ba4df284a,baseline_fit
a8e3b5d1927f2ed938fcdc82,baseline_fit
a8e5e6cc3ef892879941a4b6,baseline_fit
a901f8cd22ad7bfe7d6637b7,baseline_fit
a9075713a43706ba372468e3,calibration
a9117789fcc9a45892d7f474,baseline_fit
a91340e3b589e70a6db5a741,test
a91f68e10add63bf27c3b3f0,test
a9235a5f7ae3118ba64a6f48,baseline_fit
a925d1a617c116726e55453b,test
a92e27ae68737824f0deeab3,baseline_fit
a9343373aa15c608324c9f1b,baseline_fit
a95e4a72fc3116984b473012,baseline_fit
a963a1411ec5e98436222bb9,baseline_fit
a96b55eea9f7d4e11112d8ef,baseline_fit
a96bfe4f450ed48486de6cb5,baseline_fit
a97695ab3109e6dbcd7b41ad,baseline_fit
a98b817b922cb734d2125055,baseline_fit
a98ee7cfbc5db2b0ff46d2d1,baseline_fit
a9a766bfdeabdcf063112bb1,discovery
a9ae0070f7594df50f71f6d0,discovery
a9bd40b600416deebc909a28,discovery
a9e0e3034fde2f5dac7c096a,baseline_fit
a9e26e5a99b5160613573813,baseline_fit
a9e5612d4c49759ebbb5f759,calibration
a9ecefcadd8cb275d085a83d,baseline_fit
a9eee0ae5ad3826fd3569365,baseline_fit
a9f101adefd8098ec4316c12,baseline_fit
aa0682f43c1bf5da651157fb,baseline_fit
aa084367ba7f19550c554cdd,discovery
aa142744098c737d79b7ef15,baseline_fit
aa144695f05ec2da17931509,baseline_fit
aa1d3981b6b7f2350a8f1fc5,baseline_fit
aa238c60b115e04368fc3f18,baseline_fit
aa2ab05ca184951a01099afe,test
aa32762386871f7c79a3bfa6,baseline_fit
aa3fc506d99839ae9ff50e8a,baseline_fit
aa48aea95dd288fc78279f18,baseline_fit
aa4d93e47132bb18776470e4,baseline_fit
aa4ee26d160ff244d4b8c820,test
aa5361a12c6e370f95c6b2e2,test
aa5858cef0f60c52c5b866f9,baseline_fit
aa7573ca7178548dcefed356,baseline_fit
aa7b4f041bd7abb36a457e00,baseline_fit
aa87f664af4865776482aaa3,discovery
aa88ad152ed9e95961642e14,baseline_fit
aa8aacac3a4d006dca841e5c,baseline_fit
aa973762ce17237da4ff5160,baseline_fit
aab37f484e9d625cd41c9c15,baseline_fit
aab871296cc7b1656f3bf81e,baseline_fit
aabe063ee5730c2ab4aad448,baseline_fit
aac841e7373cdb3d5515584f,discovery
aaca41e3bebbeb9ec67caead,baseline_fit
aacfde7f3e39358116586b59,baseline_fit
aad1039f66066d7631fc48b4,baseline_fit
aada8f1d73d0f07975a23a05,baseline_fit
aae20d678d2875b7e515e5e3,baseline_fit
aaf0301884130cab677327db,baseline_fit
aaf1e8d6859a5b22b5c40ce7,baseline_fit
aafe0eb54804232311381cbf,baseline_fit
ab013afcd1d79f52f4e086ce,test
ab061cca43b8308ed29dbb7f,calibration
ab0d6a12366cd90209a11c1e,baseline_fit
ab15b74821ff778e86be7593,calibration
ab197015d01108578dcabbef,baseline_fit
ab1e7127be14195e5d2cc25d,baseline_fit
ab203b6935fe3c54584f1d01,discovery
ab2b66a63a1ed63f53f9856b,test
ab4816a38bbc0cfb3592bfdd,baseline_fit
ab49128442ba8d82af5ac007,baseline_fit
ab5007e30c33e49afd530d2b,baseline_fit
ab56641faffef1ac30cbf034,baseline_fit
ab5ed545c105a62cc0e7bdad,baseline_fit
ab6309d440164eebef031aaf,baseline_fit
ab6b38a658a1e3b982cc6aae,baseline_fit
ab6bfcfedd299026d77e3295,baseline_fit
ab73684d2c657e17642bd3a0,baseline_fit
ab7517c81663a8e444ed321d,baseline_fit
ab81be779263a886cf65f973,baseline_fit
ab9565e0200814dcb665e0ca,baseline_fit
ab95f0b731a52e39dad8bd6c,baseline_fit
ab96eaf496cb13382b3fbc7d,discovery
aba52dce5d02806740adad05,baseline_fit
abad1932b9c8f6e34664b434,baseline_fit
abbb2a1cd93bb2fef6466ff3,baseline_fit
abc3e8d532404296a43de905,baseline_fit
abe286f5a0be2e394a036735,test
abf0700a309f46a22d8494f9,repair_validation
abf1da8a43afbe2855170006,baseline_fit
abfcbed8deddcc7c8b37b677,baseline_fit
abfe931261134b4298814092,baseline_fit
ac02ca8a68330d64c421815a,discovery
ac035ffd202c389bf4addc45,baseline_fit
ac0baa623df8831e6f3a60cc,baseline_fit
ac0c13e31e6e4ebe2a6ad0db,baseline_fit
ac157a42ce0a64e8002f5ea5,calibration
ac1b103a703d157c09dafd9a,baseline_fit
ac1f45654a6da78fa27c603d,test
ac2772f9c176053654dcaaf6,calibration
ac2c49d530d29aaee2ebaf39,baseline_fit
ac309b8f143f03f606251580,discovery
ac365481502a41f19f54550a,baseline_fit
ac3a981943b926845809460c,repair_validation
ac3c6aa444f801386303d799,baseline_fit
ac4a5020e765e27b95528dc6,baseline_fit
ac4db8f335417b49710804a3,baseline_fit
ac50caa350619fb10343f61c,baseline_fit
ac53df22bd62b05b423e2bd0,test
ac54a9eca596fe7300877cd5,baseline_fit
ac57ad9e4953b15ae68f363f,baseline_fit
ac59833274e5c240b9519796,baseline_fit
ac5b78ca0291f462fd11d1ea,test
ac62373de4f3494ea5351241,baseline_fit
ac6784feeeec2283bd96adfc,baseline_fit
ac68dcbaa6df0b7b5395d711,baseline_fit
ac6dc61cdf9256436bc71d7c,baseline_fit
ac715dbe2b2a2ff98e737328,baseline_fit
ac782bb88d3d051f686b6f1e,baseline_fit
ac7b6cad9a154592811681f6,baseline_fit
ac84957efb2225748d642160,baseline_fit
ac8575910327367b7a4ec950,baseline_fit
ac96739230214c51411ee572,baseline_fit
ac96ad8205ffac035dd18306,test
ac9b9847d10b2e1f7dcded66,test
aca003eb36431e24cfd9600b,test
aca0c2985fd55f8b5be78492,test
acb0eabf47a44560ccdb8fbf,baseline_fit
acb1642f01ebf4683ac24a4e,baseline_fit
acc69e5b94bc9e4f014fc1a7,test
acca94f03c08e0a06ecc2e18,baseline_fit
acd507cc79802c44e5bcafc8,baseline_fit
acd7622e1aff9e27b77f0921,baseline_fit
acd82ca4128ffafdf5409ddb,baseline_fit
acdaebdf9c180550484537ce,baseline_fit
acf34323c6e8962b8f769123,baseline_fit
acf3458acd16bd640be91c5a,baseline_fit
acf76090058318ea851b84a3,baseline_fit
acfa78cda18a5bf79f3b7a9d,discovery
ad0283047199747e22806a16,baseline_fit
ad0335fb138cb277ccf27f7f,baseline_fit
ad038c7007a886190324f17a,baseline_fit
ad057903feded39030b83da8,baseline_fit
ad0a87df16b0520b4378f294,baseline_fit
ad0afc87b79204497e9675f4,discovery
ad124cce8807249f06f7992a,baseline_fit
ad12baeeb00969963d82c8e9,baseline_fit
ad1babdef3fee4447cac074c,baseline_fit
ad1da079a890fcc6d8a3b9c7,baseline_fit
ad21ea5aa3d2bfe0fd8bf16d,discovery
ad2718256ce7e6d7fb057014,repair_validation
ad3643140b52ef1f5427cf07,baseline_fit
ad3719514d6ddfa445c14518,discovery
ad3ae78febe247a4b6a9f8b0,baseline_fit
ad4daf3e36ab66a523fb5869,baseline_fit
ad588afef9ccdaef6f59a31d,baseline_fit
ad60e724c4165e98af18ce73,baseline_fit
ad680945d39e1eb1026ca5ac,baseline_fit
ad68b13c0edeb8c38ec9eb9b,baseline_fit
ad6f7b522d9cf99c8441a73a,baseline_fit
ad80dddeaeef35e3741be7e4,baseline_fit
ad86535ebbd9c088bfdafa6e,test
ad9adfbc140534a26b09ee1e,baseline_fit
ad9db85ff3f885fc4a3272f1,baseline_fit
ada8d153859e784ac303ca89,baseline_fit
adabbbb5c7b65069e8fcf950,discovery
adb58dd7491caccdb337d2be,repair_validation
adc075d1af38a4559f4170e0,baseline_fit
adcad63baeed7fd60c52e5a3,baseline_fit
adcb37d5d65215a7fdd2079a,baseline_fit
adcc6bb6740c209e4eb295d5,baseline_fit
adcd14c55ac7ee97ad0da3b4,baseline_fit
adcebdae28173ad779faa852,baseline_fit
add3fbe193fd31a43be3aa02,baseline_fit
addb47d1edd4700c5fd84976,test
addc9953e00f422a1e0b582e,discovery
ade1ca720b8663154cb94cf3,discovery
ade4d55ac63bd8d976ad43d4,baseline_fit
adeba3bb2fce2becaefb6132,calibration
adf56f5f1b24a67684e8000b,baseline_fit
adf7be1b5539ae39855658e2,baseline_fit
ae021f790e07b8b31a5d202e,baseline_fit
ae073f9e164abfc65c87aaeb,baseline_fit
ae075ce86efd8a955aedc366,test
ae0c94badf2e1a048f0de106,calibration
ae1f634fa4742082e2b66066,baseline_fit
ae217e5ce5c1dc8354ace252,baseline_fit
ae29dff73d2f72e7f887e8b1,calibration
ae2c1777a8a070934547af14,discovery
ae38fe6e8cc6895aefc0cb68,discovery
ae3ae01a5d9048e6d7511242,baseline_fit
ae481ca79f37ba724228c17e,test
ae4c766bff39bd620258f47d,baseline_fit
ae4eaf867629b12bc2fccacc,test
ae4f3b4c8707d2b930d72ba8,baseline_fit
ae510f302f38259022f82ab4,baseline_fit
ae547c167005ac0a1e082bab,baseline_fit
ae570a8461d7a87faa4766b7,baseline_fit
ae5f3b81448f28f76d72da45,test
ae6141e086096149775b386e,baseline_fit
ae7f0a8c69edf39acc566709,baseline_fit
ae80bd71e987d48722dd49ac,baseline_fit
ae97808aa0cbb578b8c7b308,test
ae9d717d6905dc00ff76f795,baseline_fit
aea1fc7e8edbfd3a112aac21,baseline_fit
aea4f80e88f427dcccd0b0e0,baseline_fit
aeadfc0c2814fafdf30c4cd5,discovery
aeb2e48ef35b3aa521c3c23c,baseline_fit
aec221db0fe2f2c67f4cdabd,calibration
aed2bf4ba02e1ce9657118aa,baseline_fit
aed5b1f093a5196c7e78f79d,baseline_fit
aedeff9f046540c3de1de9c3,test
aee14171af4266331a7531ed,baseline_fit
aee4a8c7c700854da1fd913f,baseline_fit
aeebb8f0f15775e0d7f2130d,repair_validation
aeebc7a75862db0e6e0bfec6,baseline_fit
aeeed5d80fd4f82bd3ca27ef,baseline_fit
aef4c1828f4eff51b10c8901,baseline_fit
aef89f002a4dd74c8e586cb4,test
aefd67a54f85e50ae09204d3,baseline_fit
aefdb8089ec17c5572748332,baseline_fit
af0d8ec248af05b558f384f3,baseline_fit
af12f436b52d4ed76eec40a5,baseline_fit
af196566b25f55e9bfcdef24,baseline_fit
af1e05403ebc78de7c479bf5,baseline_fit
af24c1b7c851e0ee66fd3e2b,baseline_fit
af37651025d19a2852ea4454,baseline_fit
af43dd6b17ef5b9dfd7a7152,baseline_fit
af46454ddc9c3961dca0c805,baseline_fit
af47f3f614f193bea4dc5c75,test
af4e0facdc8d3409d7e156ac,baseline_fit
af506ca414e5e56ad283953b,baseline_fit
af5d4847628348861c8f93c6,discovery
af76ab76c18650a6a603a87b,baseline_fit
af83d74d92c37ffb718df9f4,baseline_fit
af896f7cc2e0247faccd9c61,baseline_fit
af9f71d16b1d552108a8d9f6,calibration
afa1a3ae99888970c996c2f7,test
afb5159f476a7c17fcd1566e,baseline_fit
afb77389b1216b10bf6620ec,baseline_fit
afb9295c8bd83f285c234bf4,baseline_fit
afc347d3d910ddc6f7cf5b21,baseline_fit
afc3a1b6f954e0dbd4f4f354,baseline_fit
afcace5e2d6bef9fb653e689,test
afd6bdd9846833a04b654ff1,baseline_fit
afe06429e8078f2a095c0b8c,discovery
afe2e52e0c76bbc2f91e9264,baseline_fit
afe5e945df01b1b14a2303de,baseline_fit
aff11107d432908a81591d6f,baseline_fit
affd14d25d330cce04dda7f1,baseline_fit
b001e68b459a295d40493038,baseline_fit
b00638c5b879c35ef85bb82b,repair_validation
b008a4a4ccdb6bb5202ac2cd,baseline_fit
b011a8029461d306b0ca5896,baseline_fit
b016dd31afb11258277abaf7,calibration
b020d5d8a40df975f564eb9b,baseline_fit
b037a31d2c8d2a0b597a3a2d,baseline_fit
b03ab8bfbe4c3bd594421807,baseline_fit
b03c5368072b01c5af000aa3,baseline_fit
b040e18f5a23fad0a6a2dba4,baseline_fit
b045996c1972c74f6d8d87b7,baseline_fit
b0522721d22d2fca87056763,baseline_fit
b05ebcdca10990f431a1cfaf,test
b05ebf0691e1340a602b8325,test
b06c98329716fd71e54d13f6,baseline_fit
b06ca7519b169d28c8df0cd6,test
b0775de3707db1dc91b8883c,discovery
b07f1da8c91dfbcdd97e13fe,baseline_fit
b08dfd34bef1b91c405790e1,baseline_fit
b09818f08ad9a17f0d2ad5f0,baseline_fit
b0981a72035ea13b1bb69d4b,calibration
b0983f95d8571b806343174a,baseline_fit
b09fcabfd5af76f47f0ffa9a,baseline_fit
b0b35ded83e4c58e15ba8b12,baseline_fit
b0b3ba5190969182d3abc885,test
b0b804b2e207094d459025f7,baseline_fit
b0b86f9e612b3f1c6c22b65c,test
b0b8c5f5f68535b38bb2a42f,discovery
b0bea9eb7cbc0124bba11618,repair_validation
b0c12da69a185a48c9f89247,calibration
b0c5a733105cb0a340674e06,baseline_fit
b0c7fe9446201b90ef8f5ace,baseline_fit
b0cb179d22f7d2b612be5af2,baseline_fit
b0cc1041affea74eadb47c1d,baseline_fit
b0cd0a94b58f79382074a745,baseline_fit
b0d1ccde6d3bfde02f96eded,baseline_fit
b0f0964c5413676d2aa8ef76,baseline_fit
b0f15411144832724078d2cd,baseline_fit
b0fa83c097bc7523b1ef2c30,baseline_fit
b0fc67c1c03d0c472b3ea798,baseline_fit
b0fd5b784bd769683d4b7f30,baseline_fit
b103a27440a543ac35aab6a3,test
b103ba211d53cd3f7cae5850,discovery
b10d2743d04e19df865be40f,baseline_fit
b11092428aadc9d3cc8fd271,baseline_fit
b120c47363ebf2993276ad06,repair_validation
b123df4778c7edc0b97d1e5a,baseline_fit
b1253f83eb1c8b9c2c8f06f0,baseline_fit
b131fd73e04692cdc4ec677e,discovery
b1342f8063158be940275220,baseline_fit
b135152e31f767d1d3ba296d,baseline_fit
b1380c91b9e7e9a4aaedf2b0,baseline_fit
b148345114a8c60e54913b63,baseline_fit
b14d13476e6e685fd465e0a5,baseline_fit
b158cc144ae92dea6c310e57,test
b15b66ac5e33b27a73af133f,baseline_fit
b167183241fdfd30dd7a3bc7,baseline_fit
b17414ab831780a20601ed84,baseline_fit
b1744fb77dd5c4b8ea4246cb,baseline_fit
b1757de85d8e214d31bac0f3,discovery
b17dfb99820fd437ab1e5caf,baseline_fit
b183c80b5afc2479df517a33,baseline_fit
b1840bb2ed1bac0267b58fb1,baseline_fit
b187dc883300c22cdd0ad982,discovery
b18a6ed232e7486490ccf14d,baseline_fit
b19960f2797f2b98d4fecbb0,baseline_fit
b1c6c2cd1ef9ecb809c0fff8,baseline_fit
b1cba54c2e800ac34aff5cee,test
b1d0ad5d6394f4919678c019,baseline_fit
b1d1f10ecf6a95941d7d914a,baseline_fit
b1d55b98615b4cea968b6950,baseline_fit
b1d90222ac16ac1641be9bcf,baseline_fit
b1dc3df26e7071c3490975c5,baseline_fit
b1e3857a8e6b9de9164600af,discovery
b1e3d1e3e3d7f561cd84caf3,baseline_fit
b1f67cfdfebbe47481152f0a,baseline_fit
b1fe5b393dae6c9015251989,baseline_fit
b202989408e9aa6b0ae18f6c,baseline_fit
b20c9db82e8fce7505b26b6a,test
b2173ce24a3c9158cf63a460,baseline_fit
b23544d44fc155183ac5ffe4,baseline_fit
b24241b964203daa4d5fb8c9,baseline_fit
b245a3fa9baa7acff91961f3,baseline_fit
b249dd4ce70ca16605067e13,calibration
b24d40b941bf859c30714464,baseline_fit
b24ff3ebca4a9c5b4673cf39,baseline_fit
b256d99a67933034fd6af54b,baseline_fit
b262715876e86e809d7df1f6,baseline_fit
b26717260183c592dc3ae859,baseline_fit
b26e8c9712e457e0687b6f9d,baseline_fit
b26f41a2a79c991a0aa555d5,discovery
b2754ef2c6793af823be69eb,baseline_fit
b27608dae415790d1a7fb05b,baseline_fit
b278329ed152d22b2f5a4d8a,baseline_fit
b27fc3e60a72181f7fc2711d,baseline_fit
b282cd26856e042051e013e8,baseline_fit
b28655334aa836361b4e1e78,test
b288bff3156336e4e510c425,discovery
b29231f92b64b095f96eec0f,test
b2956478262e686e9dad4b9c,baseline_fit
b299a138d0959dead9115455,baseline_fit
b29bfd0c748c03bef2d44ced,baseline_fit
b29f4128e675a07a38462647,test
b2a7360f8a607f1209f56ae9,baseline_fit
b2b61ba9d2a06f2fa2009b4a,discovery
b2bb3d641be8bdd0300ca600,baseline_fit
b2c2ce99f97838c09a7544dc,baseline_fit
b2df30d494381bd839f90927,calibration
b2e28e86f599c67348450ff0,discovery
b2ec2218e54d7b8b511b7fbb,baseline_fit
b2ecbac80d7b7d1c67e0db5f,baseline_fit
b2f14b7cc3621b17c473f0dc,baseline_fit
b2f7801f3a1e4a3971393918,baseline_fit
b2f8d909db6f09787bcad4be,baseline_fit
b2fe0ceb5c6f47d4609c8146,baseline_fit
b3021d62a566691295f14c03,baseline_fit
b30a81fa117a752bbafe5854,baseline_fit
b30e794acd7173458488bd59,baseline_fit
b3249db7f01ac3707494b9c5,baseline_fit
b329434acf7bca229954a97a,baseline_fit
b32feab42e17ad9878cb8ec6,baseline_fit
b3437924b336db5d12a52711,baseline_fit
b34c413d747712274acca3fb,baseline_fit
b34f25ec1393e5dd0ee19810,baseline_fit
b34f6d16126c6c5268214cf7,baseline_fit
b351fa04dae932921a12671c,calibration
b35726cfb5f5b159f161d225,baseline_fit
b36bdcb9a4c05581c99e0efc,baseline_fit
b382dc2172a79d4335832fc8,baseline_fit
b386a4cd3d189975b4c5647f,baseline_fit
b38c095673c900409dece080,calibration
b3a434b97ac61e8d6288362b,baseline_fit
b3a59239a9ef246b20d3097b,test
b3a5b82dacf1a4ce2d9f7837,baseline_fit
b3a69d02a7b3416bd32a470c,baseline_fit
b3b496c1fa3be3b369af33e4,baseline_fit
b3bb2a58bac1d70bf92db0c5,baseline_fit
b3bd76d881720718df891466,baseline_fit
b3c52b1ec17a61ab5993abdd,baseline_fit
b3ca14316e36c9bd61a46d8a,test
b3d1c75b1b78330b83ec4934,baseline_fit
b3d3d3a3c53323464a44a47c,test
b3daaad17f36ec718ea5a172,baseline_fit
b3e20525bfef8e879a7b858d,baseline_fit
b3f2caacd1c382a206618eb3,baseline_fit
b3ff8b4b858a45346222f6be,baseline_fit
b40380a0976d3752bf2bf8e5,test
b40701703c3af1f8ba192cf3,baseline_fit
b4151f76587a7f27498b158c,baseline_fit
b41b5ea376dc9ce7c49969bf,test
b4297fee242c9b59b24e9104,baseline_fit
b42a6acc3e485b4aec3d89b4,discovery
b4333d02cc3d3137780f4d78,baseline_fit
b43444ab373f231638282d97,baseline_fit
b437bcf3eff39c3e6a407ce3,baseline_fit
b43a373cc4f734e0af3974f7,baseline_fit
b43a7879dc9244be2190bd7e,discovery
b443f198ed94fc3076992cf2,baseline_fit
b44c48029117895c0c7bca93,baseline_fit
b44d8cc3d98c1f40337c5e5f,baseline_fit
b4542d82a20233021b1b41cc,baseline_fit
b4558cb19e2f78afd65daaf3,baseline_fit
b45b3a7075fcbe1d386aa4b7,discovery
b46d5c8a3e225f1d1d3bd2f3,baseline_fit
b47069e571585cde531683df,baseline_fit
b471590620f4157de6409761,baseline_fit
b471b272a3891bb99c8fc01c,baseline_fit
b47213e9efe1bee722959b35,discovery
b4787be98d37ec3aaf98f18e,baseline_fit
b47a5714299ff4e6f4e259fd,baseline_fit
b485223d3b0422caaecc5e9a,test
b4913538600491f4b1e0a4ed,baseline_fit
b49398d6c1469df3a5d38bc7,baseline_fit
b4ac1521feb2cfb571e474aa,repair_validation
b4b71b72d74aba32b4201ea8,baseline_fit
b4bcb9d02426e45ce0354991,baseline_fit
b4bee8e60f2a2bcef2e165c3,baseline_fit
b4c30d8e28b443ecdb56b62c,baseline_fit
b4c709fad38be1d5fdb79369,baseline_fit
b4cd2a329590d99a6c572410,repair_validation
b4cfd7c7e4b3a59a717cd5b7,baseline_fit
b4d2642ba3372c2bb4c3d9c4,discovery
b4d51b3027b98f2b6fb7dd70,baseline_fit
b4db2288faeca703b2ba21a2,baseline_fit
b4db82ee9a67547406792a2c,baseline_fit
b4db8a82809b87381cb7ee58,baseline_fit
b4e14d544d12880814e08565,test
b4e7bfc42688e744dc739d23,discovery
b4ea59b7a54ccbff1d207f73,test
b4efae2399cffa58da404089,baseline_fit
b4f114d993f940d7c3e3ff89,repair_validation
b4f2e66b336a6e7923feefa6,baseline_fit
b4f85fad6c7662dbc6bf326e,baseline_fit
b4fefcebe1b82c3fe47610e1,test
b4ffddf001e41c55692ffc43,discovery
b502e90993bfc6bf6d082b1c,baseline_fit
b503ba15b37e3d9ed2f1937c,baseline_fit
b5093202c1f43e7fd073a8b3,discovery
b50da0ee06762da42f288eb6,baseline_fit
b51add4a130c4cfead84cde8,test
b5290a0345c3d260201c9e17,discovery
b52da1de90b296e5d4b444ab,repair_validation
b538ad8217550b7adf93fe36,baseline_fit
b53ecfdf6e9e993d9566ce8d,test
b543b191c29cff39f5c2f625,baseline_fit
b54e736dc31f76da07e9378a,baseline_fit
b54ee4ef5a34be9f6edbccb3,baseline_fit
b551be56a5cd3ab24c82b3a7,baseline_fit
b5559609426287cd072a3e4f,baseline_fit
b558155ebe457d1b02047e8b,calibration
b55886a783f4ae4f7f340ea3,baseline_fit
b55c274b9ebd856595e7cf32,test
b55d9953243c9914d148dbb8,test
b55e9922626855b182133905,repair_validation
b562695343ed56edccd8d952,baseline_fit
b56f5fa9d3b1e95db49ed39f,baseline_fit
b5713c3ade9b10b7c8578dce,test
b586c2b6875c6c5932b93161,baseline_fit
b58e9b0a4f879f4c5c0cf6d6,test
b59a812585767f4abd5ea11b,baseline_fit
b5a1563e4bf9c63bcf285c9e,baseline_fit
b5abfd9ff702db9e4122b875,test
b5acd30c10de43174540807f,discovery
b5bc4fecd50ef61db578c422,baseline_fit
b5c3d7fecfc8c0368576eb93,baseline_fit
b5c424179602aaf489e93a8f,baseline_fit
b5ca14d7a6846dfeadfb93cf,baseline_fit
b5d070c07334aedb7c509deb,test
b5d1b3ac611ed3bf725c6d3d,baseline_fit
b5d84c4adb143f48d28e6821,baseline_fit
b5d9bcfc38c2ade1d3fa9f94,baseline_fit
b5e2bbd38113fa2b5338f792,baseline_fit
b5ea68cb23172453308b95cd,test
b5ee3b135c8bc99bffb461d3,test
b5fe5e0a8a91721b7999b72b,baseline_fit
b600f0b0c7cffe752c06f3f4,baseline_fit
b61814ff4372a3fc7eba3097,baseline_fit
b61a0b3519e3a8195aa70f7d,baseline_fit
b61bf9ae7e828a4201f15910,baseline_fit
b626646422201d71fd72433e,baseline_fit
b6276dc07f498cc00bace9dd,baseline_fit
b627e0022316631b97abb99e,baseline_fit
b628fcbacbbc6e9313c70e68,baseline_fit
b62ad62ce59f891e3f237098,baseline_fit
b6315b56e50470af5c5d0a51,baseline_fit
b63ee52254ca0840e632cd5c,test
b649ac75c5f40b65ce9960a5,baseline_fit
b653f1097a432ac9fb4a0b1e,baseline_fit
b66353c118d4305808ff5379,baseline_fit
b665e2a4b26172ddee3a1a39,baseline_fit
b676c070285e9aa70ef0b066,discovery
b681428951561542d9436e02,baseline_fit
b681638e4a278df6dd84ff03,baseline_fit
b682ab2128cd79deda88b0e8,baseline_fit
b684768a1d2e233be50d38cb,discovery
b687493861f672caade8d9b3,baseline_fit
b690d82163c47f106d0080a8,repair_validation
b69d8415638e0baacd956090,baseline_fit
b69e5576278bf71c97795537,test
b6a71f7344c1b10a252dcd23,test
b6af76b15ee902130d6f0138,baseline_fit
b6b3ab9dd52a8a1c2370e9fe,test
b6b89cfbe8a75b4f79baa464,test
b6c228520460b772c4f9e9ba,baseline_fit
b6da57a5fc7e2ad63d3bbfdb,baseline_fit
b6e4bbf378130e7da2e18794,baseline_fit
b6eca1976366896fae44fe39,test
b6ef933b9311008d857376e4,test
b6efabc77127551ea04b94a1,baseline_fit
b6f49239fe6b81687407109f,discovery
b6f7eaac33a9ba8e0e70513f,baseline_fit
b7001f7730a3a2a7fc592620,baseline_fit
b701e69da01c60ca3d3ecef6,repair_validation
b7040f86d8d8b092daf05dde,baseline_fit
b725ad8212bbaa21e9b6f5be,baseline_fit
b72a67e520c3192e443e9192,baseline_fit
b72c84d5684d53d233b1d3f6,baseline_fit
b732c2cb8c09e37d659658d4,discovery
b736d02943efff6ce85658a4,baseline_fit
b73f323c5bd675297d8a7594,discovery
b75237d57768a519e6fd2470,baseline_fit
b7545ab8443adf5075212354,test
b7623e95dfa3fcc4372f8eca,baseline_fit
b7649c20f6a9b4171c3d472c,baseline_fit
b7703d6c12b881115cb6cbbb,baseline_fit
b7759b9121caa00b2d99f38f,baseline_fit
b77737677922e3d3b7960a24,baseline_fit
b7787fc74e79b7bac958ef8d,test
b788844557d8905ccc24374f,baseline_fit
b78a8d2dc5646893b1a023db,repair_validation
b78d86eaccc4d46d76916c20,baseline_fit
b79919a7e63bb3b5d09c1c72,baseline_fit
b79a00bacec4ac88b7fdd013,baseline_fit
b7a1c07a9bddc24c063b6701,baseline_fit
b7a2cb10b3fc73322934bbf1,baseline_fit
b7a47012e858663727eea9d4,discovery
b7af808c72e3070d98c652d6,baseline_fit
b7ba125012057e9f385050d9,baseline_fit
b7ba4cba4e7cf97e52c68647,baseline_fit
b7c8c96edd4b3acaac617d19,baseline_fit
b7cca5c9940db3ac538bd9bf,baseline_fit
b7d14bcf6734b2588074b629,baseline_fit
b7d24495d092d6aee2e46c51,baseline_fit
b7d7eae2f281cc0deb00d81d,baseline_fit
b7dc9359f62dcbc67c8f00b0,baseline_fit
b7e109dd3f7841a37813581b,test
b7e5d27fa3e8f3a50377abbf,baseline_fit
b7ea71140062c075a887f1a9,baseline_fit
b7eb149a14585293f10c4add,baseline_fit
b7f0f031b52e31387de78725,baseline_fit
b7fbf5747df0be3debfd31f5,baseline_fit
b7feac2d42ec3cb62c37afc9,baseline_fit
b80a311b110046def9059d0f,baseline_fit
b81714f12a0848939e68bb38,baseline_fit
b8295d922146aad0b1cf1ded,baseline_fit
b82acf51c034db686431c0c7,discovery
b83e7c6545767267d0b7d571,baseline_fit
b84f8628c3f33d7e684a7220,baseline_fit
b8512e4af87b9c01f5a7c040,baseline_fit
b854f998fb50e8f368b25a11,baseline_fit
b85ad5fa38ed751d06a5a59c,test
b85cdcbb79d3c4e085c38e57,baseline_fit
b8646216f7fea03d5e9cf49c,discovery
b868312064856a9328eb25e0,baseline_fit
b87576ed95145b51ede2e6f2,baseline_fit
b87bb699605928ab8470258e,baseline_fit
b87c7475f0b39335181a5687,baseline_fit
b87d18ad78791d51dae601b3,baseline_fit
b880aa7e2c0b7b10d0ef68b1,baseline_fit
b885e6cdf3bbb67e86c7214d,baseline_fit
b88c07fd2d6be01ca31732be,baseline_fit
b88d202daf0126dee692b6f6,baseline_fit
b88ff5c6d5db2b5bdad06ef8,baseline_fit
b8962047c958ecc24bf4fbb9,baseline_fit
b8a2f4f3314ebdcf39486aad,baseline_fit
b8a76664588bb76c65a0d659,baseline_fit
b8a9b7fcdb5c3d696109f70d,baseline_fit
b8b2b7372a15cd0020c93dab,baseline_fit
b8bfc497919aca3e25bbce78,baseline_fit
b8c071b44e200b92bd36daa0,test
b8c41e1e3caf6166ac73ce16,baseline_fit
b8c8fc07c206de045ddfc905,baseline_fit
b8ce3d84a4b2954d21e39f15,baseline_fit
b8d3b3bc96425fb48f3c290c,baseline_fit
b8d4dd09b6e79f5ad3e20095,baseline_fit
b8db4e59e51420a3243bc75c,discovery
b8df5193e651bc2e59bba325,baseline_fit
b8e34637db2f7a2dc0788a3b,baseline_fit
b8e42776ab3bb3abdca0e5fe,baseline_fit
b8eca3db3e8d50cd3f09e166,test
b8ed1e78e65bbc3372e6aed9,baseline_fit
b8f00fbf09da9305bdf341f4,baseline_fit
b8f024f4c939c52a53d988a9,baseline_fit
b8f60c5eb62f94dd057f18a8,test
b8f73aff6537c5d7c7b27692,baseline_fit
b9035be244a2d552527e76ac,baseline_fit
b90f5eb812ef3a0392925d3d,baseline_fit
b915c1bf335cdf14693adf7b,baseline_fit
b915d5aa9c53cc64af0c5618,test
b91d8cbc0a5e2ea575d6a7f9,baseline_fit
b92259fb46e0249c9fe15546,baseline_fit
b9226e0997fd267317719db7,baseline_fit
b930edd82c567a7a093a3e9c,baseline_fit
b936f789339963689e22198b,calibration
b93a7c29e688ce6c1de20b61,baseline_fit
b93ab6cf620c0815932b7e47,baseline_fit
b93ddf7e433526250f74ed07,test
b9471d4ea0beba466379916b,baseline_fit
b94d289486002b081323000a,baseline_fit
b959a9005222c91105f6ecd1,baseline_fit
b961f8f2f9f3e0ab111401b0,test
b965b0ef8f9d0d961e5464ab,discovery
b96ad8876ed5ff2fdc5c575c,baseline_fit
b96f59f635290469da218541,baseline_fit
b978957ebb88898aef880c9d,test
b98e45f699b179bcf4804f5c,discovery
b994b8eb91f9f6e34a865db6,baseline_fit
b99d4bb452a6a51f7d834b39,baseline_fit
b9a083cc763dcca62b0654b5,discovery
b9a25c3bdd0f1a556d0a5140,baseline_fit
b9b4c516986bee7946415884,test
b9dc6e9137a82474acbee348,test
b9dfa6fff85a57e6baab6f3b,baseline_fit
b9e95a7565a6fcc43fa5e128,baseline_fit
b9ff4537f51592a266f38456,baseline_fit
ba019086cb0db099ea4af4f4,baseline_fit
ba04ddefbba41c6ffb520e6a,calibration
ba0b5561b3cc33a015c41379,baseline_fit
ba0bdd5c3d71c1351a89f05b,baseline_fit
ba120dad85d49ae85c1e7906,baseline_fit
ba1569aa481107390227911e,baseline_fit
ba1831d261c10d8d2ab41d14,baseline_fit
ba1c10c5b80a8b53b19149a4,baseline_fit
ba1d46f0cac5700168664698,baseline_fit
ba209b9340c5fdb63ae1f5b0,baseline_fit
ba23145034b1d53569748709,baseline_fit
ba2317b6bdfb01e8188e5db5,baseline_fit
ba23a910d60dd483d0c0ca47,baseline_fit
ba281d0f72628e05b791e341,baseline_fit
ba29e7f329851ab0f9174e38,baseline_fit
ba31417ec03b93295c8550eb,baseline_fit
ba3353024f74e16e85a8d711,baseline_fit
ba5760f179ceb673faf2a7ca,test
ba58259f50664066c07f3a81,baseline_fit
ba5b5fccdaa9150430120548,discovery
ba5ef3726d04d43efa85b503,baseline_fit
ba604e20a9443cefc6b5bdde,baseline_fit
ba60b33e857ac9a87e8ed7c2,baseline_fit
ba649061d89edb72dfb6260c,baseline_fit
ba65c1638b256cbd8274175c,test
ba6dc8ca22999ea25a383a94,baseline_fit
ba6e2004ea89577faae15014,baseline_fit
ba89ba71d9257c9a1318fd23,baseline_fit
ba8e6248f1777cacd4739f9d,baseline_fit
ba945d38622d9f60d3c35c50,baseline_fit
ba951c3a2c3cfcd14d21209a,test
ba9c7c27c93f6322a946e261,baseline_fit
baa8553c633b731a0a4d548f,test
bab40d449d3bd352c0b6ae9f,baseline_fit
bac42279c2d922c4a0f787a1,baseline_fit
bacbc2f47cb1e47eb45de763,baseline_fit
bacfd4f44a493a756ca1f12d,baseline_fit
bae144017bc6f8b048b6a97b,discovery
bae2163b58e5e8a314537b5c,baseline_fit
baeadef3c5f4b53753548ec7,baseline_fit
baf4ad913924e53be82981dd,baseline_fit
baf8f2c2b9e0e3eeff34e347,baseline_fit
bb038eb865655bd0287db653,baseline_fit
bb0770331e6e6f4fa9262f62,discovery
bb13d033441e23e445e1a532,baseline_fit
bb2e5c124d0f21d421bb6a61,baseline_fit
bb2fb3d1d08b7d6e6ae48da5,test
bb353dd1e636ab9bc7520a22,baseline_fit
bb3ff615213fdb71355325cf,baseline_fit
bb4aa4bbb2d73dd15d26debd,baseline_fit
bb5ab92e57a9970211e2c533,discovery
bb5ee2fcf29f488778ea3b11,baseline_fit
bb688910fe991d6a5f8d51d3,baseline_fit
bb6d7d0dd6dad10b259b6ef6,baseline_fit
bb6f724092da5436ea177a9d,baseline_fit
bb7f1e44bb4aee9194f2bae9,discovery
bb919919185c528a38d01747,calibration
bb92b1b6844259a554cba379,baseline_fit
bb9dc736981b80cb98485644,test
bba43e9af3fb46ead79e5b67,baseline_fit
bba8b651a8be924f4223c7a0,baseline_fit
bbaa95eaf79006ee9132bb4a,test
bbad38b3981f7f2435629837,baseline_fit
bbb3ad16440c4f1e6a65215b,baseline_fit
bbb9514f6054bd1554764193,baseline_fit
bbcf01ec695d952b7e083cf0,discovery
bbd4c296d9b5a44b67b829fa,baseline_fit
bbdfa6c2d7a7dedec611ae54,baseline_fit
bbe1ec99a758242b09416c8e,baseline_fit
bbeafeb5ea83fa38b60822b6,baseline_fit
bc15cbffeb587de3103e0a6b,baseline_fit
bc25649225cac4cbc9f7170e,baseline_fit
bc26bb8159b399bb28ff9d04,baseline_fit
bc3df2a256c73969b0aeb9eb,test
bc48deb514daaf1f86967bf6,calibration
bc4ad6f69e7be37b99b8a175,calibration
bc4dcbef6a0a2bcb216a0b34,baseline_fit
bc5d814df5ffa57143e9fbc0,baseline_fit
bc6b3db131b93cac0471a81f,baseline_fit
bc6d400fd2a2a5626e14ea26,baseline_fit
bc6ed5a0f194f68e7b436b55,baseline_fit
bc837cbf28efeb7e06fa7d80,baseline_fit
bc89dd170cd693f1cc10fe5a,baseline_fit
bc8cbcb1f9a8e86385589eec,baseline_fit
bc9a7b2d4fb69486386c29da,baseline_fit
bc9b43cc62824d526ddf1561,baseline_fit
bc9e8049feb9bdc11c63f5e8,baseline_fit
bcb515f5a1ad3aee0690a157,baseline_fit
bcb5c08e0e9da095b0f13b99,test
bcc13f0bc9f985ad59bd9498,baseline_fit
bcc9cf72f8ef8160ee6a1490,test
bcd55db74cb03d0a30d69437,baseline_fit
bcdac89a0812b49b53aa498e,baseline_fit
bce1322dab89182399379bf4,baseline_fit
bce6d4b22072e7b3953b9ce0,baseline_fit
bce95683a3216e64df03e9c3,test
bd0a9f21b2fa26e6b6af879c,baseline_fit
bd0afe63138a2faf1fe297d4,baseline_fit
bd0b0cb81e26cd53ed4a7460,baseline_fit
bd0b14a5082efe477ff8ca66,baseline_fit
bd0e36f26b44847f6ac13024,baseline_fit
bd165fa39cf015cece7beac0,baseline_fit
bd1c9dfef9c73eb35a18c63a,baseline_fit
bd1d8d293f265b457011a914,baseline_fit
bd1e06ac7a71379724cdc731,baseline_fit
bd3aed8aeebe238eea1699fb,test
bd3d706d3918632474c94ce8,baseline_fit
bd406289a3d40bdbbd915b23,calibration
bd40cf2045602e7b110ee4d5,baseline_fit
bd4dd1c1eac19a28c1669675,baseline_fit
bd52725f5abc891f953a6d98,baseline_fit
bd52ef4d6aebd5901434c46c,baseline_fit
bd5477321b2252627f5380f5,baseline_fit
bd58cec455a4b26e8d91b443,test
bd5b7cfd272094069f8400d7,test
bd5d60a792a3a4577ee16e9a,test
bd613096742204ab5de18e4d,baseline_fit
bd70ff1d9fbcd382ddc41752,discovery
bd7c739872987b89ad8b2929,baseline_fit
bd87364f8c8699e68b7e5f8e,discovery
bd8fdac084248f77cd0dcc2a,baseline_fit
bd98d8da6b6cbb0fa06da755,baseline_fit
bd99f151978286a6f4412e12,baseline_fit
bd9b305a99d7ed6076441368,discovery
bda0fb701dbb2950b6ef2d98,baseline_fit
bda4fd2d5389486421145dc1,baseline_fit
bdad77b405f389794f14c017,calibration
bdb690f3d98d222c53573ec0,baseline_fit
bdb7a9556488e99c2f94ed13,baseline_fit
bdbac382569b1ca266618b41,discovery
bdc94f57f38181030a484d67,discovery
bdca84d90c6b7ecaca172067,baseline_fit
bdcbe604cd48e134de1fe726,baseline_fit
bdd0293b7b9aa0f5ddbccd70,test
bdd2fd359ffda3e14a4d0102,baseline_fit
bdf09a99415050d311ddd0eb,test
bdf1015a2dc222825e16f512,baseline_fit
bdf480db2db72aba6f4e230a,baseline_fit
bdf774e5324837e060977f96,test
bdf9327729059a84119273b6,calibration
bdfa100284b51e029e6665a2,baseline_fit
be01345126997423b82c6d16,test
be1618bfd93f0350c5d973d6,baseline_fit
be1672bf8501cfa2906cf39c,calibration
be1801bbe09edc6c657a7c1d,test
be1b61c0657030103656406b,baseline_fit
be1c57e54564f1531a2b7d5b,baseline_fit
be257f076a3a81a64a3c6f43,baseline_fit
be26a58fd8223561b52fe55d,baseline_fit
be284e67b3990fc3152ec4ba,baseline_fit
be2aba185873b0b785723d2a,baseline_fit
be2afd25049e19faa8b224c8,test
be2f500a34c2089e62a4de92,calibration
be36d9e86768fc654431a2c7,baseline_fit
be37c55a5a2afc8654d4f051,baseline_fit
be3d686cc2976854b8f5131a,test
be4232e8bc8ae1b3f2a9b53c,baseline_fit
be45cd45849bad0c901e7951,baseline_fit
be4ab83c151c1eaec36ae3c2,discovery
be503908972c0d22144209f1,baseline_fit
be533d924640f56ba450cf2f,baseline_fit
be5672e2a63c68ee8fa01c06,repair_validation
be5c14dfccc8ddd33063fe9c,baseline_fit
be60b14d0731088c3f03efec,baseline_fit
be68d803f4357660dd131f34,baseline_fit
be7a770373f0833e2a60c7b8,baseline_fit
be7fa0a961575f33d7f5b00a,discovery
be950b3254c54faacf141aac,baseline_fit
be980a6dbb1a19443dce5746,baseline_fit
be997d1d832943d205bea05f,baseline_fit
be9a3ceae0c52bc20305e9f4,test
bea3fba759171c1263614324,repair_validation
bea6de1e0849a2eecaeb6a51,baseline_fit
beab05ba2cca986adf26d16b,baseline_fit
beae98aa5b03951e605f1c50,baseline_fit
beb14df46dbda1135e53e7a1,repair_validation
bebaa170675419da1a2cf486,baseline_fit
bebd0c7e242bb86b86f97e9c,baseline_fit
bebd8280ded27df64853a149,baseline_fit
becbe67b6dfcf77cb7ae4612,baseline_fit
becd9a58bd08d741de712e3e,baseline_fit
bece81c2e3d5271997469835,baseline_fit
bed01f74e2752b73cb209b5c,baseline_fit
bed46f56b8bd5ba43bd018fd,baseline_fit
bed47c98e734320229c913dc,baseline_fit
bed4bf0a539b3ee966de54c3,baseline_fit
bed684f950e968863818b5a8,baseline_fit
bee6804aa9399e8641776446,test
beee1dbdd0c2121e03ccfa83,baseline_fit
befe9d5c49c2df7a5f8045ce,test
bf00a9b9f2318ebd52a9a6c0,discovery
bf0b43cc10aea673db09e563,baseline_fit
bf0d48853629bd1bbf61540c,baseline_fit
bf29aec91235f5b58bbb1213,discovery
bf31a3c0c5973fb60a6f223d,baseline_fit
bf3d7bdc73b010146318a7c5,baseline_fit
bf3e7be64a89db8ac1038e7b,baseline_fit
bf49844c62f3d387fd9f954d,baseline_fit
bf4c948a9231ce7798c65bd5,test
bf519ad2217eca4f73930230,test
bf53ad6d61102559444198c8,baseline_fit
bf5501df2fa72ecf12a4d3ea,baseline_fit
bf58227b0204f10a133468c3,baseline_fit
bf59e44c068fcc198cc3c9fa,baseline_fit
bf5e96eab051b823ab5a9933,baseline_fit
bf6001ba55e767261c6c0696,discovery
bf62bb504d09c2890551f19e,baseline_fit
bf712835f7e49143bfe603b4,baseline_fit
bf79ee17e54c737cf0fbd9ec,baseline_fit
bf7a5ebe4ad89d7daa9f84ec,baseline_fit
bf7be0d54233eab25f61d844,baseline_fit
bf84cbfcb2caa46ca3e72bf5,baseline_fit
bf871574ce0696aebe0521bf,baseline_fit
bf9d25a520bb3495cd246d73,test
bf9f0d830be2e463928ce275,baseline_fit
bf9f1d7441a251167c82eb39,baseline_fit
bfa13d0fc7f6a96739bae71a,baseline_fit
bfa4bf76a9c3c960fb42f2e8,baseline_fit
bfadde7c316c50789ed2e91e,baseline_fit
bfaee430aefd5fd08cfa8aca,baseline_fit
bfb66c14f7c639ca1d3f089f,baseline_fit
bfb721cbd1a1c3cabb31ba05,discovery
bfb8a99dc2d40e5869f5215c,baseline_fit
bfbc86dc4bf930003301a94f,baseline_fit
bfc0420569e2c89189e8e61e,baseline_fit
bfc0a5ea6a22ff5a68561b22,baseline_fit
bfc1ebf876993c1d847dee4e,baseline_fit
bfc3eae289522b49ac242381,baseline_fit
bfcbdbb03b08050997c287be,test
bfccbf36c9cee6ee5f100b1a,baseline_fit
bfd41c5fbf49a8c60ed1a03a,baseline_fit
bffe34e953fe8485a594eefd,baseline_fit
c002a52a2c0ebe3530ea2e1e,test
c006bdca9000fa34f4939bf1,baseline_fit
c00d4cae3b380fbfdf47e137,baseline_fit
c0100835ef53c4801dd92a63,baseline_fit
c02191f54d41c225632273cf,baseline_fit
c0257b74df32fcc0982f58e2,baseline_fit
c02582b6f042f9330bf20f0f,baseline_fit
c0355640fc1242ef7de1fc2d,baseline_fit
c03630a89dc42265f5909514,test
c039ddc64d7b4051b5f15ecb,repair_validation
c03db85f5dbec41195d113d0,baseline_fit
c03efe2b1e7ce05bd2578829,baseline_fit
c04856c798604fab8acad37a,baseline_fit
c04cd54ea63e9e86426bbfed,discovery
c05788d8516e154e89979389,baseline_fit
c058e021be428f888f83347a,test
c05c0e90eb04803e743c5203,baseline_fit
c0651c49e7e0c5b0434fd441,baseline_fit
c07a8a16cf3e8fed02968362,baseline_fit
c07e7ea80c7420d4a5205b43,baseline_fit
c082e1ddc56abca26f28987e,baseline_fit
c08c06a019d9c7a82a57e050,baseline_fit
c099169df8bacc7b46ed14df,baseline_fit
c0acbf15038e65ae6ff37bdc,baseline_fit
c0acc0bcaf1dce866b3160e7,baseline_fit
c0ad0d1cd5d7801bfc7f8b6a,baseline_fit
c0ca0ce03c7f622438a250bd,baseline_fit
c0d3c256bc1feceea0f8dba1,baseline_fit
c0d4c5696c9bec531c67a338,baseline_fit
c0d9ddc092da98ec02956b14,baseline_fit
c0dabbb389314a097a89af93,baseline_fit
c0e3938941c2e5f2c1e97dff,baseline_fit
c0f030e02f83f2fc48660839,baseline_fit
c100de9b2d810f0662e19134,discovery
c105a5189157025a03e01be5,baseline_fit
c11c79b2680bc34abc6037cf,baseline_fit
c11ce6288caa89ff70d93ec2,baseline_fit
c12375eb102252279074f96a,discovery
c125a2ad627533f8608343fe,baseline_fit
c1262c5e9d9c440efb1fd7f5,baseline_fit
c127975dbb5823d8d55a0e7b,baseline_fit
c12f3304f168fc8d98b99357,baseline_fit
c136ee997426171a16c3cb73,discovery
c1398e870452603708a30217,discovery
c13cfe1928f05a2640a8f7ed,test
c13f55311b210b5a0c886d76,baseline_fit
c14dd6e79c3e2a8ec9ac3879,baseline_fit
c150e5df3db020db5be2a755,baseline_fit
c1580c1bece5cf8fb6c49595,baseline_fit
c1626c77705656504925e1c0,baseline_fit
c16478941ab69544573eb9d0,baseline_fit
c17111dfcc2e88c9e61f642d,baseline_fit
c176e07293a23a6d42d08c06,baseline_fit
c1772331c93221eab92a7bd8,baseline_fit
c177a81781f6d3d8ef0b6236,baseline_fit
c178c70c948f398f46b0cdae,baseline_fit
c17a00aa6462fd0b36068f96,baseline_fit
c18b4b4efeeeafebffed967f,discovery
c19df9ed211f6df77449024f,test
c1a0fa5199c20f36f54368f9,discovery
c1a20d285ca56cc06c01af00,baseline_fit
c1b45ea182dbfc25223cad86,baseline_fit
c1c579a9aa982ece4939bfe2,baseline_fit
c1c9899033cb96706a694cd9,discovery
c1cdd4d22d9e530b350ab170,baseline_fit
c1d2442a0553945f30088589,baseline_fit
c1d5e548dcb0a0b4ee47406d,test
c1d65944354151197201b35c,baseline_fit
c1ddcc6ba5febec10567d968,baseline_fit
c1e474529a869a32f1c74898,baseline_fit
c1eba3f81b88d505ee0dec1b,test
c1f19547b45d053ee053797f,test
c1f26cefb95f5d0a015dfb39,test
c1f41db4174519577341973b,baseline_fit
c201f7536c93b44401c33561,baseline_fit
c2193f29fdbc4e2a1a530972,baseline_fit
c21b73480eb2e89b562711db,baseline_fit
c21f0e1d154e133a5d19107f,baseline_fit
c2267f7a5f5b7ce6e334c58f,discovery
c2363414849a20ac6c1c9439,test
c2381b77d3a1f810448dd09a,test
c251f5a5c5db774e2b2079b1,test
c263b5559e10a404c1de50dd,baseline_fit
c2673a88171807344865ccb5,baseline_fit
c26da5a01b79614c6ef8b5bb,baseline_fit
c26e971d29dd0b168e8bcc21,baseline_fit
c27c7c002cb166d90be9ae12,test
c28172cbf5ea9c954523b85b,baseline_fit
c285c1e729be177696a98780,test
c287ec2dbe4d39d2aba39235,discovery
c2977bc8ebb11e4ae5fc1bb2,baseline_fit
c298dcfc2c30ed3e6bfcc82b,test
c2993f0cccbc5aee62f9fcdc,baseline_fit
c2b2581287d4e49df4b7a820,baseline_fit
c2b4f5faed58c9e15d736881,baseline_fit
c2b6237024f25d4daa890a96,baseline_fit
c2b9678ff236df6e4aedd5db,baseline_fit
c2bd04c71f05f2eb2a46456e,baseline_fit
c2c44c4fc8fb7da47b67df52,test
c2d0471f547a4ea6d262fa1b,baseline_fit
c2da1fe089417ac488da954d,baseline_fit
c2de12f703494f39e46c10b3,test
c2e77303afe4aaea17fdfd06,baseline_fit
c2e9aa24a33a0229184bd566,discovery
c2ed7aee2176fe67b0019e71,baseline_fit
c2f122577dd02dab93df4bc9,baseline_fit
c305a2befb83aeb9a9c86540,test
c31c3c635b79ff628f6f35a6,baseline_fit
c3212a339f3189911bbe719b,baseline_fit
c3275ab1262e91ba6129df02,baseline_fit
c327cffb5dfcdbef3cad5d93,baseline_fit
c32a0d6f6f4d61c249112f25,test
c32adca19fede4ac04cb78de,baseline_fit
c3313c1ada13041abc39f153,baseline_fit
c337594e09316713809affa3,baseline_fit
c3406245f676e2c9574a17e4,baseline_fit
c343cab7981fbbb7febd14ef,calibration
c343f80cfc3025a652c52bfd,baseline_fit
c349159771c97f1de2eee3d6,baseline_fit
c3492112ce154fb29c36e79f,baseline_fit
c34cbbe31475d9d4d7ba8d03,baseline_fit
c3608ce954b82904aa551774,baseline_fit
c3660515bf4d1f8d9989af62,baseline_fit
c369d8b4620b04d07dbf2056,baseline_fit
c36beb8fa3434f9663a6c795,test
c370f6b11b41b7b9bb8ac315,baseline_fit
c372fe9550e9d2a875b2ba68,baseline_fit
c374af3953c040858780bff5,baseline_fit
c37d0fa1d6a77517daaf9eda,baseline_fit
c384840e8a844e744fb19a3d,baseline_fit
c38c3e5c9540eb0da946d035,discovery
c391b8d92ec2a4dbfa6628d8,baseline_fit
c392cd42e811f8ead7c00e55,baseline_fit
c3a5b78c8a6f177f9942ae23,baseline_fit
c3ab56069c12644cf18a9f3b,baseline_fit
c3abc4d4f53ca4184102ea38,baseline_fit
c3b129ae9d8470828675b3f1,baseline_fit
c3d1a33e86e3b75abadd8937,calibration
c3dfd77176a31c2600ced57d,baseline_fit
c3eab733a67001d6bd03f674,baseline_fit
c3f7ef1205f33b6610321c8b,baseline_fit
c3fc18baf8b6752a0b55b029,baseline_fit
c4091eec4038d3a94599d09e,discovery
c40df9ebd9d4bdfff3993d0c,baseline_fit
c41ac7463ba132efe5e346d5,test
c41e1e836b26ae708ea4b56d,baseline_fit
c42175c4bb9b58a37deeea24,baseline_fit
c42f205793e6acb9b0e301cc,baseline_fit
c432def1c27467124d01fff8,baseline_fit
c4466e4b67007f81ea8597bd,baseline_fit
c44ae24c6343f90c8e0b9c9a,calibration
c45429942201ac2db2b1b4a7,baseline_fit
c457649baa2ea45ae20a3f4e,baseline_fit
c45fc56996d2286a692bceee,test
c46624cbc6e691e2bb21c3b1,discovery
c47cc85efc8d4925effda7fd,discovery
c47f08e17bd191f7d6329bb9,test
c4869a17df8a1ade46ae8aee,baseline_fit
c48a19b6089d1515fcf25d3e,baseline_fit
c48ac848478493b728fd949e,discovery
c4969c2dc0241c40cc441432,baseline_fit
c497289738bac2a7629f5613,baseline_fit
c4986ef75d303eb237bc07ba,baseline_fit
c4a035fae0575a0d868cf8b8,baseline_fit
c4a67d585c50aa5c3443aeb1,baseline_fit
c4ba54423575818e35ebe75d,discovery
c4c3c34ec7019b69b70d3386,baseline_fit
c4c40e7c5228a2011d150ac9,baseline_fit
c4cc43cf1380b48a3f3c1e0b,baseline_fit
c4cdbea9914a1006a0fbd62c,baseline_fit
c4d2563ef277d3a2995f1723,baseline_fit
c4dd74cc959bc77607a63c27,baseline_fit
c4ddd785189b3bb96d8ba4f4,test
c4e41155881fddb578e1cb0a,calibration
c4e501919350423c0b344ec2,discovery
c4f4459a549d78b66102874a,baseline_fit
c50b721e903754f5b83fc7e1,baseline_fit
c51b383f38dc4842636b1bda,baseline_fit
c520a99d58d49a076e5bd26f,baseline_fit
c526bf0fce14727db12bcb61,baseline_fit
c52a5adcadb9c61e0791eb6e,baseline_fit
c52caf636bef5918e831e6b7,baseline_fit
c53099b7127e9e27a17f8b3b,baseline_fit
c5354b2824df14eb6e093df7,baseline_fit
c535b53f104e02442401b5fb,baseline_fit
c53736a820dbc41adfce0d99,test
c5394f5c17bebbe7e7bc6b2c,baseline_fit
c53ba7d42ab66d5622c06595,baseline_fit
c541c097f0c3de71568d275e,calibration
c5431c1aea353f9e07557454,baseline_fit
c54d495f7c408e5e636a3187,baseline_fit
c55547876ded4a0f6f972e79,test
c565722330280145967b3f3c,baseline_fit
c572dbaabeb7b8fcbcc725dd,baseline_fit
c58103b5eb3baa504ecbf211,baseline_fit
c586c3c9bd85b3c005396a19,baseline_fit
c58b0ebc9bf5a69dc8ff101d,baseline_fit
c58d51f0351f04c4f47ba202,test
c596e89c37df216ba09c85d0,baseline_fit
c59a24f7e9813a4b3e8d6d8f,baseline_fit
c59d3c7c9c276916d887c937,baseline_fit
c5a00ba9b5818ababba6bc92,baseline_fit
c5a25bc8bf88709b84691bbd,baseline_fit
c5a3fc5185dcba3c300ad66e,baseline_fit
c5a4de7dddcce5987e3811dc,baseline_fit
c5a9d537c30cedaf347c157d,calibration
c5afaffb577b82204377ecab,calibration
c5b05a11572ea5a891b8068d,discovery
c5b6a5050e83edb1256d81c6,baseline_fit
c5b77a8b2b57cea5cca8155b,test
c5b8d698238d8105af39195b,baseline_fit
c5bb4e2a57ba9b3a7b0793a4,baseline_fit
c5bccbdebedd2df42df52a7f,test
c5c0bee7770e9ad9c57765ce,test
c5c46e4704f2bcb23f27082f,baseline_fit
c5c678cb7cd5f9e4324fc608,baseline_fit
c5cab2845d0fbccdc3d55873,baseline_fit
c5cc0ffcdb76d46d40d77625,baseline_fit
c5d13d07791103911cd5a712,test
c5d545aa88b4913630b09db3,baseline_fit
c5dccf270c6aaa122645b722,baseline_fit
c5f0d06ad35df4cb5042fb8d,baseline_fit
c5f2b8f68c5497a4c2940b0c,baseline_fit
c6016af510fab80020fe5cb7,baseline_fit
c6076a324bac96700b5c5d90,baseline_fit
c628802fe4a64ad8bc11de2d,baseline_fit
c62890960cf6ffbb61e8b566,discovery
c6454dfaf8e81f6a1ab827f4,discovery
c646348fa24c9003210b769c,baseline_fit
c64c9b4629415ac54b6ceb2f,test
c65163da80abf8226bc73cab,baseline_fit
c657ed92f583fe7e53092619,baseline_fit
c65cbdd2e989b8d62e93707c,baseline_fit
c65f2d8a40485f8a60af69fc,baseline_fit
c6620de90997981da133fff6,baseline_fit
c67153f82654a8a37ecd1cbc,baseline_fit
c68de1c833ad95f10a570f2c,baseline_fit
c693784fae8b98d68440a9bb,baseline_fit
c6944fab8f828ffec0a12565,test
c697ca7c416ce2e91776d894,baseline_fit
c699dd7350e739aecf43e4f1,baseline_fit
c69f2cf13f67bbb05dc8ee86,baseline_fit
c6a707e15e24a6a5a0b0278c,baseline_fit
c6a77685ed7851e0411a5877,discovery
c6b7c48a25356eb4ef57b9a9,baseline_fit
c6ba168322b7cc5d2ed4cacf,baseline_fit
c6c4d89a0aecaa3ffbc12312,baseline_fit
c6ce20ae255edf0c4c51304e,test
c6d607b472e8b1dd3dccb386,test
c6e00fbd534ccb0ea654e64f,baseline_fit
c6e5b9f24e68f66df9f4e9c8,baseline_fit
c6ecf1be55d959aeadf85e64,baseline_fit
c6f5e4c18d7b8abcaba51eac,test
c6fc84e54cd1e92edb4ba5c6,baseline_fit
c701015ce8987b79d07264b8,baseline_fit
c703fbe432b05317ae7f1519,baseline_fit
c7044e3a05e752b44bde81d3,test
c70a5f850704f74e558b7b65,baseline_fit
c70e4630821f7b745d4039a8,discovery
c71d2224b7f6655cfcba153c,test
c7217fa2a3516eb6f95d9242,calibration
c7219465616193e5b3df2fe3,baseline_fit
c72da4be35437963bd1e10f9,baseline_fit
c7398d4c61d5fe8b6eb16201,baseline_fit
c746822413c8e5ede9a58d7b,baseline_fit
c746ad45431da404460f24c8,baseline_fit
c750ab7a1dfdb961b36b06b5,baseline_fit
c7568919982c75fbf853292d,baseline_fit
c758359a50939b7c885788da,baseline_fit
c758827bfbffcf760100e1ce,discovery
c76a0bd9a2416e2da761e969,test
c76a116c3f880c8c4a90f90a,repair_validation
c7840a28fb9eb6701ab5610b,baseline_fit
c791f944fd87d2595d1a17d0,discovery
c79578dab4e4688e8081f128,baseline_fit
c7970395d423ab24e1306f2f,baseline_fit
c7b3f49903a76cdd6c136a3d,baseline_fit
c7c3d44c38a10496492edcc4,baseline_fit
c7cc6321c389f57fb3b0d67f,baseline_fit
c7db29052f184f8eb98d0b73,baseline_fit
c7ea41d963623ce914fcd275,baseline_fit
c7f048a4517dd6f6b8292c0f,baseline_fit
c7f584d8f138cf6695d8a0af,baseline_fit
c7fc72f5b3e56c2a7579319f,discovery
c80397a48c7815c8fab9fb8d,discovery
c805ed5ccf2875ec350980cc,discovery
c809a717efa02d883845cccd,baseline_fit
c815e495eda3ecf99cf8eedd,calibration
c81be9a2c033bd55819a06ee,baseline_fit
c82583196effc6f795be1adf,baseline_fit
c82a05686b6a04ee5c536ddf,baseline_fit
c82d1e5e7e44c220890dac44,baseline_fit
c8302df3e0e29fa8efda36d0,baseline_fit
c831702cd66539eb49474be9,baseline_fit
c8317bf0f0d12a40c81a8f80,test
c831c916ad144abb4291a799,baseline_fit
c83bb9f6d6ad2844a8771875,test
c84275b31514ab03bbc61d4c,baseline_fit
c8454c9746db6683081aa507,test
c847c0d7c0c276e3febb0586,baseline_fit
c85ab3d9437e1d523aacf380,baseline_fit
c85ec82a309bb6424e7f1f73,baseline_fit
c8618e51e772a68ab91a0f9a,test
c863944e002242acfa94e418,repair_validation
c865057f8fdb797743c42a1d,discovery
c868a94e00ae502b51a51e3d,baseline_fit
c86b4346075f2798cb769499,baseline_fit
c86e8aed8e3e82cc8ee8cb45,baseline_fit
c86f0e2b0275e4e4cbd0e4e8,baseline_fit
c87a0fdf250d973949bf3061,baseline_fit
c87c752e07743f74f034483e,baseline_fit
c87d5418405f1dbde3b3914e,baseline_fit
c8872741a25febe886635ed8,baseline_fit
c88d65f562066e6d2d0512d5,baseline_fit
c88d71254dd2e55e951098e7,baseline_fit
c88ec1083c8687aa5dd5d3f2,baseline_fit
c8984b33758f0fba9cc5df0c,test
c8a3974772a8e1982b040ed0,baseline_fit
c8a44355b672d4ec3a59d18f,baseline_fit
c8aa3d8cfca747d7eb75d063,baseline_fit
c8aaa7a9e9f6ab8d091c0feb,test
c8afeeb66ef78a1f5df8ec5b,baseline_fit
c8b64e329c2f3c1ed2e56684,discovery
c8b8e6f6665e430f772c5c2e,baseline_fit
c8bb456aad7ebeb3046b6a96,baseline_fit
c8bebfcd7e517ee1dfb22409,baseline_fit
c8ca6e65705711a9dbc6b2c3,baseline_fit
c8d3a84d78f7c3e492c49ff4,baseline_fit
c8d87fb8890cace4dd27f7c9,baseline_fit
c8e3e3f0249985c6cec478e7,baseline_fit
c8e48da478c764942e5c24b8,discovery
c8ec4316e880db494576ee6d,baseline_fit
c8ef2d897c6bcd62f7d485c9,baseline_fit
c8f5c7a83bc360ac7431a26b,baseline_fit
c8ffa3bd3b44c4edca8fcfd1,baseline_fit
c9024ec52c1691b6a11ac34f,baseline_fit
c90b1e80d5457a873c93c149,baseline_fit
c9142de3f2693176de4c0326,baseline_fit
c915b7e930626a680bf26629,baseline_fit
c9186de6da8d010a62585cff,baseline_fit
c931daf807328d032ec6b80d,baseline_fit
c936787cdfe1a7e45345568e,test
c937faed1955b7410c1021ae,baseline_fit
c93b9a75e0791c8ab952f1c6,baseline_fit
c93e6a59ad6740794db4762a,baseline_fit
c9443fc054b62e2992d99332,baseline_fit
c95058b0c607524032f40f7f,baseline_fit
c950ece360098316699e8750,baseline_fit
c951e49578b0dc994d192de9,baseline_fit
c959af080cfe10f37d51976a,baseline_fit
c95aeef5a977d3102b6526c4,baseline_fit
c95e2710f0940f164999a80d,discovery
c963e07b0a1dceef51472bf6,baseline_fit
c968387111d1da6dc617d274,calibration
c97014c81fddd4f5e638f201,baseline_fit
c97a7151cfcc0c7d5efa4a1c,baseline_fit
c98855c48ae4f0503eab953b,baseline_fit
c989a57a07454039ee684473,calibration
c98da3fa8a96edbb139aedd3,test
c98f763a41fafe2d0ce17aff,baseline_fit
c98fe281f43eac40b529ce0b,calibration
c9911c50e707d9598e5e4215,baseline_fit
c99aeafd112bf6b4eab0dcec,baseline_fit
c99e706475b3937fcc0253fb,baseline_fit
c9a0df603a98a2e0983e92e8,baseline_fit
c9a2ea641de6deb3d1ac46fd,baseline_fit
c9ac0628951a6b55de2ca455,discovery
c9adf493167bc0994ab30edf,baseline_fit
c9b04503352dee94faead60e,baseline_fit
c9c9d810fb93cbb07ac33894,test
c9cd0eaa2a450c1ff991cb9b,baseline_fit
c9d07da39dfe1a2bf6e09785,test
c9d92d1c793ea6a45390f1c1,calibration
c9e205ecefcf8a42f37db93f,baseline_fit
c9e6a05857d822372ae3b88a,baseline_fit
c9ea7b426a7305604c2cd43d,baseline_fit
c9ef3ef4883ebcea247c6a11,test
c9f6ff8aa6120db4305e243e,baseline_fit
c9f9d12ef4c789ded058a1a4,baseline_fit
c9fc3bbbb36451d12e3d0f19,baseline_fit
ca0bd3e25175d2f38d9e9633,repair_validation
ca1238c0deda57b2a5e58ec7,test
ca1eb5538a39181bbe9a7c7b,test
ca1edee04868ab3330788843,baseline_fit
ca231eeda6a5d8fc778ce343,baseline_fit
ca24b4bcc096987d91f90b53,baseline_fit
ca3eab349626a887a65b98bd,baseline_fit
ca4ecfbd095bfd5992e00695,baseline_fit
ca51e955d6850cec491621e0,baseline_fit
ca5d8ff3839f879b1e4a3188,discovery
ca61755b629da3e27216209d,baseline_fit
ca678c0b7f515e7e218ba2c8,test
ca69cb0789aeba30d22a5f06,test
ca6b1bf7d0469a7496684d71,baseline_fit
ca703ac276d6de42c81da2c3,baseline_fit
ca7a61f6eefee06c2addbdab,test
ca86e9fdb71f50041aaaba64,calibration
ca9447a9350522d2b687aaf6,baseline_fit
ca9906abcb987d7f3e3d8357,discovery
ca994ed848b243b21996f735,baseline_fit
caa84593ebaa087af024ddfd,baseline_fit
cab1488bc1b46b40e9635c11,baseline_fit
cab3534c6e75c3f6f3c7f886,baseline_fit
cab63401335751585ec8d89c,baseline_fit
cacba8e82e4fa73266265cd2,baseline_fit
cace94bfd06acaa18edccc84,baseline_fit
cadc7e5e3583223d2ac48c31,baseline_fit
caddf96ab2e524e68de33416,baseline_fit
cadf531e255671ca45e88c9c,baseline_fit
cae243157d2cda639f15f476,baseline_fit
cae3e23928bd530343c580d0,baseline_fit
cae8c4a5884df13ff6797498,baseline_fit
caf143bb9c6e54127cfc26e0,baseline_fit
caf1db3066217c757a5944a1,baseline_fit
cafe4397b03dde673d1f6ca3,discovery
caffffaaed86d9617b67b199,baseline_fit
cb032e39f2c17841bd195d64,baseline_fit
cb04ae3d94cf8cd094c64305,baseline_fit
cb32f60a61f4d8f6a539292f,baseline_fit
cb3b27d6dbf415d944419cff,baseline_fit
cb3c9c9c04a61b5d3d15b43c,test
cb3cbe1842c3aac76b569dab,baseline_fit
cb4e0f9a2d94bcfc3f833e95,repair_validation
cb52cb534a46b1c57425fc65,baseline_fit
cb52df18573a1418207f9708,baseline_fit
cb546c3d5172ed2897a9bc45,baseline_fit
cb65bf4e196e31c6f549ffdd,baseline_fit
cb8419ca74caa950b874ad81,baseline_fit
cb89ab580e279a18dfda3d60,discovery
cb8febd0cbd2b76f6b69496e,repair_validation
cb99ae829f0c90645980b0c5,baseline_fit
cba3d56b56c6e15f3da7e643,baseline_fit
cba7dc76c9b314fc40a0753d,discovery
cba93d4e43c4e95e70a72521,baseline_fit
cbab5710e8a0809e4c9be661,baseline_fit
cbb48b8d2508ca364c4e7fe4,baseline_fit
cbbc69cc749812d8525d4d7a,discovery
cbbd034b3aa75af67e7b7d71,baseline_fit
cbce1ce318d0b1371e185c20,baseline_fit
cbcea30ed780c6e7c3e70bb4,baseline_fit
cbd5f0e78c9067500a16c7fc,baseline_fit
cbd77ef5b3a15c375ee3d6ce,baseline_fit
cbdd589c3d2fc51794e88daf,test
cbe7e67f617cbaaf4c204bf8,baseline_fit
cbead93cd09be7cc7de638a7,baseline_fit
cbf4208bc2e4f62e4a7fb515,baseline_fit
cbfbed99bd21ef7dc5046fc6,calibration
cc029d48c685aad4bb175beb,baseline_fit
cc091af3734cc3ec84e6d773,test
cc0b8334be4e5ea20a1300ea,baseline_fit
cc0dcce0aa03b61a2f7c84d3,baseline_fit
cc11499645940c2b27770cd7,baseline_fit
cc2a20f2962f0afb69cbea32,baseline_fit
cc339a616f2ba8aba3ae1a3c,baseline_fit
cc36a3a375ed6054cfc3fe1b,baseline_fit
cc3cb039039f85757eb9c06c,baseline_fit
cc3cdcdb7717e4589960b308,test
cc3ff5b32bb12afdd2c43b83,calibration
cc4b14d90aaa0dd4f1c8fcb0,baseline_fit
cc51c16a3f0c4ba115db9145,baseline_fit
cc5a90fa0cab55f830b3ed1a,discovery
cc5f8fade6afd84a10324f52,discovery
cc66a6f8c2c173b6d6a659e6,baseline_fit
cc68eb25d375242e4ded5c3a,baseline_fit
cc758f37fb5fc6ec6a2e6cc6,baseline_fit
cc81e8ad91457b4a47f52e3c,baseline_fit
cc8bce72a28d7f84c7fdd68d,test
cc8c46654cc55da9200047f3,baseline_fit
cc9b9ef44fe0633a899349b4,baseline_fit
ccad010a7d579dff67c3df06,baseline_fit
ccaeb5b1092ed78d6a180d56,discovery
ccb3782b786b34c6ee7c2dec,test
ccc87f417ab2580e69e3c701,baseline_fit
ccd9dd05768a346ff1b33b34,baseline_fit
ccda51a64e115621dce0a9d7,baseline_fit
cce7046c8bbdf19481370509,baseline_fit
cceeefb3ba6a2e618dc31fc6,baseline_fit
cd12ccd2f7db1feb0776b9a4,baseline_fit
cd135f356ac75d0556157a1b,discovery
cd14586dc89f9d605feb9aab,baseline_fit
cd1939e63ffe31d7a7d151e5,baseline_fit
cd1dbaccfd4075837e0c5d79,discovery
cd216b46f0eeac032ea77529,baseline_fit
cd238358d5c9bc14e3280664,baseline_fit
cd3bba6278636411571d01c9,test
cd4148384061d5f0da101b02,discovery
cd49f0cc3014b5b5f3fb8846,baseline_fit
cd587b70757b0a233e638568,baseline_fit
cd66068eb3cc21afb539fbf9,baseline_fit
cd6c6d59d3c6df742b0b788f,baseline_fit
cd7328c1d49e4c3bbcb416f1,baseline_fit
cd7329df5ebed63db87adde1,baseline_fit
cd8afa2ff3db1443dd49dff2,baseline_fit
cd9654c559d45aff2e1d7317,baseline_fit
cd9996ba25922a9ba405f970,baseline_fit
cd9b5ffa7c9b3583c16026ed,test
cd9e26ea3837f92e479bbb43,repair_validation
cda03be5670331c1f9b6fbe6,discovery
cdacd6664aeeb0c1486e2ef4,baseline_fit
cdb263f0d72d186489fdb052,baseline_fit
cdb8df6f5a4f0190856b7994,test
cdba72fa3f1148316025b91b,baseline_fit
cdbab80d491c4b5e188a6fed,repair_validation
cdc3847216040230c87e0946,baseline_fit
cdc709c53d4b9e1e7f0b89ca,discovery
cdd2466ad600c7d388e10bc6,baseline_fit
cddab6e8eadb054997a81000,baseline_fit
cddd2783c036eb3775a9eaec,baseline_fit
cde30ac6e2db8d2978e4f31e,baseline_fit
cde4618e380957ffa2dc2ea9,baseline_fit
cdeeabcb5211b117eb758688,baseline_fit
cdef7b384ce008ed9de4c302,baseline_fit
cdf52343c1a94a9caad99ae8,baseline_fit
cdf6eabf43ef63eb3433a9a2,baseline_fit
ce039f19464e378b9bb355d7,baseline_fit
ce189faf185f508153daf4da,baseline_fit
ce1bc828571018e2895e8290,baseline_fit
ce21e2a1f91b98ad85cff064,baseline_fit
ce35e940454bc34da2b50859,baseline_fit
ce41797927a20c7af690a156,baseline_fit
ce5156a09549e9e6f35af4b4,baseline_fit
ce559465eff7b0797b8bc019,test
ce5b5a5369b4379e6e0ae938,baseline_fit
ce5cfa16aed0e0ab732e0f18,baseline_fit
ce755675687a8288a2d16224,baseline_fit
ce7a21e2870aa21345d4c10c,baseline_fit
ce7b16c6affd0cbb1748892e,baseline_fit
ce8cf2b4ec877d86ff20965e,baseline_fit
ce9664616ce749e428514a5b,baseline_fit
ce9bff5aa09aef7c0e5a8515,baseline_fit
cea6e2d3f764f52689afc3e9,baseline_fit
cea8c46297147f424952e907,baseline_fit
ceab009c0940b371afe240a5,calibration
ceaf89db65b7ff0f30b28dc2,baseline_fit
ceb3463e74ae4617780a79fc,baseline_fit
cec8257c93c7053ec4353c6d,test
ceccdd9d93e926c95fb549f5,baseline_fit
cecfdf168aa99c494a23cf3f,baseline_fit
ced4d89b1e06423d4e6b7814,baseline_fit
cee65f84e219af72088b4da0,baseline_fit
cef0ed635594a964fa69f1a5,baseline_fit
cef4d172fe259fbdc369291b,baseline_fit
cef5181651c4d4c3c2f4f10c,test
cef5d1d416f77334afbbc4e3,baseline_fit
cef609a594883cbf6b2a6750,discovery
ceffba58217a222e5398e6d1,baseline_fit
cf108eacaed1f4dbdbbed46f,baseline_fit
cf12307884caf5e183446455,baseline_fit
cf144afe27d48e549c982fbb,baseline_fit
cf2d526c9938665593571444,baseline_fit
cf32acdae12756952395c354,baseline_fit
cf3bcb10a134835faf5d783d,baseline_fit
cf46d02d335fd9e2f724293e,baseline_fit
cf4711775127640db622591f,baseline_fit
cf51dbeeb658d5e27365417c,baseline_fit
cf5f33996a8e44e202fe56f2,discovery
cf65577efdb382f7f0988f98,calibration
cf6e6599128f250a07fad42c,baseline_fit
cf7575ec3e4951ed794384ef,baseline_fit
cf769322684c3e17c37f5a9b,calibration
cf791dd4fc8162b6aba428bd,baseline_fit
cf7cb338e4810ec003ccfb43,baseline_fit
cf7de3d90b22828bdc42f0c4,test
cf9d3b0db9b877ea68f9d3bc,baseline_fit
cf9e09c0c67bef849a1bbed4,baseline_fit
cfa3a4c18facfaa090613c78,baseline_fit
cfa6773357cd7e375223f98c,baseline_fit
cfbd94e2f0da7fc22b7d25d7,baseline_fit
cfc38607435a09c22198b1aa,repair_validation
cfd9f3a23086d66916a69425,baseline_fit
cfdda301926f0a99fb6d47d2,baseline_fit
cfdfc46226ec1cf443fc33c4,baseline_fit
cfe00037143c40ddedec0dd8,baseline_fit
cfe0c9c33c97ee1c6325e9c3,discovery
cfe38fc4f2be4a1137de7695,baseline_fit
cfe4e4143647419202e2110f,baseline_fit
cff8573772bde8b93d399615,baseline_fit
cff86d6fb991651a76ce864b,baseline_fit
cff8bb5b1bf3ccf57be3c022,baseline_fit
cffc4f85ed4de8d957cee0c5,test
d0030ad7a64b7187df9ddc81,baseline_fit
d0067a2812ddc885e4da67c2,discovery
d006edba4ad4352fe0f9072b,discovery
d008bd49a7b7dedaaee383df,discovery
d014d3125ab78cad112ce724,repair_validation
d015b4121d845ad047c292d5,baseline_fit
d018243128cf3413cbcd922e,baseline_fit
d01881460a468e98e02b2437,baseline_fit
d02097f4a118c67aa6071e9a,baseline_fit
d0256b4cf77562bc683263ec,baseline_fit
d02af0819190f285b39783d4,baseline_fit
d02e3e25372a3a8523c9121a,baseline_fit
d0307d09daa7e3b867ef2a95,baseline_fit
d032448325a5a967918798ea,baseline_fit
d033847439e0feecc8b04927,baseline_fit
d0468c16815927f55e602f83,baseline_fit
d04a7c9f5b360640db798c9a,baseline_fit
d04c3f14c8f04da50cb6e885,baseline_fit
d052e99804b21577cb18ff0c,baseline_fit
d0558d9569a7f8860ac35df0,test
d05f3b5b8189555b328254f8,baseline_fit
d05fe60ba5e33c39b03e1c9e,baseline_fit
d065b2827101db8810c52a23,discovery
d073c7da28115b080be775fb,test
d0781d60e1b4352ba7c43595,baseline_fit
d07f3c3c35adc809705ce026,baseline_fit
d07f5db623e2cc80c2380e1a,baseline_fit
d08cd1f43b899508bc2e4161,baseline_fit
d0997d975114057a8ebb609e,baseline_fit
d09c8e0c3c0e2dc794396b1e,baseline_fit
d0a2ffb7f9b9f4eb5e943179,baseline_fit
d0ac52824256c8a68dd80e4a,baseline_fit
d0ad22775b2ce06bb7bffec8,discovery
d0b893366d196a19c30c48b8,test
d0c56eb6fd25c9afc2c54d20,test
d0c596fbebde58643ab42767,baseline_fit
d0c739d09edd33365e0cbe45,test
d0cfc18ba7815b6ca871e6bd,calibration
d0e00ed3542f5f6d4adf1f43,test
d0e74bc41ed0c0a24bc8782a,test
d0ea30b05222694c083899e5,baseline_fit
d0ead483d8cfe24c74774866,calibration
d0ebe23773bb57215703f245,baseline_fit
d0edc60430f02f519f2ba9a0,test
d0ee2ea620e07862aff25c3e,baseline_fit
d0f1e7d67fc4c37b5f6b4085,baseline_fit
d0f27993f6907782e690d521,baseline_fit
d0f77a98534e34de7d8f4daf,calibration
d0fdfe6fcf8e556fdba840cb,test
d0fe25c0c12fe5672bb6930d,test
d100d455a1e1b7d7e2e0c82a,baseline_fit
d1088a82a09d5050201de5ad,repair_validation
d10c40c276b3e95e65be4d4b,test
d110371ba3f0c842c2f6161e,test
d117a0e7e535220ff4aae001,test
d11b99c3deace58fd47bfde8,discovery
d11c7eec0fd4cf83c02b250e,baseline_fit
d11ce19987c22e882ad75a05,baseline_fit
d128a482cf7c41c4b1dee6c3,test
d13f91e52e8de93548c9247b,calibration
d13fbe8f3c50f1052fae2787,baseline_fit
d144a797c906e7d73e9d7061,calibration
d14599a7965da2cfc55b21a7,baseline_fit
d147792e980a2e1d1b9656ec,baseline_fit
d1512d7b7f9034af740ce508,baseline_fit
d162b67f0472a26dcb253017,baseline_fit
d166a6d427480d425d6f5c78,baseline_fit
d16d6d4d3fcd253f8c72702f,baseline_fit
d16dca803885cf715aefe9e8,baseline_fit
d1777f178b1b02616681ec8a,calibration
d177f928bfe9d8c390d18fe6,repair_validation
d178d593209a70f325bf73ad,baseline_fit
d184b2c51c77c2859bdc4a5d,test
d1881761642d5e5da03c038c,repair_validation
d190711c073f72fad29d179b,baseline_fit
d192cf252c30cc3e75b37f68,baseline_fit
d194681365a3bca180ab30b6,baseline_fit
d19b6551acda98d700a03c3f,calibration
d19e4af694e5199ecff81cf4,baseline_fit
d19f7cde9b257e0ad3812800,discovery
d1a280c89bb69b2fe5ad0874,baseline_fit
d1a7ad0bb3672737ad448432,test
d1a7f46b58bcc41ada59665a,test
d1ab1ccedd57f2aab6f30617,test
d1ad755423add555cdf2106b,baseline_fit
d1c9040bea57c36dace85290,baseline_fit
d1cc8ff2ba6e20aa346fe695,test
d1d432fc6d4bc905eedc299c,baseline_fit
d1d72a6c57ef3a17c922e5dc,repair_validation
d1da88913a3746f4fe0e857e,discovery
d1deff68b32d827b16441139,baseline_fit
d1dfbd027ea8b8ae6be7b43e,baseline_fit
d1e168d61699834f8860535c,baseline_fit
d1e229b45dd1d0b085ae4615,baseline_fit
d1f73888c30e58a477d19cc2,discovery
d1faedee5add99f04f19a2e4,baseline_fit
d1fb7ff0a57e3fbc826b8c6d,discovery
d1fde38377057ce5267ccbc6,baseline_fit
d20743f8c3a09fbe8221e15b,baseline_fit
d208c0450796b235a3f8a2e7,baseline_fit
d20e32ae3560a8d797850c59,baseline_fit
d219140bb52cadbe9b73d688,baseline_fit
d21d7c92eec521e019928024,baseline_fit
d22420c267c6efaad599fb5c,baseline_fit
d227d5881a9f9b4e5f890485,baseline_fit
d229b6b0f4cce3b4d3344e08,repair_validation
d22ab1752cde93fce6578135,test
d23326661b62905372d21dbb,baseline_fit
d23a9bdd021f3d4207b2833f,test
d23f475fb3c4275cd067d375,baseline_fit
d245028be17ca33be7bdc87e,discovery
d24d2e28893da65e751222f4,baseline_fit
d253551ae9e0f50f71f28d6c,baseline_fit
d2561f1feb12d3cca9f38ed9,baseline_fit
d25aeb518cbb4542b2e78be7,baseline_fit
d267228bf06c11fe87e24e03,baseline_fit
d268112dbf64e27862d359b5,baseline_fit
d26baf601b9f1094e0c95b6b,discovery
d26f3f2be0786433cc2a9ecc,baseline_fit
d27645ef363305bc2c84fe32,baseline_fit
d288c82f08d430eb09695b51,test
d28a3a9358c70db79aa77ed8,baseline_fit
d28f912adf34e1ca1212c80d,baseline_fit
d2a187b693aecaa2ebcdc076,calibration
d2a3b207e255c1843404ea37,discovery
d2a99ce840b84a315a0e89ba,baseline_fit
d2b32b4768e56af6ac20d42d,baseline_fit
d2b5c37b3090193a55e9233c,test
d2b8fed24273a6b6044c70a4,baseline_fit
d2b905a533cb454719ee2ad4,baseline_fit
d2bed523bad831ed20b25410,baseline_fit
d2c1687225e7b3fe0f179a02,test
d2c3c586f047c8a58009f683,baseline_fit
d2c643806c741aa6fb76cbba,calibration
d2c89b238cb3f32a48aa3d69,baseline_fit
d2cdba3e4fc0028bab313741,repair_validation
d2d5b610c1c947d4c03bf83e,baseline_fit
d2d7e480a932c2b418114986,baseline_fit
d2dabb4e7f6921260b0e079c,baseline_fit
d2db944daac2ae380a32a0c7,baseline_fit
d2e00e821b9af92c8a9e54d0,baseline_fit
d2e2021dd722a5e312e2fa86,baseline_fit
d2e25ae2d051cbe9ff034c37,baseline_fit
d2ee848fd961125b6c398980,test
d2f0341ab05d0eb145472e40,test
d3014be42745813ca3f12387,discovery
d302c0170cb57fc0f3cbc10b,baseline_fit
d3107d474406acba01d27724,baseline_fit
d311612aa520ff40174aeeef,repair_validation
d334158cc720db594e4ec06f,test
d334519c9fceaf2509df300c,test
d3381fd34ba8474a6a835422,baseline_fit
d34559c00d99581e2478a4fd,baseline_fit
d34a254fe4940f35201e58e0,baseline_fit
d3568798351d6e2414b7902a,baseline_fit
d36444275f419b1e6d35b101,baseline_fit
d36aa567bcffbab9814b7c78,discovery
d37527f62ceda22ce5fea94e,baseline_fit
d3796a9cbdb6702ec4aa3588,baseline_fit
d379fdc5884eaf0787c8bc82,test
d37df081983afbf12c66cc3f,baseline_fit
d3834def39c33065529d8b6b,baseline_fit
d399bec0b3fd3bc8cb2559ab,baseline_fit
d39aa209ceeba04b853a221b,discovery
d3a16d60f81e8dd09f8c2943,baseline_fit
d3a279cfa3a50197a9a62da7,baseline_fit
d3a2ced124ac8a6aee5b32ba,baseline_fit
d3a6a1df26d1802acce04d2a,baseline_fit
d3adf89c6cc99b5aa133dae1,calibration
d3aebc61eda393cd2b88ce0e,baseline_fit
d3b1ff2b40d598d2ad097e39,baseline_fit
d3b7681ae11383e39d343280,baseline_fit
d3beab4a192cac59c772cd04,baseline_fit
d3d6af90b22b0fd292940af1,baseline_fit
d3e3e2b8460f26c2d7a8128c,baseline_fit
d3e5cb615064134a35e67d79,baseline_fit
d3f56b59b895563862703225,baseline_fit
d4000d1d49f5f48770ed8657,baseline_fit
d400c4c17d3d16bc8ef6e650,baseline_fit
d403623dec52c291c5a23b6a,calibration
d404138fd4081a351cadf03e,test
d4078893fa4ec45ae3e9fe82,baseline_fit
d408d9597fa45116c2cf19e4,baseline_fit
d41ee3ea8b08a5f996be3c40,baseline_fit
d4235fcc65fe30cd6c0225f2,baseline_fit
d423acc3778d86385dd0040c,baseline_fit
d42bb44a527a3c1da6615264,baseline_fit
d42e27ccb11dcf51c1fbca21,baseline_fit
d43e6a2ada3f55866bb99867,test
d445aa13bf2d2d8d3d6ea64d,baseline_fit
d44a22d2fb24d6f25f16e9c2,baseline_fit
d44b2935309084a1f49c5d89,test
d44bddb94cbf3a2671613855,baseline_fit
d45ba3eb144861a37d816556,baseline_fit
d4630a7edd22ddb1531d3e93,baseline_fit
d463c2ab8dc8affe1d698404,baseline_fit
d46e51dad77273dbbae08e60,baseline_fit
d471f159baeb02cce785420f,baseline_fit
d4751f926ae0ea0b398c52c7,baseline_fit
d47dfbf110f9f9cbf07958a8,test
d4865b322bc7b54a57a1bd1d,baseline_fit
d4930a509e22a2aa69e22357,baseline_fit
d493e68d062a304231431dde,baseline_fit
d4b20e79445d9d3d2e86a24d,baseline_fit
d4b24eb934f7487ef4fd333d,baseline_fit
d4bab90b02741363d85d767b,baseline_fit
d4c607568e551c08282bb3bd,baseline_fit
d4ccfd040e7e96cc375b931e,baseline_fit
d4cd9200fb5807d3c4dbef17,baseline_fit
d4cff6616841f7440aeb34df,baseline_fit
d4e007c5b68a9231cbf47554,calibration
d4ebe0b25090f7c0f35bc517,baseline_fit
d4fd8ac26bab919a71c7683e,discovery
d4fed54f29559fdac7adfd28,discovery
d5045d58511125b194afa360,calibration
d506012f96ff363b073a788c,baseline_fit
d50e22ea1d5313a318fdb777,discovery
d5115506d380467ef8113cc6,baseline_fit
d515bce61da321873cca5474,baseline_fit
d5163e1ea34cc7341c9cc180,baseline_fit
d52b50d74a40ba1d66b2608e,baseline_fit
d53366253eeb42c99427e13b,baseline_fit
d534ed08440c5a38247ece18,baseline_fit
d5391b9af5464607005c95f6,discovery
d53e98bab8dd31465806efdd,baseline_fit
d548d08de53fabb523df425c,test
d5547496954655b1f02200f2,baseline_fit
d559d41877cfccc46577fc0e,baseline_fit
d5629024d96a6856d7093be7,baseline_fit
d563e807d32f623d8d68072b,baseline_fit
d565fc155e48c9d5e49d3622,baseline_fit
d56746c8d5860b6ffe99e0af,baseline_fit
d56c2be8c9fda1ee14252e42,baseline_fit
d576c1f1ee5093c757728d6a,test
d577a158c35f13ecb7640da5,baseline_fit
d59db8ccad191c7d6f0f7484,discovery
d5a886f104f54cc43e41b499,baseline_fit
d5a9c4a91e75e3eeeed1f8c6,calibration
d5ace54c4efe59fddfd7481e,baseline_fit
d5ada8b662d4d05afb1cf6d6,repair_validation
d5b1d5a934914a0999ad77e1,baseline_fit
d5b574ca485aef8f3d5daf0c,baseline_fit
d5c310392544a177b02d766b,baseline_fit
d5c5706e86db396dcb03de35,test
d5c68f576a8d4d13e12e145b,baseline_fit
d5ccc1ed890eb809447a77b5,baseline_fit
d5d3563a33aadda0b05da4a6,baseline_fit
d5ddcf67549e5544154e17a1,baseline_fit
d5ddf0a9a6aa47002814e0b9,test
d5e411fa5a497f725a8b3d0c,baseline_fit
d5f66f3f6f2449accabc5f08,baseline_fit
d5fc69b2945ddae194570771,baseline_fit
d60149de185b4f36c2e254e7,discovery
d602f3b2bf5c614bc5c1413a,test
d6030e098085f013f800a022,baseline_fit
d605c8e988e403c2bf8fb7a0,baseline_fit
d60b065567e0be2762493c21,baseline_fit
d60cbde5dac642b44b46e3b8,baseline_fit
d61cfaa4f68de4a63caeef13,baseline_fit
d620320a7509354bcfdf3515,baseline_fit
d6243a443b947d489f566335,baseline_fit
d62ad3ac3299c7f22b34dee3,discovery
d62bbd33a85bf96653869ed5,baseline_fit
d62e7b5f20ecb4aa8b05fe54,baseline_fit
d63b3d4231c6c7f0aa8f999c,repair_validation
d63c89eca7c859bdeed3836a,test
d63f6b732f15441902ab49f7,baseline_fit
d64d443d77184953210ddbc5,baseline_fit
d64e0063b47d1f863023e569,test
d653278f5cdf940054f8d444,test
d6532de08781f23c78f63016,baseline_fit
d65578d40a3d764f95d833c6,baseline_fit
d658a27b640e2218963b27bf,baseline_fit
d65916fb3d6e30a6a088d3a9,baseline_fit
d6635347dd3bf0c48354b737,test
d667155325cf88f7a4c3e19e,calibration
d6730b9820c24d885e9fe725,test
d675e86ab9029bfa10a859a8,baseline_fit
d67637d695cf69f5b9712aee,baseline_fit
d6768217309f0625d83f7c65,discovery
d6830911cf586fd6ad159af6,baseline_fit
d6835073b176e84bdea4872c,test
d68934c77df362dc08ba8856,baseline_fit
d6987df6c6d978d87eff1da8,baseline_fit
d69c13bcb1ff3c9a1c0a35de,calibration
d6adee02e274219dfd8ddc90,discovery
d6bdc73f980c00cd1f48785f,baseline_fit
d6bf395923e9022b91c6f4d3,repair_validation
d6c02e265c8ed81ffab266c0,baseline_fit
d6d6a160dc2f3b947b0d7b37,baseline_fit
d6dea704dc53f2f55020fd2f,baseline_fit
d6e3633bc6a1d3abba347837,baseline_fit
d6e5d1aee555aae311df8be6,baseline_fit
d6e9f094805e3a0a4dc94326,discovery
d6f0831bd84885c536c2f275,test
d6f6bb11d0cad171b51b2cdd,calibration
d6f781cee1bfeedfa5f2acc0,baseline_fit
d6f84e25cb67e3989c2aaba1,test
d6fd48f6be4984d1fa77f5d7,test
d701dde3cb1920a0bebdab10,baseline_fit
d702b8b8bb60c7aa06221df6,baseline_fit
d7087d56253b9ddf090bc396,discovery
d7099cfc80fca8888fc092ec,baseline_fit
d713e730d1cfdf773d84ee98,baseline_fit
d7144c505ea489fb1f5cb729,baseline_fit
d716dfff351c24dde00d4d4d,test
d71a7f65fa57a54ae6383478,baseline_fit
d722a3f032c84add3af5d0d1,repair_validation
d727bebe96ca74ca3cd09790,baseline_fit
d72b69d60aadec877126aa98,baseline_fit
d72c8962559c4e02a21c27bd,baseline_fit
d730861dfeca1973004e35a3,baseline_fit
d7312541a23670d77bf3ee42,baseline_fit
d74480a8150fde63e0da471d,baseline_fit
d757b199c808a0aa4a57b136,repair_validation
d75a251df53b03d55e6013eb,baseline_fit
d76690fb706f8705c91e058b,test
d76945ef967a48f052e5bb3c,baseline_fit
d76b55955c1c49030839c523,baseline_fit
d77c067aa3c56eb09652003f,baseline_fit
d77f46d5b04206247b7e0f6a,baseline_fit
d782510470f4adf594b24ae4,baseline_fit
d78eeeda43d32e9a31a9b041,baseline_fit
d795a18c3970e1397dc480a0,repair_validation
d7b02b75eed8000009db38be,baseline_fit
d7b0fe131d9d21f9bf005960,baseline_fit
d7b28345e5d3d3317aac387f,baseline_fit
d7b6703c99d3bf2848bd96a0,baseline_fit
d7ba9653c3328fe19a09a0fb,baseline_fit
d7bcf7fa212b8ea497ec7c1a,baseline_fit
d7c125672b0d51c6a362e0de,baseline_fit
d7c4c3bbf378425943cf2170,baseline_fit
d7cb6e8fd39b27da82304a00,baseline_fit
d7d368fc3cfaa062dbdc4b3a,baseline_fit
d7d5ccf9e1abfa2f5103832e,baseline_fit
d7dd05c2fc1108b95543db71,repair_validation
d7e48e03e723fc842f2146fe,test
d7e630f8fd19ee8a92452384,discovery
d7e7f636cc1ccdd39dda122a,baseline_fit
d7eb30026d91ec12391f0b29,baseline_fit
d7f046c05b3775784b33026b,test
d7faaf0fb8f1b1518adc785b,baseline_fit
d805a5f11eef82c4b093c383,baseline_fit
d8070fd7601702e98edf071a,baseline_fit
d807bc53c025c8c18c8dd1ec,test
d80ccb7bcc8327c38caa8624,test
d813591d4cac898af05803c5,baseline_fit
d817d27558f5a42a26760811,baseline_fit
d824f3983e173090bb06f49d,baseline_fit
d83970f4b651fffe4ad54e66,discovery
d84a21f9b95fbbec4c7e42a0,baseline_fit
d84c0a6a50058c83e198db16,baseline_fit
d852348095c4f6c6b8506509,baseline_fit
d855b1fd47efa06660b26b76,repair_validation
d85776be76adf1ab200296b0,baseline_fit
d85830a0c03a3e22b5395fad,calibration
d85843d5a068602cd524d31e,baseline_fit
d85a7e407fa4c7acb19b632e,discovery
d86227da2f16cc17f3ef9399,baseline_fit
d874b588d372f9bf2ea2a1a1,baseline_fit
d87570fa23483aaee0129737,baseline_fit
d8772d41775ad0175bf7f1c9,baseline_fit
d8793ac327aebcfd5ab6f56d,baseline_fit
d87b9edad330ab1d21033c9f,baseline_fit
d89bcb27081c8db62723316a,test
d89ee68d2a340c3da7198c0e,discovery
d8aeb746b1678f9e5e300613,test
d8b300e52f40ef0f49cba6c5,baseline_fit
d8b405b95960e585d7b530e6,baseline_fit
d8b6c1375ec15597604acebd,baseline_fit
d8ba910994123661f5ddba60,baseline_fit
d8c6a816b26a0879a8584782,discovery
d8c9850fdc56485de43ea3d9,baseline_fit
d8cb30b70a84d48aa49af8c4,test
d8ce6532bde9332c0fcb2cff,baseline_fit
d8d8d1551d864ca6cbee86ed,baseline_fit
d8d98fc1771e1fe9c691be7b,baseline_fit
d8dcdd06079334f8546e0a91,baseline_fit
d8de55f5c7c8241af181dd06,discovery
d8e17db90127037c6b31abf2,baseline_fit
d8e2ae0d8808de876b3e7a7a,baseline_fit
d8e57883fbf289a89e063f03,baseline_fit
d8ee99c9a9b6c57cf9aae6f1,discovery
d8f13e917bd576935abf88e4,baseline_fit
d8f31bc1120d0203d83294c9,repair_validation
d8f37d046a83c21005d1a214,baseline_fit
d8f838606fecb2768aaaac69,discovery
d90f3653ea19a076525c0dd3,test
d911190df71c69907c6a22c5,baseline_fit
d91ea7e65bf160227495871b,test
d923aed67bb3a39d7c46e4f2,test
d9268cf1cbe9a6ce7ab810a5,baseline_fit
d934d6c8325a88f7425bd125,baseline_fit
d93c3c59296fa2def7bd3abe,baseline_fit
d94c3a6a49cb8906b1a361b6,baseline_fit
d94d017d7858c6d55dbb07e1,test
d9508fdf93098e145c4e29e5,discovery
d957967b33a41f11bbe29286,baseline_fit
d95b6015b177a24a5941baca,baseline_fit
d95ba1c11674303ec5c3c3ab,baseline_fit
d9608ded89696556a702d741,baseline_fit
d9616454e0754a92e61f0ebe,baseline_fit
d964ddb85ca4a59130f875a3,test
d966baafd93c781914f6bf1d,baseline_fit
d96c886622965d82de986dc0,baseline_fit
d96ff25bf505deba1d2e1238,baseline_fit
d97373d6eedfc72d57fef43c,baseline_fit
d97e257e887d0a985ee42546,baseline_fit
d983ea7e70d5097ff4be4b95,baseline_fit
d98ac4175724e221fde648e0,baseline_fit
d98d1ca898facf9b721f398d,baseline_fit
d98ff90fc6b7982f5caecd77,test
d9a7d27f0dbd652c5274cf0c,repair_validation
d9aa4cc004d568ffcafb7fb6,baseline_fit
d9b102d130b0c42c84b26f11,baseline_fit
d9b274fcf54584cffe729167,baseline_fit
d9b55db32d92bfb2ca890292,test
d9beb4ba82d9be9e4a15d746,discovery
d9c719a1fdaae330ae535126,test
d9cc39c9289b5b55e48d51e8,baseline_fit
d9ceafed873465d50ee05233,baseline_fit
d9d2861342cdc6ba422f523f,baseline_fit
d9e29e52f8878745c674a0b3,discovery
d9ec9475e0c89486756c4657,baseline_fit
d9ed5d8ed25dc89cbe6b0bb7,baseline_fit
d9ef01b5a20e8149d6ff0316,baseline_fit
d9ffde9af9e9553e03674ebf,baseline_fit
da071ccfee891d7209112e70,baseline_fit
da08054a5cb6c37336756282,baseline_fit
da1348733274387e5f51eec3,baseline_fit
da148db928fc8c89523cb23b,baseline_fit
da1cfd10dcfc7338c48a1342,baseline_fit
da1ecde4edac7a08489b2187,baseline_fit
da3425aa87d785abe985a279,baseline_fit
da34533b1596b7fda9b4f0a3,baseline_fit
da3699bda022a16ce6af9bab,baseline_fit
da383ae7bcdbdfa60440e660,test
da3d7c338cc86b9ac120705d,test
da68303b0e7b0400ec304a4f,baseline_fit
da6a55c73e64926f6307bcd9,baseline_fit
da6a7ff5d9580f14b8aebed0,baseline_fit
da6e6f67a934b4d37ce8b909,baseline_fit
da7faa427d4e37c8a4d37396,baseline_fit
da919974abbdcb36230cb31f,baseline_fit
da9658d15d61f461fc682f3d,baseline_fit
da99ca251f2f8bf4bb35399a,repair_validation
da9b8dfae17fefae47a198d7,baseline_fit
daaaf7854d0a51c0aa1f86a6,baseline_fit
dab64f1ca27958e696dd6235,test
dabd6346ffc074e9810844f2,test
dabe0b752834449121bc7cba,baseline_fit
dabec0c732646886d3f15649,baseline_fit
dac89a75edc341c11098925b,baseline_fit
dacab519c3a4725bd0d93bdf,test
dacba499ae4ca605381f08ba,baseline_fit
dad83de60852ab5c4a848a54,baseline_fit
dae42a66690ab9335994e714,baseline_fit
daeb06b11d5a363c31dd832d,repair_validation
daeeafc7f0af83479343f251,baseline_fit
daf0140a3cfb24567a4a4159,discovery
daf25361ffd7b7c9a43ad5cf,calibration
daf273088e81ae46183ef869,baseline_fit
daf33293b9f934e964dc2342,baseline_fit
dafd060bda8ccbc4500551b3,baseline_fit
daffbd9753e571382bce7da6,test
db0975c55ee85514878cdc71,baseline_fit
db100de38aff2b2a6c8263f4,baseline_fit
db121e9328e9751feae38a8c,discovery
db1a6e5ddb084a642ff4f899,test
db1c2deafa4af0bef3485fba,baseline_fit
db233262ba729a7fa1baa8ef,baseline_fit
db329e7b7fd0a0023f0613a5,calibration
db3926fed63c16a30ce33b1f,baseline_fit
db395c03b5f395c5ddf49f9b,baseline_fit
db3beb7587c1ec5e84e96a7c,baseline_fit
db4b5a91ba5c4bcbf7d21061,test
db50d04b9df2c1d41c4b1acb,baseline_fit
db52e8bcd880bccdfafd884e,baseline_fit
db532ecf5bd5cba2700fc39f,discovery
db5bd14ee7540a38557c42b6,baseline_fit
db6af6cea8e7dd5240547fb9,baseline_fit
db759795e86b25b0655fa003,baseline_fit
db76bcce621fb62ded559a98,baseline_fit
db7849250e4f448f36464a10,baseline_fit
db78e8d7b5d89f8efd97d130,baseline_fit
db7dfb92e98e60d573475d7f,baseline_fit
db7f7afad61962638a2e8443,baseline_fit
db811183b4c8497d26b2a8f8,baseline_fit
db829d5616be3b0cf9016614,baseline_fit
db941fce3394361880774a91,baseline_fit
db990521dcf64615d3aecbe6,test
db99c10ff2a1026877b140ce,baseline_fit
db9c45db097eeb38ad54a851,baseline_fit
dba0458ae953cd1a94296789,baseline_fit
dba112488082d9e4e9d69802,baseline_fit
dba14e83ac7618f7efcfa5d9,baseline_fit
dba5a5e9c2b80c3eae35ccab,test
dba8b2fd1c8321d2496dbb08,baseline_fit
dba9b28aaefb0c9eda2b0ea7,discovery
dbb0d44cde2ddfdeadda87b8,test
dbb1ad2ef44c8a26479dbb70,baseline_fit
dbb81e183a2f3a8cd9bbbdee,discovery
dbbd42c905a2390e7154f2b3,test
dbc42fe16ab43642a1fef930,baseline_fit
dbc99986f29d98795390786b,baseline_fit
dbcea3fd4d09ef3b5561bbf2,baseline_fit
dbd69dce5fc8f807d7429950,baseline_fit
dbe17be3770d2e8fdfa7dd3a,baseline_fit
dbe38ec9cc0c9db174076aef,test
dbe39032009507d32ab36127,baseline_fit
dbf034900e18c5b13c59c344,baseline_fit
dbf118cb49ef0ed9dea8333d,baseline_fit
dbfb6dd9124b208776a1bbde,baseline_fit
dbff191096e0ca8b9ff72bca,baseline_fit
dc06b8f456503f8997ea2b77,test
dc0ca7563b3899a10dee7432,calibration
dc130db34ede0a7a56efd1ee,baseline_fit
dc1a2d350a7e3d9473b83139,baseline_fit
dc1b6f1c5b17356632785dbc,discovery
dc28a569cc87edcc81276a04,baseline_fit
dc3552b69e182351de9cd05f,baseline_fit
dc3817baeed958b6fbdd07a1,baseline_fit
dc3a8895a860c930765f0f66,baseline_fit
dc3d619db55f73852c3766d2,baseline_fit
dc3e3989796a871cdf9d6749,baseline_fit
dc3f006fbcf46b3cf824a5ee,baseline_fit
dc43fbfd85e595519ea9418e,baseline_fit
dc4d95d8a2b1a0f1953a7d59,test
dc54fcf124eeae7680f0be6d,baseline_fit
dc558881cfe6cb3d64d464db,baseline_fit
dc6cd1f605dbd596f2ff1da7,discovery
dc6ec4da8809becb263ab5e8,baseline_fit
dc73b2ad1c0e365abcde415f,baseline_fit
dc7a81ebdcc11ff262aa98d5,baseline_fit
dc7a88b003afc148dd04a0cc,baseline_fit
dc825d2bae4aeb711eef90b0,baseline_fit
dc8c911b9717daedbab98333,test
dc9e1bebfe54ce5d03c4ff37,test
dca3e7694a817c0c6ac440a5,baseline_fit
dca8450a97215c5a0a25d7ed,baseline_fit
dcbe7d6a0bb7ae0467e58f17,test
dcc6c4339da3b86010019ed4,test
dcd4b122315f160cff05dc20,discovery
dce5dcf57e73c38f52d4ff89,test
dceef3ccceffe58c14bedae8,calibration
dcf349219310db41c70eab0c,baseline_fit
dcf53a3fbd8d725ef625e8af,baseline_fit
dcfe3952ad7e8d6bf2a5ad08,baseline_fit
dd0294979f232d929ae06966,baseline_fit
dd0462e05903d4edf6f35e0a,repair_validation
dd0572c5c2b4ee5fa8ab2b12,baseline_fit
dd14af898f7fdc897376733a,baseline_fit
dd2047e6db4aca96d5bb0478,baseline_fit
dd31806dad3fdf6e494f5cfe,repair_validation
dd369fdba4084f37a28770b4,test
dd430baceba6c701f1e66f73,baseline_fit
dd46d5fa1be36ab402c4cc86,test
dd617ca64d6e05d09f145187,discovery
dd6777cce2a5759f2348def4,baseline_fit
dd889886cabba0057e5392d2,baseline_fit
dd92f9800484fe225998f999,baseline_fit
dd95537dfcedcaa56742d26e,test
ddaacb172e77c6747b08e701,baseline_fit
ddae3a3dd5d042263043c382,baseline_fit
ddb6ff71aff341a8b25aff7d,baseline_fit
ddd72fee7fcc8da6139d2a7d,repair_validation
ddd7ab931ec17f6ba2fa2af5,test
dddcd65fa94171c6f18d9f03,discovery
ddf7db9848041da49e404a30,baseline_fit
ddfe8a867ec79351d6585b18,baseline_fit
de0295935ccb8f05b3e6cf67,baseline_fit
de06acc8b1d10a0b60d06e88,baseline_fit
de08119c4a1e3b7a97dfb202,test
de0895a0671acd9945f07a05,baseline_fit
de0a44df6752eaa28a2d7aab,baseline_fit
de13c06167f5a52b73533de1,baseline_fit
de2095c80335c3958b7c3cf1,baseline_fit
de290c2876bf17d8e34d9d7e,baseline_fit
de2999a985b0ba59ec251e66,baseline_fit
de2a9215b08aa3a124bb3ec4,baseline_fit
de2b40d115a23e622722cc25,baseline_fit
de2e2fd476713da73b8e64dd,baseline_fit
de37d1a3da5a7deaf2efcd9f,repair_validation
de39d2a3ff8c6892caf84685,baseline_fit
de3d55a06c735dcf10ffa16a,discovery
de4327f53bf5385ae38663d7,discovery
de4b533f98eacd65fe41f011,baseline_fit
de4cbf121d372ff5ba44eda0,baseline_fit
de51b91975737e22b1e3ed88,baseline_fit
de551cdca242219a822fad85,discovery
de5b2477be9c2a79c405ec3f,baseline_fit
de5d110e37030202a863cae0,baseline_fit
de5d973a9e3be78e08e2bdb4,baseline_fit
de5fed3bd59311de4c3989e0,baseline_fit
de664e1e335dde329963d5b4,baseline_fit
de66c8e78af5105c52cb7c89,baseline_fit
de683f8e6926742c0ff72b79,baseline_fit
de69423f4ebede8faceaabb5,test
de6c84845bfe2aaca6320b16,baseline_fit
de72c3484b38224c6060d60e,baseline_fit
de74a9eaf040a9cec88158a8,repair_validation
de75d89f5dbf79267af8cac7,baseline_fit
de7ed6dbf38bd8cd649fe7c9,baseline_fit
de86c7014519fdd0b639d319,baseline_fit
de9a696f97f7f4a306de9279,test
de9c90f228caa67bb522ea8f,baseline_fit
dead6e6a1c2c222e7b9e83e3,test
debb87f3696b878bfd4dcc69,discovery
debd556d433b83cfd628e142,baseline_fit
dedddcacc970f0f058695b4d,baseline_fit
dedf9a5ddcf4ed689d77e772,discovery
dee25be9ab493404ebdad238,baseline_fit
dee78406b7032e3881d86d5f,baseline_fit
def0c591c3e7427523527105,discovery
def94792643a36ef219dd2e1,discovery
defc61e9d90470bf1d836e63,baseline_fit
df0e44e6d19b486fc2b1219c,baseline_fit
df1ad0aab85ee49e02ec6fd1,test
df1ddb7f2d9d1a85aadeb59d,baseline_fit
df214124866167400292729a,baseline_fit
df22c57c4800b8ee4b031a07,baseline_fit
df2a1dba6fc9627ea5fae0f5,baseline_fit
df556c29fd499a157d7b6a2d,baseline_fit
df613abe5c4f5491096a3086,baseline_fit
df68789282bbbfc0ae5a78e7,baseline_fit
df71e271284c3d4cedbe6b41,baseline_fit
df71f7b30726efbbd5151d03,baseline_fit
df73cfd5b5e170841603fcd4,baseline_fit
df880d15399f380eee59fd8a,calibration
df92bd107435b651dbeb5bd6,discovery
df934a9b41e630c1f6a42a69,baseline_fit
df9bbe508d24b77299ddf3d1,discovery
df9be6694fc01a722996fc4e,baseline_fit
df9e4c1e6a78b855f72f6c90,discovery
dfa207ca824f514490c490ef,baseline_fit
dfa4989e3161c6e85ae4e2de,test
dfa89120ecd8343aefd595b1,baseline_fit
dfa8e4db3796c67ae7338c67,baseline_fit
dfaed242e4a90feaa9dbdf2c,discovery
dfb1380a9c169372163d92b4,discovery
dfb19ff8ed35d0fcc2da7d7b,baseline_fit
dfbde7a9bea1a022cfc4cd6e,discovery
dfc0c532a79d4365f3e79a09,discovery
dfd4c9640105a68445cfca13,baseline_fit
dfd540ba89548c21d6ab6999,baseline_fit
dfee7795c2fce879310e7566,baseline_fit
dffff7a2acaa077a5483a15f,test
e003bc04331d4ea3cbb7a75e,baseline_fit
e007a645da4b5da0099d0289,baseline_fit
e00e1e72e60fc90605056867,baseline_fit
e00ea84e1a93187699cdfa18,baseline_fit
e0144eb024366db4240bfdd5,baseline_fit
e016d474e49fbb891660ef60,baseline_fit
e018c4bad6b5492cf7eb2c8c,baseline_fit
e02aecb81d3e0e4102254156,baseline_fit
e02d7acc505735e7f0bde0a5,baseline_fit
e03303f4280e4497f03f0d14,baseline_fit
e0418a6cbb118bde5539bb7d,baseline_fit
e04553e3203752c41dfa92cd,baseline_fit
e04a797ea68d2f40d1863191,baseline_fit
e05367cc42b8229c9f7006ed,baseline_fit
e053e072a74e26c8aa9254e4,baseline_fit
e05515f6028a5812fd213869,baseline_fit
e058ea19daa6ea5205324b24,baseline_fit
e05c075360e6ec7c5d9c4d10,baseline_fit
e066bd60b2c51f7b021643b8,baseline_fit
e0691c6ed7eabbdd0911eda6,baseline_fit
e06de89f43747228e9cfa1e0,baseline_fit
e073a61c59b7842846afbbd9,repair_validation
e07d3251e44f4dd04f76f560,baseline_fit
e07fe3da57550884d45713d9,discovery
e0896e5a9e1a39f1c5f1ca7a,test
e092513b3280fc023ff4ca13,baseline_fit
e09d29315723cf93cbbea4a6,baseline_fit
e0a2fbef313653df8c1de0f0,baseline_fit
e0a8773001a4f99012be0805,baseline_fit
e0ae4686a2240486eb44157f,test
e0b0ea86070a4d2fbdff0102,discovery
e0b4f52763acc1e74f4c1883,baseline_fit
e0bba7c3ada5d9b8fcf7029f,discovery
e0c4c4cca190690e1f44e82d,test
e0d6258fa2653a6e6668e098,baseline_fit
e0d76be49b1baa72eb31f33a,baseline_fit
e0e2a19e92751776bedf01a3,discovery
e0e48f010ad07e17b801b4fc,baseline_fit
e0eb8f0899d1cc4d2b7635e6,baseline_fit
e0f284cb1f48e657817bacf2,discovery
e0f2f764c75bd5c395ed5ea5,baseline_fit
e114b0f3c6517b6640cc0c61,baseline_fit
e1220d0d045009ec1b81013a,baseline_fit
e12b526fcb62d31bfe7498cb,test
e12e59515276dc424bad4bd5,baseline_fit
e130612ef496632cd8793b67,test
e1310efc1ba4a1290a3e0a57,baseline_fit
e154a17fd24d0712b06b8763,baseline_fit
e15697ac22a9d8cc2768da13,baseline_fit
e162f46ef048a89da0680da7,baseline_fit
e16c629bb21c2bedb419495e,repair_validation
e171610ca24c491b3952ff8b,baseline_fit
e174fb632dd3831a4b6b3ab3,baseline_fit
e176a7b8bc2272acfdbb7e01,baseline_fit
e180c02e2bc27637f9fe010a,baseline_fit
e184a2b2f233f74f1587dd67,baseline_fit
e194c3cff2a7f41fb49864d5,baseline_fit
e197fcf7aa1496c6646f5604,baseline_fit
e19a47aad742210c91b94cee,baseline_fit
e19bc1b881dc089953da0e56,baseline_fit
e19cf8ca10a6e6e479ec60ce,baseline_fit
e19f67f87609509f3258709d,baseline_fit
e1a000f50ea2732660475abe,repair_validation
e1a1470ba38b9fcadbf049d6,test
e1a531e7dd9e6e8996971a42,baseline_fit
e1ab3ab4c10ffea845c8d960,baseline_fit
e1b37a93d0644ef5be2517e7,test
e1b9929b324535068f282943,discovery
e1be6b7708731915ae6016bf,test
e1c764c816ab0e9342c4ae54,baseline_fit
e1d79e330f8c9a41d22ddaf9,baseline_fit
e1d9db2ce9256344aaa00d6b,baseline_fit
e1dd235400ed26a09a7fc578,test
e1e2a4abe04d8a1486fafd4b,repair_validation
e1e8f1df18f83aeaa7a27174,baseline_fit
e1f0182b4c537c4ab1ffb30e,baseline_fit
e1f660d3183fcd9dd73a7214,baseline_fit
e1fb9bb15a6c29f79423e832,baseline_fit
e20534dd431c7ca30d993205,test
e2063162d1b5f135c701a8ab,baseline_fit
e2167d0d9a6725d14c8ce9d9,baseline_fit
e2185dd5a3ae53369deb4e5e,discovery
e21e2687989bd7477998a25b,baseline_fit
e21ef3376eb98f53da727997,baseline_fit
e225f2013bc2616d91b3cb18,baseline_fit
e22f0bdd640044b2fc3ca3f7,baseline_fit
e230104ca65af46c3cbdb778,baseline_fit
e2346b609e3c1fe82391ea00,baseline_fit
e23928a5ad56e440167935e6,baseline_fit
e23a3137c65d52d44b464a04,repair_validation
e23a7ec844911504ace0d175,baseline_fit
e23e4af74adaeec441812edb,baseline_fit
e24252365f3766c8a6c707f4,baseline_fit
e24bb1ac89304cf032593f05,test
e25881725cba0f57af8aae50,baseline_fit
e25b424b4c83dce62f77701a,baseline_fit
e25d20526e26fe5eea6acc00,baseline_fit
e2694ef6f80ba44f00f5f4ed,baseline_fit
e26fec94918b074540ca60dc,test
e2748ed810b6485ac5bce12e,test
e282bce2c9d0ff998e50a67f,baseline_fit
e2852dda782f0821da37006a,baseline_fit
e28a887eaf72a6a0529c7bd7,baseline_fit
e29121c72c4fe08782f5d2ea,test
e291de5ce553742314564728,baseline_fit
e2927e58e1f51984550c1c03,discovery
e296319caa40b7ffbcde75e4,baseline_fit
e29fc39f0566ed8a96914116,baseline_fit
e2a03b04748403b6bb42e56f,baseline_fit
e2a311fc509cbc909d3cee05,baseline_fit
e2a8ff40f13199dcd1363c8c,baseline_fit
e2b0eb5e388cbd83a6b40767,baseline_fit
e2b71f84132987aded043642,baseline_fit
e2b82e10a8927463d08adf79,baseline_fit
e2bad5f1601e6e55e57d8d82,baseline_fit
e2ceb1f6a71f879d6851b154,test
e2d707bf975f8400dd955c73,baseline_fit
e2d757f5c4437156a42c2bb7,baseline_fit
e2e538d56916d94fec38a504,baseline_fit
e2f1971101b9616346926b63,baseline_fit
e301f72382cfaf039b353d1a,baseline_fit
e30e39875770717c48af6614,baseline_fit
e30e7eaec075bfd4b26babcf,baseline_fit
e30f2a1107ab7d32db766616,baseline_fit
e311146fce277cc88fc606f9,calibration
e314a7ccc7a105dc429a5383,test
e31827647b382772b1ea900c,baseline_fit
e319bb7078e19689fd93dd2c,test
e31c0c818f7438419d557328,baseline_fit
e31e499f8819c01bdda01a38,baseline_fit
e32cd58cb6df47370e147604,baseline_fit
e333498bac60bca650ade13d,baseline_fit
e33f7cfa2e483601660b7027,test
e342b2ca30097b9c59c67d97,baseline_fit
e3443ffaf694c0e35998d911,discovery
e34e887a5f48e5b586473445,baseline_fit
e350c93efbe68384d455bdeb,baseline_fit
e352d3a67f44bedc629d1a05,baseline_fit
e358c85d61f4c31ff93088c4,baseline_fit
e35a4d7ddf1fce1627a71765,baseline_fit
e3614c8cddef6f9b34dc4bdf,baseline_fit
e36ab56252f87e4eff52f14f,calibration
e37b1790fe8389ecc14e9420,baseline_fit
e37fd55090a187aaed50ae8f,baseline_fit
e3894dd2eed00aa85d460143,test
e3952b3a711cb50f4659be97,baseline_fit
e39b039227cf3a6d658cbac0,test
e39d355391c5b89283ca76f5,baseline_fit
e39e7c6a1d34925f5d9f32ed,baseline_fit
e39fc14d3678aad80f22119c,baseline_fit
e3a386538c1b00bcf4b0dce2,calibration
e3a55efe09b27e8dc218cdb9,baseline_fit
e3aa7ec53789c0d1d7490d84,baseline_fit
e3ae5f13d68b5e42c861fe19,discovery
e3b3509a2bed092d21ce11b7,test
e3b35c5ae5008f07b98f4e47,baseline_fit
e3bb436f317d08106a38e777,test
e3bf4f4210d3f4d737523a98,baseline_fit
e3d59e5f2aff6317fb871689,baseline_fit
e3d5e92bf2f853d6275bb72b,baseline_fit
e3d71bacd7d448d9f76abdbc,baseline_fit
e3d7c7fbcb5ec0360c840f60,baseline_fit
e3ddaad265eebf9f97c448b0,baseline_fit
e3df801c070e92e3869f70de,baseline_fit
e3e121d21263d29644a7dbf5,test
e3f04780aae7c89ef386fd39,baseline_fit
e3f263eeefb45d5c31bac750,baseline_fit
e3f2a48c816f5361e5ddcf4e,test
e3f8877607eaf03a79182bbb,baseline_fit
e3fd9147afe1d2cce48b6760,baseline_fit
e40574d02c13264dce1a012e,test
e412065a203c3fd5969cf7da,baseline_fit
e4175c878318ebaec3c8d966,repair_validation
e41ef6c239a669824a1357f9,baseline_fit
e42b8b7afac24d30902fbf20,baseline_fit
e43d822b8e8a3ca5eb7952c3,baseline_fit
e444de1e9a039cec662bffd6,baseline_fit
e446e12e8dc26072b96eeeee,baseline_fit
e448aba481e67c1dc3f3b748,test
e44b30c4b782425e26df8a61,baseline_fit
e45015d720ea8573f486ed50,baseline_fit
e452df9b38c41476504cf3b0,discovery
e4545493b2de43d738c5b802,discovery
e45d6e1b152b1d1f28c4697c,test
e45db96b541e82ce66f5f0a6,discovery
e46d923107ffe3132bfaad81,test
e47546697c50a5730035367e,baseline_fit
e47a0f466a493f09ddd5cc9b,baseline_fit
e47bc3d0f6dce4e610122713,baseline_fit
e49145818259a9fe940534cb,baseline_fit
e49a268164d4e31d26bc5355,discovery
e49e050e2b1b742321a746f4,baseline_fit
e4a137ccc7cd7ed882cb1fb8,baseline_fit
e4a7325eb0746ef352bf7f49,test
e4adb2541df60d0155f6d7c4,baseline_fit
e4b144b820420bee9aa66015,baseline_fit
e4b7ccf8f6251d09431c818e,discovery
e4b90b487a21f403a3a25b8e,test
e4bb0d08c77268a33bb08c68,baseline_fit
e4bc73f762bef080e1f7c044,baseline_fit
e4c0306b102112be228c36ae,baseline_fit
e4c1f66855b0ba7eb8044bcd,test
e4c6842293b4c1d6c5c670a1,baseline_fit
e4c834ca11dd7948f8ebaff8,test
e4d2165f03d2df12193731f2,baseline_fit
e4d44fd54d142648cd834298,baseline_fit
e4d5ba209221c73a4969b96a,baseline_fit
e4d5c8fa3cc8850f463c39b4,baseline_fit
e4d98a4dc81c7033e86fe9d3,baseline_fit
e4db3c95673e9181d2075d2d,test
e4deeba8c669f09ba07185d5,baseline_fit
e4eaafe4f1f3fe8ba43c226c,baseline_fit
e4eacf26689c11d099ee9775,repair_validation
e4ecfc83c496f1d688a15c04,baseline_fit
e4eefe3139df2237f0f39c99,baseline_fit
e4facdccfaff3a5af1d47862,baseline_fit
e503c16e664405c782e04473,test
e508c33b2e5823d464116b3a,baseline_fit
e5101a9888ab77cddbe43352,baseline_fit
e514b6af115baf8f6f474a4b,baseline_fit
e51c4f0a1dbb52b46ba59413,discovery
e51fa918ab6e490ca262a4bb,baseline_fit
e52002c22c9fe28323fc6b3d,repair_validation
e5218f2c5749a08c945b9f20,baseline_fit
e527169bc9c8ab341cbb2a2f,baseline_fit
e53310b00d760979803960cf,test
e53802ddf8d80f2c84b52a8f,test
e53e3058e9a764b8c1a99cd6,baseline_fit
e54bfc71bb1986149a87d1c8,repair_validation
e54c2da8afb6d4674e35db74,baseline_fit
e557e0ee93e51ab614789482,baseline_fit
e5673d5e6324d5772adf6cba,test
e56c04815e932ae867f952eb,baseline_fit
e57313f9da604b3d8561d6b5,baseline_fit
e576fdbaa8e83c9a1c0e36f2,test
e585493706d7e4f6a9443a36,baseline_fit
e589091ae7ecf1c58dc2de77,baseline_fit
e59184bfcb1c5473e29aa357,baseline_fit
e592f0def17ccce22998ea8c,baseline_fit
e5983cab2f74357e471ab7b6,baseline_fit
e59d51ae705e016bb80ed912,discovery
e5b331667f50b1d28cf7cf21,baseline_fit
e5bf55954676e78cac1f00ea,baseline_fit
e5c25a297722fd9c6c3e9306,baseline_fit
e5cb26fff06b8b6b017ca57e,baseline_fit
e5cf8a38f2b2746d14c8b93e,discovery
e5dfacbbc6caa7dffe883018,baseline_fit
e5e3a96848039f0c7ea7b222,test
e5e917a8abebc5475de502d9,baseline_fit
e5f1c2372116c0f9204fd07b,test
e5f450d901567dd6ee20aae7,baseline_fit
e5f8be7fd80000b09dda1e38,baseline_fit
e5ffccc5d4e4d2f617502ab3,discovery
e60534a4df2777e9c75345cc,baseline_fit
e6075539de2583b8389e5a30,discovery
e6094cc6978ccbd343843bc1,discovery
e60b0cef4945922f5846dbe9,test
e60b906f73767b678575d894,test
e6110b5de5f942ed46e54a1e,baseline_fit
e614e38813492998eab14358,discovery
e61ae997b26b7f11645b7664,baseline_fit
e61d8cb2ee24cb67e1fe5d22,baseline_fit
e61efc6ec38ac9677c723031,baseline_fit
e61f6f77158e8bd8d3d921bb,baseline_fit
e62441c69ca2733737d22895,baseline_fit
e62733f5288e9df6746f7a81,discovery
e629a9af6ed13732da00aff1,repair_validation
e63ac8b836eab79ee967865d,baseline_fit
e65911a17648ce9b16d3066d,repair_validation
e66453a47ad77459f5dc5835,baseline_fit
e66cc769f269a7dca05829b6,baseline_fit
e67703c1019762ae59e8e3b4,baseline_fit
e67e6fdea23daef1ceb093d5,baseline_fit
e68125b051441a08f0a1fabb,baseline_fit
e6843c812267e1768cf4948a,baseline_fit
e6872a0b84031dc59888c990,baseline_fit
e692d95289823debe8f7ea5e,baseline_fit
e6996d3a6ab3a58224f647d7,baseline_fit
e69f52f0233da184de7736cf,baseline_fit
e6a31657c98801ee33e75036,baseline_fit
e6b57b844a963f832fc49df6,discovery
e6b94e88ab5aca397c894064,baseline_fit
e6bc0bfced0d202280a0d400,discovery
e6bdec21de7b067645feb453,baseline_fit
e6c927e9c9dcfec7c753e255,baseline_fit
e6cff407d192496095a838a8,baseline_fit
e6d0deed24cfe7789f55ab21,repair_validation
e6d192d64d468e22a3b9585c,test
e6d46545f72e28e8319c9584,baseline_fit
e6d74619c374ef0d52f73396,discovery
e6f0e30652c143b778e5ca20,baseline_fit
e6f5e9c7b8e6ea29ee8572cf,discovery
e6ff3d6d6a6d84f65ba0a266,test
e703c82691b98805b18cecda,baseline_fit
e706cff536da7093feae87dc,test
e70de242eae4b6d14e2af588,baseline_fit
e7108a96ef026b228de9e9ce,baseline_fit
e7142e171d107169d3e16739,baseline_fit
e716ad0fdaab63be1bc61f9f,baseline_fit
e71842155a57b38f64be403b,baseline_fit
e71fea9e6c9f724e45ffca20,discovery
e720c864c525902573309e12,baseline_fit
e723452c33e25fbe46d30460,baseline_fit
e72482f539cf6d3d1b58d5d6,baseline_fit
e728eb1c71c7fae3c628d90b,baseline_fit
e750dfda729f97ff96b74140,baseline_fit
e755904c735d7516c405ab0b,baseline_fit
e766a347e330c382e8a80c63,baseline_fit
e772150885d46d48d284493a,test
e77726cae5a6e24bfc6d3990,baseline_fit
e779644ffbcc9cc8f9dceadd,baseline_fit
e77e81718f7b610de94cdf25,baseline_fit
e77f05825a3c2fa92ebc303d,baseline_fit
e7851f0b0cb172a554f2fd32,baseline_fit
e786386e590a2da0b9fe2a84,test
e78a237072d83dabf5b576e2,baseline_fit
e796d1841ca2a041f1713a79,baseline_fit
e7a4bd4eb04b6ed0c64d59be,baseline_fit
e7ac41783b8ec849a932d560,baseline_fit
e7ad0d329bc9e73b5a767991,baseline_fit
e7aee158726be6d89fc2c38e,repair_validation
e7afb6954999cbde67c03609,baseline_fit
e7bacd5b59cc3bd0c0326383,calibration
e7bebcb498c928acfb8c1370,baseline_fit
e7c76ed91010de3b9920e380,calibration
e7dd192d930cc4c063442d4e,discovery
e7f0a7633138dae4cf4f25a8,baseline_fit
e7fe7377df8667cccb4f9798,baseline_fit
e8051dc19c521d7ff8568f62,baseline_fit
e80aea5ef2ee5c95abe71f85,test
e81049d63718c4635d2fbaa1,baseline_fit
e81356f4a95d548f4b041d2b,baseline_fit
e8160ea6004c54b970ecfc8e,baseline_fit
e819ad6a5a6a13006327ab02,baseline_fit
e81a5a3ac5c9609e916191b8,discovery
e81fca36e0006aef6d8dd44b,baseline_fit
e8204893e93c68b1da7df83e,baseline_fit
e820f213bd7fa46ad8244f24,baseline_fit
e8228d1901cfc2ba31d0a74a,baseline_fit
e82d5777755ca21621a8e66a,test
e8403c1ad5ea9cfce84ef931,baseline_fit
e841de2a2380c6473c11f184,baseline_fit
e842f34afd777836be60cd30,baseline_fit
e84644c8e998c5e449a7ca08,baseline_fit
e84dccf25b08f880573fe8b4,baseline_fit
e84fdb29af5032d4243a1901,baseline_fit
e85798690f3264b3d277b3bb,baseline_fit
e85904da4ad129c266564446,baseline_fit
e861b242061cf93233990c4e,repair_validation
e8630c7ba5552f5bb98df1c4,baseline_fit
e86d32a3e917f6223dfb5102,baseline_fit
e86f4d96355b453f2b293908,discovery
e879fc6eeafc955b07673dd8,baseline_fit
e882fb00c34a52d1d53e654c,baseline_fit
e886a34f87564b47f488bbc8,baseline_fit
e88e9d58c544e1a653670381,test
e895a7b23bb14e2a4ccb3084,baseline_fit
e895e0c5cdecc99511ab72d5,test
e8a1d6e91ef91285ed992042,baseline_fit
e8a3e879eacc853f24a37460,baseline_fit
e8a5584209e631718c18e1e5,baseline_fit
e8a9b5ef64dbbb50b796b7c5,baseline_fit
e8aaa0523d1b497fd99c93b3,discovery
e8b98359dacbf1758a7b3cb9,baseline_fit
e8bb49aede0f6bd7627dea56,baseline_fit
e8c000062581547de791eb4f,baseline_fit
e8c3f4a9c7b7f1a5ee91e846,baseline_fit
e8c83f7eb2eb51b82e3c917f,baseline_fit
e8cff2aa40803be536312f9d,discovery
e8de2f23b5241ac1e2fe50e6,baseline_fit
e8e0cab78ac8e9fe12e82101,baseline_fit
e8e12b46710c9b51f66ea85d,baseline_fit
e8eceac56fa20b1b2406afb8,test
e8f159691f33fc5fc7729e84,test
e8f8dee15e6e782322883d0f,baseline_fit
e9039b4db969181f015c3b8a,baseline_fit
e908d0fdc08f2c8138254c7a,repair_validation
e90e434c451d49116983242d,baseline_fit
e91801bdf3879ecc0ea4c373,baseline_fit
e91d6d41e0d775513dcfcc26,discovery
e9229aa82d446e3b09d82bc0,test
e92d6ca9ad969072fa938091,baseline_fit
e93c335f04d90586c104ce6c,test
e93ec562b8e5d63d16f0a77f,baseline_fit
e94db7f6c7f8f70ab20f447a,test
e95c903b8af5858b05813e62,baseline_fit
e9735e1ee3cc6c9d3bde3270,baseline_fit
e98642a2bc3ac4cfedda81f0,baseline_fit
e987060d6b6f41121c8a3e05,baseline_fit
e987d238a97044a282a435dc,baseline_fit
e990ed2c4fe3e70c8843af4a,test
e99cc80d054dcd0700b31e18,baseline_fit
e99ed044dbc6d802d826afbb,baseline_fit
e9b1803b2449dcd2c418172b,baseline_fit
e9b450ecfd89da438d5b5db3,baseline_fit
e9ba45f9aeda093ce6146c2a,baseline_fit
e9bb78939babd3ffef2603c6,baseline_fit
e9d62f19cb4b1a306522f290,baseline_fit
e9da8b302caf3a209e968017,baseline_fit
e9ea5417195b1b35fc023c16,test
e9ec70d6dd1c7e115b26c875,baseline_fit
ea01ca4d6b23376401ac2ba7,baseline_fit
ea05637ac20b5c5226379d5e,baseline_fit
ea0efc9f075d1e5c998d2f44,baseline_fit
ea135c7cb9e50f4b4fa62e4a,baseline_fit
ea16a40f02b118fe0d601c25,test
ea19adf5b5acdd8244bd1c96,baseline_fit
ea1d23b7ced010ec206652fa,baseline_fit
ea29a64f6777b19848df18bc,baseline_fit
ea35e9af60725e35a81b84ce,baseline_fit
ea3a61d3f70142edecc971fb,baseline_fit
ea3f5ec510b656f83af6d8ae,test
ea4b2c6d4d0d5e332bdbba4e,baseline_fit
ea56b71f958173ef4b15ce14,baseline_fit
ea57dab0ae5df52cdfadcdb9,baseline_fit
ea64bd8194b0205ab38e50c1,baseline_fit
ea6c9d80f2d164ccab73c786,baseline_fit
ea6e2923e2e5f0ee92d1deca,baseline_fit
ea6fc032c274888cdb437f7e,baseline_fit
ea727f2c274217f091723cc8,baseline_fit
ea72ac58ecf65f887edd09e1,baseline_fit
ea82ae7851d4efb474a63cc4,baseline_fit
ea936fc8a1b6cbea1f3f9a56,test
ea994d1398792591fb75427f,baseline_fit
ea9d849fe69ef19be6e914e8,baseline_fit
ea9e20d5a67cec27052dc6db,baseline_fit
ea9e4e360bd12aa2e55281b8,baseline_fit
eaa557d93e9d08c5d26f3a67,baseline_fit
eab2836403f8875d2097a7bd,baseline_fit
eab3b231461326dbccb64cc7,baseline_fit
eab9b1e8ca6a033baa3b4447,baseline_fit
eabe79b4f56ca44db8623940,discovery
eac6ba775da26347f01bffab,baseline_fit
eac6ead178a06b061376f682,baseline_fit
eacad2af24965dd8571d782a,baseline_fit
ead3974b65cd4a2b5057b1a5,baseline_fit
eadae1315bce0f9c809fc744,baseline_fit
eadbd55c74e243bef2247745,test
eadcdeec428ba72306cf9ef9,baseline_fit
eae1c3c7d0cc7ef794436fd9,baseline_fit
eae1f3a1ef1d0f7266b363a5,test
eae9495c5be6019fb28ccbd1,discovery
eae9717782592614c7f0e273,baseline_fit
eaf448db568eed29ad605c06,baseline_fit
eaf88d449ff67648a8fd5ca0,test
eb097f869e93ba8d9878e69b,baseline_fit
eb0b883adc537e8ca7fed4a9,baseline_fit
eb0d48558e756e79f7a2cc82,baseline_fit
eb0d66008cca911d6286b4e4,baseline_fit
eb0e93baaf9597e3756071d3,baseline_fit
eb1205b6bfed7b8f7265f87c,baseline_fit
eb1cca0925827cdef747dd70,baseline_fit
eb2d46670a1aabda1004edbc,baseline_fit
eb2f1e2ebb872e37d2678c98,baseline_fit
eb31a4feb4b87e7f6654b3e5,baseline_fit
eb34baa99e96c191defa6cd9,baseline_fit
eb38caf5a0ec3f5c6864ba8c,baseline_fit
eb3b5ab68f2c395521b452bf,test
eb3bdfe6e3bd13d68d1f69aa,baseline_fit
eb4111d515742343cef71619,discovery
eb4d645834639128ea735f0e,baseline_fit
eb4e252e51694e020f9cff81,baseline_fit
eb51aa0e64952a4d38445288,test
eb54808d30c5c7fd2e8124ce,baseline_fit
eb61576d0f63d2e882179b31,baseline_fit
eb6f1d33a91a44bc62c37a4d,baseline_fit
eb7c01e3d4c414d1d43887c8,baseline_fit
eb7c63d4aa0d6318bee8a179,baseline_fit
eb91388be0c8516f06fa54c6,baseline_fit
eb94ac548600c1867cd59bc3,baseline_fit
eb9f3c3a1ab4c4bd8f483439,baseline_fit
eba529ff81d7f0681f0880c3,baseline_fit
eba8257bb613007313cd6a40,test
ebad7c314a1f9b3a70b45efc,baseline_fit
ebae0a695865e7b600ea2a8b,baseline_fit
ebc0abd7a44a380f29104b10,baseline_fit
ebca6cbaf0d5a7a4430c65e0,baseline_fit
ebd27323585bf6d3a6a7c969,repair_validation
ebd305fea890d0d1266898ff,baseline_fit
ebd9f0e8a6e857ad76943805,baseline_fit
ebda542679ee492e21e800b0,test
ebdfe05f2fe7df1d68cae3a5,baseline_fit
ebe0d8f10be0b51d895b9f7e,test
ebe3677cd44dc4fa44eb21ba,baseline_fit
ebea4a1504e38109c75bdb4a,baseline_fit
ebf1f0932b475ac2e7805444,baseline_fit
ebf5f3eaf6f686997470710f,baseline_fit
ebf65c429f8b21ddc64729bb,baseline_fit
ebfb92a1b3edb1c5667617a5,baseline_fit
ec0ad9c00914d581b06a3eea,baseline_fit
ec0f4b0cf025e0a4570dc525,test
ec1e88bc518d2f5772ae00f6,baseline_fit
ec45deda6605e058e452871c,baseline_fit
ec4a7e24a189b4d680d57fdc,baseline_fit
ec51712162babf07209a2fc9,test
ec5435e8a530c27218451a85,baseline_fit
ec56c58b67d511588456129e,baseline_fit
ec5c9e08c4600870cc3ae2d7,calibration
ec5e47404a289724e7a8993b,baseline_fit
ec6c1e5db52e50188a296abd,baseline_fit
ec6d5a4b37043510bec10f28,baseline_fit
ec783c88d31a943e18f7aa05,baseline_fit
ec835735d2b44a1b4079c1ca,baseline_fit
ec924ccd56f00fbd21972efb,baseline_fit
ec93298e134b9c39f4d0f753,baseline_fit
ec972a0294a7acb164a272d9,baseline_fit
ec9b80f3919e49f9b7b6013f,test
ec9beabdcf08d9d0b8721556,discovery
eca30caaa2c7937ab24177f1,test
ecaa8c2a788260e772981d6b,baseline_fit
ecca9d47ac51c3aa90186481,test
ecd4a31b99c2ef082bec1a89,baseline_fit
ecd6072be2ebe22ab75af026,baseline_fit
ecd6fbbe065a98194047456f,baseline_fit
ecda3f756b73a8030d7403ca,baseline_fit
ece14b14ae2ef85c28b7b964,baseline_fit
ece173d424f2fd9909e9bef0,baseline_fit
ece6e9406d5f4ad8b2d5a442,test
ece94e66f3c566bdecfdd1f6,baseline_fit
ecea403892b7c3dae1b253ea,baseline_fit
ecef1ef264075223aeaaf287,discovery
ecf6df286db86c82d38a589c,baseline_fit
ecf91891879feece588d6045,baseline_fit
ecfca4010fb64159c3f6240e,baseline_fit
ecffff16e60c52c979e216e5,baseline_fit
ed10c4fafb79d654c3894de7,baseline_fit
ed1101f11f892b7169d1cd30,repair_validation
ed1103c9fdd69d0c2c9e271d,baseline_fit
ed13af43d52c19b6a3bc9218,baseline_fit
ed1c72b4e7428639e083526c,repair_validation
ed3c706ed10e438ab9b33881,baseline_fit
ed3d0dfe1b71a4ebedaae029,baseline_fit
ed42c86c49a5891c0edc5f1d,baseline_fit
ed4f4a342b6153b2237663aa,baseline_fit
ed54a5c6cd86dabf198632ba,baseline_fit
ed56711dac7c912a31874afb,discovery
ed5840b31f4796ef232e9001,baseline_fit
ed6467bf64c276f068e3a7fd,test
ed68f02aacd7e03249d173dc,baseline_fit
ed6c2e0d34932a467d1a51f2,baseline_fit
ed72c2a7d2975e07eb867089,baseline_fit
ed789fab4106b101d7024234,test
ed7ca268f76ca016967daa06,baseline_fit
ed8004c28af8b6e7537086f7,test
ed80caefccbe394a8f790ff9,baseline_fit
ed81e94d555463cff2f94cc1,baseline_fit
ed8216b0143b3585a3b3fcb6,repair_validation
ed8d4a6ca8cf68d758b42c29,test
ed8f9102f5f7512ee17ce8da,baseline_fit
ed995780ab09de3c77afdd17,calibration
ed9c201278581790924da429,baseline_fit
edaed1f71aa6b7634cd4b987,calibration
edb0aa428545730889763794,calibration
edb7bcf1b3f8ba55882a9c37,discovery
edb9c7bd7b00738cce84b3df,baseline_fit
edbe523f694113fb0d464318,baseline_fit
edbebdef8ea2696479c5d0f7,baseline_fit
edc06b76426e839799d97a02,baseline_fit
edc21af7dd16d70c217d7bec,baseline_fit
edc52e4b3edddf985c3fb64b,baseline_fit
edc60c03ef51740a12a39a81,baseline_fit
edc6ced4e826a1a8f28d632a,baseline_fit
ede163517d8bee079a56ae7e,baseline_fit
ede344cec41f4c38d4e65280,baseline_fit
ede8fc20c11fe6d78d7abb7b,test
edec93d0a7ac43106c8e4872,baseline_fit
edf960c2eb66e792dd0381c8,baseline_fit
edfb9a0a00958e86b3d89921,test
edfe49f302e154a8bdc77f7d,baseline_fit
ee0a118c63e92def29649eb0,baseline_fit
ee0abfbeac3daa04c72f4877,baseline_fit
ee0eed86a2b26dbdd74dbaea,baseline_fit
ee114a30677a0132b1ecd15b,baseline_fit
ee1f5e90cd9ca91f4fc61504,discovery
ee2820cf03db6ff54ab29073,baseline_fit
ee2db8a53fa4f4d855adc50e,baseline_fit
ee2e8234ec87c94a254bc0e4,discovery
ee2eb71fb49ed10408b26bb8,test
ee32bcbc1be3590dcebb76be,baseline_fit
ee335542099e2d9f539c7e0a,calibration
ee435c82ce4f100a359be74f,baseline_fit
ee62875dae985d8fb96ef350,baseline_fit
ee805a5fa063d90ed7234948,baseline_fit
ee813a344d1614d01303f802,baseline_fit
ee8204aecb500f818a7b3737,baseline_fit
ee863d9e38bf8e747c0ef25e,calibration
ee93ee50f8d0d477019901c6,baseline_fit
eea889c559420679b4d2f65a,baseline_fit
eeab05dd6465bb1a0d002791,baseline_fit
eeacc3260d8cd609b5c0bbe5,baseline_fit
eead14e9051d71b6e92cace0,baseline_fit
eeaf3b89f8fcdcd367b3e64d,test
eeb540336b93ca84a53aa805,baseline_fit
eeb995f7af9b9d4fbf1c1b59,discovery
eeba381ab3ea9bbbdb3fa7be,test
eebf033caf4aa2796087af84,baseline_fit
eec1b1331daca4c408a91fe9,baseline_fit
eec3ae6e8d075545ea8c0094,baseline_fit
eeca60aabb4d966b17ecadbc,baseline_fit
eed56e0ed462cd9bd7ea45ee,baseline_fit
eed9d78ae7c2ad167bda9621,discovery
eee41b665bff60bedee225c9,baseline_fit
eee633456f7b28a8f399cc87,baseline_fit
eee87a8de4fbe7961b4c82f4,baseline_fit
eeeebfca30d8c07ae4dce83d,baseline_fit
eeef28ed807c29706e8530f0,baseline_fit
eef9f4a117c6fcc8b60c340d,baseline_fit
eefaaddb507fcd676c9fa69c,baseline_fit
eefab544979bf827b0ab1a84,baseline_fit
eefd1d683e1340786d90f140,baseline_fit
eefe2c116a9e3b0bd4f46b59,repair_validation
ef0377ba1faeb2c9d1de90c2,calibration
ef0cff17a4ee31da3062eb5a,calibration
ef0f757e2eaf42d2bc882906,baseline_fit
ef1170020c9473616ef58494,baseline_fit
ef14298574cb262ad7d4aead,discovery
ef15a40bef163b47f87568ad,baseline_fit
ef1e94401eb22d367cc534b9,baseline_fit
ef2a1a444190a4ac9dc2c857,baseline_fit
ef32d235955b8aa0a1d0f482,test
ef3c1b13fb3d2dc891def6be,baseline_fit
ef3cc466fa5bb4954a05e36f,baseline_fit
ef3e672edf784ecc2d7d9281,test
ef417f55ffa14ea06507789d,test
ef4701ce1da848341714b9be,discovery
ef489b19bbecd85daa4a1cb6,calibration
ef4d27cae67fd7f51a554bd9,test
ef62e031037841ad0a18e9b2,test
ef66519fb2a2fb8bb4816a52,baseline_fit
ef6f1d447b694323d3f3fe2f,baseline_fit
ef7b1027ae3084fe2b546aa1,baseline_fit
ef7cb7999f00273347bb4f84,test
ef84b91e4875587a17e20ca9,test
ef8db6015b1bdb0828ddda51,baseline_fit
ef936ec92f0d13c8c7284265,discovery
ef9a2d8e30d5f7d8af2fd50a,discovery
efa103be734e9e04b5d8042d,calibration
efa49f1fc1b31589fa44f9bb,baseline_fit
efa5629ff853ca988c8960d0,discovery
efabe04e0e4b0185dc47d4c5,baseline_fit
efaeb7e100491fc04ceb1889,test
efb1d72f945ec0fe1bc3644a,test
efcd9b832db138c3192ad307,baseline_fit
efd869702cd240902043d2fc,baseline_fit
efe354016fae164fb250a3c9,baseline_fit
efeab5a17e3b599f22ade46b,baseline_fit
efee18283c555e8477f8ca72,test
eff10d7b512df22a555c86fe,repair_validation
effbe990bc3cf745ee62458d,baseline_fit
f0041c6d9550866fd0569cea,baseline_fit
f0044e1aa19891a19b323ba1,discovery
f00d82e7da54dc82d22c7a48,repair_validation
f00e1fa739edc520031bbc11,baseline_fit
f01563426768b982c104f46a,test
f01d2cc42bbfc979928f060d,baseline_fit
f02069615f4e43e79cf5ce21,baseline_fit
f020ac8ff9dd2124a67b2377,baseline_fit
f0257f975215988765128ae3,baseline_fit
f027aa2acedfb6c89b7ce2a0,baseline_fit
f03371782e0bb6a9b703d32a,test
f03b4859b9abb6ccfedf7e75,baseline_fit
f058d3d3ae50d0b0f3a88c6f,baseline_fit
f05e0245d2e12770669a95c4,test
f061b3a5aee5cdc4f2273f10,baseline_fit
f063ec75aadd71c9a005a5ad,baseline_fit
f06e14c3c931952491d91397,baseline_fit
f06f66450998f76ae0cfc33f,test
f07d06c4bb3db8da094afbce,baseline_fit
f07d70d5a1bafd733b77d8e5,discovery
f07f1bf8f67272ae45e5b0f9,baseline_fit
f092fd450fa8cd555f090439,baseline_fit
f096b529382ba43be1cd1fbc,baseline_fit
f097ad26f6c404242b216120,baseline_fit
f0989c1e3db80951db44739f,test
f09fa21dfbf1a95970ab7d29,baseline_fit
f0a46abdd907b091b171a367,baseline_fit
f0a477a5d9b6595f49b54628,baseline_fit
f0a52da483ca5fd818016da5,test
f0b2dab455762b614e6269fa,test
f0bcce3cd3faa7b873ff4e78,baseline_fit
f0c672f6d828d6156a8a4d4a,baseline_fit
f0d7c88f79733f58e0f5606a,baseline_fit
f0d7eae5220bc56fa38c13e5,repair_validation
f0e9aeb5b1f5734a37ce5217,repair_validation
f0ed95f0ac766ec6bc023f4f,test
f0f05b41ba140184a3d9358d,baseline_fit
f0f7edef47bdf6a8b19106c2,baseline_fit
f0f8a48742bd4f3b306da92d,test
f0f999cfbc88c2620397f833,baseline_fit
f0fa56ad06aee2014845c0a4,baseline_fit
f10121f76c14dfa1eb7ccf19,baseline_fit
f104c15b3f11f05add95bed6,baseline_fit
f1075659ecca13f4d4ce75c6,test
f109386503857d70b24ddd7e,baseline_fit
f10b6937244add27a38d7594,test
f10cd17e8be572bae8636c19,baseline_fit
f11430c5ed6fd5b51ee5c063,baseline_fit
f11530fdaa2de88362b89e24,baseline_fit
f11be2a48176d1efa0e42d9d,test
f11c7e21f58131141b118952,test
f11efe75f33c3eb4d6114972,baseline_fit
f1274db87c67ff20052f3afc,baseline_fit
f12a9e178ab844f9fe8f0250,test
f12e23272eef3d0427a84352,test
f14ed7e8849c0a24cb621bce,test
f14fd1c3ae21c78709a89168,baseline_fit
f1621682c06c6db6694ac262,baseline_fit
f16ee8fbbe05c58fdfa1d909,baseline_fit
f171f3016b672cb7d254a5be,baseline_fit
f17802aefdd0e9ac1ac5d558,baseline_fit
f19324a21dc2bae8fca3003a,test
f1934ccb7ef0cf6e0134c7fb,baseline_fit
f19d4d7fb44eb430390b2975,test
f1a5bc9cee131298fe93b487,baseline_fit
f1c47d56c7fdf33a1a0ce2bf,test
f1d845c4c7d9e86e21434541,baseline_fit
f1e08694821e243494ac9d57,baseline_fit
f1e7159ef91215d9eb0f4c79,test
f1f6a92e315900fef66de0fa,baseline_fit
f1ffb31268d4516bf73bb9b1,test
f20653a0f05b64bc8242b028,test
f20d5f482c826e6204a69e95,test
f21a3acbff65c3251e696ffa,baseline_fit
f225261b084ab3f3e27fb58b,discovery
f2270587d3b4077a049ed585,baseline_fit
f228b814809895c9b2e288e4,baseline_fit
f22c61d1699c22ac07e0fd79,baseline_fit
f231142e609701ced8a80d51,baseline_fit
f23d5ac96f45e952ac850598,baseline_fit
f23ea92092beafc78ad57588,repair_validation
f247d86c179768c133c216e3,baseline_fit
f24ddfe8c40ca4a6ecfdb8b2,baseline_fit
f259099b9ede50f6e5e23772,baseline_fit
f261ad20bffbb176e34b09b8,baseline_fit
f268e9346c2206747396b29b,baseline_fit
f26e45d457c82d86c14b582a,baseline_fit
f26ec32bc11f18cf946c8be0,discovery
f2777091f63361aa921713d9,baseline_fit
f27ddf10302960385e6aa5c4,baseline_fit
f285ceaeeddf3623f2f747fe,baseline_fit
f28b251871be4260965cc72a,baseline_fit
f28b6c2455d87beb27263406,baseline_fit
f29157407427bba38e465606,baseline_fit
f29c2b9e1b210f17098b5666,repair_validation
f29cc94689780a0248b4189b,baseline_fit
f29f063bf1911c2d561c1a77,discovery
f2a102b850a22cd7a6542fdb,baseline_fit
f2a13f795044ad664acb8fdd,discovery
f2a58f4d05d89459b68b5aea,baseline_fit
f2abb174f167eddb51d71c04,baseline_fit
f2ae153231bb5ab5b8816be3,discovery
f2b14a6479a24bd646743a61,calibration
f2bcab325f4fbd99974d708f,baseline_fit
f2bd065bfd1dfed0405d84df,baseline_fit
f2c61ca76dbe1db169a5a334,baseline_fit
f2caae57e38149f9ced3690b,baseline_fit
f2d20b314586726e70a5c982,discovery
f2ddbc76770a2d4ce4bec22d,test
f2e3439620875d1779838a38,baseline_fit
f2e5864ccba99b24feb1e90d,baseline_fit
f2efcc59ef8cd9e802961fbb,baseline_fit
f2f4a7ac938f658bfd846ce5,baseline_fit
f2f5d8b4a36e267856384c71,discovery
f2fd01ae85f72e3757235908,baseline_fit
f3043d0546793b02e44faf0a,repair_validation
f30b54bddec02697a9804eb6,baseline_fit
f314f0c60e58d8046d7dfc39,baseline_fit
f317e911e324992a494021d8,baseline_fit
f31ae4625be8eed0a181f9d6,test
f32104d9dd8ed1689d0148f9,test
f337d760b49f5961b34f8a89,baseline_fit
f34f7a4b2e2b903e719ba5bb,discovery
f34fc5ce19b75c1b4f76e91b,baseline_fit
f350f7b8ccb64d08bab711e7,discovery
f352feafa819ceb062c87553,test
f3651fdd73b54aea9d67f0e7,baseline_fit
f36e6da6bbcb6b0e0e8c350c,test
f36fc92c2a0dc4c36a0197d7,test
f374a1f45ebab97ebd12071c,discovery
f3832c97f8c339d9e3ee57db,baseline_fit
f386d35d6818940d60d0008d,baseline_fit
f3883f99ede88cc8c15ad1c0,test
f395d404561abd3bcc4e22b8,baseline_fit
f39d094729ea17e552a116b6,repair_validation
f3a4c2fd6b95a52eb2e475b2,baseline_fit
f3a6ce440645490c99a6b49d,test
f3b5fb197d859ad6d4e3e1d0,baseline_fit
f3b63ed7b89bf6533af18982,baseline_fit
f3bddade5ef972c58ae21450,baseline_fit
f3beb7d823fb12df1e9ba619,test
f3c8d7dfb17e783d824563b3,baseline_fit
f3d6943654cf1ab5dfb01b4b,test
f3db992ad51d243e93795ee0,baseline_fit
f3e0b39c89015c5df4122262,baseline_fit
f3e2d3a00c0385ae517a2f9a,baseline_fit
f3ebd7a9ad1d1ce09db28da3,discovery
f3f31d354390b4a262adfd70,baseline_fit
f406bdcf9637d961f4808eb7,baseline_fit
f40d3f3a2c0de9264edd3395,baseline_fit
f40d9334f87da051a05114d5,baseline_fit
f410a57f13bd229ce61aaf11,baseline_fit
f411ac0ba70c2c23455a77bd,baseline_fit
f41d10168fd6caf30e89b40d,repair_validation
f42a10d6dd8470dfd212fb9d,test
f42fef7afe551612ce6effce,baseline_fit
f4311f14c490b1bdb8c6bbbe,baseline_fit
f4348883ab91f1f68911322d,baseline_fit
f4379f09b06e695266ed12cb,baseline_fit
f438dc273c6b5f521cfc8f69,test
f4421c7c4615d08a901d16ee,baseline_fit
f447783037f1b9a6d9b0a82f,baseline_fit
f4535e86bfbd253f03a8364e,discovery
f457687c582e70b89029eb31,baseline_fit
f458fdb311d1d7916de923c2,test
f460de8420240cd5167f3058,baseline_fit
f468cc11f58e8d0a2496b1b1,discovery
f46e14fa0b0a12d8fffa8308,baseline_fit
f470a383651a18f84ace9d09,test
f47aa0cb61ab671a26dfafea,baseline_fit
f47c9f3de7bfb025319c2061,baseline_fit
f483a01df8a74ff39e6ba0c5,baseline_fit
f48a31a2190b53a43e425d74,repair_validation
f491ce7c2ad2c0f0e8a0ec86,baseline_fit
f4931f182bf8a1fef7b78b32,baseline_fit
f497692f0cfd635b4f6527b1,test
f49b35f76b71e458e3fc9a7f,baseline_fit
f4a6ee5e7ad86dfe46240919,baseline_fit
f4ac29b13c1d201150417f74,baseline_fit
f4b1eb08b18f41700a9be318,baseline_fit
f4b2b5c3a5f2a97b045d2bcc,test
f4b3187538bfd2a36cfdbe64,baseline_fit
f4b53c4679d85c42dfb9642b,baseline_fit
f4bfcc05e96d24027e224fd4,discovery
f4c50a81515a3c5c41c96f86,test
f4cc27d471b7b5a25aef0575,test
f4ccbfdcfabd906e7067853f,baseline_fit
f4cd1daeac0019fb5079e10b,baseline_fit
f4d0f3d94e84d46f5d1cace6,baseline_fit
f4d1eebdb7928b76a5b799db,test
f4d5ae6d50e1883da7565017,test
f4e47262f5f0f004216e20dd,baseline_fit
f4e4c6d4ab22176a4f27e0f8,baseline_fit
f4f0ae3ae45395c5f1c06ce9,test
f4fbeaffae8647dd3c75ca08,baseline_fit
f4fbfe2ee17847d29a7f2dbd,baseline_fit
f504341a6298318282651d9c,discovery
f50cba0859c2cd0ea276782e,baseline_fit
f512a985f017fa0b648100ae,baseline_fit
f5137d5aa1c022a860ad5d81,test
f51a9876206a6febb4b8a9d9,baseline_fit
f51ce2f57e71e449412ba2de,repair_validation
f51e62f44d6aabfd29ae2dc2,repair_validation
f51fd6f18c16fbfcacb3e8b4,test
f52bdfc3c9f8c84ef83544ef,discovery
f53002b930e29261613a6d9d,baseline_fit
f53618fcc07eb5085840c5db,baseline_fit
f53cdd28e3553babfa804432,discovery
f543337b5b11eb080e75aff4,calibration
f544266f9a48fe7e6d7a7e1f,baseline_fit
f557fc7b663e64f0d6ea5729,baseline_fit
f561c5239ffe39d52da39201,discovery
f56247666ae10a1d55ad7250,test
f562e560b1cdd48ddc2cb111,test
f572f1085fe56f5aa9b77d55,test
f57918ca60f18dfd3fa9eb7d,test
f57c585035e398b964603c03,baseline_fit
f57f39de53c8f75b5603ef8d,baseline_fit
f580f21d206e6fde09338722,baseline_fit
f58655a3da683268dfddab09,baseline_fit
f590ae0488fde35c67f8a57a,baseline_fit
f592828914207ea6a8c45aca,repair_validation
f59d7d15ece04c0bfcc7ef14,test
f5a0e17f337be9a4cd1cae5c,baseline_fit
f5a617788dc7a3ec573425e2,test
f5a6892eb00932622df6bb10,baseline_fit
f5aef23d49ac605af4be89ce,baseline_fit
f5c6d4341eca400c09445619,baseline_fit
f5d2df99f7e858bd742a9dfc,baseline_fit
f5d51514a9f997bbdefc33cd,baseline_fit
f5d89b56fe5267abe8cebf84,baseline_fit
f5e1d9c6862ef85d9e753031,baseline_fit
f5e3bf37617b9b967ef8a41d,baseline_fit
f5fbd93cce4517d7e4b8692a,discovery
f5fdb5a43706d79dd1852aca,baseline_fit
f6092bb7b046498ddbbd961c,baseline_fit
f6129ba9e4a5a207ca673f76,discovery
f61b3a64cf04a3fc47001362,baseline_fit
f6220d654d74ba033d332c9c,baseline_fit
f627652006fc72024cd8e25e,repair_validation
f6277800af429e8175509e3a,baseline_fit
f63470e82f32f06d3f2be0b0,baseline_fit
f6361f42814d46a8666c4d0e,baseline_fit
f64ccdcc38fc3594613cd164,baseline_fit
f64d7e72124ec54b4f3deb5e,baseline_fit
f65484b0281464735d2e39e9,baseline_fit
f668a40b7e6440f2a6c54fba,baseline_fit
f67172ac5d5d7ca638bb3b2e,repair_validation
f6726716f1fa776b0afcaf75,baseline_fit
f675a154084b919d9509c9db,test
f6772bf81cfc30b958a53dbc,baseline_fit
f677ff076dcb857dbd569099,baseline_fit
f678a9d2e64fac59d54f4277,baseline_fit
f6824c18a7d9841efcf8c495,test
f682f4953eb35407901382b4,discovery
f68d4460ba6c8ebcb8465a14,baseline_fit
f6904f10f96bfd52802da570,calibration
f6921c6b0d007f1b113f0a35,baseline_fit
f699ca1cbaa6b724010bab7a,baseline_fit
f69c158e66d08c34dd8ccbf3,calibration
f69d0a18f9688f85bab872fb,baseline_fit
f6a789aa4d657dfdd002b7ea,baseline_fit
f6ab6fbe53b7344c275957de,baseline_fit
f6b5ef5493f0beaf73665c24,baseline_fit
f6ba29ff11947bef8c124fe2,discovery
f6bf7ef75dd0581a29f2d544,baseline_fit
f6de724e12cd1d35dbf212ed,baseline_fit
f6e9993df7de6b0414dcf5b8,baseline_fit
f6e9c96f644dab3ace520951,baseline_fit
f6ee44d6ca312835a720345c,baseline_fit
f6f179ec72fae965ed26b554,test
f6f20c215016f87f8e02fd87,baseline_fit
f70747fd3fb8189b992f31fa,baseline_fit
f70ec6936039e4d876f83364,baseline_fit
f712be958d616a24e6024119,baseline_fit
f715d692ac62d71db2f0af55,baseline_fit
f7161c55b35308d98586461d,test
f716702b39f971e122e5ff49,test
f71cd070d70c5785b6afd50e,baseline_fit
f71f98265b049e8e255e4ee0,discovery
f72260f1d1c8852f9fc889e1,baseline_fit
f73429810803b914dde8597a,baseline_fit
f7569ccd1bfe8fd58c0c917e,baseline_fit
f7607f73a83b933169abe3db,baseline_fit
f76cad9ddf004657b1e06c63,baseline_fit
f76d3fa8f6c36d1605ddea17,test
f77066fff93d135c1e16cc0a,baseline_fit
f7731ebb9994cf89052fe3bb,baseline_fit
f7733eb7b2c6da9548f8cdef,baseline_fit
f785c90ebd68eab64b6893e1,baseline_fit
f789deb2ac7ad696b72ad204,calibration
f792570653d1afcc0a414799,baseline_fit
f7a0fe90ae86881a6883cd9e,baseline_fit
f7a6676fae76e4d2e68f26a9,baseline_fit
f7b15acf2c591bf174b3a2ce,test
f7b4a538ac9ad633d042b387,baseline_fit
f7b7026107d30e3ac2bd1102,discovery
f7ba4c7b0ccb6428e99ce646,test
f7ca5defe0055ff64fd64b8e,repair_validation
f7cc5f8d086bf95ac3d8abeb,baseline_fit
f7d2e3cf94284086a52aed88,baseline_fit
f7d417b299328b7244e8e7a8,test
f7da7454237de0002231584e,discovery
f7e9da044fa1703039768e4d,discovery
f7ec31255159892855e4bc4c,baseline_fit
f7ecf45bf875f026f539b9f0,baseline_fit
f7ed17e3cad6d7de39419e5e,baseline_fit
f7efa1c94b718834ce83311f,baseline_fit
f7fff7df162dd65d2d0ad8e7,discovery
f80249890d9afb348a56e407,baseline_fit
f804515ef6cc44ac0b2d898c,test
f80dc5cc2ef6bf957b869c55,baseline_fit
f80e63c9ee9875f2292034f1,test
f8157f8fb23b5f92e28bee23,baseline_fit
f8158b4843861f337f29f6a4,baseline_fit
f817008bf2f51f9bda1af654,baseline_fit
f820f916746ec73da339d92b,baseline_fit
f82553054d07de04367d1eb1,baseline_fit
f82d22fd79d81b35300cbdbc,baseline_fit
f833b8672a1ba1f5ea30295f,baseline_fit
f83411bf622bbf870f175ce6,baseline_fit
f8343d8d7be358ca19a8791d,baseline_fit
f83bb47c729566ec62bf10e5,baseline_fit
f83e638b126b3a3e76a3d84e,baseline_fit
f847b70e36dddfe80f93d6f7,baseline_fit
f84bd45fe107670a9d0e0d1e,baseline_fit
f84cfd21b15639754fcd8391,baseline_fit
f84d04e5b70b0aa74bad00f8,baseline_fit
f84d846275384c5f5603a733,repair_validation
f86006ee371110fa72e42915,baseline_fit
f88ef28a436bac71e817fcd0,baseline_fit
f89abe7da022a7f5c8fe3da7,baseline_fit
f89cdc3a301875776cbeee82,test
f8a7b836f10c9d16f0cf8db0,baseline_fit
f8abee93a84fd3907bd1389e,baseline_fit
f8b165b564e2b6252b543f3b,baseline_fit
f8c135dbfe699719e7e914c0,baseline_fit
f8c40e14cb667290355c4182,baseline_fit
f8c615529ba4cbd07190856b,baseline_fit
f8ca7435230034f2f3937c38,baseline_fit
f8cc5bb319175766299d6086,test
f8e6c647af0f13f3111b7204,baseline_fit
f8e70603052449697eb41230,baseline_fit
f8ee50d008fe07c74788a2f6,test
f8eea3ef22285169fd98e51a,baseline_fit
f8ef4f4f885093e588c00d16,baseline_fit
f903a6fa14fe2a920e7f93bf,baseline_fit
f904c391d3d22f394e96b5fc,baseline_fit
f9119c011e3fa676002f1099,baseline_fit
f915d9bcde80e06363573c66,baseline_fit
f91ac1e62e40638ecd200ddd,baseline_fit
f923036b5d3765cc1fd95ed0,discovery
f92a96f64db268341130db5c,baseline_fit
f92f392d5f5267baae81c495,discovery
f92f7f40661e2900da6682e8,baseline_fit
f93048a41e05215258f1f704,baseline_fit
f930d1fc9cbb0962941681c2,baseline_fit
f9386f3e88cd566885793beb,baseline_fit
f93a1e00e5651906e4438872,baseline_fit
f93abdf16cbb268d9d78e7e3,baseline_fit
f93ed142d14b4c6060643e63,test
f945d4e1725618d93b42d938,baseline_fit
f946dd5d7087d6edfe67b975,baseline_fit
f954f0c829caaea40f8eab29,discovery
f95566af4f09ed57bea5898c,baseline_fit
f960ca058533d5291e4f7992,test
f968ae549790a52779b0d172,repair_validation
f96b0f93c1d15cf4af06004e,discovery
f96cb66dbd4ef6e329673515,baseline_fit
f97bda7374bf15c9647444fd,baseline_fit
f97dc2cbda832fbae74f771d,baseline_fit
f97f96dee4fceee7778c26d2,discovery
f98a2ebb2d5b580673064cb9,test
f98b50c62c6826cba2ff017f,discovery
f993cb959c0878065c25740b,baseline_fit
f9960e22375d5e6f439539c4,baseline_fit
f997647cffa6cedbe3138485,baseline_fit
f9a0fafa283d94519e4b2576,baseline_fit
f9aa0529589f8965f4991ea7,baseline_fit
f9b3b9c660569ca34f0e9066,baseline_fit
f9b77cc9e4ac8b38f80cefc1,repair_validation
f9b8c751b029983acd6912d3,baseline_fit
f9c1cb647f5be449bf80a509,baseline_fit
f9cd115aea28f45b829d0914,test
f9d8c4e85d9101ce7b533b53,discovery
f9f47c2e8ea52289e1f9a535,baseline_fit
f9fcd2729222a0b881b260cf,test
f9ffd84527773e7268e64efd,baseline_fit
fa0f6d36f985ab197b9039e8,baseline_fit
fa17597cc495d45d5610bd47,test
fa18628f2b2d365ec601a40d,baseline_fit
fa19dd154ec14631ee844f0c,test
fa1c8f46043866cdc108b969,baseline_fit
fa1e9757d6ebdf2e996d228d,calibration
fa20e034f417ed8ccc753946,baseline_fit
fa297c28ec7fe17c26107e65,test
fa2b9a32291b37331a6337fd,baseline_fit
fa3c653b9eb06829b0d33a02,test
fa3de17b3e2ce039412b9590,baseline_fit
fa40a31b44dcdae96d4a01e8,discovery
fa4639d0ff41ae941f47caf3,baseline_fit
fa539d0af937e1c846466608,baseline_fit
fa57d6a7dbef98c68f6f859d,baseline_fit
fa5c438fb041bad830b89de4,baseline_fit
fa5fec6ce5076d27eb18960e,baseline_fit
fa6314b5a32a363c517de932,baseline_fit
fa64508a35dc910318020f72,baseline_fit
fa6a09cb2a83fe6b865eee89,test
fa73827068a1787cfff02714,baseline_fit
fa856b0626a57780292b6a18,baseline_fit
fa89716d43c17b334acfcfd2,test
fa89729242c3d4ce9c706e72,test
fa8bf65f340673709efb5d0e,test
fa944c6af5fe8f6a006d3af2,baseline_fit
fa94c5addcf1722b02fee625,test
fa9582790621d593e8eeaf35,discovery
fa9904db244c9c93fab8f50b,discovery
fa9b3f0d0a099a0a29abc64b,discovery
fa9bfd9121ee3adcf166cca0,baseline_fit
faa7394e6312f89371c50bff,discovery
faac6ba177c678ed48e28060,baseline_fit
faae1b7f082943ad242275db,test
fab727ac5768dafb27a72345,baseline_fit
fab9f6b68eed194aa05ea5fb,baseline_fit
fac0f20d3d6c83efb75e9df9,baseline_fit
fac3df51e2cfcae354d66a81,baseline_fit
fad4400d3d401b2f53f40cb4,baseline_fit
fada46eb3b8ff0c7f2037d07,baseline_fit
fae19bbcdb6db62fb07c2034,test
fafa16279f34f477c0b1c413,baseline_fit
fafbf28f9bcc4ef8b62e78f8,baseline_fit
fafdbd6726a3aa9988fe32c8,baseline_fit
fb01a3909683be0a17fc0fb1,baseline_fit
fb024ca33e5247d5c91c3481,baseline_fit
fb04803c8a0ffc1db505704a,test
fb12324e610d9d9fdc797ea2,test
fb1501dbf449189c2cc70bdf,baseline_fit
fb206d51b8f6e4a86692f73d,baseline_fit
fb23174f58c984f48a91c13d,baseline_fit
fb272d9ac10f5a6b9c378dc5,baseline_fit
fb27ddda08345a68649f1dbf,baseline_fit
fb3f1cbed5ef5989ae2a4b21,test
fb43d26dbebb56add53ce3fc,baseline_fit
fb4e49bf0a7b42477398464a,baseline_fit
fb532d5ef34bae1aa29e7687,baseline_fit
fb53baf90c09eaa043f18051,baseline_fit
fb58e8aacd38eb9199ec578f,baseline_fit
fb5a8f2f7defb4511daa418b,test
fb62964925bbbe4ebb5be29d,baseline_fit
fb66e29f8237ff74bb180b35,calibration
fb67f52ded0a54494cefb7c8,discovery
fb6e3b9ea4128a32c7aed013,baseline_fit
fb7460cbbd4e8719d633936b,baseline_fit
fb77c1f11f24d8be1e14bb75,baseline_fit
fb7d36aeafa3b1ec32b8dee2,baseline_fit
fb8097cb9165ff28e6bf4e5f,discovery
fb8e51330ac324447f7abc00,baseline_fit
fb8e80d921607c936fa8ef3c,baseline_fit
fb95c2a3351828b96c1af4c1,test
fba2812d2823e4b50047094a,baseline_fit
fbb3494d497d7cde06d544f4,baseline_fit
fbbc6f7f0b489b8e6a2ac2f8,discovery
fbc2f30e1cd3cde066cd699a,test
fbc5c79ffe63abdb3e577f64,discovery
fbd6be0544ccef260fb93774,calibration
fbd91d2b57c7c1278441fbea,baseline_fit
fbf302f8710fb04181b23506,calibration
fc1400174b82e51958d16259,baseline_fit
fc180845e7ceaed803bdf8ea,baseline_fit
fc1ae4679fc03c4ea59a79d5,baseline_fit
fc1b8f509f6239543fffde47,test
fc2223d51e220c996da6b0d1,baseline_fit
fc2321f608575fec29da85c7,baseline_fit
fc2ac017a3d77738137eb1ce,baseline_fit
fc2d4379cb1500d574af8e91,test
fc3d487867ab115764641189,test
fc40eab603ac2aea4ace066c,baseline_fit
fc41e964a179a0e0cd8d94ee,test
fc52704793f1930dce651c9a,discovery
fc5682fda16b2f19daeef06a,baseline_fit
fc571548a8f20cd39406781d,discovery
fc5897c507d7449699431ebd,baseline_fit
fc65b1ed1a187bc1bd935433,test
fc67ab648a6f755dec8cdd7b,baseline_fit
fc69a624b0d18d06775844e3,baseline_fit
fc6b45cf8acdf97f0eee81dd,test
fc6bb7fa53f7bb3bfd048504,test
fc74f0b54294dfe397baa150,baseline_fit
fc7b7e72a5b2a5003d2fe52d,test
fc8142922902268a34612cdf,baseline_fit
fc8c65e71ee33292558bcaef,baseline_fit
fc922eebb2e367b688e7373f,baseline_fit
fc99cd19654ee9c12946e9ed,discovery
fca5f704b54ab41407542ab8,baseline_fit
fca8fc95fbd7dba7986ad7f9,discovery
fcb1d6a671ac764535bfefd5,baseline_fit
fcc48d3837a46b174473369d,baseline_fit
fcc5f0e1302194be52465386,discovery
fcca1d861a8142124687aa98,baseline_fit
fccb1379b8ef5e5678538caa,test
fcd1b41a3c585d92c24fe742,baseline_fit
fcda18617f1924c26762e51e,baseline_fit
fce4232dacc20ce7e403fd73,baseline_fit
fcea0e8bdfc65e5675567dbe,calibration
fcea3503ff9690ce71e1737e,baseline_fit
fcea906eecd462f8d2a1d06d,baseline_fit
fcf15a3367dbafe775c68d0b,discovery
fcf362a80211589840afefd6,baseline_fit
fd00363e0918f83150a4b14a,baseline_fit
fd049ef71e854ba126a24610,baseline_fit
fd07bfa62e0e3e3b2d9de5ee,baseline_fit
fd14277b76d141dec35c08ee,baseline_fit
fd148181284a4db1cbaef2ee,discovery
fd175b6f1936be0051097808,repair_validation
fd1a1db3409ff393db2c242e,baseline_fit
fd248ee9c70bff1c015c82f1,baseline_fit
fd2ca03e58176160a1076613,test
fd36f856fb3e2d5b23fe7a8d,test
fd38d60d719e3b297e2c231d,baseline_fit
fd39946cbc1a7735118323cc,baseline_fit
fd430de3cb75e2c72e10edf7,test
fd448956faacbf2a24c832ac,test
fd46e97ae683893ed4ffc874,baseline_fit
fd4f4a67a6cc4724b8bb5acf,test
fd55ddce85790b0fbe0c517d,baseline_fit
fd5b051e91ee75d2264ecb34,baseline_fit
fd677207376178aee66d2ebe,baseline_fit
fd8c1fc618ed121697b081fa,baseline_fit
fd9669948bac16fcf2fe347e,baseline_fit
fd99767b5f71dbb6ecb4563d,baseline_fit
fda17829f1193e4318b090cc,baseline_fit
fdac5dab5df5594b2acd0c6c,baseline_fit
fdb2c4f0075571c33e57a819,baseline_fit
fdbc67b4be45ccf2a998d066,baseline_fit
fdbd4ac434fd9b1bf11311c7,discovery
fdbe63f7af8293570244ecf4,test
fdc0737648f968a990da591a,baseline_fit
fdc90b7868d99e73e95ce5de,test
fdcefa772f5ff73fb83fb862,baseline_fit
fdd57640c7441fc03297f8b2,baseline_fit
fde48831c4411a21938e1315,test
fde5e9fd3fef2b2ce7298588,baseline_fit
fdeb4e1f18896abdcbfdc0a7,baseline_fit
fdf7691d1387ba574025a7cb,baseline_fit
fdf8eca0c710c1019ec5072f,baseline_fit
fdfd967f115acd389772f27e,discovery
fdfec9afe9b883ad03a08357,baseline_fit
fe0466bdc7b582c2ce24f4c6,test
fe05befeca2fc0ae91e716e2,test
fe05e185b4f0bcdfbdd032d2,discovery
fe0722d86f410ea0de91468f,baseline_fit
fe164f3eaa3cc8f31f00ffbe,baseline_fit
fe168be579188266b329125b,baseline_fit
fe23d35f5b342a6e7fb0ffaf,baseline_fit
fe26b4f65f430daa02b66e17,baseline_fit
fe2e04d9f77e26886c147a4a,baseline_fit
fe3b950252cb6725a94ea839,baseline_fit
fe3ba782e1948acece2e7fe5,calibration
fe3e8bea4733d98ed0639a7f,baseline_fit
fe432706984becb58ce92fd0,baseline_fit
fe44923eb9cee03a35699668,test
fe503e7440be6e08eef6597c,baseline_fit
fe52c8c0760a65763ce540f4,baseline_fit
fe5be6d16f06b0c43ca8b6f5,baseline_fit
fe61c676867a8086a02b94f9,baseline_fit
fe61fd3131b8f467edf42747,repair_validation
fe8e1e3ce83a12de55a6b9af,baseline_fit
fe8faa5a3d47d57e3e9f7b56,test
fe9aca377dd42349339ae42d,baseline_fit
feb1f7c116febbfc1e340edd,calibration
fec25809e137863277327880,baseline_fit
fec8e4e4eac1842fd69e2962,baseline_fit
fecad581eca4c0d6ca986cbb,baseline_fit
feccc7e86ec1cdd6e73613e3,baseline_fit
fecdc3d2e82fb73b09bb9595,baseline_fit
fed548f8cecce5b613a3be6d,baseline_fit
fed560b13700038395b24dd4,baseline_fit
fede02c90b869b76f34031e5,baseline_fit
fede113cb0077b8d53929c69,baseline_fit
fee9d31856d01fd386caf927,baseline_fit
fef366f9b3aa95d5dda3642d,test
fef7315078b2c4e3b83902a0,baseline_fit
ff078a2b96fd2640983c65b6,discovery
ff154d86f34b782a8bd3162e,baseline_fit
ff15849d563a84e5b495d83d,baseline_fit
ff24ed3973d25e2f7e55cc26,baseline_fit
ff2862451dff32d99805824e,baseline_fit
ff2ad7a10d6ed66772243189,baseline_fit
ff3285b31522575a57a16a3b,baseline_fit
ff4111b1a4d6414ac885407c,baseline_fit
ff46c4b638f7670b47164f08,baseline_fit
ff4d5d5576d6ea9f363ded9f,baseline_fit
ff5ca65cfd972423f5594575,baseline_fit
ff5f44d812870329ecc9c058,baseline_fit
ff6a5c8aa51ae49e67fbcd5b,repair_validation
ff763caa43d9584823379f88,baseline_fit
ff7b5cf23a0f2d0296f6c15c,test
ff7c644f122be0c1191e8707,baseline_fit
ff7e8789934cf2569af535cd,discovery
ff82110d5c3533185758c597,baseline_fit
ff841c3ac75017df71a3960e,baseline_fit
ff87f6804a2eac658ea9478e,baseline_fit
ff8e9c617b18c2e4d9bbea5f,baseline_fit
ff906b5629c5d9d9c727897d,baseline_fit
ffa9fd8739f6b1bab67b7a8c,discovery
ffab47b39af7d4c63aa7d319,baseline_fit
ffabfd94ad5b1fa17430cc6f,test
ffc03946d3e17af024b34ec8,baseline_fit
ffc768e5b2868d7f76716062,baseline_fit
ffd381cfbee5e613b815d218,baseline_fit
ffd438e4c1efcccdf4dc28b8,baseline_fit
ffd68652ad041ae5111399cf,discovery
ffd77e7c757ff031e1394c6f,baseline_fit
ffe1c1aa4cedef8f3f7d65b2,baseline_fit
ffe70effb7c6997a05621b8c,baseline_fit
ffecc4606bcb7d5478289faf,repair_validation
fff1f1ed69a97555c22faf26,baseline_fit
fff9b0a238a5d2548cd484e4,discovery
