column,arm,branch,seed,additional_budget,fp_cost,groups,score_column,tp,fp,fn,tn,precision,recall,decision_loss,candidate_true_links,candidate_misses,candidate_recall,conditional_matching_recall,unresolved_left_records,corrected_candidate_errors,introduced_candidate_errors,false_merge_components,false_split_entities,implied_true_pairs,implied_false_pairs,missed_true_cluster_pairs,b_cubed_precision,b_cubed_recall,largest_component,assigned_tp,assigned_fp,assigned_fn,assigned_loss,assigned_false_merge_components,assigned_false_split_entities,assigned_implied_true_pairs,assigned_implied_false_pairs,assigned_missed_true_cluster_pairs,assigned_b_cubed_precision,assigned_b_cubed_recall,assigned_largest_component
baseline_c1,baseline,baseline,,0,1,[],baseline_probability,779,0,2,609180,1.0,0.9974391805377721,2,781,0,1.0,0.9974391805377721,2,0,0,0,2,779,0,2,1.0,0.998719590268886,2,779,0,2,2,0,2,779,0,2,1.0,0.998719590268886,2
baseline_c2,baseline,baseline,,0,2,[],baseline_probability,779,0,2,609180,1.0,0.9974391805377721,2,781,0,1.0,0.9974391805377721,2,0,0,0,2,779,0,2,1.0,0.998719590268886,2,779,0,2,2,0,2,779,0,2,1.0,0.998719590268886,2
baseline_c5,baseline,baseline,,0,5,[],baseline_probability,779,0,2,609180,1.0,0.9974391805377721,2,781,0,1.0,0.9974391805377721,2,0,0,0,2,779,0,2,1.0,0.998719590268886,2,779,0,2,2,0,2,779,0,2,1.0,0.998719590268886,2
random_ordinary_b100_s7101_c1,random,ordinary,7101.0,100,1,[],probability_random_ordinary_b100_s7101,779,0,2,609180,1.0,0.9974391805377721,2,781,0,1.0,0.9974391805377721,2,0,0,0,2,779,0,2,1.0,0.998719590268886,2,779,0,2,2,0,2,779,0,2,1.0,0.998719590268886,2
random_ordinary_b100_s7101_c2,random,ordinary,7101.0,100,2,[],probability_random_ordinary_b100_s7101,779,0,2,609180,1.0,0.9974391805377721,2,781,0,1.0,0.9974391805377721,2,0,0,0,2,779,0,2,1.0,0.998719590268886,2,779,0,2,2,0,2,779,0,2,1.0,0.998719590268886,2
random_ordinary_b100_s7101_c5,random,ordinary,7101.0,100,5,[],probability_random_ordinary_b100_s7101,779,0,2,609180,1.0,0.9974391805377721,2,781,0,1.0,0.9974391805377721,2,0,0,0,2,779,0,2,1.0,0.998719590268886,2,779,0,2,2,0,2,779,0,2,1.0,0.998719590268886,2
random_repair_b100_s7101_c1,random,repair,7101.0,100,1,[],probability_random_repair_b100_s7101,779,0,2,609180,1.0,0.9974391805377721,2,781,0,1.0,0.9974391805377721,2,0,0,0,2,779,0,2,1.0,0.998719590268886,2,779,0,2,2,0,2,779,0,2,1.0,0.998719590268886,2
random_repair_b100_s7101_c2,random,repair,7101.0,100,2,[],probability_random_repair_b100_s7101,779,0,2,609180,1.0,0.9974391805377721,2,781,0,1.0,0.9974391805377721,2,0,0,0,2,779,0,2,1.0,0.998719590268886,2,779,0,2,2,0,2,779,0,2,1.0,0.998719590268886,2
random_repair_b100_s7101_c5,random,repair,7101.0,100,5,[],probability_random_repair_b100_s7101,779,0,2,609180,1.0,0.9974391805377721,2,781,0,1.0,0.9974391805377721,2,0,0,0,2,779,0,2,1.0,0.998719590268886,2,779,0,2,2,0,2,779,0,2,1.0,0.998719590268886,2
uncertainty_diversity_ordinary_b100_s7101_c1,uncertainty_diversity,ordinary,7101.0,100,1,[],probability_uncertainty_diversity_ordinary_b100_s7101,779,0,2,609180,1.0,0.9974391805377721,2,781,0,1.0,0.9974391805377721,2,0,0,0,2,779,0,2,1.0,0.998719590268886,2,779,0,2,2,0,2,779,0,2,1.0,0.998719590268886,2
uncertainty_diversity_ordinary_b100_s7101_c2,uncertainty_diversity,ordinary,7101.0,100,2,[],probability_uncertainty_diversity_ordinary_b100_s7101,779,0,2,609180,1.0,0.9974391805377721,2,781,0,1.0,0.9974391805377721,2,0,0,0,2,779,0,2,1.0,0.998719590268886,2,779,0,2,2,0,2,779,0,2,1.0,0.998719590268886,2
uncertainty_diversity_ordinary_b100_s7101_c5,uncertainty_diversity,ordinary,7101.0,100,5,[],probability_uncertainty_diversity_ordinary_b100_s7101,779,0,2,609180,1.0,0.9974391805377721,2,781,0,1.0,0.9974391805377721,2,0,0,0,2,779,0,2,1.0,0.998719590268886,2,779,0,2,2,0,2,779,0,2,1.0,0.998719590268886,2
uncertainty_diversity_repair_b100_s7101_c1,uncertainty_diversity,repair,7101.0,100,1,[],probability_uncertainty_diversity_repair_b100_s7101,779,0,2,609180,1.0,0.9974391805377721,2,781,0,1.0,0.9974391805377721,2,0,0,0,2,779,0,2,1.0,0.998719590268886,2,779,0,2,2,0,2,779,0,2,1.0,0.998719590268886,2
uncertainty_diversity_repair_b100_s7101_c2,uncertainty_diversity,repair,7101.0,100,2,[],probability_uncertainty_diversity_repair_b100_s7101,779,0,2,609180,1.0,0.9974391805377721,2,781,0,1.0,0.9974391805377721,2,0,0,0,2,779,0,2,1.0,0.998719590268886,2,779,0,2,2,0,2,779,0,2,1.0,0.998719590268886,2
uncertainty_diversity_repair_b100_s7101_c5,uncertainty_diversity,repair,7101.0,100,5,[],probability_uncertainty_diversity_repair_b100_s7101,779,0,2,609180,1.0,0.9974391805377721,2,781,0,1.0,0.9974391805377721,2,0,0,0,2,779,0,2,1.0,0.998719590268886,2,779,0,2,2,0,2,779,0,2,1.0,0.998719590268886,2
clusters_ordinary_b100_s7101_c1,clusters,ordinary,7101.0,100,1,[],probability_clusters_ordinary_b100_s7101,779,0,2,609180,1.0,0.9974391805377721,2,781,0,1.0,0.9974391805377721,2,0,0,0,2,779,0,2,1.0,0.998719590268886,2,779,0,2,2,0,2,779,0,2,1.0,0.998719590268886,2
clusters_ordinary_b100_s7101_c2,clusters,ordinary,7101.0,100,2,[],probability_clusters_ordinary_b100_s7101,779,0,2,609180,1.0,0.9974391805377721,2,781,0,1.0,0.9974391805377721,2,0,0,0,2,779,0,2,1.0,0.998719590268886,2,779,0,2,2,0,2,779,0,2,1.0,0.998719590268886,2
clusters_ordinary_b100_s7101_c5,clusters,ordinary,7101.0,100,5,[],probability_clusters_ordinary_b100_s7101,779,0,2,609180,1.0,0.9974391805377721,2,781,0,1.0,0.9974391805377721,2,0,0,0,2,779,0,2,1.0,0.998719590268886,2,779,0,2,2,0,2,779,0,2,1.0,0.998719590268886,2
clusters_repair_b100_s7101_c1,clusters,repair,7101.0,100,1,[],probability_clusters_repair_b100_s7101,779,0,2,609180,1.0,0.9974391805377721,2,781,0,1.0,0.9974391805377721,2,0,0,0,2,779,0,2,1.0,0.998719590268886,2,779,0,2,2,0,2,779,0,2,1.0,0.998719590268886,2
clusters_repair_b100_s7101_c2,clusters,repair,7101.0,100,2,[],probability_clusters_repair_b100_s7101,779,0,2,609180,1.0,0.9974391805377721,2,781,0,1.0,0.9974391805377721,2,0,0,0,2,779,0,2,1.0,0.998719590268886,2,779,0,2,2,0,2,779,0,2,1.0,0.998719590268886,2
clusters_repair_b100_s7101_c5,clusters,repair,7101.0,100,5,[],probability_clusters_repair_b100_s7101,779,0,2,609180,1.0,0.9974391805377721,2,781,0,1.0,0.9974391805377721,2,0,0,0,2,779,0,2,1.0,0.998719590268886,2,779,0,2,2,0,2,779,0,2,1.0,0.998719590268886,2
error_risk_ordinary_b100_s7101_c1,error_risk,ordinary,7101.0,100,1,[],probability_error_risk_ordinary_b100_s7101,779,0,2,609180,1.0,0.9974391805377721,2,781,0,1.0,0.9974391805377721,2,0,0,0,2,779,0,2,1.0,0.998719590268886,2,779,0,2,2,0,2,779,0,2,1.0,0.998719590268886,2
error_risk_ordinary_b100_s7101_c2,error_risk,ordinary,7101.0,100,2,[],probability_error_risk_ordinary_b100_s7101,779,0,2,609180,1.0,0.9974391805377721,2,781,0,1.0,0.9974391805377721,2,0,0,0,2,779,0,2,1.0,0.998719590268886,2,779,0,2,2,0,2,779,0,2,1.0,0.998719590268886,2
error_risk_ordinary_b100_s7101_c5,error_risk,ordinary,7101.0,100,5,[],probability_error_risk_ordinary_b100_s7101,779,0,2,609180,1.0,0.9974391805377721,2,781,0,1.0,0.9974391805377721,2,0,0,0,2,779,0,2,1.0,0.998719590268886,2,779,0,2,2,0,2,779,0,2,1.0,0.998719590268886,2
error_risk_repair_b100_s7101_c1,error_risk,repair,7101.0,100,1,[],probability_error_risk_repair_b100_s7101,779,0,2,609180,1.0,0.9974391805377721,2,781,0,1.0,0.9974391805377721,2,0,0,0,2,779,0,2,1.0,0.998719590268886,2,779,0,2,2,0,2,779,0,2,1.0,0.998719590268886,2
error_risk_repair_b100_s7101_c2,error_risk,repair,7101.0,100,2,[],probability_error_risk_repair_b100_s7101,779,0,2,609180,1.0,0.9974391805377721,2,781,0,1.0,0.9974391805377721,2,0,0,0,2,779,0,2,1.0,0.998719590268886,2,779,0,2,2,0,2,779,0,2,1.0,0.998719590268886,2
error_risk_repair_b100_s7101_c5,error_risk,repair,7101.0,100,5,[],probability_error_risk_repair_b100_s7101,779,0,2,609180,1.0,0.9974391805377721,2,781,0,1.0,0.9974391805377721,2,0,0,0,2,779,0,2,1.0,0.998719590268886,2,779,0,2,2,0,2,779,0,2,1.0,0.998719590268886,2
shuffled_clusters_ordinary_b100_s7101_c1,shuffled_clusters,ordinary,7101.0,100,1,[],probability_shuffled_clusters_ordinary_b100_s7101,779,0,2,609180,1.0,0.9974391805377721,2,781,0,1.0,0.9974391805377721,2,0,0,0,2,779,0,2,1.0,0.998719590268886,2,779,0,2,2,0,2,779,0,2,1.0,0.998719590268886,2
shuffled_clusters_ordinary_b100_s7101_c2,shuffled_clusters,ordinary,7101.0,100,2,[],probability_shuffled_clusters_ordinary_b100_s7101,779,0,2,609180,1.0,0.9974391805377721,2,781,0,1.0,0.9974391805377721,2,0,0,0,2,779,0,2,1.0,0.998719590268886,2,779,0,2,2,0,2,779,0,2,1.0,0.998719590268886,2
shuffled_clusters_ordinary_b100_s7101_c5,shuffled_clusters,ordinary,7101.0,100,5,[],probability_shuffled_clusters_ordinary_b100_s7101,779,0,2,609180,1.0,0.9974391805377721,2,781,0,1.0,0.9974391805377721,2,0,0,0,2,779,0,2,1.0,0.998719590268886,2,779,0,2,2,0,2,779,0,2,1.0,0.998719590268886,2
shuffled_clusters_repair_b100_s7101_c1,shuffled_clusters,repair,7101.0,100,1,[],probability_shuffled_clusters_repair_b100_s7101,779,0,2,609180,1.0,0.9974391805377721,2,781,0,1.0,0.9974391805377721,2,0,0,0,2,779,0,2,1.0,0.998719590268886,2,779,0,2,2,0,2,779,0,2,1.0,0.998719590268886,2
shuffled_clusters_repair_b100_s7101_c2,shuffled_clusters,repair,7101.0,100,2,[],probability_shuffled_clusters_repair_b100_s7101,779,0,2,609180,1.0,0.9974391805377721,2,781,0,1.0,0.9974391805377721,2,0,0,0,2,779,0,2,1.0,0.998719590268886,2,779,0,2,2,0,2,779,0,2,1.0,0.998719590268886,2
shuffled_clusters_repair_b100_s7101_c5,shuffled_clusters,repair,7101.0,100,5,[],probability_shuffled_clusters_repair_b100_s7101,779,0,2,609180,1.0,0.9974391805377721,2,781,0,1.0,0.9974391805377721,2,0,0,0,2,779,0,2,1.0,0.998719590268886,2,779,0,2,2,0,2,779,0,2,1.0,0.998719590268886,2
score_groups_ordinary_b100_s7101_c1,score_groups,ordinary,7101.0,100,1,[],probability_score_groups_ordinary_b100_s7101,779,0,2,609180,1.0,0.9974391805377721,2,781,0,1.0,0.9974391805377721,2,0,0,0,2,779,0,2,1.0,0.998719590268886,2,779,0,2,2,0,2,779,0,2,1.0,0.998719590268886,2
score_groups_ordinary_b100_s7101_c2,score_groups,ordinary,7101.0,100,2,[],probability_score_groups_ordinary_b100_s7101,779,0,2,609180,1.0,0.9974391805377721,2,781,0,1.0,0.9974391805377721,2,0,0,0,2,779,0,2,1.0,0.998719590268886,2,779,0,2,2,0,2,779,0,2,1.0,0.998719590268886,2
score_groups_ordinary_b100_s7101_c5,score_groups,ordinary,7101.0,100,5,[],probability_score_groups_ordinary_b100_s7101,779,0,2,609180,1.0,0.9974391805377721,2,781,0,1.0,0.9974391805377721,2,0,0,0,2,779,0,2,1.0,0.998719590268886,2,779,0,2,2,0,2,779,0,2,1.0,0.998719590268886,2
score_groups_repair_b100_s7101_c1,score_groups,repair,7101.0,100,1,[],probability_score_groups_repair_b100_s7101,779,0,2,609180,1.0,0.9974391805377721,2,781,0,1.0,0.9974391805377721,2,0,0,0,2,779,0,2,1.0,0.998719590268886,2,779,0,2,2,0,2,779,0,2,1.0,0.998719590268886,2
score_groups_repair_b100_s7101_c2,score_groups,repair,7101.0,100,2,[],probability_score_groups_repair_b100_s7101,779,0,2,609180,1.0,0.9974391805377721,2,781,0,1.0,0.9974391805377721,2,0,0,0,2,779,0,2,1.0,0.998719590268886,2,779,0,2,2,0,2,779,0,2,1.0,0.998719590268886,2
score_groups_repair_b100_s7101_c5,score_groups,repair,7101.0,100,5,[],probability_score_groups_repair_b100_s7101,779,0,2,609180,1.0,0.9974391805377721,2,781,0,1.0,0.9974391805377721,2,0,0,0,2,779,0,2,1.0,0.998719590268886,2,779,0,2,2,0,2,779,0,2,1.0,0.998719590268886,2
random_ordinary_b200_s7101_c1,random,ordinary,7101.0,200,1,[],probability_random_ordinary_b200_s7101,779,0,2,609180,1.0,0.9974391805377721,2,781,0,1.0,0.9974391805377721,2,0,0,0,2,779,0,2,1.0,0.998719590268886,2,779,0,2,2,0,2,779,0,2,1.0,0.998719590268886,2
random_ordinary_b200_s7101_c2,random,ordinary,7101.0,200,2,[],probability_random_ordinary_b200_s7101,779,0,2,609180,1.0,0.9974391805377721,2,781,0,1.0,0.9974391805377721,2,0,0,0,2,779,0,2,1.0,0.998719590268886,2,779,0,2,2,0,2,779,0,2,1.0,0.998719590268886,2
random_ordinary_b200_s7101_c5,random,ordinary,7101.0,200,5,[],probability_random_ordinary_b200_s7101,779,0,2,609180,1.0,0.9974391805377721,2,781,0,1.0,0.9974391805377721,2,0,0,0,2,779,0,2,1.0,0.998719590268886,2,779,0,2,2,0,2,779,0,2,1.0,0.998719590268886,2
random_repair_b200_s7101_c1,random,repair,7101.0,200,1,[],probability_random_repair_b200_s7101,779,0,2,609180,1.0,0.9974391805377721,2,781,0,1.0,0.9974391805377721,2,0,0,0,2,779,0,2,1.0,0.998719590268886,2,779,0,2,2,0,2,779,0,2,1.0,0.998719590268886,2
random_repair_b200_s7101_c2,random,repair,7101.0,200,2,[],probability_random_repair_b200_s7101,779,0,2,609180,1.0,0.9974391805377721,2,781,0,1.0,0.9974391805377721,2,0,0,0,2,779,0,2,1.0,0.998719590268886,2,779,0,2,2,0,2,779,0,2,1.0,0.998719590268886,2
random_repair_b200_s7101_c5,random,repair,7101.0,200,5,[],probability_random_repair_b200_s7101,779,0,2,609180,1.0,0.9974391805377721,2,781,0,1.0,0.9974391805377721,2,0,0,0,2,779,0,2,1.0,0.998719590268886,2,779,0,2,2,0,2,779,0,2,1.0,0.998719590268886,2
uncertainty_diversity_ordinary_b200_s7101_c1,uncertainty_diversity,ordinary,7101.0,200,1,[],probability_uncertainty_diversity_ordinary_b200_s7101,779,0,2,609180,1.0,0.9974391805377721,2,781,0,1.0,0.9974391805377721,2,0,0,0,2,779,0,2,1.0,0.998719590268886,2,779,0,2,2,0,2,779,0,2,1.0,0.998719590268886,2
uncertainty_diversity_ordinary_b200_s7101_c2,uncertainty_diversity,ordinary,7101.0,200,2,[],probability_uncertainty_diversity_ordinary_b200_s7101,779,0,2,609180,1.0,0.9974391805377721,2,781,0,1.0,0.9974391805377721,2,0,0,0,2,779,0,2,1.0,0.998719590268886,2,779,0,2,2,0,2,779,0,2,1.0,0.998719590268886,2
uncertainty_diversity_ordinary_b200_s7101_c5,uncertainty_diversity,ordinary,7101.0,200,5,[],probability_uncertainty_diversity_ordinary_b200_s7101,779,0,2,609180,1.0,0.9974391805377721,2,781,0,1.0,0.9974391805377721,2,0,0,0,2,779,0,2,1.0,0.998719590268886,2,779,0,2,2,0,2,779,0,2,1.0,0.998719590268886,2
uncertainty_diversity_repair_b200_s7101_c1,uncertainty_diversity,repair,7101.0,200,1,[],probability_uncertainty_diversity_repair_b200_s7101,779,0,2,609180,1.0,0.9974391805377721,2,781,0,1.0,0.9974391805377721,2,0,0,0,2,779,0,2,1.0,0.998719590268886,2,779,0,2,2,0,2,779,0,2,1.0,0.998719590268886,2
uncertainty_diversity_repair_b200_s7101_c2,uncertainty_diversity,repair,7101.0,200,2,[],probability_uncertainty_diversity_repair_b200_s7101,779,0,2,609180,1.0,0.9974391805377721,2,781,0,1.0,0.9974391805377721,2,0,0,0,2,779,0,2,1.0,0.998719590268886,2,779,0,2,2,0,2,779,0,2,1.0,0.998719590268886,2
uncertainty_diversity_repair_b200_s7101_c5,uncertainty_diversity,repair,7101.0,200,5,[],probability_uncertainty_diversity_repair_b200_s7101,779,0,2,609180,1.0,0.9974391805377721,2,781,0,1.0,0.9974391805377721,2,0,0,0,2,779,0,2,1.0,0.998719590268886,2,779,0,2,2,0,2,779,0,2,1.0,0.998719590268886,2
clusters_ordinary_b200_s7101_c1,clusters,ordinary,7101.0,200,1,[],probability_clusters_ordinary_b200_s7101,779,0,2,609180,1.0,0.9974391805377721,2,781,0,1.0,0.9974391805377721,2,0,0,0,2,779,0,2,1.0,0.998719590268886,2,779,0,2,2,0,2,779,0,2,1.0,0.998719590268886,2
clusters_ordinary_b200_s7101_c2,clusters,ordinary,7101.0,200,2,[],probability_clusters_ordinary_b200_s7101,779,0,2,609180,1.0,0.9974391805377721,2,781,0,1.0,0.9974391805377721,2,0,0,0,2,779,0,2,1.0,0.998719590268886,2,779,0,2,2,0,2,779,0,2,1.0,0.998719590268886,2
clusters_ordinary_b200_s7101_c5,clusters,ordinary,7101.0,200,5,[],probability_clusters_ordinary_b200_s7101,779,0,2,609180,1.0,0.9974391805377721,2,781,0,1.0,0.9974391805377721,2,0,0,0,2,779,0,2,1.0,0.998719590268886,2,779,0,2,2,0,2,779,0,2,1.0,0.998719590268886,2
clusters_repair_b200_s7101_c1,clusters,repair,7101.0,200,1,[],probability_clusters_repair_b200_s7101,779,0,2,609180,1.0,0.9974391805377721,2,781,0,1.0,0.9974391805377721,2,0,0,0,2,779,0,2,1.0,0.998719590268886,2,779,0,2,2,0,2,779,0,2,1.0,0.998719590268886,2
clusters_repair_b200_s7101_c2,clusters,repair,7101.0,200,2,[],probability_clusters_repair_b200_s7101,779,0,2,609180,1.0,0.9974391805377721,2,781,0,1.0,0.9974391805377721,2,0,0,0,2,779,0,2,1.0,0.998719590268886,2,779,0,2,2,0,2,779,0,2,1.0,0.998719590268886,2
clusters_repair_b200_s7101_c5,clusters,repair,7101.0,200,5,[],probability_clusters_repair_b200_s7101,779,0,2,609180,1.0,0.9974391805377721,2,781,0,1.0,0.9974391805377721,2,0,0,0,2,779,0,2,1.0,0.998719590268886,2,779,0,2,2,0,2,779,0,2,1.0,0.998719590268886,2
error_risk_ordinary_b200_s7101_c1,error_risk,ordinary,7101.0,200,1,[],probability_error_risk_ordinary_b200_s7101,779,0,2,609180,1.0,0.9974391805377721,2,781,0,1.0,0.9974391805377721,2,0,0,0,2,779,0,2,1.0,0.998719590268886,2,779,0,2,2,0,2,779,0,2,1.0,0.998719590268886,2
error_risk_ordinary_b200_s7101_c2,error_risk,ordinary,7101.0,200,2,[],probability_error_risk_ordinary_b200_s7101,779,0,2,609180,1.0,0.9974391805377721,2,781,0,1.0,0.9974391805377721,2,0,0,0,2,779,0,2,1.0,0.998719590268886,2,779,0,2,2,0,2,779,0,2,1.0,0.998719590268886,2
error_risk_ordinary_b200_s7101_c5,error_risk,ordinary,7101.0,200,5,[],probability_error_risk_ordinary_b200_s7101,779,0,2,609180,1.0,0.9974391805377721,2,781,0,1.0,0.9974391805377721,2,0,0,0,2,779,0,2,1.0,0.998719590268886,2,779,0,2,2,0,2,779,0,2,1.0,0.998719590268886,2
error_risk_repair_b200_s7101_c1,error_risk,repair,7101.0,200,1,[],probability_error_risk_repair_b200_s7101,779,0,2,609180,1.0,0.9974391805377721,2,781,0,1.0,0.9974391805377721,2,0,0,0,2,779,0,2,1.0,0.998719590268886,2,779,0,2,2,0,2,779,0,2,1.0,0.998719590268886,2
error_risk_repair_b200_s7101_c2,error_risk,repair,7101.0,200,2,[],probability_error_risk_repair_b200_s7101,779,0,2,609180,1.0,0.9974391805377721,2,781,0,1.0,0.9974391805377721,2,0,0,0,2,779,0,2,1.0,0.998719590268886,2,779,0,2,2,0,2,779,0,2,1.0,0.998719590268886,2
error_risk_repair_b200_s7101_c5,error_risk,repair,7101.0,200,5,[],probability_error_risk_repair_b200_s7101,779,0,2,609180,1.0,0.9974391805377721,2,781,0,1.0,0.9974391805377721,2,0,0,0,2,779,0,2,1.0,0.998719590268886,2,779,0,2,2,0,2,779,0,2,1.0,0.998719590268886,2
shuffled_clusters_ordinary_b200_s7101_c1,shuffled_clusters,ordinary,7101.0,200,1,[],probability_shuffled_clusters_ordinary_b200_s7101,779,0,2,609180,1.0,0.9974391805377721,2,781,0,1.0,0.9974391805377721,2,0,0,0,2,779,0,2,1.0,0.998719590268886,2,779,0,2,2,0,2,779,0,2,1.0,0.998719590268886,2
shuffled_clusters_ordinary_b200_s7101_c2,shuffled_clusters,ordinary,7101.0,200,2,[],probability_shuffled_clusters_ordinary_b200_s7101,779,0,2,609180,1.0,0.9974391805377721,2,781,0,1.0,0.9974391805377721,2,0,0,0,2,779,0,2,1.0,0.998719590268886,2,779,0,2,2,0,2,779,0,2,1.0,0.998719590268886,2
shuffled_clusters_ordinary_b200_s7101_c5,shuffled_clusters,ordinary,7101.0,200,5,[],probability_shuffled_clusters_ordinary_b200_s7101,779,0,2,609180,1.0,0.9974391805377721,2,781,0,1.0,0.9974391805377721,2,0,0,0,2,779,0,2,1.0,0.998719590268886,2,779,0,2,2,0,2,779,0,2,1.0,0.998719590268886,2
shuffled_clusters_repair_b200_s7101_c1,shuffled_clusters,repair,7101.0,200,1,[],probability_shuffled_clusters_repair_b200_s7101,779,0,2,609180,1.0,0.9974391805377721,2,781,0,1.0,0.9974391805377721,2,0,0,0,2,779,0,2,1.0,0.998719590268886,2,779,0,2,2,0,2,779,0,2,1.0,0.998719590268886,2
shuffled_clusters_repair_b200_s7101_c2,shuffled_clusters,repair,7101.0,200,2,[],probability_shuffled_clusters_repair_b200_s7101,779,0,2,609180,1.0,0.9974391805377721,2,781,0,1.0,0.9974391805377721,2,0,0,0,2,779,0,2,1.0,0.998719590268886,2,779,0,2,2,0,2,779,0,2,1.0,0.998719590268886,2
shuffled_clusters_repair_b200_s7101_c5,shuffled_clusters,repair,7101.0,200,5,[],probability_shuffled_clusters_repair_b200_s7101,779,0,2,609180,1.0,0.9974391805377721,2,781,0,1.0,0.9974391805377721,2,0,0,0,2,779,0,2,1.0,0.998719590268886,2,779,0,2,2,0,2,779,0,2,1.0,0.998719590268886,2
score_groups_ordinary_b200_s7101_c1,score_groups,ordinary,7101.0,200,1,[],probability_score_groups_ordinary_b200_s7101,779,0,2,609180,1.0,0.9974391805377721,2,781,0,1.0,0.9974391805377721,2,0,0,0,2,779,0,2,1.0,0.998719590268886,2,779,0,2,2,0,2,779,0,2,1.0,0.998719590268886,2
score_groups_ordinary_b200_s7101_c2,score_groups,ordinary,7101.0,200,2,[],probability_score_groups_ordinary_b200_s7101,779,0,2,609180,1.0,0.9974391805377721,2,781,0,1.0,0.9974391805377721,2,0,0,0,2,779,0,2,1.0,0.998719590268886,2,779,0,2,2,0,2,779,0,2,1.0,0.998719590268886,2
score_groups_ordinary_b200_s7101_c5,score_groups,ordinary,7101.0,200,5,[],probability_score_groups_ordinary_b200_s7101,779,0,2,609180,1.0,0.9974391805377721,2,781,0,1.0,0.9974391805377721,2,0,0,0,2,779,0,2,1.0,0.998719590268886,2,779,0,2,2,0,2,779,0,2,1.0,0.998719590268886,2
score_groups_repair_b200_s7101_c1,score_groups,repair,7101.0,200,1,[],probability_score_groups_repair_b200_s7101,779,0,2,609180,1.0,0.9974391805377721,2,781,0,1.0,0.9974391805377721,2,0,0,0,2,779,0,2,1.0,0.998719590268886,2,779,0,2,2,0,2,779,0,2,1.0,0.998719590268886,2
score_groups_repair_b200_s7101_c2,score_groups,repair,7101.0,200,2,[],probability_score_groups_repair_b200_s7101,779,0,2,609180,1.0,0.9974391805377721,2,781,0,1.0,0.9974391805377721,2,0,0,0,2,779,0,2,1.0,0.998719590268886,2,779,0,2,2,0,2,779,0,2,1.0,0.998719590268886,2
score_groups_repair_b200_s7101_c5,score_groups,repair,7101.0,200,5,[],probability_score_groups_repair_b200_s7101,779,0,2,609180,1.0,0.9974391805377721,2,781,0,1.0,0.9974391805377721,2,0,0,0,2,779,0,2,1.0,0.998719590268886,2,779,0,2,2,0,2,779,0,2,1.0,0.998719590268886,2
random_ordinary_b100_s7102_c1,random,ordinary,7102.0,100,1,[],probability_random_ordinary_b100_s7102,779,0,2,609180,1.0,0.9974391805377721,2,781,0,1.0,0.9974391805377721,2,0,0,0,2,779,0,2,1.0,0.998719590268886,2,779,0,2,2,0,2,779,0,2,1.0,0.998719590268886,2
random_ordinary_b100_s7102_c2,random,ordinary,7102.0,100,2,[],probability_random_ordinary_b100_s7102,779,0,2,609180,1.0,0.9974391805377721,2,781,0,1.0,0.9974391805377721,2,0,0,0,2,779,0,2,1.0,0.998719590268886,2,779,0,2,2,0,2,779,0,2,1.0,0.998719590268886,2
random_ordinary_b100_s7102_c5,random,ordinary,7102.0,100,5,[],probability_random_ordinary_b100_s7102,779,0,2,609180,1.0,0.9974391805377721,2,781,0,1.0,0.9974391805377721,2,0,0,0,2,779,0,2,1.0,0.998719590268886,2,779,0,2,2,0,2,779,0,2,1.0,0.998719590268886,2
random_repair_b100_s7102_c1,random,repair,7102.0,100,1,[],probability_random_repair_b100_s7102,779,0,2,609180,1.0,0.9974391805377721,2,781,0,1.0,0.9974391805377721,2,0,0,0,2,779,0,2,1.0,0.998719590268886,2,779,0,2,2,0,2,779,0,2,1.0,0.998719590268886,2
random_repair_b100_s7102_c2,random,repair,7102.0,100,2,[],probability_random_repair_b100_s7102,779,0,2,609180,1.0,0.9974391805377721,2,781,0,1.0,0.9974391805377721,2,0,0,0,2,779,0,2,1.0,0.998719590268886,2,779,0,2,2,0,2,779,0,2,1.0,0.998719590268886,2
random_repair_b100_s7102_c5,random,repair,7102.0,100,5,[],probability_random_repair_b100_s7102,779,0,2,609180,1.0,0.9974391805377721,2,781,0,1.0,0.9974391805377721,2,0,0,0,2,779,0,2,1.0,0.998719590268886,2,779,0,2,2,0,2,779,0,2,1.0,0.998719590268886,2
uncertainty_diversity_ordinary_b100_s7102_c1,uncertainty_diversity,ordinary,7102.0,100,1,[],probability_uncertainty_diversity_ordinary_b100_s7102,779,0,2,609180,1.0,0.9974391805377721,2,781,0,1.0,0.9974391805377721,2,0,0,0,2,779,0,2,1.0,0.998719590268886,2,779,0,2,2,0,2,779,0,2,1.0,0.998719590268886,2
uncertainty_diversity_ordinary_b100_s7102_c2,uncertainty_diversity,ordinary,7102.0,100,2,[],probability_uncertainty_diversity_ordinary_b100_s7102,779,0,2,609180,1.0,0.9974391805377721,2,781,0,1.0,0.9974391805377721,2,0,0,0,2,779,0,2,1.0,0.998719590268886,2,779,0,2,2,0,2,779,0,2,1.0,0.998719590268886,2
uncertainty_diversity_ordinary_b100_s7102_c5,uncertainty_diversity,ordinary,7102.0,100,5,[],probability_uncertainty_diversity_ordinary_b100_s7102,779,0,2,609180,1.0,0.9974391805377721,2,781,0,1.0,0.9974391805377721,2,0,0,0,2,779,0,2,1.0,0.998719590268886,2,779,0,2,2,0,2,779,0,2,1.0,0.998719590268886,2
uncertainty_diversity_repair_b100_s7102_c1,uncertainty_diversity,repair,7102.0,100,1,[],probability_uncertainty_diversity_repair_b100_s7102,779,0,2,609180,1.0,0.9974391805377721,2,781,0,1.0,0.9974391805377721,2,0,0,0,2,779,0,2,1.0,0.998719590268886,2,779,0,2,2,0,2,779,0,2,1.0,0.998719590268886,2
uncertainty_diversity_repair_b100_s7102_c2,uncertainty_diversity,repair,7102.0,100,2,[],probability_uncertainty_diversity_repair_b100_s7102,779,0,2,609180,1.0,0.9974391805377721,2,781,0,1.0,0.9974391805377721,2,0,0,0,2,779,0,2,1.0,0.998719590268886,2,779,0,2,2,0,2,779,0,2,1.0,0.998719590268886,2
uncertainty_diversity_repair_b100_s7102_c5,uncertainty_diversity,repair,7102.0,100,5,[],probability_uncertainty_diversity_repair_b100_s7102,779,0,2,609180,1.0,0.9974391805377721,2,781,0,1.0,0.9974391805377721,2,0,0,0,2,779,0,2,1.0,0.998719590268886,2,779,0,2,2,0,2,779,0,2,1.0,0.998719590268886,2
clusters_ordinary_b100_s7102_c1,clusters,ordinary,7102.0,100,1,[],probability_clusters_ordinary_b100_s7102,779,0,2,609180,1.0,0.9974391805377721,2,781,0,1.0,0.9974391805377721,2,0,0,0,2,779,0,2,1.0,0.998719590268886,2,779,0,2,2,0,2,779,0,2,1.0,0.998719590268886,2
clusters_ordinary_b100_s7102_c2,clusters,ordinary,7102.0,100,2,[],probability_clusters_ordinary_b100_s7102,779,0,2,609180,1.0,0.9974391805377721,2,781,0,1.0,0.9974391805377721,2,0,0,0,2,779,0,2,1.0,0.998719590268886,2,779,0,2,2,0,2,779,0,2,1.0,0.998719590268886,2
clusters_ordinary_b100_s7102_c5,clusters,ordinary,7102.0,100,5,[],probability_clusters_ordinary_b100_s7102,779,0,2,609180,1.0,0.9974391805377721,2,781,0,1.0,0.9974391805377721,2,0,0,0,2,779,0,2,1.0,0.998719590268886,2,779,0,2,2,0,2,779,0,2,1.0,0.998719590268886,2
clusters_repair_b100_s7102_c1,clusters,repair,7102.0,100,1,[],probability_clusters_repair_b100_s7102,779,0,2,609180,1.0,0.9974391805377721,2,781,0,1.0,0.9974391805377721,2,0,0,0,2,779,0,2,1.0,0.998719590268886,2,779,0,2,2,0,2,779,0,2,1.0,0.998719590268886,2
clusters_repair_b100_s7102_c2,clusters,repair,7102.0,100,2,[],probability_clusters_repair_b100_s7102,779,0,2,609180,1.0,0.9974391805377721,2,781,0,1.0,0.9974391805377721,2,0,0,0,2,779,0,2,1.0,0.998719590268886,2,779,0,2,2,0,2,779,0,2,1.0,0.998719590268886,2
clusters_repair_b100_s7102_c5,clusters,repair,7102.0,100,5,[],probability_clusters_repair_b100_s7102,779,0,2,609180,1.0,0.9974391805377721,2,781,0,1.0,0.9974391805377721,2,0,0,0,2,779,0,2,1.0,0.998719590268886,2,779,0,2,2,0,2,779,0,2,1.0,0.998719590268886,2
error_risk_ordinary_b100_s7102_c1,error_risk,ordinary,7102.0,100,1,[],probability_error_risk_ordinary_b100_s7102,779,0,2,609180,1.0,0.9974391805377721,2,781,0,1.0,0.9974391805377721,2,0,0,0,2,779,0,2,1.0,0.998719590268886,2,779,0,2,2,0,2,779,0,2,1.0,0.998719590268886,2
error_risk_ordinary_b100_s7102_c2,error_risk,ordinary,7102.0,100,2,[],probability_error_risk_ordinary_b100_s7102,779,0,2,609180,1.0,0.9974391805377721,2,781,0,1.0,0.9974391805377721,2,0,0,0,2,779,0,2,1.0,0.998719590268886,2,779,0,2,2,0,2,779,0,2,1.0,0.998719590268886,2
error_risk_ordinary_b100_s7102_c5,error_risk,ordinary,7102.0,100,5,[],probability_error_risk_ordinary_b100_s7102,779,0,2,609180,1.0,0.9974391805377721,2,781,0,1.0,0.9974391805377721,2,0,0,0,2,779,0,2,1.0,0.998719590268886,2,779,0,2,2,0,2,779,0,2,1.0,0.998719590268886,2
error_risk_repair_b100_s7102_c1,error_risk,repair,7102.0,100,1,[],probability_error_risk_repair_b100_s7102,779,0,2,609180,1.0,0.9974391805377721,2,781,0,1.0,0.9974391805377721,2,0,0,0,2,779,0,2,1.0,0.998719590268886,2,779,0,2,2,0,2,779,0,2,1.0,0.998719590268886,2
error_risk_repair_b100_s7102_c2,error_risk,repair,7102.0,100,2,[],probability_error_risk_repair_b100_s7102,779,0,2,609180,1.0,0.9974391805377721,2,781,0,1.0,0.9974391805377721,2,0,0,0,2,779,0,2,1.0,0.998719590268886,2,779,0,2,2,0,2,779,0,2,1.0,0.998719590268886,2
error_risk_repair_b100_s7102_c5,error_risk,repair,7102.0,100,5,[],probability_error_risk_repair_b100_s7102,779,0,2,609180,1.0,0.9974391805377721,2,781,0,1.0,0.9974391805377721,2,0,0,0,2,779,0,2,1.0,0.998719590268886,2,779,0,2,2,0,2,779,0,2,1.0,0.998719590268886,2
shuffled_clusters_ordinary_b100_s7102_c1,shuffled_clusters,ordinary,7102.0,100,1,[],probability_shuffled_clusters_ordinary_b100_s7102,779,0,2,609180,1.0,0.9974391805377721,2,781,0,1.0,0.9974391805377721,2,0,0,0,2,779,0,2,1.0,0.998719590268886,2,779,0,2,2,0,2,779,0,2,1.0,0.998719590268886,2
shuffled_clusters_ordinary_b100_s7102_c2,shuffled_clusters,ordinary,7102.0,100,2,[],probability_shuffled_clusters_ordinary_b100_s7102,779,0,2,609180,1.0,0.9974391805377721,2,781,0,1.0,0.9974391805377721,2,0,0,0,2,779,0,2,1.0,0.998719590268886,2,779,0,2,2,0,2,779,0,2,1.0,0.998719590268886,2
shuffled_clusters_ordinary_b100_s7102_c5,shuffled_clusters,ordinary,7102.0,100,5,[],probability_shuffled_clusters_ordinary_b100_s7102,779,0,2,609180,1.0,0.9974391805377721,2,781,0,1.0,0.9974391805377721,2,0,0,0,2,779,0,2,1.0,0.998719590268886,2,779,0,2,2,0,2,779,0,2,1.0,0.998719590268886,2
shuffled_clusters_repair_b100_s7102_c1,shuffled_clusters,repair,7102.0,100,1,[],probability_shuffled_clusters_repair_b100_s7102,779,0,2,609180,1.0,0.9974391805377721,2,781,0,1.0,0.9974391805377721,2,0,0,0,2,779,0,2,1.0,0.998719590268886,2,779,0,2,2,0,2,779,0,2,1.0,0.998719590268886,2
shuffled_clusters_repair_b100_s7102_c2,shuffled_clusters,repair,7102.0,100,2,[],probability_shuffled_clusters_repair_b100_s7102,779,0,2,609180,1.0,0.9974391805377721,2,781,0,1.0,0.9974391805377721,2,0,0,0,2,779,0,2,1.0,0.998719590268886,2,779,0,2,2,0,2,779,0,2,1.0,0.998719590268886,2
shuffled_clusters_repair_b100_s7102_c5,shuffled_clusters,repair,7102.0,100,5,[],probability_shuffled_clusters_repair_b100_s7102,779,0,2,609180,1.0,0.9974391805377721,2,781,0,1.0,0.9974391805377721,2,0,0,0,2,779,0,2,1.0,0.998719590268886,2,779,0,2,2,0,2,779,0,2,1.0,0.998719590268886,2
score_groups_ordinary_b100_s7102_c1,score_groups,ordinary,7102.0,100,1,[],probability_score_groups_ordinary_b100_s7102,779,0,2,609180,1.0,0.9974391805377721,2,781,0,1.0,0.9974391805377721,2,0,0,0,2,779,0,2,1.0,0.998719590268886,2,779,0,2,2,0,2,779,0,2,1.0,0.998719590268886,2
score_groups_ordinary_b100_s7102_c2,score_groups,ordinary,7102.0,100,2,[],probability_score_groups_ordinary_b100_s7102,779,0,2,609180,1.0,0.9974391805377721,2,781,0,1.0,0.9974391805377721,2,0,0,0,2,779,0,2,1.0,0.998719590268886,2,779,0,2,2,0,2,779,0,2,1.0,0.998719590268886,2
score_groups_ordinary_b100_s7102_c5,score_groups,ordinary,7102.0,100,5,[],probability_score_groups_ordinary_b100_s7102,779,0,2,609180,1.0,0.9974391805377721,2,781,0,1.0,0.9974391805377721,2,0,0,0,2,779,0,2,1.0,0.998719590268886,2,779,0,2,2,0,2,779,0,2,1.0,0.998719590268886,2
score_groups_repair_b100_s7102_c1,score_groups,repair,7102.0,100,1,[],probability_score_groups_repair_b100_s7102,779,0,2,609180,1.0,0.9974391805377721,2,781,0,1.0,0.9974391805377721,2,0,0,0,2,779,0,2,1.0,0.998719590268886,2,779,0,2,2,0,2,779,0,2,1.0,0.998719590268886,2
score_groups_repair_b100_s7102_c2,score_groups,repair,7102.0,100,2,[],probability_score_groups_repair_b100_s7102,779,0,2,609180,1.0,0.9974391805377721,2,781,0,1.0,0.9974391805377721,2,0,0,0,2,779,0,2,1.0,0.998719590268886,2,779,0,2,2,0,2,779,0,2,1.0,0.998719590268886,2
score_groups_repair_b100_s7102_c5,score_groups,repair,7102.0,100,5,[],probability_score_groups_repair_b100_s7102,779,0,2,609180,1.0,0.9974391805377721,2,781,0,1.0,0.9974391805377721,2,0,0,0,2,779,0,2,1.0,0.998719590268886,2,779,0,2,2,0,2,779,0,2,1.0,0.998719590268886,2
random_ordinary_b200_s7102_c1,random,ordinary,7102.0,200,1,[],probability_random_ordinary_b200_s7102,779,0,2,609180,1.0,0.9974391805377721,2,781,0,1.0,0.9974391805377721,2,0,0,0,2,779,0,2,1.0,0.998719590268886,2,779,0,2,2,0,2,779,0,2,1.0,0.998719590268886,2
random_ordinary_b200_s7102_c2,random,ordinary,7102.0,200,2,[],probability_random_ordinary_b200_s7102,779,0,2,609180,1.0,0.9974391805377721,2,781,0,1.0,0.9974391805377721,2,0,0,0,2,779,0,2,1.0,0.998719590268886,2,779,0,2,2,0,2,779,0,2,1.0,0.998719590268886,2
random_ordinary_b200_s7102_c5,random,ordinary,7102.0,200,5,[],probability_random_ordinary_b200_s7102,779,0,2,609180,1.0,0.9974391805377721,2,781,0,1.0,0.9974391805377721,2,0,0,0,2,779,0,2,1.0,0.998719590268886,2,779,0,2,2,0,2,779,0,2,1.0,0.998719590268886,2
random_repair_b200_s7102_c1,random,repair,7102.0,200,1,[],probability_random_repair_b200_s7102,779,0,2,609180,1.0,0.9974391805377721,2,781,0,1.0,0.9974391805377721,2,0,0,0,2,779,0,2,1.0,0.998719590268886,2,779,0,2,2,0,2,779,0,2,1.0,0.998719590268886,2
random_repair_b200_s7102_c2,random,repair,7102.0,200,2,[],probability_random_repair_b200_s7102,779,0,2,609180,1.0,0.9974391805377721,2,781,0,1.0,0.9974391805377721,2,0,0,0,2,779,0,2,1.0,0.998719590268886,2,779,0,2,2,0,2,779,0,2,1.0,0.998719590268886,2
random_repair_b200_s7102_c5,random,repair,7102.0,200,5,[],probability_random_repair_b200_s7102,779,0,2,609180,1.0,0.9974391805377721,2,781,0,1.0,0.9974391805377721,2,0,0,0,2,779,0,2,1.0,0.998719590268886,2,779,0,2,2,0,2,779,0,2,1.0,0.998719590268886,2
uncertainty_diversity_ordinary_b200_s7102_c1,uncertainty_diversity,ordinary,7102.0,200,1,[],probability_uncertainty_diversity_ordinary_b200_s7102,779,0,2,609180,1.0,0.9974391805377721,2,781,0,1.0,0.9974391805377721,2,0,0,0,2,779,0,2,1.0,0.998719590268886,2,779,0,2,2,0,2,779,0,2,1.0,0.998719590268886,2
uncertainty_diversity_ordinary_b200_s7102_c2,uncertainty_diversity,ordinary,7102.0,200,2,[],probability_uncertainty_diversity_ordinary_b200_s7102,779,0,2,609180,1.0,0.9974391805377721,2,781,0,1.0,0.9974391805377721,2,0,0,0,2,779,0,2,1.0,0.998719590268886,2,779,0,2,2,0,2,779,0,2,1.0,0.998719590268886,2
uncertainty_diversity_ordinary_b200_s7102_c5,uncertainty_diversity,ordinary,7102.0,200,5,[],probability_uncertainty_diversity_ordinary_b200_s7102,779,0,2,609180,1.0,0.9974391805377721,2,781,0,1.0,0.9974391805377721,2,0,0,0,2,779,0,2,1.0,0.998719590268886,2,779,0,2,2,0,2,779,0,2,1.0,0.998719590268886,2
uncertainty_diversity_repair_b200_s7102_c1,uncertainty_diversity,repair,7102.0,200,1,[],probability_uncertainty_diversity_repair_b200_s7102,779,0,2,609180,1.0,0.9974391805377721,2,781,0,1.0,0.9974391805377721,2,0,0,0,2,779,0,2,1.0,0.998719590268886,2,779,0,2,2,0,2,779,0,2,1.0,0.998719590268886,2
uncertainty_diversity_repair_b200_s7102_c2,uncertainty_diversity,repair,7102.0,200,2,[],probability_uncertainty_diversity_repair_b200_s7102,779,0,2,609180,1.0,0.9974391805377721,2,781,0,1.0,0.9974391805377721,2,0,0,0,2,779,0,2,1.0,0.998719590268886,2,779,0,2,2,0,2,779,0,2,1.0,0.998719590268886,2
uncertainty_diversity_repair_b200_s7102_c5,uncertainty_diversity,repair,7102.0,200,5,[],probability_uncertainty_diversity_repair_b200_s7102,779,0,2,609180,1.0,0.9974391805377721,2,781,0,1.0,0.9974391805377721,2,0,0,0,2,779,0,2,1.0,0.998719590268886,2,779,0,2,2,0,2,779,0,2,1.0,0.998719590268886,2
clusters_ordinary_b200_s7102_c1,clusters,ordinary,7102.0,200,1,[],probability_clusters_ordinary_b200_s7102,779,0,2,609180,1.0,0.9974391805377721,2,781,0,1.0,0.9974391805377721,2,0,0,0,2,779,0,2,1.0,0.998719590268886,2,779,0,2,2,0,2,779,0,2,1.0,0.998719590268886,2
clusters_ordinary_b200_s7102_c2,clusters,ordinary,7102.0,200,2,[],probability_clusters_ordinary_b200_s7102,779,0,2,609180,1.0,0.9974391805377721,2,781,0,1.0,0.9974391805377721,2,0,0,0,2,779,0,2,1.0,0.998719590268886,2,779,0,2,2,0,2,779,0,2,1.0,0.998719590268886,2
clusters_ordinary_b200_s7102_c5,clusters,ordinary,7102.0,200,5,[],probability_clusters_ordinary_b200_s7102,779,0,2,609180,1.0,0.9974391805377721,2,781,0,1.0,0.9974391805377721,2,0,0,0,2,779,0,2,1.0,0.998719590268886,2,779,0,2,2,0,2,779,0,2,1.0,0.998719590268886,2
clusters_repair_b200_s7102_c1,clusters,repair,7102.0,200,1,[],probability_clusters_repair_b200_s7102,779,0,2,609180,1.0,0.9974391805377721,2,781,0,1.0,0.9974391805377721,2,0,0,0,2,779,0,2,1.0,0.998719590268886,2,779,0,2,2,0,2,779,0,2,1.0,0.998719590268886,2
clusters_repair_b200_s7102_c2,clusters,repair,7102.0,200,2,[],probability_clusters_repair_b200_s7102,779,0,2,609180,1.0,0.9974391805377721,2,781,0,1.0,0.9974391805377721,2,0,0,0,2,779,0,2,1.0,0.998719590268886,2,779,0,2,2,0,2,779,0,2,1.0,0.998719590268886,2
clusters_repair_b200_s7102_c5,clusters,repair,7102.0,200,5,[],probability_clusters_repair_b200_s7102,779,0,2,609180,1.0,0.9974391805377721,2,781,0,1.0,0.9974391805377721,2,0,0,0,2,779,0,2,1.0,0.998719590268886,2,779,0,2,2,0,2,779,0,2,1.0,0.998719590268886,2
error_risk_ordinary_b200_s7102_c1,error_risk,ordinary,7102.0,200,1,[],probability_error_risk_ordinary_b200_s7102,779,0,2,609180,1.0,0.9974391805377721,2,781,0,1.0,0.9974391805377721,2,0,0,0,2,779,0,2,1.0,0.998719590268886,2,779,0,2,2,0,2,779,0,2,1.0,0.998719590268886,2
error_risk_ordinary_b200_s7102_c2,error_risk,ordinary,7102.0,200,2,[],probability_error_risk_ordinary_b200_s7102,779,0,2,609180,1.0,0.9974391805377721,2,781,0,1.0,0.9974391805377721,2,0,0,0,2,779,0,2,1.0,0.998719590268886,2,779,0,2,2,0,2,779,0,2,1.0,0.998719590268886,2
error_risk_ordinary_b200_s7102_c5,error_risk,ordinary,7102.0,200,5,[],probability_error_risk_ordinary_b200_s7102,779,0,2,609180,1.0,0.9974391805377721,2,781,0,1.0,0.9974391805377721,2,0,0,0,2,779,0,2,1.0,0.998719590268886,2,779,0,2,2,0,2,779,0,2,1.0,0.998719590268886,2
error_risk_repair_b200_s7102_c1,error_risk,repair,7102.0,200,1,[],probability_error_risk_repair_b200_s7102,779,0,2,609180,1.0,0.9974391805377721,2,781,0,1.0,0.9974391805377721,2,0,0,0,2,779,0,2,1.0,0.998719590268886,2,779,0,2,2,0,2,779,0,2,1.0,0.998719590268886,2
error_risk_repair_b200_s7102_c2,error_risk,repair,7102.0,200,2,[],probability_error_risk_repair_b200_s7102,779,0,2,609180,1.0,0.9974391805377721,2,781,0,1.0,0.9974391805377721,2,0,0,0,2,779,0,2,1.0,0.998719590268886,2,779,0,2,2,0,2,779,0,2,1.0,0.998719590268886,2
error_risk_repair_b200_s7102_c5,error_risk,repair,7102.0,200,5,[],probability_error_risk_repair_b200_s7102,779,0,2,609180,1.0,0.9974391805377721,2,781,0,1.0,0.9974391805377721,2,0,0,0,2,779,0,2,1.0,0.998719590268886,2,779,0,2,2,0,2,779,0,2,1.0,0.998719590268886,2
shuffled_clusters_ordinary_b200_s7102_c1,shuffled_clusters,ordinary,7102.0,200,1,[],probability_shuffled_clusters_ordinary_b200_s7102,779,0,2,609180,1.0,0.9974391805377721,2,781,0,1.0,0.9974391805377721,2,0,0,0,2,779,0,2,1.0,0.998719590268886,2,779,0,2,2,0,2,779,0,2,1.0,0.998719590268886,2
shuffled_clusters_ordinary_b200_s7102_c2,shuffled_clusters,ordinary,7102.0,200,2,[],probability_shuffled_clusters_ordinary_b200_s7102,779,0,2,609180,1.0,0.9974391805377721,2,781,0,1.0,0.9974391805377721,2,0,0,0,2,779,0,2,1.0,0.998719590268886,2,779,0,2,2,0,2,779,0,2,1.0,0.998719590268886,2
shuffled_clusters_ordinary_b200_s7102_c5,shuffled_clusters,ordinary,7102.0,200,5,[],probability_shuffled_clusters_ordinary_b200_s7102,779,0,2,609180,1.0,0.9974391805377721,2,781,0,1.0,0.9974391805377721,2,0,0,0,2,779,0,2,1.0,0.998719590268886,2,779,0,2,2,0,2,779,0,2,1.0,0.998719590268886,2
shuffled_clusters_repair_b200_s7102_c1,shuffled_clusters,repair,7102.0,200,1,[],probability_shuffled_clusters_repair_b200_s7102,779,0,2,609180,1.0,0.9974391805377721,2,781,0,1.0,0.9974391805377721,2,0,0,0,2,779,0,2,1.0,0.998719590268886,2,779,0,2,2,0,2,779,0,2,1.0,0.998719590268886,2
shuffled_clusters_repair_b200_s7102_c2,shuffled_clusters,repair,7102.0,200,2,[],probability_shuffled_clusters_repair_b200_s7102,779,0,2,609180,1.0,0.9974391805377721,2,781,0,1.0,0.9974391805377721,2,0,0,0,2,779,0,2,1.0,0.998719590268886,2,779,0,2,2,0,2,779,0,2,1.0,0.998719590268886,2
shuffled_clusters_repair_b200_s7102_c5,shuffled_clusters,repair,7102.0,200,5,[],probability_shuffled_clusters_repair_b200_s7102,779,0,2,609180,1.0,0.9974391805377721,2,781,0,1.0,0.9974391805377721,2,0,0,0,2,779,0,2,1.0,0.998719590268886,2,779,0,2,2,0,2,779,0,2,1.0,0.998719590268886,2
score_groups_ordinary_b200_s7102_c1,score_groups,ordinary,7102.0,200,1,[],probability_score_groups_ordinary_b200_s7102,779,0,2,609180,1.0,0.9974391805377721,2,781,0,1.0,0.9974391805377721,2,0,0,0,2,779,0,2,1.0,0.998719590268886,2,779,0,2,2,0,2,779,0,2,1.0,0.998719590268886,2
score_groups_ordinary_b200_s7102_c2,score_groups,ordinary,7102.0,200,2,[],probability_score_groups_ordinary_b200_s7102,779,0,2,609180,1.0,0.9974391805377721,2,781,0,1.0,0.9974391805377721,2,0,0,0,2,779,0,2,1.0,0.998719590268886,2,779,0,2,2,0,2,779,0,2,1.0,0.998719590268886,2
score_groups_ordinary_b200_s7102_c5,score_groups,ordinary,7102.0,200,5,[],probability_score_groups_ordinary_b200_s7102,779,0,2,609180,1.0,0.9974391805377721,2,781,0,1.0,0.9974391805377721,2,0,0,0,2,779,0,2,1.0,0.998719590268886,2,779,0,2,2,0,2,779,0,2,1.0,0.998719590268886,2
score_groups_repair_b200_s7102_c1,score_groups,repair,7102.0,200,1,[],probability_score_groups_repair_b200_s7102,779,0,2,609180,1.0,0.9974391805377721,2,781,0,1.0,0.9974391805377721,2,0,0,0,2,779,0,2,1.0,0.998719590268886,2,779,0,2,2,0,2,779,0,2,1.0,0.998719590268886,2
score_groups_repair_b200_s7102_c2,score_groups,repair,7102.0,200,2,[],probability_score_groups_repair_b200_s7102,779,0,2,609180,1.0,0.9974391805377721,2,781,0,1.0,0.9974391805377721,2,0,0,0,2,779,0,2,1.0,0.998719590268886,2,779,0,2,2,0,2,779,0,2,1.0,0.998719590268886,2
score_groups_repair_b200_s7102_c5,score_groups,repair,7102.0,200,5,[],probability_score_groups_repair_b200_s7102,779,0,2,609180,1.0,0.9974391805377721,2,781,0,1.0,0.9974391805377721,2,0,0,0,2,779,0,2,1.0,0.998719590268886,2,779,0,2,2,0,2,779,0,2,1.0,0.998719590268886,2
random_ordinary_b100_s7103_c1,random,ordinary,7103.0,100,1,[],probability_random_ordinary_b100_s7103,779,0,2,609180,1.0,0.9974391805377721,2,781,0,1.0,0.9974391805377721,2,0,0,0,2,779,0,2,1.0,0.998719590268886,2,779,0,2,2,0,2,779,0,2,1.0,0.998719590268886,2
random_ordinary_b100_s7103_c2,random,ordinary,7103.0,100,2,[],probability_random_ordinary_b100_s7103,779,0,2,609180,1.0,0.9974391805377721,2,781,0,1.0,0.9974391805377721,2,0,0,0,2,779,0,2,1.0,0.998719590268886,2,779,0,2,2,0,2,779,0,2,1.0,0.998719590268886,2
random_ordinary_b100_s7103_c5,random,ordinary,7103.0,100,5,[],probability_random_ordinary_b100_s7103,779,0,2,609180,1.0,0.9974391805377721,2,781,0,1.0,0.9974391805377721,2,0,0,0,2,779,0,2,1.0,0.998719590268886,2,779,0,2,2,0,2,779,0,2,1.0,0.998719590268886,2
random_repair_b100_s7103_c1,random,repair,7103.0,100,1,[],probability_random_repair_b100_s7103,779,0,2,609180,1.0,0.9974391805377721,2,781,0,1.0,0.9974391805377721,2,0,0,0,2,779,0,2,1.0,0.998719590268886,2,779,0,2,2,0,2,779,0,2,1.0,0.998719590268886,2
random_repair_b100_s7103_c2,random,repair,7103.0,100,2,[],probability_random_repair_b100_s7103,779,0,2,609180,1.0,0.9974391805377721,2,781,0,1.0,0.9974391805377721,2,0,0,0,2,779,0,2,1.0,0.998719590268886,2,779,0,2,2,0,2,779,0,2,1.0,0.998719590268886,2
random_repair_b100_s7103_c5,random,repair,7103.0,100,5,[],probability_random_repair_b100_s7103,779,0,2,609180,1.0,0.9974391805377721,2,781,0,1.0,0.9974391805377721,2,0,0,0,2,779,0,2,1.0,0.998719590268886,2,779,0,2,2,0,2,779,0,2,1.0,0.998719590268886,2
uncertainty_diversity_ordinary_b100_s7103_c1,uncertainty_diversity,ordinary,7103.0,100,1,[],probability_uncertainty_diversity_ordinary_b100_s7103,779,0,2,609180,1.0,0.9974391805377721,2,781,0,1.0,0.9974391805377721,2,0,0,0,2,779,0,2,1.0,0.998719590268886,2,779,0,2,2,0,2,779,0,2,1.0,0.998719590268886,2
uncertainty_diversity_ordinary_b100_s7103_c2,uncertainty_diversity,ordinary,7103.0,100,2,[],probability_uncertainty_diversity_ordinary_b100_s7103,779,0,2,609180,1.0,0.9974391805377721,2,781,0,1.0,0.9974391805377721,2,0,0,0,2,779,0,2,1.0,0.998719590268886,2,779,0,2,2,0,2,779,0,2,1.0,0.998719590268886,2
uncertainty_diversity_ordinary_b100_s7103_c5,uncertainty_diversity,ordinary,7103.0,100,5,[],probability_uncertainty_diversity_ordinary_b100_s7103,779,0,2,609180,1.0,0.9974391805377721,2,781,0,1.0,0.9974391805377721,2,0,0,0,2,779,0,2,1.0,0.998719590268886,2,779,0,2,2,0,2,779,0,2,1.0,0.998719590268886,2
uncertainty_diversity_repair_b100_s7103_c1,uncertainty_diversity,repair,7103.0,100,1,[],probability_uncertainty_diversity_repair_b100_s7103,779,0,2,609180,1.0,0.9974391805377721,2,781,0,1.0,0.9974391805377721,2,0,0,0,2,779,0,2,1.0,0.998719590268886,2,779,0,2,2,0,2,779,0,2,1.0,0.998719590268886,2
uncertainty_diversity_repair_b100_s7103_c2,uncertainty_diversity,repair,7103.0,100,2,[],probability_uncertainty_diversity_repair_b100_s7103,779,0,2,609180,1.0,0.9974391805377721,2,781,0,1.0,0.9974391805377721,2,0,0,0,2,779,0,2,1.0,0.998719590268886,2,779,0,2,2,0,2,779,0,2,1.0,0.998719590268886,2
uncertainty_diversity_repair_b100_s7103_c5,uncertainty_diversity,repair,7103.0,100,5,[],probability_uncertainty_diversity_repair_b100_s7103,779,0,2,609180,1.0,0.9974391805377721,2,781,0,1.0,0.9974391805377721,2,0,0,0,2,779,0,2,1.0,0.998719590268886,2,779,0,2,2,0,2,779,0,2,1.0,0.998719590268886,2
clusters_ordinary_b100_s7103_c1,clusters,ordinary,7103.0,100,1,[],probability_clusters_ordinary_b100_s7103,779,0,2,609180,1.0,0.9974391805377721,2,781,0,1.0,0.9974391805377721,2,0,0,0,2,779,0,2,1.0,0.998719590268886,2,779,0,2,2,0,2,779,0,2,1.0,0.998719590268886,2
clusters_ordinary_b100_s7103_c2,clusters,ordinary,7103.0,100,2,[],probability_clusters_ordinary_b100_s7103,779,0,2,609180,1.0,0.9974391805377721,2,781,0,1.0,0.9974391805377721,2,0,0,0,2,779,0,2,1.0,0.998719590268886,2,779,0,2,2,0,2,779,0,2,1.0,0.998719590268886,2
clusters_ordinary_b100_s7103_c5,clusters,ordinary,7103.0,100,5,[],probability_clusters_ordinary_b100_s7103,779,0,2,609180,1.0,0.9974391805377721,2,781,0,1.0,0.9974391805377721,2,0,0,0,2,779,0,2,1.0,0.998719590268886,2,779,0,2,2,0,2,779,0,2,1.0,0.998719590268886,2
clusters_repair_b100_s7103_c1,clusters,repair,7103.0,100,1,[],probability_clusters_repair_b100_s7103,779,0,2,609180,1.0,0.9974391805377721,2,781,0,1.0,0.9974391805377721,2,0,0,0,2,779,0,2,1.0,0.998719590268886,2,779,0,2,2,0,2,779,0,2,1.0,0.998719590268886,2
clusters_repair_b100_s7103_c2,clusters,repair,7103.0,100,2,[],probability_clusters_repair_b100_s7103,779,0,2,609180,1.0,0.9974391805377721,2,781,0,1.0,0.9974391805377721,2,0,0,0,2,779,0,2,1.0,0.998719590268886,2,779,0,2,2,0,2,779,0,2,1.0,0.998719590268886,2
clusters_repair_b100_s7103_c5,clusters,repair,7103.0,100,5,[],probability_clusters_repair_b100_s7103,779,0,2,609180,1.0,0.9974391805377721,2,781,0,1.0,0.9974391805377721,2,0,0,0,2,779,0,2,1.0,0.998719590268886,2,779,0,2,2,0,2,779,0,2,1.0,0.998719590268886,2
error_risk_ordinary_b100_s7103_c1,error_risk,ordinary,7103.0,100,1,[],probability_error_risk_ordinary_b100_s7103,779,0,2,609180,1.0,0.9974391805377721,2,781,0,1.0,0.9974391805377721,2,0,0,0,2,779,0,2,1.0,0.998719590268886,2,779,0,2,2,0,2,779,0,2,1.0,0.998719590268886,2
error_risk_ordinary_b100_s7103_c2,error_risk,ordinary,7103.0,100,2,[],probability_error_risk_ordinary_b100_s7103,779,0,2,609180,1.0,0.9974391805377721,2,781,0,1.0,0.9974391805377721,2,0,0,0,2,779,0,2,1.0,0.998719590268886,2,779,0,2,2,0,2,779,0,2,1.0,0.998719590268886,2
error_risk_ordinary_b100_s7103_c5,error_risk,ordinary,7103.0,100,5,[],probability_error_risk_ordinary_b100_s7103,779,0,2,609180,1.0,0.9974391805377721,2,781,0,1.0,0.9974391805377721,2,0,0,0,2,779,0,2,1.0,0.998719590268886,2,779,0,2,2,0,2,779,0,2,1.0,0.998719590268886,2
error_risk_repair_b100_s7103_c1,error_risk,repair,7103.0,100,1,[],probability_error_risk_repair_b100_s7103,779,0,2,609180,1.0,0.9974391805377721,2,781,0,1.0,0.9974391805377721,2,0,0,0,2,779,0,2,1.0,0.998719590268886,2,779,0,2,2,0,2,779,0,2,1.0,0.998719590268886,2
error_risk_repair_b100_s7103_c2,error_risk,repair,7103.0,100,2,[],probability_error_risk_repair_b100_s7103,779,0,2,609180,1.0,0.9974391805377721,2,781,0,1.0,0.9974391805377721,2,0,0,0,2,779,0,2,1.0,0.998719590268886,2,779,0,2,2,0,2,779,0,2,1.0,0.998719590268886,2
error_risk_repair_b100_s7103_c5,error_risk,repair,7103.0,100,5,[],probability_error_risk_repair_b100_s7103,779,0,2,609180,1.0,0.9974391805377721,2,781,0,1.0,0.9974391805377721,2,0,0,0,2,779,0,2,1.0,0.998719590268886,2,779,0,2,2,0,2,779,0,2,1.0,0.998719590268886,2
shuffled_clusters_ordinary_b100_s7103_c1,shuffled_clusters,ordinary,7103.0,100,1,[],probability_shuffled_clusters_ordinary_b100_s7103,779,0,2,609180,1.0,0.9974391805377721,2,781,0,1.0,0.9974391805377721,2,0,0,0,2,779,0,2,1.0,0.998719590268886,2,779,0,2,2,0,2,779,0,2,1.0,0.998719590268886,2
shuffled_clusters_ordinary_b100_s7103_c2,shuffled_clusters,ordinary,7103.0,100,2,[],probability_shuffled_clusters_ordinary_b100_s7103,779,0,2,609180,1.0,0.9974391805377721,2,781,0,1.0,0.9974391805377721,2,0,0,0,2,779,0,2,1.0,0.998719590268886,2,779,0,2,2,0,2,779,0,2,1.0,0.998719590268886,2
shuffled_clusters_ordinary_b100_s7103_c5,shuffled_clusters,ordinary,7103.0,100,5,[],probability_shuffled_clusters_ordinary_b100_s7103,779,0,2,609180,1.0,0.9974391805377721,2,781,0,1.0,0.9974391805377721,2,0,0,0,2,779,0,2,1.0,0.998719590268886,2,779,0,2,2,0,2,779,0,2,1.0,0.998719590268886,2
shuffled_clusters_repair_b100_s7103_c1,shuffled_clusters,repair,7103.0,100,1,[],probability_shuffled_clusters_repair_b100_s7103,779,0,2,609180,1.0,0.9974391805377721,2,781,0,1.0,0.9974391805377721,2,0,0,0,2,779,0,2,1.0,0.998719590268886,2,779,0,2,2,0,2,779,0,2,1.0,0.998719590268886,2
shuffled_clusters_repair_b100_s7103_c2,shuffled_clusters,repair,7103.0,100,2,[],probability_shuffled_clusters_repair_b100_s7103,779,0,2,609180,1.0,0.9974391805377721,2,781,0,1.0,0.9974391805377721,2,0,0,0,2,779,0,2,1.0,0.998719590268886,2,779,0,2,2,0,2,779,0,2,1.0,0.998719590268886,2
shuffled_clusters_repair_b100_s7103_c5,shuffled_clusters,repair,7103.0,100,5,[],probability_shuffled_clusters_repair_b100_s7103,779,0,2,609180,1.0,0.9974391805377721,2,781,0,1.0,0.9974391805377721,2,0,0,0,2,779,0,2,1.0,0.998719590268886,2,779,0,2,2,0,2,779,0,2,1.0,0.998719590268886,2
score_groups_ordinary_b100_s7103_c1,score_groups,ordinary,7103.0,100,1,[],probability_score_groups_ordinary_b100_s7103,779,0,2,609180,1.0,0.9974391805377721,2,781,0,1.0,0.9974391805377721,2,0,0,0,2,779,0,2,1.0,0.998719590268886,2,779,0,2,2,0,2,779,0,2,1.0,0.998719590268886,2
score_groups_ordinary_b100_s7103_c2,score_groups,ordinary,7103.0,100,2,[],probability_score_groups_ordinary_b100_s7103,779,0,2,609180,1.0,0.9974391805377721,2,781,0,1.0,0.9974391805377721,2,0,0,0,2,779,0,2,1.0,0.998719590268886,2,779,0,2,2,0,2,779,0,2,1.0,0.998719590268886,2
score_groups_ordinary_b100_s7103_c5,score_groups,ordinary,7103.0,100,5,[],probability_score_groups_ordinary_b100_s7103,779,0,2,609180,1.0,0.9974391805377721,2,781,0,1.0,0.9974391805377721,2,0,0,0,2,779,0,2,1.0,0.998719590268886,2,779,0,2,2,0,2,779,0,2,1.0,0.998719590268886,2
score_groups_repair_b100_s7103_c1,score_groups,repair,7103.0,100,1,[],probability_score_groups_repair_b100_s7103,779,0,2,609180,1.0,0.9974391805377721,2,781,0,1.0,0.9974391805377721,2,0,0,0,2,779,0,2,1.0,0.998719590268886,2,779,0,2,2,0,2,779,0,2,1.0,0.998719590268886,2
score_groups_repair_b100_s7103_c2,score_groups,repair,7103.0,100,2,[],probability_score_groups_repair_b100_s7103,779,0,2,609180,1.0,0.9974391805377721,2,781,0,1.0,0.9974391805377721,2,0,0,0,2,779,0,2,1.0,0.998719590268886,2,779,0,2,2,0,2,779,0,2,1.0,0.998719590268886,2
score_groups_repair_b100_s7103_c5,score_groups,repair,7103.0,100,5,[],probability_score_groups_repair_b100_s7103,779,0,2,609180,1.0,0.9974391805377721,2,781,0,1.0,0.9974391805377721,2,0,0,0,2,779,0,2,1.0,0.998719590268886,2,779,0,2,2,0,2,779,0,2,1.0,0.998719590268886,2
random_ordinary_b200_s7103_c1,random,ordinary,7103.0,200,1,[],probability_random_ordinary_b200_s7103,779,0,2,609180,1.0,0.9974391805377721,2,781,0,1.0,0.9974391805377721,2,0,0,0,2,779,0,2,1.0,0.998719590268886,2,779,0,2,2,0,2,779,0,2,1.0,0.998719590268886,2
random_ordinary_b200_s7103_c2,random,ordinary,7103.0,200,2,[],probability_random_ordinary_b200_s7103,779,0,2,609180,1.0,0.9974391805377721,2,781,0,1.0,0.9974391805377721,2,0,0,0,2,779,0,2,1.0,0.998719590268886,2,779,0,2,2,0,2,779,0,2,1.0,0.998719590268886,2
random_ordinary_b200_s7103_c5,random,ordinary,7103.0,200,5,[],probability_random_ordinary_b200_s7103,779,0,2,609180,1.0,0.9974391805377721,2,781,0,1.0,0.9974391805377721,2,0,0,0,2,779,0,2,1.0,0.998719590268886,2,779,0,2,2,0,2,779,0,2,1.0,0.998719590268886,2
random_repair_b200_s7103_c1,random,repair,7103.0,200,1,[],probability_random_repair_b200_s7103,779,0,2,609180,1.0,0.9974391805377721,2,781,0,1.0,0.9974391805377721,2,0,0,0,2,779,0,2,1.0,0.998719590268886,2,779,0,2,2,0,2,779,0,2,1.0,0.998719590268886,2
random_repair_b200_s7103_c2,random,repair,7103.0,200,2,[],probability_random_repair_b200_s7103,779,0,2,609180,1.0,0.9974391805377721,2,781,0,1.0,0.9974391805377721,2,0,0,0,2,779,0,2,1.0,0.998719590268886,2,779,0,2,2,0,2,779,0,2,1.0,0.998719590268886,2
random_repair_b200_s7103_c5,random,repair,7103.0,200,5,[],probability_random_repair_b200_s7103,779,0,2,609180,1.0,0.9974391805377721,2,781,0,1.0,0.9974391805377721,2,0,0,0,2,779,0,2,1.0,0.998719590268886,2,779,0,2,2,0,2,779,0,2,1.0,0.998719590268886,2
uncertainty_diversity_ordinary_b200_s7103_c1,uncertainty_diversity,ordinary,7103.0,200,1,[],probability_uncertainty_diversity_ordinary_b200_s7103,779,0,2,609180,1.0,0.9974391805377721,2,781,0,1.0,0.9974391805377721,2,0,0,0,2,779,0,2,1.0,0.998719590268886,2,779,0,2,2,0,2,779,0,2,1.0,0.998719590268886,2
uncertainty_diversity_ordinary_b200_s7103_c2,uncertainty_diversity,ordinary,7103.0,200,2,[],probability_uncertainty_diversity_ordinary_b200_s7103,779,0,2,609180,1.0,0.9974391805377721,2,781,0,1.0,0.9974391805377721,2,0,0,0,2,779,0,2,1.0,0.998719590268886,2,779,0,2,2,0,2,779,0,2,1.0,0.998719590268886,2
uncertainty_diversity_ordinary_b200_s7103_c5,uncertainty_diversity,ordinary,7103.0,200,5,[],probability_uncertainty_diversity_ordinary_b200_s7103,779,0,2,609180,1.0,0.9974391805377721,2,781,0,1.0,0.9974391805377721,2,0,0,0,2,779,0,2,1.0,0.998719590268886,2,779,0,2,2,0,2,779,0,2,1.0,0.998719590268886,2
uncertainty_diversity_repair_b200_s7103_c1,uncertainty_diversity,repair,7103.0,200,1,[],probability_uncertainty_diversity_repair_b200_s7103,779,0,2,609180,1.0,0.9974391805377721,2,781,0,1.0,0.9974391805377721,2,0,0,0,2,779,0,2,1.0,0.998719590268886,2,779,0,2,2,0,2,779,0,2,1.0,0.998719590268886,2
uncertainty_diversity_repair_b200_s7103_c2,uncertainty_diversity,repair,7103.0,200,2,[],probability_uncertainty_diversity_repair_b200_s7103,779,0,2,609180,1.0,0.9974391805377721,2,781,0,1.0,0.9974391805377721,2,0,0,0,2,779,0,2,1.0,0.998719590268886,2,779,0,2,2,0,2,779,0,2,1.0,0.998719590268886,2
uncertainty_diversity_repair_b200_s7103_c5,uncertainty_diversity,repair,7103.0,200,5,[],probability_uncertainty_diversity_repair_b200_s7103,779,0,2,609180,1.0,0.9974391805377721,2,781,0,1.0,0.9974391805377721,2,0,0,0,2,779,0,2,1.0,0.998719590268886,2,779,0,2,2,0,2,779,0,2,1.0,0.998719590268886,2
clusters_ordinary_b200_s7103_c1,clusters,ordinary,7103.0,200,1,[],probability_clusters_ordinary_b200_s7103,779,0,2,609180,1.0,0.9974391805377721,2,781,0,1.0,0.9974391805377721,2,0,0,0,2,779,0,2,1.0,0.998719590268886,2,779,0,2,2,0,2,779,0,2,1.0,0.998719590268886,2
clusters_ordinary_b200_s7103_c2,clusters,ordinary,7103.0,200,2,[],probability_clusters_ordinary_b200_s7103,779,0,2,609180,1.0,0.9974391805377721,2,781,0,1.0,0.9974391805377721,2,0,0,0,2,779,0,2,1.0,0.998719590268886,2,779,0,2,2,0,2,779,0,2,1.0,0.998719590268886,2
clusters_ordinary_b200_s7103_c5,clusters,ordinary,7103.0,200,5,[],probability_clusters_ordinary_b200_s7103,779,0,2,609180,1.0,0.9974391805377721,2,781,0,1.0,0.9974391805377721,2,0,0,0,2,779,0,2,1.0,0.998719590268886,2,779,0,2,2,0,2,779,0,2,1.0,0.998719590268886,2
clusters_repair_b200_s7103_c1,clusters,repair,7103.0,200,1,[],probability_clusters_repair_b200_s7103,779,0,2,609180,1.0,0.9974391805377721,2,781,0,1.0,0.9974391805377721,2,0,0,0,2,779,0,2,1.0,0.998719590268886,2,779,0,2,2,0,2,779,0,2,1.0,0.998719590268886,2
clusters_repair_b200_s7103_c2,clusters,repair,7103.0,200,2,[],probability_clusters_repair_b200_s7103,779,0,2,609180,1.0,0.9974391805377721,2,781,0,1.0,0.9974391805377721,2,0,0,0,2,779,0,2,1.0,0.998719590268886,2,779,0,2,2,0,2,779,0,2,1.0,0.998719590268886,2
clusters_repair_b200_s7103_c5,clusters,repair,7103.0,200,5,[],probability_clusters_repair_b200_s7103,779,0,2,609180,1.0,0.9974391805377721,2,781,0,1.0,0.9974391805377721,2,0,0,0,2,779,0,2,1.0,0.998719590268886,2,779,0,2,2,0,2,779,0,2,1.0,0.998719590268886,2
error_risk_ordinary_b200_s7103_c1,error_risk,ordinary,7103.0,200,1,[],probability_error_risk_ordinary_b200_s7103,779,0,2,609180,1.0,0.9974391805377721,2,781,0,1.0,0.9974391805377721,2,0,0,0,2,779,0,2,1.0,0.998719590268886,2,779,0,2,2,0,2,779,0,2,1.0,0.998719590268886,2
error_risk_ordinary_b200_s7103_c2,error_risk,ordinary,7103.0,200,2,[],probability_error_risk_ordinary_b200_s7103,779,0,2,609180,1.0,0.9974391805377721,2,781,0,1.0,0.9974391805377721,2,0,0,0,2,779,0,2,1.0,0.998719590268886,2,779,0,2,2,0,2,779,0,2,1.0,0.998719590268886,2
error_risk_ordinary_b200_s7103_c5,error_risk,ordinary,7103.0,200,5,[],probability_error_risk_ordinary_b200_s7103,779,0,2,609180,1.0,0.9974391805377721,2,781,0,1.0,0.9974391805377721,2,0,0,0,2,779,0,2,1.0,0.998719590268886,2,779,0,2,2,0,2,779,0,2,1.0,0.998719590268886,2
error_risk_repair_b200_s7103_c1,error_risk,repair,7103.0,200,1,[],probability_error_risk_repair_b200_s7103,779,0,2,609180,1.0,0.9974391805377721,2,781,0,1.0,0.9974391805377721,2,0,0,0,2,779,0,2,1.0,0.998719590268886,2,779,0,2,2,0,2,779,0,2,1.0,0.998719590268886,2
error_risk_repair_b200_s7103_c2,error_risk,repair,7103.0,200,2,[],probability_error_risk_repair_b200_s7103,779,0,2,609180,1.0,0.9974391805377721,2,781,0,1.0,0.9974391805377721,2,0,0,0,2,779,0,2,1.0,0.998719590268886,2,779,0,2,2,0,2,779,0,2,1.0,0.998719590268886,2
error_risk_repair_b200_s7103_c5,error_risk,repair,7103.0,200,5,[],probability_error_risk_repair_b200_s7103,779,0,2,609180,1.0,0.9974391805377721,2,781,0,1.0,0.9974391805377721,2,0,0,0,2,779,0,2,1.0,0.998719590268886,2,779,0,2,2,0,2,779,0,2,1.0,0.998719590268886,2
shuffled_clusters_ordinary_b200_s7103_c1,shuffled_clusters,ordinary,7103.0,200,1,[],probability_shuffled_clusters_ordinary_b200_s7103,779,0,2,609180,1.0,0.9974391805377721,2,781,0,1.0,0.9974391805377721,2,0,0,0,2,779,0,2,1.0,0.998719590268886,2,779,0,2,2,0,2,779,0,2,1.0,0.998719590268886,2
shuffled_clusters_ordinary_b200_s7103_c2,shuffled_clusters,ordinary,7103.0,200,2,[],probability_shuffled_clusters_ordinary_b200_s7103,779,0,2,609180,1.0,0.9974391805377721,2,781,0,1.0,0.9974391805377721,2,0,0,0,2,779,0,2,1.0,0.998719590268886,2,779,0,2,2,0,2,779,0,2,1.0,0.998719590268886,2
shuffled_clusters_ordinary_b200_s7103_c5,shuffled_clusters,ordinary,7103.0,200,5,[],probability_shuffled_clusters_ordinary_b200_s7103,779,0,2,609180,1.0,0.9974391805377721,2,781,0,1.0,0.9974391805377721,2,0,0,0,2,779,0,2,1.0,0.998719590268886,2,779,0,2,2,0,2,779,0,2,1.0,0.998719590268886,2
shuffled_clusters_repair_b200_s7103_c1,shuffled_clusters,repair,7103.0,200,1,[],probability_shuffled_clusters_repair_b200_s7103,779,0,2,609180,1.0,0.9974391805377721,2,781,0,1.0,0.9974391805377721,2,0,0,0,2,779,0,2,1.0,0.998719590268886,2,779,0,2,2,0,2,779,0,2,1.0,0.998719590268886,2
shuffled_clusters_repair_b200_s7103_c2,shuffled_clusters,repair,7103.0,200,2,[],probability_shuffled_clusters_repair_b200_s7103,779,0,2,609180,1.0,0.9974391805377721,2,781,0,1.0,0.9974391805377721,2,0,0,0,2,779,0,2,1.0,0.998719590268886,2,779,0,2,2,0,2,779,0,2,1.0,0.998719590268886,2
shuffled_clusters_repair_b200_s7103_c5,shuffled_clusters,repair,7103.0,200,5,[],probability_shuffled_clusters_repair_b200_s7103,779,0,2,609180,1.0,0.9974391805377721,2,781,0,1.0,0.9974391805377721,2,0,0,0,2,779,0,2,1.0,0.998719590268886,2,779,0,2,2,0,2,779,0,2,1.0,0.998719590268886,2
score_groups_ordinary_b200_s7103_c1,score_groups,ordinary,7103.0,200,1,[],probability_score_groups_ordinary_b200_s7103,779,0,2,609180,1.0,0.9974391805377721,2,781,0,1.0,0.9974391805377721,2,0,0,0,2,779,0,2,1.0,0.998719590268886,2,779,0,2,2,0,2,779,0,2,1.0,0.998719590268886,2
score_groups_ordinary_b200_s7103_c2,score_groups,ordinary,7103.0,200,2,[],probability_score_groups_ordinary_b200_s7103,779,0,2,609180,1.0,0.9974391805377721,2,781,0,1.0,0.9974391805377721,2,0,0,0,2,779,0,2,1.0,0.998719590268886,2,779,0,2,2,0,2,779,0,2,1.0,0.998719590268886,2
score_groups_ordinary_b200_s7103_c5,score_groups,ordinary,7103.0,200,5,[],probability_score_groups_ordinary_b200_s7103,779,0,2,609180,1.0,0.9974391805377721,2,781,0,1.0,0.9974391805377721,2,0,0,0,2,779,0,2,1.0,0.998719590268886,2,779,0,2,2,0,2,779,0,2,1.0,0.998719590268886,2
score_groups_repair_b200_s7103_c1,score_groups,repair,7103.0,200,1,[],probability_score_groups_repair_b200_s7103,779,0,2,609180,1.0,0.9974391805377721,2,781,0,1.0,0.9974391805377721,2,0,0,0,2,779,0,2,1.0,0.998719590268886,2,779,0,2,2,0,2,779,0,2,1.0,0.998719590268886,2
score_groups_repair_b200_s7103_c2,score_groups,repair,7103.0,200,2,[],probability_score_groups_repair_b200_s7103,779,0,2,609180,1.0,0.9974391805377721,2,781,0,1.0,0.9974391805377721,2,0,0,0,2,779,0,2,1.0,0.998719590268886,2,779,0,2,2,0,2,779,0,2,1.0,0.998719590268886,2
score_groups_repair_b200_s7103_c5,score_groups,repair,7103.0,200,5,[],probability_score_groups_repair_b200_s7103,779,0,2,609180,1.0,0.9974391805377721,2,781,0,1.0,0.9974391805377721,2,0,0,0,2,779,0,2,1.0,0.998719590268886,2,779,0,2,2,0,2,779,0,2,1.0,0.998719590268886,2
random_ordinary_b100_s7104_c1,random,ordinary,7104.0,100,1,[],probability_random_ordinary_b100_s7104,779,0,2,609180,1.0,0.9974391805377721,2,781,0,1.0,0.9974391805377721,2,0,0,0,2,779,0,2,1.0,0.998719590268886,2,779,0,2,2,0,2,779,0,2,1.0,0.998719590268886,2
random_ordinary_b100_s7104_c2,random,ordinary,7104.0,100,2,[],probability_random_ordinary_b100_s7104,779,0,2,609180,1.0,0.9974391805377721,2,781,0,1.0,0.9974391805377721,2,0,0,0,2,779,0,2,1.0,0.998719590268886,2,779,0,2,2,0,2,779,0,2,1.0,0.998719590268886,2
random_ordinary_b100_s7104_c5,random,ordinary,7104.0,100,5,[],probability_random_ordinary_b100_s7104,779,0,2,609180,1.0,0.9974391805377721,2,781,0,1.0,0.9974391805377721,2,0,0,0,2,779,0,2,1.0,0.998719590268886,2,779,0,2,2,0,2,779,0,2,1.0,0.998719590268886,2
random_repair_b100_s7104_c1,random,repair,7104.0,100,1,[],probability_random_repair_b100_s7104,779,0,2,609180,1.0,0.9974391805377721,2,781,0,1.0,0.9974391805377721,2,0,0,0,2,779,0,2,1.0,0.998719590268886,2,779,0,2,2,0,2,779,0,2,1.0,0.998719590268886,2
random_repair_b100_s7104_c2,random,repair,7104.0,100,2,[],probability_random_repair_b100_s7104,779,0,2,609180,1.0,0.9974391805377721,2,781,0,1.0,0.9974391805377721,2,0,0,0,2,779,0,2,1.0,0.998719590268886,2,779,0,2,2,0,2,779,0,2,1.0,0.998719590268886,2
random_repair_b100_s7104_c5,random,repair,7104.0,100,5,[],probability_random_repair_b100_s7104,779,0,2,609180,1.0,0.9974391805377721,2,781,0,1.0,0.9974391805377721,2,0,0,0,2,779,0,2,1.0,0.998719590268886,2,779,0,2,2,0,2,779,0,2,1.0,0.998719590268886,2
uncertainty_diversity_ordinary_b100_s7104_c1,uncertainty_diversity,ordinary,7104.0,100,1,[],probability_uncertainty_diversity_ordinary_b100_s7104,779,0,2,609180,1.0,0.9974391805377721,2,781,0,1.0,0.9974391805377721,2,0,0,0,2,779,0,2,1.0,0.998719590268886,2,779,0,2,2,0,2,779,0,2,1.0,0.998719590268886,2
uncertainty_diversity_ordinary_b100_s7104_c2,uncertainty_diversity,ordinary,7104.0,100,2,[],probability_uncertainty_diversity_ordinary_b100_s7104,779,0,2,609180,1.0,0.9974391805377721,2,781,0,1.0,0.9974391805377721,2,0,0,0,2,779,0,2,1.0,0.998719590268886,2,779,0,2,2,0,2,779,0,2,1.0,0.998719590268886,2
uncertainty_diversity_ordinary_b100_s7104_c5,uncertainty_diversity,ordinary,7104.0,100,5,[],probability_uncertainty_diversity_ordinary_b100_s7104,779,0,2,609180,1.0,0.9974391805377721,2,781,0,1.0,0.9974391805377721,2,0,0,0,2,779,0,2,1.0,0.998719590268886,2,779,0,2,2,0,2,779,0,2,1.0,0.998719590268886,2
uncertainty_diversity_repair_b100_s7104_c1,uncertainty_diversity,repair,7104.0,100,1,[],probability_uncertainty_diversity_repair_b100_s7104,779,0,2,609180,1.0,0.9974391805377721,2,781,0,1.0,0.9974391805377721,2,0,0,0,2,779,0,2,1.0,0.998719590268886,2,779,0,2,2,0,2,779,0,2,1.0,0.998719590268886,2
uncertainty_diversity_repair_b100_s7104_c2,uncertainty_diversity,repair,7104.0,100,2,[],probability_uncertainty_diversity_repair_b100_s7104,779,0,2,609180,1.0,0.9974391805377721,2,781,0,1.0,0.9974391805377721,2,0,0,0,2,779,0,2,1.0,0.998719590268886,2,779,0,2,2,0,2,779,0,2,1.0,0.998719590268886,2
uncertainty_diversity_repair_b100_s7104_c5,uncertainty_diversity,repair,7104.0,100,5,[],probability_uncertainty_diversity_repair_b100_s7104,779,0,2,609180,1.0,0.9974391805377721,2,781,0,1.0,0.9974391805377721,2,0,0,0,2,779,0,2,1.0,0.998719590268886,2,779,0,2,2,0,2,779,0,2,1.0,0.998719590268886,2
clusters_ordinary_b100_s7104_c1,clusters,ordinary,7104.0,100,1,[],probability_clusters_ordinary_b100_s7104,779,0,2,609180,1.0,0.9974391805377721,2,781,0,1.0,0.9974391805377721,2,0,0,0,2,779,0,2,1.0,0.998719590268886,2,779,0,2,2,0,2,779,0,2,1.0,0.998719590268886,2
clusters_ordinary_b100_s7104_c2,clusters,ordinary,7104.0,100,2,[],probability_clusters_ordinary_b100_s7104,779,0,2,609180,1.0,0.9974391805377721,2,781,0,1.0,0.9974391805377721,2,0,0,0,2,779,0,2,1.0,0.998719590268886,2,779,0,2,2,0,2,779,0,2,1.0,0.998719590268886,2
clusters_ordinary_b100_s7104_c5,clusters,ordinary,7104.0,100,5,[],probability_clusters_ordinary_b100_s7104,779,0,2,609180,1.0,0.9974391805377721,2,781,0,1.0,0.9974391805377721,2,0,0,0,2,779,0,2,1.0,0.998719590268886,2,779,0,2,2,0,2,779,0,2,1.0,0.998719590268886,2
clusters_repair_b100_s7104_c1,clusters,repair,7104.0,100,1,[],probability_clusters_repair_b100_s7104,779,0,2,609180,1.0,0.9974391805377721,2,781,0,1.0,0.9974391805377721,2,0,0,0,2,779,0,2,1.0,0.998719590268886,2,779,0,2,2,0,2,779,0,2,1.0,0.998719590268886,2
clusters_repair_b100_s7104_c2,clusters,repair,7104.0,100,2,[],probability_clusters_repair_b100_s7104,779,0,2,609180,1.0,0.9974391805377721,2,781,0,1.0,0.9974391805377721,2,0,0,0,2,779,0,2,1.0,0.998719590268886,2,779,0,2,2,0,2,779,0,2,1.0,0.998719590268886,2
clusters_repair_b100_s7104_c5,clusters,repair,7104.0,100,5,[],probability_clusters_repair_b100_s7104,779,0,2,609180,1.0,0.9974391805377721,2,781,0,1.0,0.9974391805377721,2,0,0,0,2,779,0,2,1.0,0.998719590268886,2,779,0,2,2,0,2,779,0,2,1.0,0.998719590268886,2
error_risk_ordinary_b100_s7104_c1,error_risk,ordinary,7104.0,100,1,[],probability_error_risk_ordinary_b100_s7104,779,0,2,609180,1.0,0.9974391805377721,2,781,0,1.0,0.9974391805377721,2,0,0,0,2,779,0,2,1.0,0.998719590268886,2,779,0,2,2,0,2,779,0,2,1.0,0.998719590268886,2
error_risk_ordinary_b100_s7104_c2,error_risk,ordinary,7104.0,100,2,[],probability_error_risk_ordinary_b100_s7104,779,0,2,609180,1.0,0.9974391805377721,2,781,0,1.0,0.9974391805377721,2,0,0,0,2,779,0,2,1.0,0.998719590268886,2,779,0,2,2,0,2,779,0,2,1.0,0.998719590268886,2
error_risk_ordinary_b100_s7104_c5,error_risk,ordinary,7104.0,100,5,[],probability_error_risk_ordinary_b100_s7104,779,0,2,609180,1.0,0.9974391805377721,2,781,0,1.0,0.9974391805377721,2,0,0,0,2,779,0,2,1.0,0.998719590268886,2,779,0,2,2,0,2,779,0,2,1.0,0.998719590268886,2
error_risk_repair_b100_s7104_c1,error_risk,repair,7104.0,100,1,[],probability_error_risk_repair_b100_s7104,779,0,2,609180,1.0,0.9974391805377721,2,781,0,1.0,0.9974391805377721,2,0,0,0,2,779,0,2,1.0,0.998719590268886,2,779,0,2,2,0,2,779,0,2,1.0,0.998719590268886,2
error_risk_repair_b100_s7104_c2,error_risk,repair,7104.0,100,2,[],probability_error_risk_repair_b100_s7104,779,0,2,609180,1.0,0.9974391805377721,2,781,0,1.0,0.9974391805377721,2,0,0,0,2,779,0,2,1.0,0.998719590268886,2,779,0,2,2,0,2,779,0,2,1.0,0.998719590268886,2
error_risk_repair_b100_s7104_c5,error_risk,repair,7104.0,100,5,[],probability_error_risk_repair_b100_s7104,779,0,2,609180,1.0,0.9974391805377721,2,781,0,1.0,0.9974391805377721,2,0,0,0,2,779,0,2,1.0,0.998719590268886,2,779,0,2,2,0,2,779,0,2,1.0,0.998719590268886,2
shuffled_clusters_ordinary_b100_s7104_c1,shuffled_clusters,ordinary,7104.0,100,1,[],probability_shuffled_clusters_ordinary_b100_s7104,779,0,2,609180,1.0,0.9974391805377721,2,781,0,1.0,0.9974391805377721,2,0,0,0,2,779,0,2,1.0,0.998719590268886,2,779,0,2,2,0,2,779,0,2,1.0,0.998719590268886,2
shuffled_clusters_ordinary_b100_s7104_c2,shuffled_clusters,ordinary,7104.0,100,2,[],probability_shuffled_clusters_ordinary_b100_s7104,779,0,2,609180,1.0,0.9974391805377721,2,781,0,1.0,0.9974391805377721,2,0,0,0,2,779,0,2,1.0,0.998719590268886,2,779,0,2,2,0,2,779,0,2,1.0,0.998719590268886,2
shuffled_clusters_ordinary_b100_s7104_c5,shuffled_clusters,ordinary,7104.0,100,5,[],probability_shuffled_clusters_ordinary_b100_s7104,779,0,2,609180,1.0,0.9974391805377721,2,781,0,1.0,0.9974391805377721,2,0,0,0,2,779,0,2,1.0,0.998719590268886,2,779,0,2,2,0,2,779,0,2,1.0,0.998719590268886,2
shuffled_clusters_repair_b100_s7104_c1,shuffled_clusters,repair,7104.0,100,1,[],probability_shuffled_clusters_repair_b100_s7104,779,0,2,609180,1.0,0.9974391805377721,2,781,0,1.0,0.9974391805377721,2,0,0,0,2,779,0,2,1.0,0.998719590268886,2,779,0,2,2,0,2,779,0,2,1.0,0.998719590268886,2
shuffled_clusters_repair_b100_s7104_c2,shuffled_clusters,repair,7104.0,100,2,[],probability_shuffled_clusters_repair_b100_s7104,779,0,2,609180,1.0,0.9974391805377721,2,781,0,1.0,0.9974391805377721,2,0,0,0,2,779,0,2,1.0,0.998719590268886,2,779,0,2,2,0,2,779,0,2,1.0,0.998719590268886,2
shuffled_clusters_repair_b100_s7104_c5,shuffled_clusters,repair,7104.0,100,5,[],probability_shuffled_clusters_repair_b100_s7104,779,0,2,609180,1.0,0.9974391805377721,2,781,0,1.0,0.9974391805377721,2,0,0,0,2,779,0,2,1.0,0.998719590268886,2,779,0,2,2,0,2,779,0,2,1.0,0.998719590268886,2
score_groups_ordinary_b100_s7104_c1,score_groups,ordinary,7104.0,100,1,[],probability_score_groups_ordinary_b100_s7104,779,0,2,609180,1.0,0.9974391805377721,2,781,0,1.0,0.9974391805377721,2,0,0,0,2,779,0,2,1.0,0.998719590268886,2,779,0,2,2,0,2,779,0,2,1.0,0.998719590268886,2
score_groups_ordinary_b100_s7104_c2,score_groups,ordinary,7104.0,100,2,[],probability_score_groups_ordinary_b100_s7104,779,0,2,609180,1.0,0.9974391805377721,2,781,0,1.0,0.9974391805377721,2,0,0,0,2,779,0,2,1.0,0.998719590268886,2,779,0,2,2,0,2,779,0,2,1.0,0.998719590268886,2
score_groups_ordinary_b100_s7104_c5,score_groups,ordinary,7104.0,100,5,[],probability_score_groups_ordinary_b100_s7104,779,0,2,609180,1.0,0.9974391805377721,2,781,0,1.0,0.9974391805377721,2,0,0,0,2,779,0,2,1.0,0.998719590268886,2,779,0,2,2,0,2,779,0,2,1.0,0.998719590268886,2
score_groups_repair_b100_s7104_c1,score_groups,repair,7104.0,100,1,[],probability_score_groups_repair_b100_s7104,779,0,2,609180,1.0,0.9974391805377721,2,781,0,1.0,0.9974391805377721,2,0,0,0,2,779,0,2,1.0,0.998719590268886,2,779,0,2,2,0,2,779,0,2,1.0,0.998719590268886,2
score_groups_repair_b100_s7104_c2,score_groups,repair,7104.0,100,2,[],probability_score_groups_repair_b100_s7104,779,0,2,609180,1.0,0.9974391805377721,2,781,0,1.0,0.9974391805377721,2,0,0,0,2,779,0,2,1.0,0.998719590268886,2,779,0,2,2,0,2,779,0,2,1.0,0.998719590268886,2
score_groups_repair_b100_s7104_c5,score_groups,repair,7104.0,100,5,[],probability_score_groups_repair_b100_s7104,779,0,2,609180,1.0,0.9974391805377721,2,781,0,1.0,0.9974391805377721,2,0,0,0,2,779,0,2,1.0,0.998719590268886,2,779,0,2,2,0,2,779,0,2,1.0,0.998719590268886,2
random_ordinary_b200_s7104_c1,random,ordinary,7104.0,200,1,[],probability_random_ordinary_b200_s7104,779,0,2,609180,1.0,0.9974391805377721,2,781,0,1.0,0.9974391805377721,2,0,0,0,2,779,0,2,1.0,0.998719590268886,2,779,0,2,2,0,2,779,0,2,1.0,0.998719590268886,2
random_ordinary_b200_s7104_c2,random,ordinary,7104.0,200,2,[],probability_random_ordinary_b200_s7104,779,0,2,609180,1.0,0.9974391805377721,2,781,0,1.0,0.9974391805377721,2,0,0,0,2,779,0,2,1.0,0.998719590268886,2,779,0,2,2,0,2,779,0,2,1.0,0.998719590268886,2
random_ordinary_b200_s7104_c5,random,ordinary,7104.0,200,5,[],probability_random_ordinary_b200_s7104,779,0,2,609180,1.0,0.9974391805377721,2,781,0,1.0,0.9974391805377721,2,0,0,0,2,779,0,2,1.0,0.998719590268886,2,779,0,2,2,0,2,779,0,2,1.0,0.998719590268886,2
random_repair_b200_s7104_c1,random,repair,7104.0,200,1,[],probability_random_repair_b200_s7104,779,0,2,609180,1.0,0.9974391805377721,2,781,0,1.0,0.9974391805377721,2,0,0,0,2,779,0,2,1.0,0.998719590268886,2,779,0,2,2,0,2,779,0,2,1.0,0.998719590268886,2
random_repair_b200_s7104_c2,random,repair,7104.0,200,2,[],probability_random_repair_b200_s7104,779,0,2,609180,1.0,0.9974391805377721,2,781,0,1.0,0.9974391805377721,2,0,0,0,2,779,0,2,1.0,0.998719590268886,2,779,0,2,2,0,2,779,0,2,1.0,0.998719590268886,2
random_repair_b200_s7104_c5,random,repair,7104.0,200,5,[],probability_random_repair_b200_s7104,779,0,2,609180,1.0,0.9974391805377721,2,781,0,1.0,0.9974391805377721,2,0,0,0,2,779,0,2,1.0,0.998719590268886,2,779,0,2,2,0,2,779,0,2,1.0,0.998719590268886,2
uncertainty_diversity_ordinary_b200_s7104_c1,uncertainty_diversity,ordinary,7104.0,200,1,[],probability_uncertainty_diversity_ordinary_b200_s7104,779,0,2,609180,1.0,0.9974391805377721,2,781,0,1.0,0.9974391805377721,2,0,0,0,2,779,0,2,1.0,0.998719590268886,2,779,0,2,2,0,2,779,0,2,1.0,0.998719590268886,2
uncertainty_diversity_ordinary_b200_s7104_c2,uncertainty_diversity,ordinary,7104.0,200,2,[],probability_uncertainty_diversity_ordinary_b200_s7104,779,0,2,609180,1.0,0.9974391805377721,2,781,0,1.0,0.9974391805377721,2,0,0,0,2,779,0,2,1.0,0.998719590268886,2,779,0,2,2,0,2,779,0,2,1.0,0.998719590268886,2
uncertainty_diversity_ordinary_b200_s7104_c5,uncertainty_diversity,ordinary,7104.0,200,5,[],probability_uncertainty_diversity_ordinary_b200_s7104,779,0,2,609180,1.0,0.9974391805377721,2,781,0,1.0,0.9974391805377721,2,0,0,0,2,779,0,2,1.0,0.998719590268886,2,779,0,2,2,0,2,779,0,2,1.0,0.998719590268886,2
uncertainty_diversity_repair_b200_s7104_c1,uncertainty_diversity,repair,7104.0,200,1,[],probability_uncertainty_diversity_repair_b200_s7104,779,0,2,609180,1.0,0.9974391805377721,2,781,0,1.0,0.9974391805377721,2,0,0,0,2,779,0,2,1.0,0.998719590268886,2,779,0,2,2,0,2,779,0,2,1.0,0.998719590268886,2
uncertainty_diversity_repair_b200_s7104_c2,uncertainty_diversity,repair,7104.0,200,2,[],probability_uncertainty_diversity_repair_b200_s7104,779,0,2,609180,1.0,0.9974391805377721,2,781,0,1.0,0.9974391805377721,2,0,0,0,2,779,0,2,1.0,0.998719590268886,2,779,0,2,2,0,2,779,0,2,1.0,0.998719590268886,2
uncertainty_diversity_repair_b200_s7104_c5,uncertainty_diversity,repair,7104.0,200,5,[],probability_uncertainty_diversity_repair_b200_s7104,779,0,2,609180,1.0,0.9974391805377721,2,781,0,1.0,0.9974391805377721,2,0,0,0,2,779,0,2,1.0,0.998719590268886,2,779,0,2,2,0,2,779,0,2,1.0,0.998719590268886,2
clusters_ordinary_b200_s7104_c1,clusters,ordinary,7104.0,200,1,[],probability_clusters_ordinary_b200_s7104,779,0,2,609180,1.0,0.9974391805377721,2,781,0,1.0,0.9974391805377721,2,0,0,0,2,779,0,2,1.0,0.998719590268886,2,779,0,2,2,0,2,779,0,2,1.0,0.998719590268886,2
clusters_ordinary_b200_s7104_c2,clusters,ordinary,7104.0,200,2,[],probability_clusters_ordinary_b200_s7104,779,0,2,609180,1.0,0.9974391805377721,2,781,0,1.0,0.9974391805377721,2,0,0,0,2,779,0,2,1.0,0.998719590268886,2,779,0,2,2,0,2,779,0,2,1.0,0.998719590268886,2
clusters_ordinary_b200_s7104_c5,clusters,ordinary,7104.0,200,5,[],probability_clusters_ordinary_b200_s7104,779,0,2,609180,1.0,0.9974391805377721,2,781,0,1.0,0.9974391805377721,2,0,0,0,2,779,0,2,1.0,0.998719590268886,2,779,0,2,2,0,2,779,0,2,1.0,0.998719590268886,2
clusters_repair_b200_s7104_c1,clusters,repair,7104.0,200,1,[],probability_clusters_repair_b200_s7104,779,0,2,609180,1.0,0.9974391805377721,2,781,0,1.0,0.9974391805377721,2,0,0,0,2,779,0,2,1.0,0.998719590268886,2,779,0,2,2,0,2,779,0,2,1.0,0.998719590268886,2
clusters_repair_b200_s7104_c2,clusters,repair,7104.0,200,2,[],probability_clusters_repair_b200_s7104,779,0,2,609180,1.0,0.9974391805377721,2,781,0,1.0,0.9974391805377721,2,0,0,0,2,779,0,2,1.0,0.998719590268886,2,779,0,2,2,0,2,779,0,2,1.0,0.998719590268886,2
clusters_repair_b200_s7104_c5,clusters,repair,7104.0,200,5,[],probability_clusters_repair_b200_s7104,779,0,2,609180,1.0,0.9974391805377721,2,781,0,1.0,0.9974391805377721,2,0,0,0,2,779,0,2,1.0,0.998719590268886,2,779,0,2,2,0,2,779,0,2,1.0,0.998719590268886,2
error_risk_ordinary_b200_s7104_c1,error_risk,ordinary,7104.0,200,1,[],probability_error_risk_ordinary_b200_s7104,779,0,2,609180,1.0,0.9974391805377721,2,781,0,1.0,0.9974391805377721,2,0,0,0,2,779,0,2,1.0,0.998719590268886,2,779,0,2,2,0,2,779,0,2,1.0,0.998719590268886,2
error_risk_ordinary_b200_s7104_c2,error_risk,ordinary,7104.0,200,2,[],probability_error_risk_ordinary_b200_s7104,779,0,2,609180,1.0,0.9974391805377721,2,781,0,1.0,0.9974391805377721,2,0,0,0,2,779,0,2,1.0,0.998719590268886,2,779,0,2,2,0,2,779,0,2,1.0,0.998719590268886,2
error_risk_ordinary_b200_s7104_c5,error_risk,ordinary,7104.0,200,5,[],probability_error_risk_ordinary_b200_s7104,779,0,2,609180,1.0,0.9974391805377721,2,781,0,1.0,0.9974391805377721,2,0,0,0,2,779,0,2,1.0,0.998719590268886,2,779,0,2,2,0,2,779,0,2,1.0,0.998719590268886,2
error_risk_repair_b200_s7104_c1,error_risk,repair,7104.0,200,1,[],probability_error_risk_repair_b200_s7104,779,0,2,609180,1.0,0.9974391805377721,2,781,0,1.0,0.9974391805377721,2,0,0,0,2,779,0,2,1.0,0.998719590268886,2,779,0,2,2,0,2,779,0,2,1.0,0.998719590268886,2
error_risk_repair_b200_s7104_c2,error_risk,repair,7104.0,200,2,[],probability_error_risk_repair_b200_s7104,779,0,2,609180,1.0,0.9974391805377721,2,781,0,1.0,0.9974391805377721,2,0,0,0,2,779,0,2,1.0,0.998719590268886,2,779,0,2,2,0,2,779,0,2,1.0,0.998719590268886,2
error_risk_repair_b200_s7104_c5,error_risk,repair,7104.0,200,5,[],probability_error_risk_repair_b200_s7104,779,0,2,609180,1.0,0.9974391805377721,2,781,0,1.0,0.9974391805377721,2,0,0,0,2,779,0,2,1.0,0.998719590268886,2,779,0,2,2,0,2,779,0,2,1.0,0.998719590268886,2
shuffled_clusters_ordinary_b200_s7104_c1,shuffled_clusters,ordinary,7104.0,200,1,[],probability_shuffled_clusters_ordinary_b200_s7104,779,0,2,609180,1.0,0.9974391805377721,2,781,0,1.0,0.9974391805377721,2,0,0,0,2,779,0,2,1.0,0.998719590268886,2,779,0,2,2,0,2,779,0,2,1.0,0.998719590268886,2
shuffled_clusters_ordinary_b200_s7104_c2,shuffled_clusters,ordinary,7104.0,200,2,[],probability_shuffled_clusters_ordinary_b200_s7104,779,0,2,609180,1.0,0.9974391805377721,2,781,0,1.0,0.9974391805377721,2,0,0,0,2,779,0,2,1.0,0.998719590268886,2,779,0,2,2,0,2,779,0,2,1.0,0.998719590268886,2
shuffled_clusters_ordinary_b200_s7104_c5,shuffled_clusters,ordinary,7104.0,200,5,[],probability_shuffled_clusters_ordinary_b200_s7104,779,0,2,609180,1.0,0.9974391805377721,2,781,0,1.0,0.9974391805377721,2,0,0,0,2,779,0,2,1.0,0.998719590268886,2,779,0,2,2,0,2,779,0,2,1.0,0.998719590268886,2
shuffled_clusters_repair_b200_s7104_c1,shuffled_clusters,repair,7104.0,200,1,[],probability_shuffled_clusters_repair_b200_s7104,779,0,2,609180,1.0,0.9974391805377721,2,781,0,1.0,0.9974391805377721,2,0,0,0,2,779,0,2,1.0,0.998719590268886,2,779,0,2,2,0,2,779,0,2,1.0,0.998719590268886,2
shuffled_clusters_repair_b200_s7104_c2,shuffled_clusters,repair,7104.0,200,2,[],probability_shuffled_clusters_repair_b200_s7104,779,0,2,609180,1.0,0.9974391805377721,2,781,0,1.0,0.9974391805377721,2,0,0,0,2,779,0,2,1.0,0.998719590268886,2,779,0,2,2,0,2,779,0,2,1.0,0.998719590268886,2
shuffled_clusters_repair_b200_s7104_c5,shuffled_clusters,repair,7104.0,200,5,[],probability_shuffled_clusters_repair_b200_s7104,779,0,2,609180,1.0,0.9974391805377721,2,781,0,1.0,0.9974391805377721,2,0,0,0,2,779,0,2,1.0,0.998719590268886,2,779,0,2,2,0,2,779,0,2,1.0,0.998719590268886,2
score_groups_ordinary_b200_s7104_c1,score_groups,ordinary,7104.0,200,1,[],probability_score_groups_ordinary_b200_s7104,779,0,2,609180,1.0,0.9974391805377721,2,781,0,1.0,0.9974391805377721,2,0,0,0,2,779,0,2,1.0,0.998719590268886,2,779,0,2,2,0,2,779,0,2,1.0,0.998719590268886,2
score_groups_ordinary_b200_s7104_c2,score_groups,ordinary,7104.0,200,2,[],probability_score_groups_ordinary_b200_s7104,779,0,2,609180,1.0,0.9974391805377721,2,781,0,1.0,0.9974391805377721,2,0,0,0,2,779,0,2,1.0,0.998719590268886,2,779,0,2,2,0,2,779,0,2,1.0,0.998719590268886,2
score_groups_ordinary_b200_s7104_c5,score_groups,ordinary,7104.0,200,5,[],probability_score_groups_ordinary_b200_s7104,779,0,2,609180,1.0,0.9974391805377721,2,781,0,1.0,0.9974391805377721,2,0,0,0,2,779,0,2,1.0,0.998719590268886,2,779,0,2,2,0,2,779,0,2,1.0,0.998719590268886,2
score_groups_repair_b200_s7104_c1,score_groups,repair,7104.0,200,1,[],probability_score_groups_repair_b200_s7104,779,0,2,609180,1.0,0.9974391805377721,2,781,0,1.0,0.9974391805377721,2,0,0,0,2,779,0,2,1.0,0.998719590268886,2,779,0,2,2,0,2,779,0,2,1.0,0.998719590268886,2
score_groups_repair_b200_s7104_c2,score_groups,repair,7104.0,200,2,[],probability_score_groups_repair_b200_s7104,779,0,2,609180,1.0,0.9974391805377721,2,781,0,1.0,0.9974391805377721,2,0,0,0,2,779,0,2,1.0,0.998719590268886,2,779,0,2,2,0,2,779,0,2,1.0,0.998719590268886,2
score_groups_repair_b200_s7104_c5,score_groups,repair,7104.0,200,5,[],probability_score_groups_repair_b200_s7104,779,0,2,609180,1.0,0.9974391805377721,2,781,0,1.0,0.9974391805377721,2,0,0,0,2,779,0,2,1.0,0.998719590268886,2,779,0,2,2,0,2,779,0,2,1.0,0.998719590268886,2
random_ordinary_b100_s7105_c1,random,ordinary,7105.0,100,1,[],probability_random_ordinary_b100_s7105,779,0,2,609180,1.0,0.9974391805377721,2,781,0,1.0,0.9974391805377721,2,0,0,0,2,779,0,2,1.0,0.998719590268886,2,779,0,2,2,0,2,779,0,2,1.0,0.998719590268886,2
random_ordinary_b100_s7105_c2,random,ordinary,7105.0,100,2,[],probability_random_ordinary_b100_s7105,779,0,2,609180,1.0,0.9974391805377721,2,781,0,1.0,0.9974391805377721,2,0,0,0,2,779,0,2,1.0,0.998719590268886,2,779,0,2,2,0,2,779,0,2,1.0,0.998719590268886,2
random_ordinary_b100_s7105_c5,random,ordinary,7105.0,100,5,[],probability_random_ordinary_b100_s7105,779,0,2,609180,1.0,0.9974391805377721,2,781,0,1.0,0.9974391805377721,2,0,0,0,2,779,0,2,1.0,0.998719590268886,2,779,0,2,2,0,2,779,0,2,1.0,0.998719590268886,2
random_repair_b100_s7105_c1,random,repair,7105.0,100,1,[],probability_random_repair_b100_s7105,779,0,2,609180,1.0,0.9974391805377721,2,781,0,1.0,0.9974391805377721,2,0,0,0,2,779,0,2,1.0,0.998719590268886,2,779,0,2,2,0,2,779,0,2,1.0,0.998719590268886,2
random_repair_b100_s7105_c2,random,repair,7105.0,100,2,[],probability_random_repair_b100_s7105,779,0,2,609180,1.0,0.9974391805377721,2,781,0,1.0,0.9974391805377721,2,0,0,0,2,779,0,2,1.0,0.998719590268886,2,779,0,2,2,0,2,779,0,2,1.0,0.998719590268886,2
random_repair_b100_s7105_c5,random,repair,7105.0,100,5,[],probability_random_repair_b100_s7105,779,0,2,609180,1.0,0.9974391805377721,2,781,0,1.0,0.9974391805377721,2,0,0,0,2,779,0,2,1.0,0.998719590268886,2,779,0,2,2,0,2,779,0,2,1.0,0.998719590268886,2
uncertainty_diversity_ordinary_b100_s7105_c1,uncertainty_diversity,ordinary,7105.0,100,1,[],probability_uncertainty_diversity_ordinary_b100_s7105,779,0,2,609180,1.0,0.9974391805377721,2,781,0,1.0,0.9974391805377721,2,0,0,0,2,779,0,2,1.0,0.998719590268886,2,779,0,2,2,0,2,779,0,2,1.0,0.998719590268886,2
uncertainty_diversity_ordinary_b100_s7105_c2,uncertainty_diversity,ordinary,7105.0,100,2,[],probability_uncertainty_diversity_ordinary_b100_s7105,779,0,2,609180,1.0,0.9974391805377721,2,781,0,1.0,0.9974391805377721,2,0,0,0,2,779,0,2,1.0,0.998719590268886,2,779,0,2,2,0,2,779,0,2,1.0,0.998719590268886,2
uncertainty_diversity_ordinary_b100_s7105_c5,uncertainty_diversity,ordinary,7105.0,100,5,[],probability_uncertainty_diversity_ordinary_b100_s7105,779,0,2,609180,1.0,0.9974391805377721,2,781,0,1.0,0.9974391805377721,2,0,0,0,2,779,0,2,1.0,0.998719590268886,2,779,0,2,2,0,2,779,0,2,1.0,0.998719590268886,2
uncertainty_diversity_repair_b100_s7105_c1,uncertainty_diversity,repair,7105.0,100,1,[],probability_uncertainty_diversity_repair_b100_s7105,779,0,2,609180,1.0,0.9974391805377721,2,781,0,1.0,0.9974391805377721,2,0,0,0,2,779,0,2,1.0,0.998719590268886,2,779,0,2,2,0,2,779,0,2,1.0,0.998719590268886,2
uncertainty_diversity_repair_b100_s7105_c2,uncertainty_diversity,repair,7105.0,100,2,[],probability_uncertainty_diversity_repair_b100_s7105,779,0,2,609180,1.0,0.9974391805377721,2,781,0,1.0,0.9974391805377721,2,0,0,0,2,779,0,2,1.0,0.998719590268886,2,779,0,2,2,0,2,779,0,2,1.0,0.998719590268886,2
uncertainty_diversity_repair_b100_s7105_c5,uncertainty_diversity,repair,7105.0,100,5,[],probability_uncertainty_diversity_repair_b100_s7105,779,0,2,609180,1.0,0.9974391805377721,2,781,0,1.0,0.9974391805377721,2,0,0,0,2,779,0,2,1.0,0.998719590268886,2,779,0,2,2,0,2,779,0,2,1.0,0.998719590268886,2
clusters_ordinary_b100_s7105_c1,clusters,ordinary,7105.0,100,1,[],probability_clusters_ordinary_b100_s7105,779,0,2,609180,1.0,0.9974391805377721,2,781,0,1.0,0.9974391805377721,2,0,0,0,2,779,0,2,1.0,0.998719590268886,2,779,0,2,2,0,2,779,0,2,1.0,0.998719590268886,2
clusters_ordinary_b100_s7105_c2,clusters,ordinary,7105.0,100,2,[],probability_clusters_ordinary_b100_s7105,779,0,2,609180,1.0,0.9974391805377721,2,781,0,1.0,0.9974391805377721,2,0,0,0,2,779,0,2,1.0,0.998719590268886,2,779,0,2,2,0,2,779,0,2,1.0,0.998719590268886,2
clusters_ordinary_b100_s7105_c5,clusters,ordinary,7105.0,100,5,[],probability_clusters_ordinary_b100_s7105,779,0,2,609180,1.0,0.9974391805377721,2,781,0,1.0,0.9974391805377721,2,0,0,0,2,779,0,2,1.0,0.998719590268886,2,779,0,2,2,0,2,779,0,2,1.0,0.998719590268886,2
clusters_repair_b100_s7105_c1,clusters,repair,7105.0,100,1,[],probability_clusters_repair_b100_s7105,779,0,2,609180,1.0,0.9974391805377721,2,781,0,1.0,0.9974391805377721,2,0,0,0,2,779,0,2,1.0,0.998719590268886,2,779,0,2,2,0,2,779,0,2,1.0,0.998719590268886,2
clusters_repair_b100_s7105_c2,clusters,repair,7105.0,100,2,[],probability_clusters_repair_b100_s7105,779,0,2,609180,1.0,0.9974391805377721,2,781,0,1.0,0.9974391805377721,2,0,0,0,2,779,0,2,1.0,0.998719590268886,2,779,0,2,2,0,2,779,0,2,1.0,0.998719590268886,2
clusters_repair_b100_s7105_c5,clusters,repair,7105.0,100,5,[],probability_clusters_repair_b100_s7105,779,0,2,609180,1.0,0.9974391805377721,2,781,0,1.0,0.9974391805377721,2,0,0,0,2,779,0,2,1.0,0.998719590268886,2,779,0,2,2,0,2,779,0,2,1.0,0.998719590268886,2
error_risk_ordinary_b100_s7105_c1,error_risk,ordinary,7105.0,100,1,[],probability_error_risk_ordinary_b100_s7105,779,0,2,609180,1.0,0.9974391805377721,2,781,0,1.0,0.9974391805377721,2,0,0,0,2,779,0,2,1.0,0.998719590268886,2,779,0,2,2,0,2,779,0,2,1.0,0.998719590268886,2
error_risk_ordinary_b100_s7105_c2,error_risk,ordinary,7105.0,100,2,[],probability_error_risk_ordinary_b100_s7105,779,0,2,609180,1.0,0.9974391805377721,2,781,0,1.0,0.9974391805377721,2,0,0,0,2,779,0,2,1.0,0.998719590268886,2,779,0,2,2,0,2,779,0,2,1.0,0.998719590268886,2
error_risk_ordinary_b100_s7105_c5,error_risk,ordinary,7105.0,100,5,[],probability_error_risk_ordinary_b100_s7105,779,0,2,609180,1.0,0.9974391805377721,2,781,0,1.0,0.9974391805377721,2,0,0,0,2,779,0,2,1.0,0.998719590268886,2,779,0,2,2,0,2,779,0,2,1.0,0.998719590268886,2
error_risk_repair_b100_s7105_c1,error_risk,repair,7105.0,100,1,[],probability_error_risk_repair_b100_s7105,779,0,2,609180,1.0,0.9974391805377721,2,781,0,1.0,0.9974391805377721,2,0,0,0,2,779,0,2,1.0,0.998719590268886,2,779,0,2,2,0,2,779,0,2,1.0,0.998719590268886,2
error_risk_repair_b100_s7105_c2,error_risk,repair,7105.0,100,2,[],probability_error_risk_repair_b100_s7105,779,0,2,609180,1.0,0.9974391805377721,2,781,0,1.0,0.9974391805377721,2,0,0,0,2,779,0,2,1.0,0.998719590268886,2,779,0,2,2,0,2,779,0,2,1.0,0.998719590268886,2
error_risk_repair_b100_s7105_c5,error_risk,repair,7105.0,100,5,[],probability_error_risk_repair_b100_s7105,779,0,2,609180,1.0,0.9974391805377721,2,781,0,1.0,0.9974391805377721,2,0,0,0,2,779,0,2,1.0,0.998719590268886,2,779,0,2,2,0,2,779,0,2,1.0,0.998719590268886,2
shuffled_clusters_ordinary_b100_s7105_c1,shuffled_clusters,ordinary,7105.0,100,1,[],probability_shuffled_clusters_ordinary_b100_s7105,779,0,2,609180,1.0,0.9974391805377721,2,781,0,1.0,0.9974391805377721,2,0,0,0,2,779,0,2,1.0,0.998719590268886,2,779,0,2,2,0,2,779,0,2,1.0,0.998719590268886,2
shuffled_clusters_ordinary_b100_s7105_c2,shuffled_clusters,ordinary,7105.0,100,2,[],probability_shuffled_clusters_ordinary_b100_s7105,779,0,2,609180,1.0,0.9974391805377721,2,781,0,1.0,0.9974391805377721,2,0,0,0,2,779,0,2,1.0,0.998719590268886,2,779,0,2,2,0,2,779,0,2,1.0,0.998719590268886,2
shuffled_clusters_ordinary_b100_s7105_c5,shuffled_clusters,ordinary,7105.0,100,5,[],probability_shuffled_clusters_ordinary_b100_s7105,779,0,2,609180,1.0,0.9974391805377721,2,781,0,1.0,0.9974391805377721,2,0,0,0,2,779,0,2,1.0,0.998719590268886,2,779,0,2,2,0,2,779,0,2,1.0,0.998719590268886,2
shuffled_clusters_repair_b100_s7105_c1,shuffled_clusters,repair,7105.0,100,1,[],probability_shuffled_clusters_repair_b100_s7105,779,0,2,609180,1.0,0.9974391805377721,2,781,0,1.0,0.9974391805377721,2,0,0,0,2,779,0,2,1.0,0.998719590268886,2,779,0,2,2,0,2,779,0,2,1.0,0.998719590268886,2
shuffled_clusters_repair_b100_s7105_c2,shuffled_clusters,repair,7105.0,100,2,[],probability_shuffled_clusters_repair_b100_s7105,779,0,2,609180,1.0,0.9974391805377721,2,781,0,1.0,0.9974391805377721,2,0,0,0,2,779,0,2,1.0,0.998719590268886,2,779,0,2,2,0,2,779,0,2,1.0,0.998719590268886,2
shuffled_clusters_repair_b100_s7105_c5,shuffled_clusters,repair,7105.0,100,5,[],probability_shuffled_clusters_repair_b100_s7105,779,0,2,609180,1.0,0.9974391805377721,2,781,0,1.0,0.9974391805377721,2,0,0,0,2,779,0,2,1.0,0.998719590268886,2,779,0,2,2,0,2,779,0,2,1.0,0.998719590268886,2
score_groups_ordinary_b100_s7105_c1,score_groups,ordinary,7105.0,100,1,[],probability_score_groups_ordinary_b100_s7105,779,0,2,609180,1.0,0.9974391805377721,2,781,0,1.0,0.9974391805377721,2,0,0,0,2,779,0,2,1.0,0.998719590268886,2,779,0,2,2,0,2,779,0,2,1.0,0.998719590268886,2
score_groups_ordinary_b100_s7105_c2,score_groups,ordinary,7105.0,100,2,[],probability_score_groups_ordinary_b100_s7105,779,0,2,609180,1.0,0.9974391805377721,2,781,0,1.0,0.9974391805377721,2,0,0,0,2,779,0,2,1.0,0.998719590268886,2,779,0,2,2,0,2,779,0,2,1.0,0.998719590268886,2
score_groups_ordinary_b100_s7105_c5,score_groups,ordinary,7105.0,100,5,[],probability_score_groups_ordinary_b100_s7105,779,0,2,609180,1.0,0.9974391805377721,2,781,0,1.0,0.9974391805377721,2,0,0,0,2,779,0,2,1.0,0.998719590268886,2,779,0,2,2,0,2,779,0,2,1.0,0.998719590268886,2
score_groups_repair_b100_s7105_c1,score_groups,repair,7105.0,100,1,[],probability_score_groups_repair_b100_s7105,779,0,2,609180,1.0,0.9974391805377721,2,781,0,1.0,0.9974391805377721,2,0,0,0,2,779,0,2,1.0,0.998719590268886,2,779,0,2,2,0,2,779,0,2,1.0,0.998719590268886,2
score_groups_repair_b100_s7105_c2,score_groups,repair,7105.0,100,2,[],probability_score_groups_repair_b100_s7105,779,0,2,609180,1.0,0.9974391805377721,2,781,0,1.0,0.9974391805377721,2,0,0,0,2,779,0,2,1.0,0.998719590268886,2,779,0,2,2,0,2,779,0,2,1.0,0.998719590268886,2
score_groups_repair_b100_s7105_c5,score_groups,repair,7105.0,100,5,[],probability_score_groups_repair_b100_s7105,779,0,2,609180,1.0,0.9974391805377721,2,781,0,1.0,0.9974391805377721,2,0,0,0,2,779,0,2,1.0,0.998719590268886,2,779,0,2,2,0,2,779,0,2,1.0,0.998719590268886,2
random_ordinary_b200_s7105_c1,random,ordinary,7105.0,200,1,[],probability_random_ordinary_b200_s7105,779,0,2,609180,1.0,0.9974391805377721,2,781,0,1.0,0.9974391805377721,2,0,0,0,2,779,0,2,1.0,0.998719590268886,2,779,0,2,2,0,2,779,0,2,1.0,0.998719590268886,2
random_ordinary_b200_s7105_c2,random,ordinary,7105.0,200,2,[],probability_random_ordinary_b200_s7105,779,0,2,609180,1.0,0.9974391805377721,2,781,0,1.0,0.9974391805377721,2,0,0,0,2,779,0,2,1.0,0.998719590268886,2,779,0,2,2,0,2,779,0,2,1.0,0.998719590268886,2
random_ordinary_b200_s7105_c5,random,ordinary,7105.0,200,5,[],probability_random_ordinary_b200_s7105,779,0,2,609180,1.0,0.9974391805377721,2,781,0,1.0,0.9974391805377721,2,0,0,0,2,779,0,2,1.0,0.998719590268886,2,779,0,2,2,0,2,779,0,2,1.0,0.998719590268886,2
random_repair_b200_s7105_c1,random,repair,7105.0,200,1,[],probability_random_repair_b200_s7105,779,0,2,609180,1.0,0.9974391805377721,2,781,0,1.0,0.9974391805377721,2,0,0,0,2,779,0,2,1.0,0.998719590268886,2,779,0,2,2,0,2,779,0,2,1.0,0.998719590268886,2
random_repair_b200_s7105_c2,random,repair,7105.0,200,2,[],probability_random_repair_b200_s7105,779,0,2,609180,1.0,0.9974391805377721,2,781,0,1.0,0.9974391805377721,2,0,0,0,2,779,0,2,1.0,0.998719590268886,2,779,0,2,2,0,2,779,0,2,1.0,0.998719590268886,2
random_repair_b200_s7105_c5,random,repair,7105.0,200,5,[],probability_random_repair_b200_s7105,779,0,2,609180,1.0,0.9974391805377721,2,781,0,1.0,0.9974391805377721,2,0,0,0,2,779,0,2,1.0,0.998719590268886,2,779,0,2,2,0,2,779,0,2,1.0,0.998719590268886,2
uncertainty_diversity_ordinary_b200_s7105_c1,uncertainty_diversity,ordinary,7105.0,200,1,[],probability_uncertainty_diversity_ordinary_b200_s7105,779,0,2,609180,1.0,0.9974391805377721,2,781,0,1.0,0.9974391805377721,2,0,0,0,2,779,0,2,1.0,0.998719590268886,2,779,0,2,2,0,2,779,0,2,1.0,0.998719590268886,2
uncertainty_diversity_ordinary_b200_s7105_c2,uncertainty_diversity,ordinary,7105.0,200,2,[],probability_uncertainty_diversity_ordinary_b200_s7105,779,0,2,609180,1.0,0.9974391805377721,2,781,0,1.0,0.9974391805377721,2,0,0,0,2,779,0,2,1.0,0.998719590268886,2,779,0,2,2,0,2,779,0,2,1.0,0.998719590268886,2
uncertainty_diversity_ordinary_b200_s7105_c5,uncertainty_diversity,ordinary,7105.0,200,5,[],probability_uncertainty_diversity_ordinary_b200_s7105,779,0,2,609180,1.0,0.9974391805377721,2,781,0,1.0,0.9974391805377721,2,0,0,0,2,779,0,2,1.0,0.998719590268886,2,779,0,2,2,0,2,779,0,2,1.0,0.998719590268886,2
uncertainty_diversity_repair_b200_s7105_c1,uncertainty_diversity,repair,7105.0,200,1,[],probability_uncertainty_diversity_repair_b200_s7105,779,0,2,609180,1.0,0.9974391805377721,2,781,0,1.0,0.9974391805377721,2,0,0,0,2,779,0,2,1.0,0.998719590268886,2,779,0,2,2,0,2,779,0,2,1.0,0.998719590268886,2
uncertainty_diversity_repair_b200_s7105_c2,uncertainty_diversity,repair,7105.0,200,2,[],probability_uncertainty_diversity_repair_b200_s7105,779,0,2,609180,1.0,0.9974391805377721,2,781,0,1.0,0.9974391805377721,2,0,0,0,2,779,0,2,1.0,0.998719590268886,2,779,0,2,2,0,2,779,0,2,1.0,0.998719590268886,2
uncertainty_diversity_repair_b200_s7105_c5,uncertainty_diversity,repair,7105.0,200,5,[],probability_uncertainty_diversity_repair_b200_s7105,779,0,2,609180,1.0,0.9974391805377721,2,781,0,1.0,0.9974391805377721,2,0,0,0,2,779,0,2,1.0,0.998719590268886,2,779,0,2,2,0,2,779,0,2,1.0,0.998719590268886,2
clusters_ordinary_b200_s7105_c1,clusters,ordinary,7105.0,200,1,[],probability_clusters_ordinary_b200_s7105,779,0,2,609180,1.0,0.9974391805377721,2,781,0,1.0,0.9974391805377721,2,0,0,0,2,779,0,2,1.0,0.998719590268886,2,779,0,2,2,0,2,779,0,2,1.0,0.998719590268886,2
clusters_ordinary_b200_s7105_c2,clusters,ordinary,7105.0,200,2,[],probability_clusters_ordinary_b200_s7105,779,0,2,609180,1.0,0.9974391805377721,2,781,0,1.0,0.9974391805377721,2,0,0,0,2,779,0,2,1.0,0.998719590268886,2,779,0,2,2,0,2,779,0,2,1.0,0.998719590268886,2
clusters_ordinary_b200_s7105_c5,clusters,ordinary,7105.0,200,5,[],probability_clusters_ordinary_b200_s7105,779,0,2,609180,1.0,0.9974391805377721,2,781,0,1.0,0.9974391805377721,2,0,0,0,2,779,0,2,1.0,0.998719590268886,2,779,0,2,2,0,2,779,0,2,1.0,0.998719590268886,2
clusters_repair_b200_s7105_c1,clusters,repair,7105.0,200,1,[],probability_clusters_repair_b200_s7105,779,0,2,609180,1.0,0.9974391805377721,2,781,0,1.0,0.9974391805377721,2,0,0,0,2,779,0,2,1.0,0.998719590268886,2,779,0,2,2,0,2,779,0,2,1.0,0.998719590268886,2
clusters_repair_b200_s7105_c2,clusters,repair,7105.0,200,2,[],probability_clusters_repair_b200_s7105,779,0,2,609180,1.0,0.9974391805377721,2,781,0,1.0,0.9974391805377721,2,0,0,0,2,779,0,2,1.0,0.998719590268886,2,779,0,2,2,0,2,779,0,2,1.0,0.998719590268886,2
clusters_repair_b200_s7105_c5,clusters,repair,7105.0,200,5,[],probability_clusters_repair_b200_s7105,779,0,2,609180,1.0,0.9974391805377721,2,781,0,1.0,0.9974391805377721,2,0,0,0,2,779,0,2,1.0,0.998719590268886,2,779,0,2,2,0,2,779,0,2,1.0,0.998719590268886,2
error_risk_ordinary_b200_s7105_c1,error_risk,ordinary,7105.0,200,1,[],probability_error_risk_ordinary_b200_s7105,779,0,2,609180,1.0,0.9974391805377721,2,781,0,1.0,0.9974391805377721,2,0,0,0,2,779,0,2,1.0,0.998719590268886,2,779,0,2,2,0,2,779,0,2,1.0,0.998719590268886,2
error_risk_ordinary_b200_s7105_c2,error_risk,ordinary,7105.0,200,2,[],probability_error_risk_ordinary_b200_s7105,779,0,2,609180,1.0,0.9974391805377721,2,781,0,1.0,0.9974391805377721,2,0,0,0,2,779,0,2,1.0,0.998719590268886,2,779,0,2,2,0,2,779,0,2,1.0,0.998719590268886,2
error_risk_ordinary_b200_s7105_c5,error_risk,ordinary,7105.0,200,5,[],probability_error_risk_ordinary_b200_s7105,779,0,2,609180,1.0,0.9974391805377721,2,781,0,1.0,0.9974391805377721,2,0,0,0,2,779,0,2,1.0,0.998719590268886,2,779,0,2,2,0,2,779,0,2,1.0,0.998719590268886,2
error_risk_repair_b200_s7105_c1,error_risk,repair,7105.0,200,1,[],probability_error_risk_repair_b200_s7105,779,0,2,609180,1.0,0.9974391805377721,2,781,0,1.0,0.9974391805377721,2,0,0,0,2,779,0,2,1.0,0.998719590268886,2,779,0,2,2,0,2,779,0,2,1.0,0.998719590268886,2
error_risk_repair_b200_s7105_c2,error_risk,repair,7105.0,200,2,[],probability_error_risk_repair_b200_s7105,779,0,2,609180,1.0,0.9974391805377721,2,781,0,1.0,0.9974391805377721,2,0,0,0,2,779,0,2,1.0,0.998719590268886,2,779,0,2,2,0,2,779,0,2,1.0,0.998719590268886,2
error_risk_repair_b200_s7105_c5,error_risk,repair,7105.0,200,5,[],probability_error_risk_repair_b200_s7105,779,0,2,609180,1.0,0.9974391805377721,2,781,0,1.0,0.9974391805377721,2,0,0,0,2,779,0,2,1.0,0.998719590268886,2,779,0,2,2,0,2,779,0,2,1.0,0.998719590268886,2
shuffled_clusters_ordinary_b200_s7105_c1,shuffled_clusters,ordinary,7105.0,200,1,[],probability_shuffled_clusters_ordinary_b200_s7105,779,0,2,609180,1.0,0.9974391805377721,2,781,0,1.0,0.9974391805377721,2,0,0,0,2,779,0,2,1.0,0.998719590268886,2,779,0,2,2,0,2,779,0,2,1.0,0.998719590268886,2
shuffled_clusters_ordinary_b200_s7105_c2,shuffled_clusters,ordinary,7105.0,200,2,[],probability_shuffled_clusters_ordinary_b200_s7105,779,0,2,609180,1.0,0.9974391805377721,2,781,0,1.0,0.9974391805377721,2,0,0,0,2,779,0,2,1.0,0.998719590268886,2,779,0,2,2,0,2,779,0,2,1.0,0.998719590268886,2
shuffled_clusters_ordinary_b200_s7105_c5,shuffled_clusters,ordinary,7105.0,200,5,[],probability_shuffled_clusters_ordinary_b200_s7105,779,0,2,609180,1.0,0.9974391805377721,2,781,0,1.0,0.9974391805377721,2,0,0,0,2,779,0,2,1.0,0.998719590268886,2,779,0,2,2,0,2,779,0,2,1.0,0.998719590268886,2
shuffled_clusters_repair_b200_s7105_c1,shuffled_clusters,repair,7105.0,200,1,[],probability_shuffled_clusters_repair_b200_s7105,779,0,2,609180,1.0,0.9974391805377721,2,781,0,1.0,0.9974391805377721,2,0,0,0,2,779,0,2,1.0,0.998719590268886,2,779,0,2,2,0,2,779,0,2,1.0,0.998719590268886,2
shuffled_clusters_repair_b200_s7105_c2,shuffled_clusters,repair,7105.0,200,2,[],probability_shuffled_clusters_repair_b200_s7105,779,0,2,609180,1.0,0.9974391805377721,2,781,0,1.0,0.9974391805377721,2,0,0,0,2,779,0,2,1.0,0.998719590268886,2,779,0,2,2,0,2,779,0,2,1.0,0.998719590268886,2
shuffled_clusters_repair_b200_s7105_c5,shuffled_clusters,repair,7105.0,200,5,[],probability_shuffled_clusters_repair_b200_s7105,779,0,2,609180,1.0,0.9974391805377721,2,781,0,1.0,0.9974391805377721,2,0,0,0,2,779,0,2,1.0,0.998719590268886,2,779,0,2,2,0,2,779,0,2,1.0,0.998719590268886,2
score_groups_ordinary_b200_s7105_c1,score_groups,ordinary,7105.0,200,1,[],probability_score_groups_ordinary_b200_s7105,779,0,2,609180,1.0,0.9974391805377721,2,781,0,1.0,0.9974391805377721,2,0,0,0,2,779,0,2,1.0,0.998719590268886,2,779,0,2,2,0,2,779,0,2,1.0,0.998719590268886,2
score_groups_ordinary_b200_s7105_c2,score_groups,ordinary,7105.0,200,2,[],probability_score_groups_ordinary_b200_s7105,779,0,2,609180,1.0,0.9974391805377721,2,781,0,1.0,0.9974391805377721,2,0,0,0,2,779,0,2,1.0,0.998719590268886,2,779,0,2,2,0,2,779,0,2,1.0,0.998719590268886,2
score_groups_ordinary_b200_s7105_c5,score_groups,ordinary,7105.0,200,5,[],probability_score_groups_ordinary_b200_s7105,779,0,2,609180,1.0,0.9974391805377721,2,781,0,1.0,0.9974391805377721,2,0,0,0,2,779,0,2,1.0,0.998719590268886,2,779,0,2,2,0,2,779,0,2,1.0,0.998719590268886,2
score_groups_repair_b200_s7105_c1,score_groups,repair,7105.0,200,1,[],probability_score_groups_repair_b200_s7105,779,0,2,609180,1.0,0.9974391805377721,2,781,0,1.0,0.9974391805377721,2,0,0,0,2,779,0,2,1.0,0.998719590268886,2,779,0,2,2,0,2,779,0,2,1.0,0.998719590268886,2
score_groups_repair_b200_s7105_c2,score_groups,repair,7105.0,200,2,[],probability_score_groups_repair_b200_s7105,779,0,2,609180,1.0,0.9974391805377721,2,781,0,1.0,0.9974391805377721,2,0,0,0,2,779,0,2,1.0,0.998719590268886,2,779,0,2,2,0,2,779,0,2,1.0,0.998719590268886,2
score_groups_repair_b200_s7105_c5,score_groups,repair,7105.0,200,5,[],probability_score_groups_repair_b200_s7105,779,0,2,609180,1.0,0.9974391805377721,2,781,0,1.0,0.9974391805377721,2,0,0,0,2,779,0,2,1.0,0.998719590268886,2,779,0,2,2,0,2,779,0,2,1.0,0.998719590268886,2
teacher_student_c1,teacher_student,student,7101.0,200,1,"['name_structure', 'phonetic', 'combined_address', 'date_components']",probability_teacher_student,776,2,5,609178,0.9974293059125964,0.9935979513444302,7,781,0,1.0,0.9935979513444302,5,1,6,1,5,776,4,5,0.998719590268886,0.9967989756722151,4,776,0,5,5,0,5,776,0,5,1.0,0.9967989756722151,2
teacher_student_c2,teacher_student,student,7101.0,200,2,"['name_structure', 'phonetic', 'combined_address', 'date_components']",probability_teacher_student,753,0,28,609180,1.0,0.9641485275288092,28,781,0,1.0,0.9641485275288092,28,1,27,0,28,753,0,28,1.0,0.9820742637644047,2,753,0,28,28,0,28,753,0,28,1.0,0.9820742637644047,2
teacher_student_c5,teacher_student,student,7101.0,200,5,"['name_structure', 'phonetic', 'combined_address', 'date_components']",probability_teacher_student,753,0,28,609180,1.0,0.9641485275288092,28,781,0,1.0,0.9641485275288092,28,1,27,0,28,753,0,28,1.0,0.9820742637644047,2,753,0,28,28,0,28,753,0,28,1.0,0.9820742637644047,2
pseudo_student_c1,pseudo_student,student,7101.0,200,1,"['name_structure', 'phonetic', 'combined_address', 'date_components']",probability_pseudo_student,780,0,1,609180,1.0,0.998719590268886,1,781,0,1.0,0.998719590268886,1,2,1,0,1,780,0,1,1.0,0.9993597951344431,2,780,0,1,1,0,1,780,0,1,1.0,0.9993597951344431,2
pseudo_student_c2,pseudo_student,student,7101.0,200,2,"['name_structure', 'phonetic', 'combined_address', 'date_components']",probability_pseudo_student,780,0,1,609180,1.0,0.998719590268886,1,781,0,1.0,0.998719590268886,1,2,1,0,1,780,0,1,1.0,0.9993597951344431,2,780,0,1,1,0,1,780,0,1,1.0,0.9993597951344431,2
pseudo_student_c5,pseudo_student,student,7101.0,200,5,"['name_structure', 'phonetic', 'combined_address', 'date_components']",probability_pseudo_student,780,0,1,609180,1.0,0.998719590268886,1,781,0,1.0,0.998719590268886,1,2,1,0,1,780,0,1,1.0,0.9993597951344431,2,780,0,1,1,0,1,780,0,1,1.0,0.9993597951344431,2
oracle_student_c1,oracle_student,student,7101.0,200,1,"['name_structure', 'phonetic', 'combined_address', 'date_components']",probability_oracle_student,780,0,1,609180,1.0,0.998719590268886,1,781,0,1.0,0.998719590268886,1,2,1,0,1,780,0,1,1.0,0.9993597951344431,2,780,0,1,1,0,1,780,0,1,1.0,0.9993597951344431,2
oracle_student_c2,oracle_student,student,7101.0,200,2,"['name_structure', 'phonetic', 'combined_address', 'date_components']",probability_oracle_student,780,0,1,609180,1.0,0.998719590268886,1,781,0,1.0,0.998719590268886,1,2,1,0,1,780,0,1,1.0,0.9993597951344431,2,780,0,1,1,0,1,780,0,1,1.0,0.9993597951344431,2
oracle_student_c5,oracle_student,student,7101.0,200,5,"['name_structure', 'phonetic', 'combined_address', 'date_components']",probability_oracle_student,780,0,1,609180,1.0,0.998719590268886,1,781,0,1.0,0.998719590268886,1,2,1,0,1,780,0,1,1.0,0.9993597951344431,2,780,0,1,1,0,1,780,0,1,1.0,0.9993597951344431,2
