query_id,duplicate_group,bucket,split,source_population
4e84d19d477215e0f8a9feac,810f9f06a68f4a8b6d77499d8c660eaf41777b7b7d26f8d3286c6b10ff18e0b8,14,train,french
1df16b7d3e9262f061ada1db,c044b4a6540861d622dcb2f3d90c75cbcbacef5798b5e3b9e93c3549c80a8bb9,66,test,french
10bb64a4de8a4fbdc827f5f7,88a8be44fb048353381aeeac251b0c7eae27abaae3fd84fd8aa953d87dee0006,32,validation,french
928572a84176670b1297a1c7,a5d2ca2b5af9cee8002b04fbb5753db46d5a66a3a13c75cfe01bf46fc35e6961,55,test,french
cb0a218e859ec5216fdb2eb4,40679f7c096ff655ff257b839f10970237cf2140ee0eda8130dd291f4763b050,60,test,french
6319ebf0458b64a3c7d253e5,cba903df79b49cd6bf53410d4bc7ce065b455722be757e6679b406379cd9e638,23,validation,french
b708c62e0046f41b4fb5f7fd,a636f2f71c0470f179fa66da2f2b84fa9d284bb3471491c4de8d5e9e1dba4324,99,test,french
7624aab9983c2ed7f25ded7f,add7c9811362d9051d1e7890365a6b1ed86f1ddbbb009ef6a3b78a8b7ee4adfd,93,test,french
1dc28d2df48b87b7086a86c2,3cb8f4df91a67bc76f1e782ab35e9cc6e5fd2c5f4b109eab18ffc8c0fafb5e0c,71,test,french
a80006baaabfabad9a90804f,25141d26a1acd7871af4a2f458b06f343b9483bf303ab198f5231874f472add1,74,test,french
71abdf29189b87c6f74ed8e0,234dabe24c136a7a57c8b15aea42f98da3cadbb44b11e851ca0291304aadd987,34,validation,french
4c78490bbfdc6894d098c503,74943371f93f404f821cc6a0cdce0ec0adf1d4f16741227af41617b70542eeeb,53,test,french
fd3bf811c21dcb66da01cb57,18c3c088596b5f9d03fae06e30b8ec6e27c61d9f8890b9ff3c61944a132a04a2,92,test,french
328ac76fbad223832cee34a8,6f7764dc16f99bb8b519e7999da0440ba76f827f56af5ceb263b5e416adf540c,80,test,french
73425100e3bc07ed045a307f,c91d7399b25a198f319a0de50dc08ee5bc29a9489eb606b861dc8ddcb9e43752,53,test,french
8a605fea71a3729301ac736f,d1ac34f6c45469fffd8f4326e5874294d1777a5b2db77bc4572ddbd39485ac1d,94,test,french
7611098226ee13ffa9a11501,044b65cb97b652ba934e36c35e73d102dea86288c3aeb964bd58eac599d81bf7,23,validation,french
efcf2c0c450573449260cb5d,e45bf8b9269c72ed7015e92b6294504d0aa2ce61a224c3793058a9f957060d08,97,test,french
7a24e8997a8c596943e7e35e,6e9be42e6d74e1a391323a2a1e83a8c987a9168b7be2c2b38b42fbe5df054cc9,54,test,french
50a5ecf98cd37020fc79419a,384de31d223ac6a474c0cf1881758e460fc78f9536276a92575ea98b8cf63ca9,9,train,french
c164d996aa41d5a886296a06,0c272371baaafc2d1d819f5ecb127e4b257232ea87021ff61a4c86f26191b80f,69,test,french
3702e0bafabcce2d93cdc050,99d5841b7ae704efa02e9b134b54d7b6f8e9e2aee216f00a668011824992f90b,35,validation,french
212ac502f259b9a9629335d8,4d17137aa6f058f501f56955ca2ca149c9e1caf69cddc6dbdaa8f2d2613435c9,46,test,french
111eb266dc2acff17364ca41,78b8d8124747fea245be2b8e4bedfd2f134966f80504bd107f31396fddc121a8,58,test,french
6d3e4b7032696a1f788636b5,a54f99472727a8c0219370942639a71b6dabc7be9e1c5dc6f5de93bfff34a366,23,validation,french
491d8dc47d320e97dae285db,ba55f14890187ae1f442af039ec9538c46e55ed23eb1021448a03edaa678f9a4,4,train,french
832730a73766eb1fa2dcbd2d,09249dce3fbe638ee40f3ee49d9894f240daebbf8bc776eae1fb52a22c0ae21a,38,validation,french
105b8d1371c7410ed8d16109,1aff157974ceab0bf5372b20a44aeeb0efb7e68b799ce328f58865053a7685ef,93,test,french
971fbe330f02aca9e8b4cc63,d84e9f70e5510e23173b1fd3662b980a2c5da3452a45e022cb7720117ae8a5ae,80,test,french
5639f9256dcec953fc32ed30,4717fdf718aec450208ba6838741ea524315999799b029c5b96d6c9580e3cc02,79,test,french
d13a3cdb5b81467635fe0ced,e32dc3b31c390cffe5b3f64b06cd6d4f873186a6839e385200e6c197a9155f56,51,test,french
5d587b54e20ae823df63265f,7144845f1107825c05ffcbb206c2d65e2ff33df64c6fc1724abcfddce5ee7d30,43,test,french
a0f4d497548434b905776e68,a60b803aab8f1575dbf9eb49238888f5d6f724e0847139893a42913f4bd4f9a8,78,test,french
aa18f14e2fec8e888a0db8cf,5c73d178dcbbbf37161275b58b8fa9f1c497a2c60e545875d230e0d68d6a388a,36,validation,french
85bd13930e716a8967708f98,209345aa61c8b7368130952e5a26776024fddd00f9a0741a4eebe41767023cd5,38,validation,french
2ae25b986c9630006b2c375b,86d5a1f197690f08eb0134b3178e7874e27b3420f18dea96e392be56f55ff48c,69,test,french
235f0174ce12e7d50ba21f8c,a43ae8e44a363823b38e7189717ab875b887b1d7cf60ee3128ecd1eca76ac448,32,validation,french
d96b23b0776cf63fce37ed7a,51c29d88b77b59e967425d956e385fc9172e8959d16c23ce8794f675fb8d8b22,8,train,french
7252ec4594b773e668104107,2dd49a9b36a7a0f2e62ee046f7c8eb901f294381b35956f3015a478b171d8653,31,validation,french
3d07546c3dabd3ec3d2a476d,f4aed80be71b22632bc9cd119bc70a74c494c0d4a17eed4448c976c74234b872,75,test,french
ae38bbd605c205afb5135382,5808abbdf48d4df7333269044877f41d92df347b87a7f5a746b02f1c0d38eb95,61,test,french
aca3a0686eaa3ef3b55bbe1e,7c05a40609e9bf797b371e4acebded60e2322a788c4d5df26a45f4f2df3a5163,54,test,french
ce331add5e00059991aee374,bab38377ea6dcb2e4514d31b5053355e4614c2a5c8044749845123a3509eaaeb,75,test,french
01c2d3bed45e7354a1c33e56,d84cdd145d1da0fa068a26da18f3a60a19b5d490ccfbed976bcbbd5839b69ee7,88,test,french
37a37da7a3a7a40831d22a1e,128e0d690eaa1ba352117f7e0703472c3e0681d6b8d760bc7a7a34df027da528,33,validation,french
958cb72fd5cf281b93047a50,bdb6a5ab5a2023328182a720108be0805b5cd15dcf2bfc3231f17aeeb69babf2,87,test,french
5e68f3eb505efcd2e36c0e7b,eda297e2ada2815233abd2317f0f4ff5746716d349eb4afdf353609e8075e019,6,train,french
8fdeb435cc51fe483515f80a,eaebadedc8e447d7a53cbc0c4e89a1f99c5984f5b1c9024aa3087c2ce7df546a,29,validation,french
3a945b65d2d5b412ca277b00,4adf51fac2d2df538ad2095761b05460daf1026254cdba4d6f8cb67fb8e3d787,98,test,french
e8847dec1e73e02935856b90,61de92d32f20f775946f4977384613f99ef9f1951f42deaad8d7afe2f921940f,31,validation,french
63485d9125ff3b7a8ed46ccc,396d4a27a3234fb4d9d377394b50af8b985089e7515e24808c117a384abea28f,19,train,french
0cd4823caaf7bcbfa0cca057,a6f83b84e48bd11347a2fbc6185f441279d5e9baf018ef050e3ba8fa44b4b4a5,20,validation,french
f57bae0ba27fc59323611d96,b952192c8ee49692443cb6ef6b5e9644f2ab7aeacb654de3b3ed94e433595fb1,56,test,french
c8070425b701e26034fc2d94,8ca0c2fecd869e0e15ae5fa0270f1b74d4aa51e0c6be0dd6f346fc09e6e62446,18,train,french
e46207619e06bcc6a322929e,5a5a7f2f25603e46333349649936bee2a4ae6fb64d6c85bd0a74d87c240cdbb8,39,validation,french
e07b42117b90c45641ab5038,63f3b6fcf57e594db131a95287471f0b5874a8f226950d997a3863e829429894,76,test,french
a83c17243743c7d7d0a76cb6,831525fc05203a778765c2148b0a912e5b63aa1e3c697bcaf4a46e8e1a8d0e87,76,test,french
6029dadd4ee8e8ce6f4288eb,877941bc01e9a8a6f0d98df5e484fc79dcb0a35048323365a2c5df29e6ce108e,44,test,french
9fd6723ee83899f26f43195d,310c9f4d32124d908d85855a0fbcd395043353a6a764dc6410b0439d7ba432ee,97,test,french
9f734201412fd0ba26a5d812,4c016f6a4d906855e97dc2b17d572d5af93c1ca61569d5b1adf9467f5fafb7ec,74,test,french
511fcf9af2a897e4d78a6f3a,9a3e68a2bfcc6edb0a266bb6382a2108f597c375c1c41d82e8b0c242a507ad83,82,test,french
872ea01ab071e6248044e4de,73c670a6f172353a08e6072033252233d01f9e7a8f02685dbe64ddd62d0f0243,6,train,french
8a41fcba77b0a49e53422e1e,54beddadea9d3ede0e627204fa49bf4781da9596f551074a3b685e9c88d360dd,33,validation,french
45b4d3a28554b46773a43a5b,c392a3446a6e3839a8e87ecb2675177a2e1d03c8278678931e48f0962629b744,72,test,french
6a4920f56affca73d124c08b,aa06596be4505d57c5fe667571a20b0c164f64605206566ee8a9db291184753c,27,validation,french
80df5caa9af206e0da1aef58,6594bc4ac31b34f8e6d596cc9449535e9fe24ab4dd452e49cae5103d2d553717,46,test,french
e31543b8a2341cfdf2cafb2a,4d25b147b15ac2c095489b131182cf8f7d1d26f6dada99c20852abc65549ef41,47,test,french
ce343a05f3112047a143232a,77809ebf8cca5a99fca91c86d5363801711c6e5b02bd56c1cadda0b3e53d718c,51,test,french
2dcf98acc1b0c70ea6f92d24,6b40a57218e50558a9b180a056885615801b2ff8ab9da6eac46ffb2971a1c50f,70,test,french
713cba7803b5f88fea2a60dd,35d9e656b4284f390ff5c29e4196a94a2e749b8f4804b9891298ddbbdbb043d2,26,validation,french
9d0b87756fa9044c2eed42a0,1ade9af12cf28ec9b222a078966dc302796fdefb298841db374b8f6da24e51ee,73,test,french
2f2f2eb04d0cd0c1abf2c77a,1370ae5bcc14eca0c857da79cd9be9e5233c48971ef26abc90a72d522b081e59,71,test,french
a44b795b07328aff1e30d913,329bbe10d8e959161e2257f49cd729560a8c260c5cebcb4299dd5975b5e8ccbb,36,validation,french
6f6bf4515e55c45f0990fa91,90f864f45ed54f0d586992f5e0a24d69d635b3664e7f0f6cfd13250f8aa8ab28,76,test,french
b4f9a9ce31db9838e1beef47,0956f7d81c7df141cc82eade67746f267a64609e6c689a55ea2801b6a5336e78,88,test,french
dc42bacedfddd65f731c6d85,a99837fb5d890dd9488caef8126bccae54d114f7e064376c7e9744a34a55a551,7,train,french
fbf57c3e2df8aa36cbf72d87,6500df880fab9a48492d454c4c86913c236636949b5f68db23fc09adc5d0c76c,40,test,french
e1d3e66901e118f15973c743,da9d65acf4c8d0d7c3fe9942fb9de40a5d90c7e5b5cf52c34ded464a3f7915a3,68,test,french
63dd69ed2826cb7bc5f49f3a,f9fca344a67afe1bb438c72587e1534f9994855b859bb0641d2ab28b6b0d82a3,52,test,french
4081fce6ae75a20148cc8a69,11448e51651b87ba9e730c05bfdba4aed42c6150150d0a71a323e87b91ac1113,53,test,french
651200d8c5fbf6d647951fc7,2f61b7782992cbf7f61e9cf0c6c27a8b3f8009efd2375b59dcf964a92ceae0c5,12,train,french
1b13400c6bbcf62533c719b8,06e0965d882af15a4aa84ffa45ad55c884178a6cf65cfc368426697f6920680a,53,test,french
7fa6cb5c05e2745f79123c81,04ec200a9af1554a2188720540c27d5c806ebf059d769b9ce77de214d4215e86,62,test,french
86c46b6c442b94d7863e492b,74c0431f52bc3e3b5ea0e1054d52c27cd0973ac880a45660768557015290e36d,51,test,french
1cfd0d36289e43b3da9118fa,611825a0896c3a552f054edc46a1b565c43a6af8fcc1704c47f0df9b8935d5a1,48,test,french
d58ecd2cf90a794048fbd60d,0acd88d7e2dd236907abb3547a2329a0428e6051db45fcb8798ba62697dae889,71,test,french
ab06bc3abffa5162d7c53956,1d4ff998ccdbffcb45336cb2eb4739c64430dd5b81384951bbecb1604484b5ca,4,train,french
5501140769cbb2cd5ce89dc0,2b3129840ba23b71cf13763b99418ddbf1a19648d807d984b4c236934a57f4f5,80,test,french
5c86d8e8f9cd421e90d1d974,3581ba17cc8b913beae33e8a56463ef6bb49aec45793ec2e5d34a5025d63f0eb,31,validation,french
3e491715cadcbf8769570f2d,b8ba8846e4885a31ee82f93ea5163ce7314159446e48c58b3d8821f2b0099780,26,validation,french
d116f3bcd23a0a7e66ff131c,55a80357a12459b3c2509dbf4106232774cf47c70f5852638bdffef740d9655c,63,test,french
d48989c5178ce962605e9ed2,1003e1156f64ed23e48ec71ad8a801d06f3fdd988e6d5c4b616018dce823703d,85,test,french
9c7e553bb1a99e90f87c5cc0,e90394331288010a3a40fbb2c635254b314ce4e59ef2665051d7e176fb796c5d,75,test,french
ac7a66d7d31651102f6d0a5c,a2cdf5d48141e1eb9e1c7eb4bee92ab676fd0cb95584193a3eea1d7a6a372501,4,train,french
a087e7e6c20a0908f7153c95,09b2ce35f8b0e34fc8a667154cb8aa8991dd4dbbea94f6ea01dffa878bfaac3a,41,test,french
b7762ac9ab47ee1b18a801eb,518bd76bd8ceb30d86fb433f60b3440dc0c50d143a706b744e333b545827c33e,47,test,french
488d029d850cf6ee08a860fe,45b3d81172c274b33cd39bd2068940cb34045aaf9f94d0c98a233fb0c5275d3a,61,test,french
3e5194c08c17e4e27bc9bdba,50a23ae39100f1ec8cb35f6e1cf0d25df9b477be6114b93814cccbea3945c0b2,87,test,french
7f0c544017e1944d14af2cdd,5383fe0208cb9ecbd3c9f591c81252dbd1df4f69f117ead4b6671e5d0fb98bee,70,test,french
10ee6ba4b05924b25121aa6f,6194f5868d590b4ff00f6c1bc5d8dbf8755cd196d2e57bacf0b0bf044f624dab,34,validation,french
dd9d5fb2dd0492a61a12a8ee,35ddee87ba1546c1a0953dc54dd643a1fa76a8d9b4782cbbd61749a5bd2abfb7,67,test,french
5adc3d7a7bc845e6becdf426,323c398e02364205a8d7269e53953a4f97c37ed79584698611897945540c6bde,94,test,french
1a6a1a6cf913c47ce199a883,08d07cfdf4bee3e8e37b097c1b504f282314998763b44bd47836a6abe7c0d43a,13,train,french
16a4c4e26de4b31a066d5d71,f5a5783a0a06c1e4ec3aebfa9c0831278bc372e82a952c68fd500739592f3783,38,validation,french
b4598191a3769fbb5a63ad07,d535c4943c7351bc2e27e938c4ab6496183604d30b076a8bd00c052138bb2ec9,40,test,french
10f55503f7161b4ad3286ea2,c4921b1988843c9d6b1141ded55ac186c22e699ead138655ada26cd264bd6d97,29,validation,french
278c95637cea914f86b7b204,4dbdd9cd902bfc11076a5cbf964d6d8496c63ab30b2d8261520071f6a6296bd1,93,test,french
c911879f70f68e66695d4bc3,4c0554f41a09919a476cb4192ba557c6d749dd5bb6ff22f2189d5ad47f0cccbd,44,test,french
a8a7186a368de28290088f36,4521713ba48fdbc483313b99103951fbd8ab0cb03082d8e8c3676d26ca7f3f0e,79,test,french
0e7cdd787234d9dae6b2c460,4dbf01859fc68a38994863ac38a942f2219c409f8ed232be2627c78b70a009f1,97,test,french
9fb1202c6ac3ab45787a7e1d,c22fc81c7080db9333ffa8f25f03e5bb65f465de37bbe176975944596c913cf5,24,validation,french
7d8a9e50c9661b6e25740b1e,c985ccd7093cbfa45fb64d38111db1ce31f1b733df7e7b00f4473051fecce89b,43,test,french
5fc2c1f17212a1e5db26e23c,28150391ef04c762cbe20dfbebaf173972ac695f4c2cf3f827186709c7ab2aa4,9,train,french
9bb21fd1f6ec4e9b68a0f6fb,bb2d715becc4cc6daf2c1aef663c5da4f97530e2aa66f692cbc1d33ec5efa434,31,validation,french
ae6d668041f9e432d9741308,5549c24e37e6d6f02b2dd9ebb8855443a7f644a7952893eac58c49778bad4b48,30,validation,french
439363d48289b3d8c79a3b19,48343727f89de443cf24308ee2678230b0667f81740524358fc7942a7d32729d,43,test,french
40f1fbd223ba36e914de3c5d,599964f424d99052583bac28748362b36b999600974fc9786038a6c28781bdfa,76,test,french
b88f79443fd9fa24d1d403df,701dccaeb8ede46daa321e649175a3051e089e2e7b342d9dbc0c25287babe5d4,34,validation,french
993d559595a825a3d5331bf7,ab53fad77b6308771a09120bc572c36346d55917cc940a73b543449221eeb279,39,validation,french
85db0e67ed9df2e2caf0d01e,db2109e86ce669633c3377f1d832fd8155aa88cb25e3fbe1bbf7611d0a59e2f4,28,validation,french
e612e1318b54fe2e5a92053e,e32dc3b31c390cffe5b3f64b06cd6d4f873186a6839e385200e6c197a9155f56,51,test,french
63bfccd90d46fe5a44f207bc,810f9f06a68f4a8b6d77499d8c660eaf41777b7b7d26f8d3286c6b10ff18e0b8,14,train,french
8f1b97913b643dfcf62806a6,5c73d178dcbbbf37161275b58b8fa9f1c497a2c60e545875d230e0d68d6a388a,36,validation,french
22bfcf7d97b7b3238a6cfec4,8affa1c4e9b964d18e530b635d97ff258f62d146e182b9a9939de090a532a8a3,0,train,french
cc8df8aef4384bbc4bbc1310,72838bc81083ac5c690b0fd70b17634a8db55f4dc28c78588b5cf36e4be1ec1c,24,validation,french
0f898d4b23fe71864f1d4531,4d7f61a2632fb6cd2fef45aa59100eb25fde3b1603a837ff72d789af69ddd898,98,test,french
98d660ed6a401df55d6f9902,e8d19ae996e33fc108daa34f1999b9feea21d822e8bb436f1b909a5ae543b477,93,test,french
8b873c9b52a81ff9c2ba37d7,6dd1be462dcd3fd4f4f24005fb56bc83588a669340d04c5cde6716717dceae9d,78,test,french
edc40bda97f4194ad9b48c21,31d72f72f8bf1272beb423207b90df7c1212c2d7a1a250f9429a215c9e601ccd,70,test,french
a2b33e85845b65b3cd18ac03,d1335290a4164218cabd8de7d3721fc7ed0a2c4fa0a4a0706586c55f05b9fe02,16,train,french
5473ea4b8a9e3e136f699715,d2aa82a2bebd7be191896688bef2deb408acbb4a9a982825f492267305aa173d,22,validation,french
56865c76aab58d5cdd6954c4,3f0b64adf1f0118b5643b0b2564c23c3e69511b95e5f9daaf14e54da58e4a8e8,77,test,french
2aab7ff2afb0f365e53938b1,a361201f2a5b1e3ca93832eafe73ef8f3da80bcb654ec2a67b7dba23432092d8,23,validation,french
c48249b192abe0c91b747069,f45ac6fe22b49e274c9180628bc1ae96b155e5b8c19669923978763732ab37b1,86,test,french
42c2c0114ac633c8f6bb2e2f,a3897f322836523b308d131d615c1b815b3c74ed9960ae41bd43d78ebd9480e9,2,train,french
71748f204ded868f0c88d6d3,50abe5b3a43a0c9a27026d2a5e6bc599f6217d87c7f01385b63be41f057128c7,39,validation,french
a27e26a6ec9705ce7f557809,5dc42a4233d47deef4498c121ac10929948df1663a5d703de0c548f6d83bffef,62,test,french
a0ca004c897a9024499bce3d,f1762c9bf3bd5b0d51aa34e0ce767ce614be9143d9f40e3e9ed7e99f8c8c6a44,23,validation,french
b4901356e37640c47406488b,59b8cd4be864b32cbfae8f34c02832ccd4b133b133bac3dda933a75b32709f16,3,train,french
43e45156a3e193fa4d4cd041,180cf6e17f99062886a44e53e0e07644a5641d8b74ad93bd4c7c0634232aec67,17,train,french
e1e82d38834da70d0b3432c4,1c1e8b27e5b93730c13874eb5104b3257df13b1bed0dcb6751166aaabd6e785e,51,test,french
db7cebcf490098618824a7cb,87f5015d926f651f7eab8ea2b11627ecbf1e857eeaeec1bb82f302568f6d1a4c,29,validation,french
883b62ab258c930cc6cdfc00,e5ae48cee4a4a7a1525a4beec046081f85e8978ba51851a1711e4dd21c9357a6,66,test,french
684a9e01b758a469d22a1997,65267ef3670b0c33c1b1119bc988737f082f989e83d5497070194b23a28a14f8,83,test,french
bb8de54eadb159bf0ddaa278,8bc3e3ee1c06b9b18d1426a7e40c6133a121b7d915de9dadff23e755690b4440,94,test,french
e010e82a7b2bf4c4f4b5aeec,5e84d6aa70af11ba9c2c20f050ee215408a56879adf6f3b17a562bf95946f6b8,10,train,french
6f60c4d52555e12c6f6e3b50,301e18bfd3ae6993e227a7c1b3fe637273e64f7b324d4139d40f4b66c338eb6a,83,test,french
3409debf100e186d3f3bd2e8,4606d460dea6151f30b9660d8ce8467a74749e936ee3b94555b3a7219e09a2b9,4,train,french
c61229b6c0f4d899757a8ec9,0e1b3c567df3d3b1f474ba9dd45b85de323a0e80aa153c2b8a7eb7c86e84eb34,42,test,french
a0b3e3eede46ac0460ea70cd,a3944b2a3a251275486c7f5f8604b80196ea938cf859d018662b88a9b28e121f,78,test,french
9000d5e0c2adfa64a9e3defb,66f47abd05c2e166451b4b5b0e8d267112efbd54c7b04d83854eddb0b8f461e0,37,validation,french
b1ff28b8ff613238e2df7b8c,b783203ae18a7972ae14f2c6898ee927a3b4c05a7addbd1d23428bf4516b908e,94,test,french
f27a57926391d07dc7c6d272,bebc0a6a2a2326bc92769bfa7100e890821b35a8b05f396d87e102c15a6b28fe,74,test,french
a78dd0b46ab3ebd6d26a3214,1af1381fe9eeb7d8a104bd9e438161717f1236b952114799b61a12fafda94287,59,test,french
829a78e7ba2061b7f35ab194,065cd983e916d9da5ce8f1bbf5df58a7cdb24b9f8ed7cc58413777369507c92e,91,test,french
f94b031db8341c9b48f57cc0,33f62e0726f9516095bc4d8f5393673d171ba1d9e3fcc04ede9a2f753a7e802a,55,test,french
5bad53169225aa01b85b342f,b45d5106712d741225a8f6a56d00b9f9c8777325367f24dd4b6da44f4ff35be2,70,test,french
4794b0f37a9ee1cc23eebe1c,c645df3b42bdf254b506100572c96cb448e0e03fb1be64249aee928877a363be,99,test,french
bd5b8d51ebc394d8e506dd6c,c01d5db94f5d20904ff28e224a25f476553a5a64958272769ad427b12870952a,9,train,french
e0a025ab5f46aa40d49fd52d,a9f35d3701ade53d6d1b19b9314aabe27ec6c489343a8f80c266a8544c886300,15,train,french
b88b7d856d608a9769e88a47,0be1229d2180378b1bf8fb4e68bf70750ee265142c625ecf858184e232cf343b,37,validation,french
24690bfc49b61b96e8e4355a,0c1f90762de0e8f48cdc959e8b958c8cc4f064f6d60e57c3de09f28de7300924,90,test,french
e2b19b9b6d5a9e8937e8e056,77192af9510028be1a9b486c608a94ea0382b482f0bbf7ac772b1bb4d5b5a474,5,train,french
4d6a37ecc8f0df453fef528f,3c8372f8d38c18396760c81f9fe65d70d82f4d778bbf915ee401612f095bc14b,8,train,french
f23211b49301a2bb10bbb29f,cf193deb28e0bd3244fe1a232cefa90cb9a11acb8ef3c3afd16f6eef416108ef,63,test,french
cfc57a80fd569fde24ee9998,dfc5a10c815ab2fe550fb75e403cfb61bb7100b2bc8100e41af2c1138ca82fda,88,test,french
2590d832cdbdd023c227d6f2,200a539839b52a35c50a63e8b6b1b201ce3c86f501c710587eb315a7275fac6a,72,test,french
74a119acdba42e9ab620bb6b,9f656244f56339f62338bbbfce242abed070d0feb0874baf96773fd5fcfdce63,36,validation,french
db8d444d95c32fc8264f7b97,9312209cba3675facdf0f1c144401e0d1884cfe4f7a8a0205c7e0a2db46d10ba,48,test,french
9d8d75214123a41c337054ce,d5b1866a1a3d7068ef2baa52d0714012b382a11148543d78fcd83f30de805216,90,test,french
8940e8d6129a36e6c1ccde7c,f1c596073d285f16b8f7473c5e90390ffb9cce5a559f63bd1fc9b3ec41e364ac,55,test,french
3c70da5e0fea0b3cb62d4b61,b11e504a6253ac6b10d1397510be440325098c848efe1d6ef4516806326dab4a,66,test,french
69bce9f5e5c1ef542c68f4f4,0c6662bbe27dc3c918bcfa0b0a29935ae8579f214ab31160426e27a09fdc3ecd,39,validation,french
91f33064af328bb63488ac81,671de21d2c5df90e461566fbb0fa0c4bb53453ac0b819f772b9e56fe82b61490,77,test,french
a78f022abe09995f24deedc8,b90803cfbbda33f554d2409e38223dd6507c690d6039a8ed50e65f4adedce25d,23,validation,french
3d13eb462e1143341424e4a1,bed0fa1d68206c18aa96f95c46dc7e21fbad810108e11a90c361f583bf78f1fb,57,test,french
8df91fe82a71b6b339a9a4ff,ee3edd27c496b31bd93df24da96211891f5870db646363cf439768eeaa3986cd,55,test,french
1f5f48ed6b30072a6db293fa,0c24257222c77435b468a9a4f18a824dd0968930ef306e2744edcbd81feed132,74,test,french
f859a9ad09aeb4a152e5e402,694bc36261988289a4ee97dec82bb804d079b9a11619e105618e68f89d5f44e9,98,test,french
ab86466f57da3312a6208282,30726e2b497d4d5e81475d601fdef3c0694896abb1394e99f6e7df84cb0c4891,75,test,french
f2c1614a6d89427756c0e976,705d080acc2f908ade25c6beebd8720f067cecfae1254bbd2ec183dac20b5018,98,test,french
c947efa2345a798b6427ea9c,3f4c5103c9ad2199b474af010eb05ffeac867f4f8135d1c66ac993e53228f46f,83,test,french
c762b8ea0e41dce69d1b7ee7,63422f4eba25f335703ce900fe6b1ebf208e5d09c846617b3fb8136b5e8ddf9f,70,test,french
64f534925d8275515edb43c2,4f071d7d14e3dc6fb4f89cb9d395bb837f6766cb5c60686cd7b3dfd65c383407,65,test,french
6b4113e079238e2ffd243c91,e83772a6d6e177016cca769b324549f5690d9565cbecfd926349141d98d3f81e,42,test,french
4b8f4400c1b2f0c0d8431b12,aea426142a78f9261a42eeb9e41b405bcdd65409fc8a8f6535004f45728bdb92,36,validation,french
e760bb610bcffb9bf5135e58,ee5726f2f6ae8008ecae1ab6bca71f525b33d2e19332367e73033a4312ad2ba0,10,train,french
f87929b73488ee43c14cfbd9,018db6255465f85ff1b8dab350dd2c184a813261f66c7c93bf3ed519b5869650,21,validation,french
288ef06a78749a44c3c8b0b1,9dabc8cf59165fd084fc82fb8754847a6ccaca352bfb1b08aa119c54f192c17a,75,test,french
241ddb068ec658b08e814353,a1661dd2b66e35d2d613ace0c9ef6e7654ed8633960d3244ed95a980b006ba0e,82,test,french
7e376c577a0990edcc604d5b,f24ffdc6174e1fc26a81c412fc2218496f0c3089fe7ae354a054f85398da8356,82,test,french
b85a8e0e4d8b24b60113edcc,e32dc3b31c390cffe5b3f64b06cd6d4f873186a6839e385200e6c197a9155f56,51,test,french
2849c11c2b5c455dfe7059c5,810f9f06a68f4a8b6d77499d8c660eaf41777b7b7d26f8d3286c6b10ff18e0b8,14,train,french
979b9b39d61774023459baca,a60b803aab8f1575dbf9eb49238888f5d6f724e0847139893a42913f4bd4f9a8,78,test,french
a96e0e129730c32d1c75bce2,79be5a9629b8f846b66c07cffb788e12732b829737152c19d45e145c4276e381,66,test,french
73c9d0290205468d3c1664e8,e88abc7ca89a16015320b7ba0d626f66ed126546794393b8fb1818ba15e38913,32,validation,french
8e9ee644142bd515561fcd19,4a59ce2dbc940c94374b48c8b81d814d554a00eeeca11c59ad5ef1c5b463b266,69,test,french
cc677f11f5105c7502659cf4,90cc1600908f601ef49ca21709b42fb874ac7a9036b5960203d627f81a8fb6f1,80,test,french
ded2b3abcc6c8ec32273c678,0abac129a12c9749cda6f09d42ac34b791a3cc2f3da631547410f0c16d1a1809,5,train,french
b5670af2e00635e00422c8e2,88e5fa323f00107833ec60ca2b3a3d2d2744cfd5be37d62f4671266863f5035f,70,test,french
bbb42ff96e426dc10addea2a,da5936382a1f8d9262f12161018bff075c046d4c0152eabea003ef022c9b899e,72,test,french
d83df19d97306f97ca2775b4,ecbc611c09c706dab90d089c3094c68eb7ae0ab22054257c2e78da3be1c342ea,4,train,french
e1e586b0f498b99a596f23eb,8332374c4820d3f44c46b5f026b0f4012a157862c2b26dbc504e22a439f0e829,52,test,french
34eb481f9aa8b6e2390a75b7,84d1f35d4bc04ba4d553333897718e5aafa6ddcad6c3f89bdaa643989594c0bc,37,validation,french
e5422a0c8a4e8c4e3ba3ab57,572f1e89981dd78957d844dcee063a38d72afaf170eada7302b9a5978ea0fd8f,1,train,french
232c6a01247d859cef010782,d6077f6be3c1bb8062bb365484a84961fddadf6e149229c39681544dee8f259f,95,test,french
71bdfd35ad3e8bb9a0c70145,e5d25f304567b7e79cc5ffdfc269d7ca4de68eb2a7be146325d4f0aaa78a1d92,92,test,french
8e763f23da5ade2112b56c04,b8dcef6ef83ccc636c29b634ce40fa33ce5463f253a21d0282e928a4581667d1,58,test,french
e2deb8ef937679689f662c11,05e777eb705cb448c63e6e03e366d21aded8fad88aa541a5c2202da764a56a62,95,test,french
a3e308d85936fa3d4f3aca0a,2a9a72b18b7fd67f6436a1d792f56c4996a641c4cad04e49f9c16cfa9cf94147,77,test,french
e3386c35e4183ebac2293b0c,ad0e3875a31ad4cdb4e1b8d5041a89b22cdb1c375c4df26475c0dbf697173cfc,25,validation,french
16c8746d932b4fa938fc82a1,aff478225873060b1f6f588d7a6bc7bdb680127d12d17a6d2bd31b3dc21f659d,38,validation,french
b2857f6520d419aaf6298ec9,b28f146830c1ba58795c959365b2681a52d1f917a74c4cb9db7c2bc0ac169cd6,20,validation,french
9947ef4861eac10f93f38f22,fd70fc90509a9c6f4ccb61bfe63d3b88980f075161d3fd84da5a21790658ad26,36,validation,french
3732972ade34af49d0001e39,9d0cf0d936c364ca265d0c87e0e36efa8e2542d8eaf6ccbe70b80de340a20cc7,1,train,french
b32fd21dbf139434c10cc496,69d0e070deefd7cc553a10327f5858d5d7a5e4cfeef5056f871f0b71f342ea37,24,validation,french
e5351ebd7c50f686d49b4246,9abe511e2c0e63d073dd8e17b923cc9183788efb64ab8ed04e7318cde07d2522,70,test,french
945505c3ebcb6fc050192fac,87e13548de23b916b6436f484b13ca54d549b4333091fc50805e447a78c9a2e2,0,train,french
c829c639b7cce93de9dfa8a2,3503db387166b067d769e192bb2ff2e0fcd41e314f7f14189e31a35601bbfa3d,76,test,french
3f22646ff2bb9b12a3c0e20e,86da4003e99b51d0c09869e42582e719601f9e7e5937cd1842cea6038c494e94,79,test,french
d5fe259c31d45db15c78439a,1343ed9cdabcd4504575ef809de55a5f31b22bc1447523921b28b4a22dbf24d7,44,test,french
8a2123824f32c7df6ebdfc2c,5f1838e07abc658bd5748711c75a4e15d11ce088308be6ff27cbd71b191e4b52,44,test,french
f6a1a2b6ebb64dce37b246c1,0e41e104383ca808e68a9116a9be877a82e03691f2283a4319e403251f099a3f,68,test,french
2fffea4ddb2635c54d5026d2,c4b6edfc948939bebbd1d8f1ab9a65a2e440a89f40cfa07e74754fd9ea7f988b,12,train,french
7b0c3de8acb2d01e6b7ce301,469e4aeef12901c67b6ab8d244300eb590d858c1449a9968ddf310e81dd80623,90,test,french
9d0b308ac1d5e0ea87c13168,b6d69ebd447666e55e5e24513e95f0982fb827e5aebcd9f28032d6abc9267ca1,53,test,french
e83928864f32b3797e0f81da,c5dbc1108a4d985766ce174b791b095bf80885b21aeacc9fc60278ed8c4d4fee,60,test,french
487f214380cc4443a9264361,6ac3723ba1d87f3d6919b5fe8f785c4a1a115ff442e8b4acba472266a0143764,59,test,french
9dc228489b3ca87c6a4fc93b,9c11164679d8fa45338dda302aed50446d6f9f9f08bb8de6f32e26a3a2041a48,10,train,french
c44aaffaa85af902cfc4e9b9,ca1da33b2d7dca7f8d5bfb894987c64ec27cb19fe7d67660bb6071b62ef24b49,63,test,french
787c85f0a39a7e82f14ffe28,78889e8195929349aba187db9eabcb19daf1ef34b952cb41307639477c68d8fd,93,test,french
3f65404953616b7e239ff18d,95b6c769fbdc0ebde428690c1ccab75dbb32ce10cbb88a0c3ccd1ffa9a6d4df3,85,test,french
8e9a6781b1e69e12a3edab08,21ad494b68cfc87ee49a4411701bfc0377984dd5351ae9ea16055e94392a6d12,19,train,french
5b36e425ebf3eb62887339d6,ad06e65459a9f13e6dcb8cda1949447ed4f7c8539023d1c44c742614a0c5e4fb,48,test,french
611b8acfdf3c07b3ae2a7b64,f9aa857c9266dcc446852e1ca4ac4546494d63ca8a0aefddf8893354750c7b1a,76,test,french
3d87c7d0b3122214d20165f3,89e5dba064e76f2e14c5ae54d02a8731bd35c8abc26c358ee1778f7dee0a32c9,60,test,french
aecd22ce96f87a09e89fb121,2c0505ee03f1eb37f1eaeda885ec4a9e2f6ab95a3844d2dee8551d2f30d37ed9,2,train,french
9bc4cf53abfd519fc63a1ada,aa92292979a8fe8d8eced701de9626a6427ea42816d7a07af3cbeb83cfb540d7,13,train,french
d3da2713fdb4fff0d29767b8,4cdf4140f66be198dc13f410c7d7c11b8025cd7c717e4a8da621eb166456eef1,48,test,french
d045d220124a44770ce1df05,43eded11922aa597ea30f94e2efb0d4bc4af04ddc0e13f63a1c9868a8b266fd7,93,test,french
8505c850c0f074a566343918,3fc049cf3b7fefcc77524e451655a1dc489a95e858edb9f1732094a0ce50746e,15,train,french
c0a5c60c34fa19a57ac4304e,b9e61e339e6914b3559dcddebfda67f9c20c77e12ab29e31ca44c16f475fe85b,71,test,french
e7e69003d2bc19f60ce9a0cf,460498167dc784f9bc4a4c07acf39099433a06baddc20c59f38c512d4cec2244,98,test,french
6c6d83bed295d8fd495acc47,29fff3ad78b1d2a886616970a73b2027cfd0f917948b14c2930219dc59b80673,17,train,french
44cbdba555cc263ca0111c20,2939f4fd7cab030d74a5eb41aa5c9368d8d766fc3175b886837575ca29518dbb,25,validation,french
0faa5f6ff84993bac54cdc3e,288a116a737d042d15ba2193ac6e5fb20103769e544d0be0967961d2ed709ff5,66,test,french
8216155adc48f3d403d873df,61c99b15d41e7f01a353a86938039675eb3f7799796a1632b958009c38822d46,89,test,french
0ebf1322462661e3f95a2835,1782f13b60a9ff5d372c0b385b5683a57bdaae548bcd56fea980c09388d6be59,3,train,french
7c776b8ea2af02c8a903e379,89821580c3bd6706722899767bbe0bd79c1ffc2b6f4a3822dd0654808e1da9a9,76,test,french
354a8ef7ccc9e2e089ec9c3b,6cc81e613da9747233193554c3e3de7b8f48a1ff14f0d035f09969f53270c4d7,5,train,french
ca51b382ebc2bf6b0dfb6b25,34dc89957865c6cae5e0dd6bfeb87e94a38e04c926eb478c262e7124c9d15e90,73,test,french
015cb7eb1946e1eb55dfe3dd,9f776f909f76fcb33b80d9b81dd380c8412ce42d814992d29790c5073732ef34,88,test,french
ec15630a08703da0149c6040,193f1b69cfe95b29471e4986f77dacec3f00a6df12dc45a0efaa9b8bff2bcbf2,85,test,french
e69917f886d3f467cccbacc1,064d2eea7eafe10cf1e6a4674c641b3bdcb51711bab20bae421779daa0b3563d,78,test,french
44cf5886cec4f0bfae1f28c2,03527ef62c82181c798f0d6e79aa8790f90437bbc801db8a1ccb1da1999ecbc2,2,train,french
21f41b86fe80ad221393a757,968a3ee167d0c7cf00196eb771306d10c17fe5a1ad13689c98e9558360e85c41,65,test,french
38fe58c85701b84842667f81,594fcd0d0b26f4c1eba53ecfd11d7f93d4f034f207b75fb2c5ab20593a050e73,61,test,french
bc344abbcd3e5e3c9c94c2fa,f238ff73092c847fd54106db632bb940c4dbb7130b2f3277a5406337290efbb0,83,test,french
dd025470a1d9a4e809ed1355,2fc1a9fdaa4977fd3847dfd667bf6a09422a806d36327b085c117f46b929b1f9,17,train,french
ce3f25bd8b3c9a14a3131b36,9c82196ca80f604e72c39c7bc4b8cde3e84ebed47d7ecdedacf804161afff360,84,test,french
b5c9cd16db84ecc86e812edc,6be44a6feb7d76be2bb0fb524e863e9a41e557edc19b0f0e9ae1a56eb53526d2,75,test,french
c441a91e308692792edf82d0,831a1aa7badc48c2f79ca73ff04269389f85bb990a2ed70eb7c0f16203c8a37d,55,test,french
d19df9ccc5a3a98f9c1d2d86,4eb638850cf0d3b7039cb8104fe4869ea1e96c97f2e6d5499f2a0cfe28af2c66,69,test,french
ee153a4d3dbfca4ef54af915,e64e62f63abeaa4a52c30c18a2b35336e24c25d886f08d73f664327e11af4122,22,validation,french
aee85240edd995e699c824c5,9ec33de09415ae5d38b6007ec95df4e631fe9b04252c920835219d3cba2c641f,88,test,french
b3385b0638ff7f22ddf573e2,7b43672c9fb35d8c6c49ecbae3d82092b5888c9fc38cfedeecf7e3cd860f3580,92,test,french
a0022822affb7fe0a588996d,efdecbd1fc05ab4ca83d889da907d50dfa4e222a6fda8730d20861942b6a3ff2,93,test,french
a18e6c453377ce2536a459eb,3c3fd0db12499f649bc23d7bbdc6cd8bec3b2c74807050db674dc0d9bdf3daa9,95,test,french
3603d1ced1f1f990df33858b,025de875adaedad2bdd333dbff630115ff1f00ac1d53133b7cad6aff0c96c47f,89,test,french
9fb29fd5064f4a9e330e2333,bed30e59c86b4b9afe01fe89c49a20e781c2e094801a040235540c273891a627,9,train,french
d035d5ca1f827d39eff38a37,c394b0a045e9164a9ff699e1cf96e4d306a6eb9f9f6b58b8ca10147966167daf,64,test,french
4a4ea28851c9eb7fb9ffb54b,8d277727fcda9fabbbc843bb0ed9bc380a0bf12b38e1325812ffa67fc7783862,63,test,french
c314979fcba612d467665867,0dd8a942e30d1d72302d3ae9bd3773d0a507cbefe5896e95d199e1c0bef5eaa6,14,train,french
da2803654a2169e1657a17de,69de157ddb8207de5a89b942520a3f5b4f15c4a52b00fa4a46aa533409fb8e65,73,test,french
e139c45c75ef67c8fdae9201,c71bfea904a4d3bacadd66aee6bacfe9b1c11cff036ebda4bac36f8305485399,49,test,french
06c69accd4c76c83aa9f4d95,559bf92eca67ae25d41259dd27e7192a54f10a70b1502ddbdb070298de7d6bac,30,validation,french
ce89086f5a79c5c4f610ecd5,9bd42a501be6932605e0e3bd03b9824dc3f10257c9698a013c81da060837ac5e,44,test,french
0ab31d492add9747cf0bc29c,9e533788ce47434f18a452831e5eb2138baabe08be41f88b8a3a004eb4bbbbb9,32,validation,french
d87683ee085b0ba11a763871,f72c0f149b450720dd32a4f2ef21818d3b1dfc11b70d14908597886263164512,96,test,french
8be68a41ddcd32023aa461c4,3c554cc767f3eda3aac4494fddbeb0ac54504e4e449b49349ac4bccfe74c66b0,75,test,french
39dca2856b665084263befcc,fcd1ec3759a76d3c15be9d5df58ae6c66c45bbaa8eb6f7efaf2c2ec6af465b0c,27,validation,french
015cd2df5a0af89aea04f27f,9bcd11041faf7b124aec44fc56b5aedadf01407e4be2b9c739163cb560f53ae0,16,train,french
94b1f39624e6359111cf0019,b378baf670102b9df91f8c31b1cc1c36c83aecf2d36ae29ed01782a40f63d739,46,test,french
c0604011b80c7128ea055169,e32dc3b31c390cffe5b3f64b06cd6d4f873186a6839e385200e6c197a9155f56,51,test,french
3143dc8d5b9ce5d4034ffb4e,810f9f06a68f4a8b6d77499d8c660eaf41777b7b7d26f8d3286c6b10ff18e0b8,14,train,french
3890a328983df0ca16e530b3,7144845f1107825c05ffcbb206c2d65e2ff33df64c6fc1724abcfddce5ee7d30,43,test,french
51d43726213be8d7fee9e0dc,5c73d178dcbbbf37161275b58b8fa9f1c497a2c60e545875d230e0d68d6a388a,36,validation,french
f1e9c39e9f8a4084b9cfd763,6f7b2f57fd132c4badc79334d7eede41ba082fddd36587cf2c6c503d9f70df06,23,validation,french
031d93d9f695d6b627da2bee,1ee51f7334c0f32b3e69ef7dd13b7e7020951091e2878dc09be01277b66bd386,75,test,french
0dec542bbe0b7865fee6b577,97ea33424b2de5ae26c3e124e02be0891f4430feee404e31844fe7899d9c39e1,62,test,french
530f636b8de06fb7186c5ef4,d153581cdf977cf97a3429cdae5b7edca9442d36b937045dbde841fb6123b07c,88,test,french
b495559c82b1b5f32020c291,6e52b7f37a6b2f0ce9b965b8d391eeff7ee7b1123dae13bcfd1bc8d3a6f01038,3,train,french
4ff43f38735773f35caed065,64c3b6fd10febde51250c023f2a6504ae0c02ff2c73edc1f0a6fdbb2ac964e31,65,test,french
12c9df88b0b193fab7db900b,eef990fbae74100c61c5ea49d32ae62f459ab919668a51c3de2731d36e5ba28b,87,test,french
958353571a68e7595551312e,89420e4b2a96549c6cd43cff0a2ac486cef0e9ab7cd8d59bcd99bd367516cd0f,27,validation,french
0bb64f66676ff7cf2141bd9c,cfc4f8ff578da6c66546c62022eb7b48f62a183561ac777468f21b1c0a715f73,11,train,french
c559dd36ecb7e7a580f4953c,8b714436813af7e9d63697b509041bc31d37075c3a44a68d9df18bcf8d308c09,54,test,french
ca7ed58ce560401d38aff2ce,975f7285358ff3c1f1cef8ac59b39d698697d29ab4ca784103c748be2d225d7a,53,test,french
993fd5a5b2c4c0b6fed35eda,beaedc9552f3e02df435dd7e1f518cf575c072b7056345ca97778518420824e7,73,test,french
25f8810788cfe9a4cbf7aa4a,788edc40f89361472222241d15c981e2b99ed078fa30f3eb66ea0d50bc3110e7,16,train,french
a0fea27211516367c689dd62,09c449f35a0a9571bca8ca12e2c38e8e2ede35cdb55506745c6badcf92feffda,31,validation,french
5ffeba543465d88ba098267b,ec8ba4a100776c345305241fc7e46c3e16406859400de6727c02c1c922bcf2ac,25,validation,french
3fba8fc893e57f0523687c46,c9952914cb6f114f30deb1048d51154551a899a72a79ee5785c023fd8e8d80c6,96,test,french
72e3bfaa4da9b564285ab252,7561d8d96baf316b5cfd760d82d3c8050d45c6d16764d87aba87ec75a3602d5d,77,test,french
86ad94e01d7f492409825e40,cc0685b5c0a2ea229a2f72bca3a3e32318ab31940caf108e37fa1dff38c5d5e2,9,train,french
e56e30e24256c645bb2239f2,afad1011d9a92f18befa06590c9aa6fd5d89d2b6c6e4a72a3dca6e48bbef848d,41,test,french
b17ebe43ae7267d87162fda8,de24f2ecc6e00639d5db0c04a9db7ffd6d5cac26200aeab9deac62c75d4f2b25,36,validation,french
d752d6d9cda1df4720190bdc,10daed4b84c564844cf89d636356d63a7ea58f5c6919d048913c9f5c6eda5086,51,test,french
67d3f8d82feb0a552da88e12,7e03b7112f88d6decb500a02d3d7b6f8b651e69adfce4c6ffc7c894df5ef31ef,89,test,french
ffb213878e06a67946287d04,3bf45c30039fb47250fc2a72e055c1b09e46fa6efc277e8036f6997d0ed38a8e,28,validation,french
ace3bd59744304742fb2b640,3c73f93202991fc636c86207fa5740c5d8076aefc77660853e47b16cdf4520fe,94,test,french
7ca84efd3e547e8564541485,ccec81ca6a1276fa8df22d584296fca159f31e2ecbca3c02774d80d56d76328b,86,test,french
451d2c8510ff02b9b86af15a,263dc0e6c1108f8444c3b78d172b250b7de69c729f336b372825ab78fb1ad184,86,test,french
1e1238bb958e1c6ffcb527b4,fb5c12f0c9999ca409efd48d84a7d8fa119f5d82fd8023842a456783548acb4b,76,test,french
cd701640ff7b43f871dae63d,f943a1ef72aa39e5328b7f5b20e5eafdbaa1b5c0f5de9332e9970ffa9f35abd9,51,test,french
eaf3562a6735fec709c082e6,e6ecc281582f72968a7e3660459eeab70781a54d1938dab3f7b14ca51d34db1c,69,test,french
2cc31ee942e2f9d4bc41da93,143af167b3f8d15edb76c2306720a5e9f62d29baac540244ff2b3e6bb78d432d,7,train,french
9d3208b21c1c866c349c7e2a,df8d632e17eeaf2ca2449016ed24e7523cd9d695cc4ec1eec21514b54ddbe59d,34,validation,french
47a43be684c0313f273abd49,fe40ad26f0040de3e1506f1800495b31305d393d1294f84849382a3601bf7884,94,test,french
c5d3c9deee6df38e96bd3289,80d2596dbb1623ee9d0872979c0ff755585e6ffb710357cee0c3e6db8dd4959e,1,train,french
90fb39a4d47733199a5cc70a,f0c23f52c4719042a0727abfb93fbd28887ca018731346d2224bcb2fae5be6b0,34,validation,french
e6f5f7b5d4e48a955f2d44c7,ed12a959b6517961403991cf70435841bbddca5b494c88450e41ab730010d41e,93,test,french
3b5ef2dab8b79c9de03857a2,35708d2a12be10fdf308204178a05dca85de6f3ab44860156cb58c24c78f7ba0,18,train,french
83711b13f9d76ee00c770814,827ca4c2da51fea11320d7c57f7cc337d6cb6be3b248daedb05cdcbf773702f6,22,validation,french
fd6d2469a022ea58675e8a13,db55d53eae93bc20c8a96244e5914dd31d39b6efb70ca4853cac99e62f31c5c3,54,test,french
75a3a9b887148c3d10a97b9a,578e33db98b773f4723330c5b7e7c78f667ac3ed5f018499fe289e441c98b3cd,79,test,french
e25f1402bf81b1aa294718ca,b83fbc3d66130071a6bffe5036402729b31cc51f87a83595113a40e74f1d1292,1,train,french
b52a3ee4dd5a587db87debd5,7710595c6d66112ea8e9b344843333aecac2ae86bef8cbdab100ff8505ef3fab,56,test,french
03820d626fe852f1dcd323d5,233d5885d68dcf6fe10abf228d8f628d8692891e895455be341f343f967e2fbf,17,train,french
8ba1ce9c9533ea334c2abfd1,e7b065550ec97fd040f2a7fd018efa1af78cce31ff2a39a1c847bbfeec8467b5,73,test,french
52e78609a45df7f9a57cadb3,4bc7c2de653df7e8c2f0c74029b84e1f90f7127ac08a157d1a4e83d2fa0f9cef,50,test,french
bf2a15db6b04c077a4f9d4f9,ec45552d1d4c54bf8a2e85ee7fb16068d72bba5715bfabe5d044ae6cf7e8d2c0,65,test,french
260a83779170beb381eb530d,f3ff26cd232571ac426634e7df0612d9255973d936ede9e907cf2e1bbe8753e8,1,train,french
d7b394947f655c34b9c41933,b871eff27eee2ddca28486f71b1504100aa2550ee153782ff5bc3ee088c4502a,38,validation,french
a7eeab77677e04459ad72d73,869ac285143d2866a05371d4fb2437791c1d30fd27947a71f09e6a8160ae21b8,85,test,french
a2eaa899ee44ab7f581f75fc,1df9cf3b7818dc97caaca264145a40198369a5b81e673d2e59be0287c8229f6b,79,test,french
586c8784f9f325ee09b10bf1,2f32c2a1ce4480d377245bb342418b2c88090dbd53056e792d6a76cf8065637b,77,test,french
68767676c1762afb9fef386f,489275d505e2ddd1604ea292c0630e84d01a1f298a582ba413ca53e2fe6545b8,73,test,french
6db52661e6f9e009f60348d3,95fd26a0fd7e717a135a6412a853783e0426cdccafc12fb605d6fcc653cfd859,80,test,french
06845e9399e201c1f691e83c,74c503ed0bc75b2576663a32680e57a9d7c443915f57ca2915d69bddab09c906,53,test,french
2a75044a06a93d0b9617e9d0,b8d8d1ac6ffc8ab434b434f107bf863fac0747dad4ffe2e97c8e68277657927d,96,test,french
775d79d2b4847fdd55aa4a4c,aa49e46c3959969279f7a2bbd695493ec374f0594ddffb26282351f2070198f9,24,validation,french
09b32f86dd9a98655acc3ec4,162961f7ee83b8498f25a0bf15bf282474c152b47047b65b658e797ddc28d595,7,train,french
0210d7109c656591dca41f33,10e8652302877abc6f954ef517d1b2f2ff5bc827c3d5c418675f1455f24c5667,99,test,french
76179fcb5a86c1223936f422,9e7e659586a45f44efe1b535c4a19e56dc86c80376b6831d8a67b72d000e3ec2,69,test,french
af2715d0cf2b0ca9f6787e49,c9dc43543bae83388eb051c07f4f480f1c6c4b7ec5d6c157712932a8f68d876a,72,test,french
d8751e8f34d11307f5a926f2,c5d79e365f07b8f1c0abf610f449a484928b111a6b8124f62742d5e6f15f9b61,94,test,french
84a3ac499e8c2c52912ab540,2fea963e2e344903b8c1c87b07fedf5dd7302cf66d3a3122560180d3350f7dc3,38,validation,french
a6c13f8d279443c01468108e,0c414e27354aa137b072e976368e5fc6b87659e793a2d9e5d2a4159057a87a34,39,validation,french
2f095796aa9a8e9d60c0c96f,4d0f275da827fa359cdb2b0aa4786e6087c77ab79db3d0862392c758d3a032a9,49,test,french
e4389cc8bdfacdf0d7b4f263,f4066de142f2877229cf26a7d87fae76936668e02a7742e6018d67cd7c1bca5a,49,test,french
6ba58af798b1ec729c982903,03097068cb65c4425da303b05313d1c0d099fd72f8dac89606dc7af469b68f7b,48,test,french
d6f71365a53bfad5b4fd75e7,a1a1543da88ec01ee79e604ade912318a17b310e62872a44b064e6aa7eb94259,37,validation,french
48e88a8bf83d99033644a5a8,e07ec76d4d5dd7d8841ef11fbadb306dfe9cd4422cea0e9359a5c0bb3200614c,73,test,french
f2b9d2c9977111a9e2162ddc,7422d84eaf054bd09e7c9a74860a6dbd8eeba83fd75953e5ec9d844d80c632ec,54,test,french
1f37938cd3faff25d37c1eca,90786d9d8877f2fbfe650bb17ac83f51dd4816a09935975befa359ab0870b567,85,test,french
f1e37304b5d89b29a4ec674f,29c996ecb6a91a77830dd10a2f26e61745201d8c0f46da10703cc19715ce44c8,28,validation,french
58070e38d9af8ea7e2ce3b94,0b72a72468b78fc8d850aa4247e8e491c2475bcdc8d0ddebdbfd0fd08beb750f,68,test,french
e1583db49e1008fb58965ed0,841c93cfc542fbb6f527559aebbe661c41af2bc27e3729f129ce2ce8b60d14cf,59,test,french
c4158b03311000bdbb27e1fa,31014984ec44bd69487133d22da15053834c94eee3007fb8e956bbc1e95abcc6,40,test,french
1d4def8092305d07d55434b5,9088b1fb9014a9164fb8a5353a7bfffd5d6898ee6b90ca09632e1e81bfa95e89,63,test,french
c5bb4a99f83a2d81694c8e99,c141c85493b16d13b217ab1a9ebe3d13b0f21a2174fcad330f0226fe22440b39,12,train,french
ee6d1c43b24c74120d46ef83,b9fd164fda587001b78488fbad0cc71eae55cd783ced4fd22ff603bd6b1a387e,79,test,french
4d587623b231d676ef086c4b,142e21c8f9d8c116f3f4c558a311f4c162b72338cd88b61a409443cdb7147188,24,validation,french
4c39bd6e361d6a1d1639d0bd,64320cb8f168b3feaf4ac26d8f8bef7b9b970b51061d50a760b320eefe42d293,56,test,french
f91fc7b8d4deae31fb3e510b,d42aa358f4b639a0ee57e03951509c4134dd980e17f6763d36db440785b4f31b,20,validation,french
ede21c270c43553423025bea,1d1261c9ec07331059543ae9581be2e99dad33657c4719fa8c07c3adde8f732c,45,test,french
b0d172b58a6831356b67bf05,49d4d1b59767be37765952180dc6f1d4ed736a44ea5999118de7ee72e2f7ead8,85,test,french
5d931357cd883575411a9ce7,0a06d8950708e90adc377bb9e2fa42c88654142acb6293f5007ee3f5299c20c7,21,validation,french
3ef8681b6f01164d23d06775,c502effba102baae220fcc379b4ae191bf76ccf5f0cc539a0acbf0d01cffaac3,59,test,french
9b21970610a12f1148ebf94d,ed8f2b10e6e3d010729835116c08ade4f9d239e7a05e5aa98849920a7e3219b9,64,test,french
433b5ebaf30ba29bec90d483,9039ba17f31c27d6c5d39b3b5926b022b5694d411278a67a67466109abd201ac,95,test,french
c8a3643cdb469ea1f9d3acc9,6510dd3bcec5ddbe73b497d41c77750bbf2b10d8303803707040d93e7f06f8d0,27,validation,french
9d96c0ddf07ae445211cfe35,cd8233eb4602884c13026c8b5b1dc0b7b6fd049a255b143a57f653f85999fe89,51,test,french
0964bd6e86a012ab57f35230,e0e2c9a608164939346aec1c7d125eba20ba7e618aca3fe830857d418419c851,42,test,french
e79da8647915e93278aac77b,dca69327b2a695d3338123d95cf930fd6da6936f3d6fe435186bee623c24b7c8,67,test,french
6114fcd2fa5935c9dbbb1e0b,68e9381b9b9c96b6c680153a69265e46f34cf532d73472bbd5c8fcde061d06cc,15,train,french
d59a08d631f45b4613cd8d14,fb613b2c00f450cc9e191e890be0bb6601802735f63c5f0e0998c786ccbf347b,56,test,french
accf0fed25ff5a030e8020eb,8640422c106dc2859cc120b89a64c83402460d614b3e0e9f58b22cbbf5e497f7,88,test,french
797c0c862cf028338df16130,d215248d702cdffc9ade8bce5ae2835cd6504a36ea9b2d3b79f230ab85c3e95f,73,test,french
4f77803a46d2ab1adcb4a5e4,f72e8f7e3781c3decc702889104f26d5394e329ef0cc82e82f6f3d350c3f68c4,42,test,french
65039c48ace4f90e42859f3f,c506d233282b3ed4f2b990a896a9c88a817e4b875c63b772dfde7751ddc7a0e2,79,test,french
cff9278987e4fdaf624df88b,f37cd99e0e51b98ebe6ffcd616fdb8ed3d7a71f047411fe0c74b1cafad0297fe,62,test,french
db3877b29267370161c4bed1,d7489aa7d99f4b324aa12701f117b6120053e993f6a7ca903e482a25eb45db32,23,validation,french
b62b9b03cc70b1eae7c8a1ea,2a5a935bde6fc0b644dabe8e492fb7333dffd1e3f19b039d23cdb21038ab0ee3,35,validation,french
74dfceb81f3c6d57a2f620c2,dad6954aed25d7a4514b5e6a58e4d472e399d4f907bf68f0157e92f4d1fb72ac,10,train,french
62895cdcf6e523d3f37c7078,62b709c5fec8cbffbf1cbd35115ae2d351b54c95b64f7c9e2bd03798fe01e27c,57,test,french
bbf67e40c1caaac138329249,e32dc3b31c390cffe5b3f64b06cd6d4f873186a6839e385200e6c197a9155f56,51,test,french
e71ab8a294dd35267578b72b,810f9f06a68f4a8b6d77499d8c660eaf41777b7b7d26f8d3286c6b10ff18e0b8,14,train,french
0d8100c3777b7e3af8945421,7144845f1107825c05ffcbb206c2d65e2ff33df64c6fc1724abcfddce5ee7d30,43,test,french
7cfdfcaf0ccca20cb53a0deb,45ccaeac38128f66400420a13d77e159b4b8b71bbcd0ec5a4823fe57ae91f595,64,test,french
27364402fd3161b7591ef386,4192b6b145f6a359d2f195b0f882c8f3eb69bf6608e69738bc83b975d3812e77,65,test,french
09f25c00480f0bbb04a5ee4d,fa9bf30003b8a12ae3a296bc980ac007fa615ea5ae9d65a9d6477364bb0849b0,88,test,french
d3fe34d5c99c1074eb433706,bd64f00777d82947f9d394c2c3bb100e8f7bba36ce8fa99e0aee9cd92d3670b1,71,test,french
ae853d9798223c9d776d4c30,c58db42c2949b4df16958bcbe7d40f82ce21854548a0aac7497ebe43209f3cf5,52,test,french
ff1b76158697533d380c0e6f,c3f38445e969dc5bca4df847c103f1f3a4715078f5fe173d6b4c81f01ebd1907,29,validation,french
803f1f7f22f2d6ab967a035e,41ced2aa41d074cec0eb6b1d93a034a40ba95c6e14545ac793d3f10855d5d36d,86,test,french
d973381a41e11f66929e3246,0a682247f0e5dd4ac010e5c658a1366ef7df7783e4f685df17554a204798de45,79,test,french
38c0aa0a082dce19348a5602,5a6b36c77fbea1b45af1778397fe6e6e6fb6c28ee4b7a1fe08a557cad9013922,15,train,french
041f99be89179d31c7fd8e2f,d11a580af8e9ce8cd9cdc6f51d75d0db66b26c05fa7ec7c9f3361f52217aa7fe,18,train,french
f0eb9133b7cfcfadd2ca7780,0b93aeaf717417a10183cbb101a9ac86192864a6cc3e433d5e695a4061589a4d,87,test,french
b42ff62541a21b5ba58d7e82,18aead63c444ae40b05e1cdc9e1cd3fd4d4390363cae40d949e62960cd8578b5,35,validation,french
c541fcc2a68f7305bce7db37,deb630698879e39ffb109b35a0764b5c14f0917fa939b69bee88522d97f3443c,97,test,french
99e64346ae5df2e38cab344f,d008b1f07d97663bd51e4501044662421e4bc918156fa063ec451a13044e55ab,68,test,french
03acc084db47b2d539a6befb,29be5783e8d3c9cfcf58d5e5d551dd8f66a31abff8b6d2821831d1c05c07a978,99,test,french
f737aeea85c61030ae52bc39,4ae3b3d08914162b27d09adbe571bf93ccd7c45045a51c901a2ce4bdacd5379d,88,test,french
165e3c7dc922198d336018c7,5961fd32f500c9d26f0899d0ba406e7c7e98fda9cd042d088c975baf79a54f6e,34,validation,french
8cfd8e1c6bc8c2991c4a7f52,b218c297891918b52ad1cc1e0172f696d546d6e5e87152da8ec15be654e125c8,27,validation,french
8af3684806313c672fc9c9bc,201a8a5aa6e675e7ac4d76391916cdb6647808dc84151b662cfd8908f1ed7cb9,66,test,french
c35c4d6877381bc1c73871cd,abb339b1c58d3f167ebc3b7d64dc9894ba0fce9054f923723f6d59b89b7c602b,49,test,french
c61a919ed541146e51561ebc,3b9a310cc0ab7a56a3b704dbbc8f3caf03fe305f7f1a6b13c9d0275361e8a0fe,44,test,french
7f50f92593c77beea2f509f2,7104b8a6c5307c3dcc6ec1779d93836c776e37b3222dec5ee9a740ff8295a02b,22,validation,french
b6c8e7ccc0386e2ac04721b5,668ed76127c6c255ff8ddde29d2ea939339da17f7b208adc3bbae6eda6049a45,81,test,french
d7a7169a6247c35a7eabeaa0,a34846a77fcf13e30c64a5dd42b6f4c85ea75d60fd54c3cbc56a72d87d79f3ba,87,test,french
bdcb77c5e6d48e53a14df54c,5c146e0bf82066137a18e55e5d2f237f9ae830767e5c6d01c335e42289449a56,63,test,french
213c7a77b47781a489ec030b,8e59ec66133c7d2af3c69f96c53ff9065dc8293c8b3e52afb248b6be7f4fc51b,94,test,french
8e12f1f15fd7e1cb486582b2,185949947b2469e25f417b10dca06f0c6e744f6cad5fb11d1c6dc9e9ea590e6e,24,validation,french
758f81d02ee17f235fbecb1a,4e2e86cc1552b462ecf60238f225005ce4316d6aa16b553ed15d211cba522f0b,12,train,french
74daeee3ac01c4c5ef6f7da3,be0bb85a14e4aba02e211e2c35d7038f2be8f97d662a08b7c0ae332c3136d61c,30,validation,french
cde9190f22b3bd97d14d3043,2af847317d9b0ecca823b36aeafc226680b7a185ff9fa163e6893d1b094e72b9,25,validation,french
f5857f243d9734e3980dab8e,1b8b36b5791e7296cd6d610f7fb16a9d3ad03d085c800023cd25e4d7f44343be,41,test,french
6be7df36d1a6a6464b34f407,91a949d7290580a4cc5477ddebe60a6dbb47988140a961bd0214aed0970a4267,7,train,french
25ee5e7435fa611417086fbb,26fe5b702e650bd82751e38847a9fe2279451bec720a451b8cbddf4002e8ba16,60,test,french
96fe4d11fcabaa5972b896f4,f2ba130d5270d563b11f44ef74e96b1f7fbb6428ffb2edb5504b64f653163622,45,test,french
5bb2f63a24f11530836be9ed,1b8db3857e4e0a9c70ce30716164b051199e6db81116d706c6bda02aeb72cd42,65,test,french
f58f4fc817c06136c3c73299,e818a68d276fa5509918ea18b21bdff2d42b1f5f33aefd57c269fef6ab4502d1,13,train,french
d4c8b7849b6b4e62034e25a3,ee0b41081a2d068f1cbc77d7c1e4e25594fa63f4f1fdfbc9b1184d9d0cb3e5e3,52,test,french
581735d7b5fa8e905d0fe8ab,869dec1c6547fc6ac02774da614c4240e665e436dc21e575336919a697967da1,40,test,french
f9534eb277cc724a1e62642a,45ce306314f8b03554de157e5d36b9ca85f5c6a2556d0f3be3315afadd0fa403,7,train,french
cc434278ca9c7d56dd397e32,5f62c87d328189faee451d2e8019a79e93c57603cab45214cd8163a1a5430b24,73,test,french
7aec0b5d22a8c95cfbf943af,ea9561f09857f96f45356221ceb6150fa25303ffb82460bc6015060e273ee23f,80,test,french
409ef803b4b6cf876af059a4,89d49db71c60c3c37845e045914ea86a72a85a6d2c7a26ebeed69047d772fac4,99,test,french
7344d1f3b35c902654107616,866f6b32ff4819d92a8292528c5a493b7fbdf401ca4642aeaf27b90c3e588834,82,test,french
d5c4a698b4adb019c09dddd2,072903e9ddb4305acd9464785f2ed6e716010b7f3c7a8363f05dc3a6a439c0c8,89,test,french
e52753138605b54ea2ee0ce3,21c38094646b15ee8d82c5aa48cc4211372615e9947b94e9df4e3949e4855ebb,64,test,french
49c71c5accb0303ccfb14e0d,31a2c78d1c9291d6a37e297c9ac39e2114398e8f079e9cc2adc4492344948b59,1,train,french
518a777f003d7185a78558b6,4a59ce2dbc940c94374b48c8b81d814d554a00eeeca11c59ad5ef1c5b463b266,69,test,french
4d5aa829d184f883d9786482,e937ccde90ca2e84b90f78daf7a9434f038f23e8619ffbd05b2a5d92258f5651,54,test,french
3f7e80f390be416cc591a43e,e32dc3b31c390cffe5b3f64b06cd6d4f873186a6839e385200e6c197a9155f56,51,test,french
3dbd90d2d92ccbee7b31b97e,810f9f06a68f4a8b6d77499d8c660eaf41777b7b7d26f8d3286c6b10ff18e0b8,14,train,french
0a78a765f59994bafaff3919,7144845f1107825c05ffcbb206c2d65e2ff33df64c6fc1724abcfddce5ee7d30,43,test,french
5238e4180a9e921aca2b1156,5c73d178dcbbbf37161275b58b8fa9f1c497a2c60e545875d230e0d68d6a388a,36,validation,french
686247ab633ca2519e58ff4f,76d3d0a352d6b8543d83a871a2b92f59379546206a5677e89d43bb68c0ce69fa,95,test,french
6bba538b4721d566642564aa,0ddddb6a50cf925a7a8a4be781d12a2e2e815c066e7e7e106e10a349d7a2e352,34,validation,french
c64f3bc638d51edf737c4d80,8199ed8f01fd43d1ebd4800cbb5284f601bd999b5a5afe90d882e9a46498b462,87,test,french
addcf9b4b4efac56974b384e,282286a482f3500706e0769759a90c75923b6a8eb700cc3791d61dbba7482fc9,32,validation,french
408289bf48c9c0f7097ae870,d2bbb8801c9765095bc25576784663c6143403237a97caa1b9e165bc14ede157,24,validation,french
f2376c7aea013ff86ef60228,0d89271f31c98a89bb2ce97719d2b9394deb5bb64880332d06cb5298592897d7,55,test,french
faf4191024f2d84106315060,4a0021c2030f0dd285805c29624c6f5c98499cbe258fb2befea2b3fd71f5d20f,26,validation,french
baddabb3c8b28737eb2fc64b,9e9482380d823214fb6ffbe9089cad890b2f72450ecf9ced89ab64581d309465,92,test,french
3b011dfb8f19439908112bfe,c14d1bee47b3b9ce6b08a6970bf0f2be24522fc3605b3810b2ca6e11725615fe,10,train,french
6d8a1f3c04e84d42e87b307c,c3804b8e816389546ddfc2cc9638e658a61a28b5abefc35afe085ab4f8403775,70,test,french
7a669c943ec498a8459d8019,36626461fb218d1d7f1209ba4a08b3a673bb2ee22ddb3f2ba9cd7d42683d427d,89,test,french
6523e16f7e1da292f607440a,d463dc2ae285d9048e5952341305db2d579959f86d5073914412c6c74d6872b5,18,train,french
b34f45fde93cbb90b7c95ba4,4af9241514f2a8d502d006660efa4c6d2ec11a902683af5e04cedd89bc2730d7,85,test,french
902e7a00aaf70b0af3b5bd5e,5bd3ebebe7f67224c62478a58c9c446d9b180988956d19c6f53af1813ae42f58,47,test,french
0f2f7f8c40dcbde11bef563f,6ac3dc35682fbe146c0d22d9438e29b56d473a5a2def3abffef68a748ec633cd,89,test,french
bf11b9e1d1b510f2e5b69265,0c017ed2ced10bf2ba3924a2991bb3463612ab6e5ba25cfdc3afd4b6cd7ff6fa,94,test,french
cd1a8d6d25dee85b26fc0c77,c7bad10d143f4fe53306a868918cbc29cef09c122fdd7bec1cba6f0db0b34261,97,test,french
9c2c3533357d281d812e74ea,d645014b9cc3e0a5c96a42388242d2967ef222b3df4dcb21df04c8bf0f13cc37,39,validation,french
10222934d67a698667e13cb9,044cdec4b0ab4c6aa44caa47300fdc54cd8aec974faa3fd7cf009ee173e7b0f8,28,validation,french
f4ba0ecf660135560953b56f,fdedfe0340e00caf02738afb709e64e4ecb7f5dc580f1ba1a7cae68e5861239e,7,train,french
6a91a7dccbbaf9ec493c9052,54aa6030e70df65342b3b93b33110c4a0c343fe724b6b7cd33fd34487269d40c,88,test,french
770ab0e131945ede6bb8fe35,e98ed1d5ba5cd534780e3ca391a53223411e6ac2a831404fb687b4493e72a6ba,57,test,french
0815e0c343d5df375831b4c5,5a90eba4becf3ca2da571aab9971abf11ed92513664b60256af73ce679a5385a,48,test,french
4109aa851ab3b76d81f869e1,36bee86b526d9a139ab27fd5f2890dc76c6e70e0571bec3d0c2dc705800d7400,3,train,french
30e498e75dd2ee4f7838bb83,4a64ea5c0c8a20cd8937482db75a1f726c96c79bea10a634c1035ff1b9f9965b,80,test,french
aed724d1d76be0bdd5224824,6e82e03f96551c891e7d407d086c222b408f3baee223023a93b3105ebb286834,47,test,french
80a6389ea2b2352af3e75f88,fe095ef809128a387c2a136434c82ab190a4f063d2f3d007e160db31006757ac,0,train,french
a233bac14e6072926220a58b,2a15c8c6bce5365b67580e9d4a03e7d31fabad2c982e852bc2f65bc5b8f7e6fb,26,validation,french
832c4e0c2816b7298f3af730,ff6f9a7d0aab3556198b7215d7f85ccf64642433cf3024a6e4ab7d7f90649b52,25,validation,french
a75877536b5fbb2272a00daf,ff2313712a4aaa0434ec7b58ccc45fb91e113cdf3cf0f76c161ae9f43f33ee4f,17,train,french
6043886776cc4b710ef0c44b,e7718310d3af7383aafb865a763f5d65e3e5277f08cad9aa30c4211792ac435d,16,train,french
98f1898a5ecda136d28b1527,786ffc08c7e5899f9ab4037971c4562491d40af063bd2f78478ee9dfa13668d6,36,validation,french
630ed06663b67dfd61c46f25,599964f424d99052583bac28748362b36b999600974fc9786038a6c28781bdfa,76,test,french
9f0109335c9d395980bd5a2b,a5bec2409b099316e8db642e9cfdbeae18d75120b03f8af4d3ed6785d99add0c,8,train,french
171b24f3227f16c52499b820,1ae336c347fda23a7ca511f3da6fa2faef132bcb4fd8451f0acd1ce748ccc2f7,7,train,french
4c41ce766335772cb467c302,bcb8a3fee7e84904f9c2eba05dd1ae3828cfed0dfb70f78faf5930c4f1105ec8,14,train,french
02382a7e4a7a3169fd8a9b4b,19179b6e91087f467bb1c7b183eaf46d5378ca1dc5096e8482a86005fafd160d,18,train,french
3f8de47b2095b83ea1c5e601,2b331552c53f91c2da92b7980900ad0b20d647baad3f3ab6faf62c1129b91a61,82,test,french
dc6e6bbe9c45ebb39acf195f,5a455a5741a26f048413cb378ff21920907634537dd46f03d274ead8a5910fae,51,test,french
dabaf4a64b1c91c4d7147067,ce714a253ac0b580ddf32062cf32317646ed33d574a78000c5fe2a9c29d839d5,45,test,french
c97de22e0d10561b543861e9,090f61f21a38b4e90daefcf6bc04ba80a42234f334256ba533c9d2d2c3868f92,58,test,french
ee535318cfdee0bacb852071,25fcaa759a56909064041c13a5947c5223fb18a596dd67b8a54111e5d87438ee,1,train,french
fb092a2c047cc7429a432a0d,1e054d89c7d1e0747073a7b1aecd592f012f084f3678339e08f5ee2aa0653b83,9,train,french
fb66bd47374ada29b840809a,35475ac3779f43b565f692bd3c40391dd51f0a6272bc16d605b26c7dca5bb0c0,39,validation,french
2c94ebbae5504e02e8d78c2e,12daffa89a5d36995ee0ec6815a5ae2039e05b6f7373ba5d4b3455114c5b5c76,84,test,french
5584ef20342dd82adca416a8,016620b8e748cfd4b7ceeb50bd175c5d33bd91b0383d230615e6d4ed996c67de,64,test,french
5d897e85f2b3ad6f071d72fb,0a54fddbae53a24375c72c513a751844504a140416b66a9559d37b48fd58220f,71,test,french
dfd35b9a7431835cab40af03,39963ef920b03c37a28d8cd3d2c4a206f0d83b771657cead39745f5a0dee8384,33,validation,french
0aedadbecc4eaca35cea5ae7,0a3e6dba1f638fb255bf00a91acccff8b40d28ed4a78344d3e135498f4d0b2cf,82,test,french
4237617fc7e2968c2ce974bc,ad4a3e5aa60eca5082088994b5405dae3e523f10881df0410dfd6ce5cdb43374,94,test,french
4fffbfac80bb61c15ceeaf4a,26b828a38e40e736d643142ff0fdc70b9c421ddbf93359a7c5fe8eb6fff12d86,35,validation,french
4ed04b69b0285374492d89ef,3b16e33b957ad2f1679f9955cc6f90c95e0960d1e6d4bf460b453e2fcef4876e,7,train,french
ddcde25878c207d8cc73d76e,46417b2c69ee8796a110c99f8a0f4a3be5ec0a4d4e9669afc62f354bb48d5891,92,test,french
a568cffd2136fd70e54b887c,cbe6c723ea154193d4080a4d529825de3e98ed51c36ebe0831573ef548693304,7,train,french
6e5d74d282b9a690dc5b5a09,0a091ea9d4fa6545db0d95505931faa831e6c6b5bb4fb8f1716284838c675d22,33,validation,french
0cb2118ca3fd78c374e5eb0e,2bad1fa7114e92f3b94214b47b79352af341577cf8a13cc0ad1cd2b2e0111b3f,19,train,french
e5cb506a8d0df493533dc03a,626460417d332b81642762515814745bbb3dbf02a06f6dc4246ff3db48ebdf83,9,train,french
fa856b7de5e804c3da5a7baa,a71f935e877522bd0e56d0b770f4ffd2a684529fbbad0d3b634e849bbd8c88fb,14,train,french
65bb57ba18ca6800de7e618c,3e1a2773f86dcbfe8ce7d95471b5f6dbdd69ba6de9ba1ac9bf7e2abe8fd8b6e0,27,validation,french
8f722aa3e58588c81e78b4ad,8683465e2a8cba05690b96ec6b774fa6d757b4d02bcc9990ba21cd3ace32883b,74,test,french
c58056242f1fa5ba69fee262,d5a05c6d1c9d3fae559f9d43cbb894304e932b9e08c4ea0416ff86b170629c9a,29,validation,french
db13e08e5150fa20b5fcf968,f24c503b695ab65f363c4d958318201b1e68eb860cd873b29a62e94ee8d5852d,47,test,french
decff6e5d6e72dc4d2e11905,07b0cc7e66d7a572d97e0b1dd4d492d5da6d655839a898e5599cfe794aed07ba,98,test,french
45129729ea2d8ddcc9db4030,e13fa9baa5424a4484e4eeda0e928ae049556609bedc5960227709ed379bd592,18,train,french
1bce76151705d66dc6364f91,ea058c8df1bd56f3006cce41719834b82e81772a1d5f8ddeef34d208ce557c33,5,train,french
b9a817cf18497d8be5d8bbad,1b9e09b30af83719fe5d95dee5618b3b7cb728f8983e39ec4053a87bfcd7dc8b,3,train,french
82a679f9aab6f8ea593e843a,2354eaaf7c916654e28106fa2c84105d4114b114e00b3b8e749370a843d8a39f,63,test,french
02727d7c4087c014bbb685c4,dfed37aa646c4ad1d9863745f76aa394f7078253dfbd8c0c1512015bb8e6e6b9,50,test,french
b2438c1c04176eae1a7cc4f8,19eaf98145713a4dafcb80159df3a030af1ecef8193a86d6771b7e13cf12c1b1,97,test,french
f28f03e8e55c769613df196b,fdc19d30ce86e9a6fd343bf00a34642e02015e6dc9c78a1f0933c6933e3266f2,36,validation,french
85373a998715a142e8017af0,d1c0136815276f145c402c0e5ac19e907a89733582416d15f34e61d38d2513fb,24,validation,french
2ceaeda276c18c053ea0aef0,caba446da60c45fedb0ea163e60d6198eabc4481115264c6d8db6a8119122522,45,test,french
7228ea02c94792aa8816e25c,9d8350021e583ddc778bc77db0c7cd68ba8c88d115cab0b28619f087d5c2d78e,10,train,french
97f13aabbb57c7349601633f,44967327c3ed1dd20d24d86e492c6b74c3ccd96dd13453ad4da8105157368238,67,test,french
3f20391da5d59fd47ec47290,0599f2e78cc917b34b0a3c9557599439236079062dd2774dfd4cb06c2273f28c,71,test,french
fe2a416fd55ff60e5ec22168,f17eed5f0265992f9f96bfe3d7aeffadb247eca86cbc0e76f3863b7f4c49b8f9,59,test,french
86231f601702a38c853ce1a5,374a499321c2632cad56c0b0ff9191d8ca3feb45fdbfe0624723ea27d53279ce,79,test,french
5d352c5ea5fc1c5938a7f2b3,c8eea34beba70c1b346e1e309bf84ca8eca69b621034f6fb11b9e116b995df12,71,test,french
8783afb975c586edec102a53,458a62def9b523445d505e31b3e7606aa0c7cf1be3c13e42c88ee778ed7d8854,82,test,french
159d646afb157dbb105da164,00c49036b6aa12697297941670a78a3f30b925a07cc9c3f043f6f4e10372c353,74,test,french
84c1ee630e69b8eb383b4697,4bcdc0f29242e909eb9764229b65dc8f36b578dff24303e68a747779031e8aa6,74,test,french
5dab67939ce05076f9f94d75,0b366954da8017cc4cb49dd5ecbf0121e3424b27fbae9e2c621d175a6bca19af,84,test,french
3d90be7e68ad994cfd3961ad,a5f355b01914e2bbedc7f52c03186581f50918255947ce3b24fc42a398064d7c,24,validation,french
e1c3b07cf0a3677d8ddadc67,a2992be91725e15592051e01ee17e6cf224554bb09c0d17bda1627a3a4df2659,41,test,french
481e389f57f94cff5fb3cef7,a532077b9590565414c2953bd8ba6f18a67aa993eb0588f29472ddbb98ca5cb3,55,test,french
ca6512c0d346164ef744eab5,a89496faa9903fb8d54b744580fca23c57be1c8197dfa715aeac8d9adcad2b61,66,test,french
e67fcdc0576120b5b1afc5e9,84a221542845af467c4dcbe1e41aa3d08a1b8616f2177ce2580b4d69abb05f42,76,test,french
ab53f1f54a2ca867bb47ac4d,95e1d46398f6b24b83739d13a478f3b96db2d0a6da64db2a0d15ae723b3614b3,55,test,french
d02f637d0862bc2149ce684c,92e26d644491cfa79d5897c3533c89df92f763486cc58ab1f52ff0b53b780ea9,76,test,french
5f4c3f762513847463a17ded,cfc0eedbd01892da8e271a63a716a8fe3a891ddaec538198719a80f530edea20,71,test,french
0979fb9e4ffa99528fd2221b,ad3e38827087082a4ba6fe8375a3ed1317fe1862ebd73a677f2eb72db718553a,66,test,french
4e22a6439ca654441c7deba5,64476d938ea8e669faba1a646a3ea16f0deaffe44a72c510660b6bbf80b1663b,7,train,french
5d47c09274c8251d4fdff2c1,383d8bf6fb127662f2abe96cc8fd0f99866ee9e507d242c772926714cbc16957,22,validation,french
d9a2e7804950a41ed193bd6e,e82d15326876f426149b3ec0877bc6c72c4fac4425d3022164e09bf2147c76cc,58,test,french
09e09c78d47c63857429e00d,ed084ff71db39e1f86d606c09fe7c5eed422e45e0e036e6b443b585993b732d2,51,test,french
bc617a409ad59cdc9c8abbf7,e32dc3b31c390cffe5b3f64b06cd6d4f873186a6839e385200e6c197a9155f56,51,test,french
50de9612132c5f092ff77aec,7144845f1107825c05ffcbb206c2d65e2ff33df64c6fc1724abcfddce5ee7d30,43,test,french
74aa63078ce637b15a9b2a71,5c73d178dcbbbf37161275b58b8fa9f1c497a2c60e545875d230e0d68d6a388a,36,validation,french
64903dc1fa84806f32cb4877,d5870a2240bff09ba096dee10974d9f58563141c3875e43b499de6916204022b,62,test,french
9199d192e54d7fca3ef3fa2d,a272bd0e90fd953b0d6c296f24036f32a9239c996d97dfcf96c270e1ee1e7ef8,94,test,french
1b1e8b5f4afb163d5bf8f6e3,7962a13cdb120001e2c1fd85a75d22a311891f9a55b30e6cceb47d6360cefd13,40,test,french
fc292648b7319603cbfb5356,16ffd5efe6dfdf9e21bd34d31dcdc765ba2ec969e9fa61b5219f0ac742367c8d,99,test,french
aae9e60c3b750b0be3deb1c5,661b1eb4260ac454c5be6383c27883722369a52fc2fba4964da1df7c41077c5c,64,test,french
4db883f7e7ccea3e23ce0d1c,7c0d107887881ac40f95188746830397700bd084a9664c53b433ffec37a80bf8,68,test,french
3965ab5cdfbeb3cd9bfbf7b1,160e7c30dc27c5dc1e1d84d2b43eee46bff03db629f0259c8639924e340b697a,48,test,french
2380dac9e0dc90447e08c469,30682264a9f5db702a898a028d4951f2270ee4973da24f9bdf77651aa701ba6c,16,train,french
904cfc4fb7ce4748dac034af,1e4074a1b475b98e8346c7dc92a721efc3a6a6a2b1a31217cbf1f14de63ef791,41,test,french
55830840ae13f895f78567ff,e3e4f0501f191de6f90de5df00d1f805b5963b592a0fd770c939b2edf86b240a,60,test,french
8631162033dfe29b65378af1,527383f9796f0dc8e80b51454770c5f7b0d7200215a603afb01778de636d2c4b,37,validation,french
491ebe9f7fbbfd59b831b09f,f6bcb40f073d59f1dfd92a2c247d3b4e527e09fd526e06a3001028e6da318806,99,test,french
815f4531427b168df0c9fcbf,0edcb0a5483b89d283d6772012cf45aba203311f3230d9d1d9d4fe324b070bb0,65,test,french
2fd33514a35a3c875b3b4519,73324ca3cdec8452af59173150b0a47d576e4b5660f2d6859be54c82140a9c74,59,test,french
1c0908a47d1b173c3e4fff0f,1836f4722d69648d2f3bcc5fe52101f25d08c2f58afb0f7a933cbc4a587fa06d,6,train,french
75a1297afdb602850dd40a99,1b8df057216073539539e7374b5554dddee68abe0accafff8a2b0ece5987a7dc,35,validation,french
0dcfcd7fb1cddb010f41102e,62c1fe5edc5607f205e5300b952fe27b0de3f95ae8aca5e64ba23a42090ff096,34,validation,french
809686e76741c3cc680a2b6d,79408ae9d69e998ed2ce1f6a1637b00eb5106fca01c2a4ec0855a5f7216c57cc,1,train,french
640fe89fa70c0741eb2b9b89,e525d4dd71cdd15be97838647fe1e89b279ba8ac623ddcf22c8dee3dd6fde1d5,89,test,french
95941f64ee62b68a2cfc3674,e8db64d7451ef54abb7dcf6882ee56e06c0cc90f8317e101f375903dc0e35654,11,train,french
7aa1aacab2dbb0fa48f3fc52,0d848c8d095799ce9c365d5463312aa09a1cecdad1620050ed76e9c570764c85,41,test,french
b5a1011fd8e6fa3af1f85d07,e6a1eeeca4be926fb9112c18f843c90185180dd8068ccd07f17af803cd4bdf46,40,test,french
7b05b281a1aaf9ad597a4207,8595f008de2d5919bbb58a59d4ab6aaf48641c82069c2bbe88ede26c73de34e7,40,test,french
6066f60c9242709e2748f899,985347a0cb839ead91e5c915c630ef52dedbcf30102c3ab93b5b0d3220dede7d,56,test,french
96ccfd30b813c1e634d2c84f,d808e13581406dc61417ee680b4b4c4f701edcefb2d13326c2d84b291f7572ab,97,test,french
29c24e994f5c6822c0adc2c0,2e51cabb31bddeac28bdf8837f6b2f079c91c7313633ab3bc45536eb581d0032,51,test,french
010c931d0c86a4f2dea661ed,d527faf72eb8580617b404acea2e63e3132552a2ad373df80574a65f54c1e781,59,test,french
59f053be2a5ff22fd5955345,3ceab00cbcc7f1e0c3e15dd3de055ccbb658d65349ae4524b9a88db5edb826fb,52,test,french
bdaf1627362e4789e1d8025a,f01240b35c41ed34c2fc11b940f8c9733a392b9472a83d4bf8c01267c2a2d4d5,51,test,french
5da4343da2a10db15df0c1a4,b37e1c5e1892515ec013cb8c3c7988e11fcd77bff14f11b15c852346c93fcc64,62,test,french
4ad15a4c87c3bca559430ac7,a235e08d710ef7fc205557c1738ce4922675f13f6f6d16ddd32bf7cefd9f579a,85,test,french
763b146645911cfeebde376d,ebcd4233275a3f255e7a334903ed719fe56a939d7f800c37f4ed27c7eb0e6650,87,test,french
405894c046c97ef07cc99354,4dd48d7944e96e6ffbaae69546c80189997977b53a841d5537d2a8b91dee3373,81,test,french
38e31f8a590da24be7bc85a6,ac7aa20689081a539f0f2f38e3f677c47a83839d46e2772ef0a46dc90b802129,22,validation,french
cafc9db11108afb63e575c90,61b493de4473c680b17dd72b4e40fbd9dddf6d85fac27a5500880b78ccd2dba2,86,test,french
708e8ccceb19b07062e3d6b3,f8bd61ca783274e8f80414a06f71e393d14a071fea021d82ea1299df71ecb1f5,6,train,french
140bd16831f33fd5d05e7ee5,1f30006faa762170699c604b7648f1047f17ae393d1da69e40f9664a76d468e9,35,validation,french
d60ed5233086580293aca1b6,ff80c8811aa486274fbe9b1b74246902dcb8e7b7cbe3e18f08aa20579996663c,17,train,french
8151f32305d678b748b0ab18,bc6c7ac294f79da084bbb47062344b7f3ca237b60eba5f93a7ab02287ecec7f8,22,validation,french
556da8e2e7c63397f85bba52,f7a7b01628e80c98efcbfbf5d67e0ee1248f45edd0a9fc0f6c9c5cfd03544120,42,test,french
582fdcad6fea81244f352d4a,3b54abfbecba27dbbe8fda10bc14eceab01d6bc6c535dac015eb23f1d30bd37f,95,test,french
7f4b476381c5a97ee690015f,0ba8adb61f418ba481d4dff010e440ac22077850e2c5f295fd6af1cb49cc45e7,94,test,french
cd9e007a37723bfb66197b5d,5264d7dbe36925e1c3e0b6247498523f2d38e729a611ec7cc380573367558587,71,test,french
844a88b70cdee544a1b65d2f,4cf15af6c81d91a0450110a911daebe45b674712674829dad419bbee35fd9ffa,78,test,french
5d68f6ae6034782e5acfd554,a3e3de924747a5ef20d5d966326e9bb30b13f4fabdeeae9e825c97f37b8a6c20,58,test,french
0ae3da93e7ee839a36a7e155,e7bb597fbf4c192486973156bea035e0e96b3e53b28c23b08531599f91016f36,39,validation,french
693f2e62164e773287453081,f6df1d7be7ff2baacb3cb728fb3945f29e5307c2214193274727243cbd344563,11,train,french
fba771256f2f856a13db02a9,51cd53abad944ed66459cf0b6a50d997e76f6c038deb5f78662319f88282e802,95,test,french
e7c3289a77424c4fc0c27174,35d31cfd5a492862184dbe8e6a1ee8eff6b5cbd0d7b2bda856f221c80ddd02fe,65,test,french
2dc7aeddb2e908f9333db772,7c0aa5636c23a2de9c453aecb03d2fb7716e4fcaa62174828fc365e933d7f450,83,test,french
91d40337df10e31ccd81e753,c4cb85675f2820b94b62a1c9fb3b3c562d404df7d1747d1f7cb2ceea26a635b0,95,test,french
362b4c7a370e567f12010e1d,a88093980cba6055d464d2daf0c62116a1d3c28a39c3057f7c20ea1d1ce607f6,80,test,french
e25cba8cc583c9066e5f4f4a,bc7b1db2629cfef574425ea519d6f7644682407965a11149bd72290d64c4dfd0,38,validation,french
7fbc02495cab28301d88feaf,02c63b68af2c615494565e7672ff6b04f35a00f7ab4bf3d20558b9dd705bb346,68,test,french
17d6322661f911e3a3790e01,b14e53077ec05b24d1e2a2669bcc68fd1bc5f8ecd6b7952d6252b9a1aa9f0a31,95,test,french
fc3c15c29321c79c145722bf,731ce56834613eb153a0a67af23b2b998e08fb73db6db37ca0fe68b3d37fd952,76,test,french
197252d9695aef4e530ee81f,e32dc3b31c390cffe5b3f64b06cd6d4f873186a6839e385200e6c197a9155f56,51,test,french
66a61240c58fe791d854e7f3,5c73d178dcbbbf37161275b58b8fa9f1c497a2c60e545875d230e0d68d6a388a,36,validation,french
db10c7687dd67d93ae8214d9,590cf5d42888b3e2daa10154c5230b348ea08de3633a4c71ca58a4bb040a54d7,88,test,french
43870320b5d0077169fdc0c1,6a75a9bfb54c8fbfbcdeeb7d9b6967c2f56e50ee7de1a1c130a9abc5c23127c7,63,test,french
99cb8b195ebc3f2d7055f731,309cc4ad2658ef5bdb231803e64f188f4346db483c3c2bc7457d8ff7a4bfefff,33,validation,french
c7a42c42d1b4ba863384725d,05c82fe9a72b5f813da7eba4ffd81b6e16cc3171631d3652784daeeba0e01762,45,test,french
3653f8bb6602eaccc3cf9ac9,0f3acd0b822da7cbaadc9548e8ce920437f477ec638d5ad2b8665cc1a94fe2d9,19,train,french
c0acc835aa699cbfaba70f59,d1521e950204a2c70d6dcc7c7b892187c39c3724324bd96808e86dec50bd17d6,25,validation,french
dce066cbc0fc52a70ec796ba,8f273d0ab6802c9703b1019e5b57f99655770f0d4430d1a5876a4281a4376c01,18,train,french
42a480788b58ba6257159c71,36630f7803c578344255564922116406ddddee340e94fda68bf756dd2197c36d,88,test,french
02643e05f10555f93b1a44ff,7e0864c6b9af73a35a886faaab7d28359d4835b3bb7eba3a9aa7d82598754c63,2,train,french
338b55e96e14f5707f0dc216,ee4efb5e9a2ee1130af3496bfb8c964b73ea5d42ca0b0624382a24f6918380c1,66,test,french
84fff485c29aa6686ed8865e,56d2e808a8acc553d4ce2d9cefd11792b5e0177406da09ffbeeb05602f696b02,36,validation,french
5ecc2d2f05033d33bc3c25d2,89b155cc9b7a6df88f9ba7272345cce0499e322d722681d1dec93e5872a43961,28,validation,french
d78e7b4c4a83c0d1ff3e3f93,c2056564f3f5fa09cfc46eaca653354b230cdce62356fc1d2b371416ae52aa66,40,test,french
92df6636b823f5e1f7b2d729,57b49f408653a606dd05b8ac774acc3616a6c4fbf7c3a4919d64bf01076acd78,40,test,french
21e9df08d38c8f83f7d61d2e,041b983d448b82aaedbefe56333621a8e7a1b0b92a5ea53d3dfc2ce22993cbf2,9,train,french
4e149e231c379a41593193fa,382e063cd85f49263b5fe99c1b9d818a7e66fc1ce67818ea1e1c605e30897cdd,48,test,french
768ac535ac453a0ed8c6d733,a285f8512e437de163d7b547e89e45ce26b55fa3c3a44b1541bc8b3a2924a625,49,test,multilingual
48fb211dba354c241629773d,cf95ac365ea2ce1f1b749b6e9f61619753389e9a2f40866db56d887bd147bc16,62,test,multilingual
79d13930d9e874cac05d0ff0,e239a55f02d4f5c985a6d637079dde601ec525af2e90cfaa1f23d394a1e11de2,3,train,multilingual
554b382718d83dcd97d0b7d2,46d9729a9390424bc85c35500e8c2644e4ace1466e67b4b9a86a65e7825f62ed,70,test,multilingual
193d50085706198f062f709f,f5e41c49963ca3f07d408f2b0886059a3c02095bcc1f1321c0c178ce585dc51a,69,test,multilingual
e9539eb98ac8accb57a6e6d2,18811e53f3dacdd698e7b81cc3b976b894985370dc056e4747fff7f663bc2288,91,test,multilingual
e1040d7a1a6a7e4664b51333,87ea59df09ba0c1772b75fbceaae9f2839dd0967699a25e8cf1c466bcd5ae56f,91,test,multilingual
5f1055ed5367d596c5e46ad0,0822c489ea2d8194e482b4a252aad1cf209ea0c96c09aa762fa897596a406e71,65,test,multilingual
ec999ebdbb934c0fc4f91173,5ed74566c4c0449d4645cf03a43d1b224fb5b25bd7094e6668ee0c81536215db,10,train,multilingual
9079db7e9556bd5d2b056824,5fa39a566159145d50a46fabf6a865a371939f6c797eaa5c417d7c028243ee06,98,test,multilingual
442734756211ce758fd67167,78b776b424c61fff8236fd16d23b799d3beb72a5f7757a0b4917f1ac346bf7ba,96,test,multilingual
78f3f960c37b895ed9293684,300f26a13fdc2ea7ae3bec2946888e50cd5f752666debce940f5f6c1eb830d58,97,test,multilingual
0828e31858e6ba0ddbb3d794,2bf980fb7347ea35e5aa5bebb2293619efdebe14d36ccbaa73478b5541c26a88,71,test,multilingual
def3c3c38bb62901d0142dfd,541685fcb01e1bded71802d8534343b5acff39428e52afc07e8b00fe307b17ad,36,validation,multilingual
1634b6e20931925673d61c55,8232f045a748ae79b58bfba99796103f26606fd8376fc1a2462a3582d0517c6d,89,test,multilingual
b81594cc841c440be471653d,59e0b63abe7224949f6b0ffb8c38bd91f57b0154a2dfd0607ef9364dceede657,38,validation,multilingual
ecddb02171df4350bdba3a44,1331ab045003b844d13586f194d1a178b21ae151cbb7ab695f9f176e1c6764c7,48,test,multilingual
4715d83555cf9e1e7cbfb78c,21b901a1822e2cd852dba841b644f3ba65d4ec00c7c396767dc955384d22a80b,5,train,multilingual
bc53aacc74bafd9000660b69,b67e5f61e1cebd1a16338a18eb5a27bca6b3b2f6f860881e50edf02bf6ea8c64,65,test,multilingual
4efd0c8e7607a769a0e94e9c,e35c2681221e21ce9d908f1fd07e8a67659a1787fb550ccca444a06e2dd36c51,1,train,multilingual
a4d43b7fc1f8f87f6a5036b9,baaf2d42243f09949a68cda78f6bf83f640bef314eaa7d952bf20db52532b91f,62,test,multilingual
ee617130cd92ccc2f6c511c9,62f97dc6e33848239bd7831e91303c19e09285d568e66444df0f39d3bb44a8d5,30,validation,multilingual
6601223460745382f6b074f2,30d5379bf1659670b752edd133e217f400a52c89fc55f1a16876db95421da881,71,test,multilingual
1f476eee21acf039e2d2bbab,5e194fa4164578a3795be4d9de2f67e6e6ab35d098eae8d2721b82e9ed95d8f4,92,test,multilingual
7854b46f1d4e5119f1c8977a,dfe4ba5591869b8baaea309ae73eeb6f9d0954c3e8a630eff1c656bf8e7a4502,77,test,multilingual
34dc631967f3fea53c654dc1,e9b6d17c780f859fe00145276650aef925ef26b016098309ba4823faa93e5eaa,8,train,multilingual
0bdb386e8bd0450ef98539d4,8d1594b9b5cebcd1e24b4a6992cb96720b1362e5b403133c17e86f9d1737a56c,85,test,multilingual
39dcc6660d2579dbc24dfb7e,f17d7a159a20f857d2d6d76cb5e898320c29e47fcde2715a8dabc07063f4ea12,9,train,multilingual
6061f47fae08fef853ed7e09,d52db8e789aa80fef0c1d1d6d7936e0da2b13175006a2f92339a5772a6d3e2f6,63,test,multilingual
66b2ef4718d97099a91bfe1e,61726cef8bb83cf58dfa0e46abf9d58a4796fc2ce7999a7e4a94de682047205f,43,test,multilingual
6ae5223228af31dc7217289e,ce407891c0f31ff4cd4fcc5be30b5db5e597788ce515e1b638331726c2961057,65,test,multilingual
936ad7d615aa52abca9c2b9b,dd49ff83c955f299bbcf950bf96a93fd67b3f3fe264c9d4830ed800af83f4cc5,75,test,multilingual
cba03bc057975f9ea0886325,99027a49be414234150a660073862ba210177b348526e49bf08f49cad6f9f138,25,validation,multilingual
173d54558e95754ffe326ff8,de3c5fddaf7aaec4250cf21d8bbd2c24c3a21113cf7278424f29bbf9014a9d54,53,test,multilingual
20a73fcd617414dfec5261d4,252866a367ca1056a519833554455784648fd1fe382e11d81d940885f62c35ba,7,train,multilingual
25b5b3eebe07266a5988e6a0,f0b6017e0994daa93fe3527e1060b2fd25890d085883e6ebe40f35a83562dc4e,74,test,multilingual
ead237384ab37658f217ac1d,45f992e3912780cb5efe343158688933ee9f7a72015ec2d07d8fc1dba517ab33,71,test,multilingual
2e7d97b1c68e7cc5807b20e3,a2f49df005e0338edffb42d5fc7bbbb81aeef4493fa5814dcbaa90458451db0c,8,train,multilingual
0998e1407f4683d1ef5a9bd5,323ff669c3cdc312e9751aaa3f9622bd5feceb4215da3c39bc2d9e203ac0d0a9,49,test,multilingual
26f73374122b668a94bac2f0,4fa77efb6b48f578471050b2d66274e4926a1a887cb4da1e144880ae30d2ed2c,83,test,multilingual
baa47e19b4693ece89ff4cb7,986bd81062e6d07e73c070d2919611cee9e6aabd786a68dbc6c33e8820f911ff,96,test,multilingual
5e54b2694438bd3c99b6d247,a07e982915a25c759130ba47dd8355b53172b2ad9434d7364ce0b87a32d69cfe,49,test,multilingual
ce4c3fff2028685df2db9a5b,eb3c6ec80ad89663aa6a245deb3253174b73cbc44f662588aa3654320e3a041f,80,test,multilingual
c9bc7410a6cba7a62d2164fc,475a88a6d455a3bf2bc7a68e96a5d6c498f4eaf4ad7786fc4a4ad042904cd183,58,test,multilingual
3cd3cea8c9906c6ea32a788b,49c1f7336c57f44f9c689c1a614a6bb68ed7d8014e4444c79e837f239f56e856,99,test,multilingual
f4a5e619e2490bc5af7bc93d,c16e81903c626e982ee9ceee9726a8ae539d9bf16c4e4e9467588caa382591ac,16,train,multilingual
a4a1dc31fa9ba1a237cfa4ed,e217dc13c564c3fb6027bf747cc2b6e781f5a84c1526aa5164e54987ef168f64,83,test,multilingual
11e01a5b861438483cc48a2d,1c5aa9b134281d00956f8d26fa275bc9db7859cbde2212b1ad878c254a417f79,29,validation,multilingual
76a62f78b674930cf5133836,ace0df5bda624449b61e6cd162a7eb2810f46619bf8a9652c64d76eb49892c07,95,test,multilingual
36f6912c9813a5460bc8a7aa,ff7849e4bbd4b57d51cef36fc1a51d1b9dcc1f4d52b74422c452e2ce09279f23,16,train,multilingual
b8898d73713559975baf8e7c,c6018e655616670600580739ff46bfce5c4262cc95c08f5ecfb3c2bd72fba7e9,57,test,multilingual
9efe9d7c7fd14354acd5a522,f23331f3c737e3a2c2766a554b3cd60cc73e026cb7df1e5d265b13fb5aa10b77,95,test,multilingual
b785acd8915d7f46799e92a1,dd09fd4013d0807384fc70464682194d2b9ff05b13643ea13f00858509288d30,92,test,multilingual
0eaaefce4850c4f4c3deb93c,87f32d617a31e319f5971918e96d5eeea2cdac267f3dcea1a41c00991c39c76a,25,validation,multilingual
f8d6976798b80ff4a8077205,e9650935f4081c2e05e5f2d0c696add9e438b8c95d753aadf923743e7e5cd8e6,21,validation,multilingual
2a3b8b53b13319fc616741b5,bcae93a214c117e3d63212abbe526b135fdd81430f519b76fcb84c28fbb77b21,66,test,multilingual
8128c380a7b7a3084d694153,11a58c3f8a476e7f9f2077b3a3946295e0e9c432cb42e758d3f718d06f34b361,15,train,multilingual
272db33894fb17c78c6914c1,a16d6646e0d86d86555b51fa26fa542d509fced107b41d036fe8b1edfdac6985,82,test,multilingual
7e9afacef76786c25698bcb1,b61b2c2b89108e63a15026cb4cc73edd0d32f918f014c82dc422de404ebfd82d,91,test,multilingual
0013dce5de22fa9a3a0c0a81,f23ecb53a2da946451c05ac56c0f9785c77806a3ef97ce7d1a20078d80b2fc1a,55,test,multilingual
d7748ad2eb2f611c28c4e8bd,ca079d7e6fbb7f426e2dbd8c40be1d946b4c6716124b52dba1e85141070f70fa,2,train,multilingual
d27e8274041d7788c0850091,4cced7e5501a6c355aa9deac19791ca7e3e915b58221a382a0a3ce6399ffa801,1,train,multilingual
ccc8c171c262204f3e767f23,a6da4dd27c4fc2846d3d2099b68b7a6fad5d3f602a559d9ec9203c1fda8c7bff,26,validation,multilingual
984668ad3d950ddbed07ea2a,2587942eed8f147d63f34978e7037dbb5fd5791e636e29dbb5badfe040c55a8e,86,test,multilingual
7a23ccbc82fcb474ea642b64,bd46738b7e010fa42b7e8b57429f9bb6cc0c76a30481afaeab52e0e54f9482da,23,validation,multilingual
36455f9825468cb06f1f4774,922c025ab06906cae8ef0db4d866c32c3df7129a6b9f376b0466b91709b2ba2b,22,validation,multilingual
6be11c20b4d51678b9e4c684,4e69e8a566b51146a61887cc3cb5e8da6a51806a9938e2c5de1dbf7b8fbb955e,85,test,multilingual
320a3114c02e4f1109ec9b82,f4e6e541e9c6418315130b3d0cb588eafb3f941379cc8444e0de5fbba01c7cbf,73,test,multilingual
0f1e81e50e4d6d7a0d002977,8e0be5071f84be2d783bf2fecfcbf0ad05a1dd4b9b9b8a342cfd675db3355130,99,test,multilingual
e2210cdcc07acd50a008c41e,c76df4b453c06578a4f62edf8e1f3b243c0715505a8a1353eb3baf2acd213c0c,52,test,multilingual
1205548d3b8b169765947eac,f0a51d463386775cd6654cfaf17cd50655b2fcc4083becb60ea4ca3185982af8,74,test,multilingual
54985af74d0c5e149d6a0d15,f89d47c69c257e9aced9690e3fc2970ce95908f3666d2c2ec36f4102c46bb5b7,94,test,multilingual
f56ecf6abf177c8302c500e1,15fa00945a45ece5d5df3aa377c30985e151deed4101b02d73674b5e8a251564,84,test,multilingual
2fc3efe611ae5fa74635d828,db3536b27f2c4ac38949e992e62c30c860d5392f1c6f592819f70441d9b89fc2,14,train,multilingual
1abd75ac667831dff9f59980,a25c654cddf80d7c4718a79ec4e8f324ad0ebdf22953eb696f69989f7a4eebcf,36,validation,multilingual
18372db9e9bac56d5d196a6b,695f7baa91828e2dabfac679d8a6a8c98ae80fbf0a5ff6204b9c0fe86686cf83,58,test,multilingual
22576ec6b050530aad43bb2f,341ee1fec8c5116d5f409b5c4800686fbf6f0d9c3f56063eac4a381bcf4dba1a,66,test,multilingual
bbc35ef6e97c04cc267fa736,f69e22739b5eea78939d1cab400c6c8df5ea0d832693def385c2eedeecd5021f,43,test,multilingual
855a754e96e490e938419af2,9fa92de836ee4c77d1bc014fd1ccbc6136f64bb7f9339b915ee30199e8fc7f0b,80,test,multilingual
309ee729922c535e08347e13,d893fbd0e51d3485f6909723a5cf22e08f285b27cc19086390c0aa284dec4add,12,train,multilingual
17f5f9192ed9fba3734191d5,70a58eb39e8e0a733a99a535f13fe477603377da3e69cf7534b85af12aa0f0c7,63,test,multilingual
a32c5fb22485ea34c0e54355,b4fb6b97ac246f1af1bd2cb7b3816fd282880828733aad690d7ce565cbccaaa8,59,test,multilingual
2f3c98e61e7745da5d96f31d,bfdf79ba64a527234322299e73948ab20200e71aa31efb3ba95326c4fb11b13e,46,test,multilingual
e4abfd459533662dfeddfc66,21f2efa846027a4da7b082a5b2ea8e2368df398b5e782db946b8a97498ac1555,92,test,multilingual
b5193544e6d5f27a46dfbfb5,4e04d1f48e37ca136e2ba858e02aee7a476f821d162d41e4bd4b86459df8b33e,40,test,multilingual
5c056723143e1f8e34b35c2a,9358da7f74943ea3b405008508bd41091f814adf24f579b028818b4fbd02ca62,55,test,multilingual
dcce07c716a9b8bf0a6062f6,7c30f35ee73d42d84320d9d6bcaa8fdea1cc95c1f5b353da1ed04c2c10ae6714,14,train,multilingual
7fdc393332251ba8c0539ec9,a1cf5753964c09956bd21d2a1b17d0b487a2f0332844d531f7e17eaba21292b7,83,test,multilingual
f19ed894265bf73aabcc2de0,7a863a9ca8b5e718ce1ef6082aadb853c20e279fdc89f8979a32948841e845e6,80,test,multilingual
e2a5733cf374d873b62d2640,fea6165b4984f5492cc38b8027db17694cc42d6e05322391e7bf08375494ad21,63,test,multilingual
ac6d83a95a45d2c26a861971,e4b7d810c240fc07da53e6de9a96b77ed77768a8dddf8446d2bc227975376c62,48,test,multilingual
6fcb662e77f001283907dfb9,778c8efa15e4eecb370472f0f4b597e3bca7fcd03a672b7640ef138a1bf28d15,46,test,multilingual
ee3404df71baed8732a661a2,d8fd2abc00b44a0a3c27752177e131305e018220c1f222b01674cfe2e7d15a12,4,train,multilingual
c95288342651d5dccf544078,63dbd75f56267ab2add5850e7b1f9d0507b3d001a4597182615b0bf45d2924b1,3,train,multilingual
864591b937f90dfe504683c5,1771ab7bb2565c1ef64e0fb3870ac4b394e9dc33ccd44e1380b5f33a4cf97601,35,validation,multilingual
8b882e834764fda98e22018a,4f7674ce91acc02470ef4b0f0b4fbb22b8330e79335b18e835209f19c7b1cf6f,14,train,multilingual
7fdb494baecd4523873e9972,6856e9e2b067eac6cd65721c6a78e5618c7c0b5dd504dd7b147d5a49fc01e14e,34,validation,multilingual
0f3eafbb82a07074b0771a4e,ffafd3189158cca2f2c52493cf736d83909305225ff4c0cf43af2582c027af72,20,validation,multilingual
88815ba87ef52e489bfa6eaf,b992491fab614518129d29218118fe39f72afe31ea1b7f6cb7559c67ab4f1c71,35,validation,multilingual
703efd2fa7d873802abefeab,6d7f079caf83706b2b99cd5bd28b319e57cabf2393517fdeedc32a5dba4009a4,64,test,multilingual
40a05223b4d2527d5e8a1086,7c56f07655e4b729d88d3e406855660dd80b6ae61ce658f675be434600eb9ea5,38,validation,multilingual
3730c79484fc35a36491cb81,8001978fcdbea178fcfc7a3fec7619200e1e3eeaa2cb67cf6bb1160f4a7b2828,83,test,multilingual
61108a2049b51fd22e578da3,bab1abbf5a86fc04e134c84d7f73e3ac70a1da4c99cdffcbadb29bf73abd0205,15,train,multilingual
6ad03438c0d57965ecd177b9,4a1fdcf6eca23ee7605eab3a029269b3d8ba3198da3c6ad03b9aaa7a4e6a6280,66,test,multilingual
f63bcf585fcd241e4fde6939,f9c9adce137943e31029d8a2d3aa03e4eb412e731797976a60057c27f7a9b1ea,14,train,multilingual
ca86d0a3f045bd163014f83d,25599c875da7436e04016e084c3428a4676c43c0d645f8a7b541b7a1238fa9bd,67,test,multilingual
69d92237f586df6fcaff2788,5bdb669a180fa7759f1c5e9a640c8724ef45341c358ac4d07ff90854384343c4,6,train,multilingual
05bf18ffe473c45b9937dfc4,efad43553b647a11e2d172f0d92de48cb8a564b31dae854e3356259f02b6f8b9,89,test,multilingual
39f1c19357277280b8574bbb,8d5333ad2bdff5071ebcce8d7099c9abd0939eb067176345c1a37406e258c194,73,test,multilingual
67137338c280efe14220ee7c,0e41b2936d6b5bdd8085a1bf721bd2b3061af67108e46a432f39b2f91c586d30,79,test,multilingual
72178ca1e839d4183d3c724a,077727248564737da281dd89e37528886d7b98e22d368b151e3bd3ff803f2f98,16,train,multilingual
d67a4d4da0844aaaa3b47642,d6d1e7d2cf6ad2c8077582cf5aa62ea099e9b6f8b347c329a92edc351d052946,94,test,multilingual
64ef3b5888ee183b324c4f9b,94f7f8a29008d6cb6de0b02f88b02f4dbb27b8ec63ca09f3e9faa73ed56d0728,10,train,multilingual
479751df60cc093139ce989b,ced9740d792ae9a34dc7ca5944297331da5bc5a34cf820d9dffd9ea6299f0389,17,train,multilingual
d84787c5cd592ac0c4228ee3,a10b7b4ce5121aa16ae941a73fb240065d6c08e99cef3781ff2d35b3cf379fdd,36,validation,multilingual
61322cc6c8d26798347690e8,275a7074ee90201a56f4822108fae962bfd49cca57e45180984ad95089c92976,52,test,multilingual
36bd41c1e69c5121f2d337ae,6ae000eb1f765a8a84e19303a78439cd4c2ace03aac1a55ac036c6f933d596ab,95,test,multilingual
b8cf75add3bb346672574517,7839d23be614bfeba9d742ddfcd041eb4174437325978f6352ddc4e6649d0169,91,test,multilingual
e45251b867a7d1c794bc2eae,028ed8d5f9635c871534274004d8ad1a53fbc382c0b3b09cd0a5048018d9e726,53,test,multilingual
27ddc8a5914ecc08e1d82c81,801ec89a96f84c54643e44c2a96f55763e0c27c0ed207244a9c5ea08f96c0c25,82,test,multilingual
d2d21a5556f83e9b0944cb94,812dbf4d6bbacde26e227e47222ad1f0c0b50f644f5c444696876ccb7db461a5,57,test,multilingual
9e196107fc206ebf4fb683c4,90f91b59590b6a8af65f0b24a070e415c390036bdc9f70fe2b1c239d0425a918,69,test,multilingual
8bf2e876c4253b3e1e4e7f18,6deca3777f2cb2ead85da1fa345aaad7dc97f414f2bb949eb239577e82ea377b,87,test,multilingual
33abdd1120034443e41c9a36,d4f676da836d6203f1924c7eb23405572977ebf7af9eae8484aa933b69c19343,74,test,multilingual
07b1b5b0a7bb7de0c756bdb8,c8a2407b02c95b12eeedb40781e674b8dab9192a01534de5f41150c9fde4f953,39,validation,multilingual
17b76fc064ec164858191e89,2ee0879d8e8bc6a636f6cb04ce0f6c24abbf8131a2dbc1e981f81e261a3c7495,17,train,multilingual
e620a26900e0c1740173fe5c,444e60e488430b1fc62a25e275ea6d992650e19cd0ea5d167580e7f21f31661a,0,train,multilingual
c233d03428af947b8e21bcb1,294d5c3aa58dda0f13787f4fc4de9eceee05e4aa5a705e977887309c12e02a84,38,validation,multilingual
dd6fbdd5ec7013ab874c477f,9952f46c92bd40d6901fdb8985a1ea1e0de6f0bb88de43fdd1e39e70ca1bcefe,72,test,multilingual
48476d212586202f660d2100,e7beaf74e9f62799f0a14131bc9de25f087c8268043f742f672770b0215e4d96,52,test,multilingual
6500f062c04e39ea50fc0389,58e3b6cdbf06f7404e2d7c10aae93fffd794c08aad1321fe001083d0cd2f8a5c,77,test,multilingual
2310a66a006e5b912f2279ad,d5ccea36ab253deb1c589c0c94bdfe36629f3143014f29f71392b9f3b1c758d4,10,train,multilingual
267995630604bce5477503e1,6d6d0c924eb8a1a5ef481cceef16134cf5c9088eacf89648d808f5182f6cdecd,86,test,multilingual
8689fbcf55e3e2508afc865f,c7c498955494271c9be5d51d17b06ca8a80a4ac3deab1ebd058458a441e77d99,1,train,multilingual
22f2bef9173ab7210c5532c9,1b85f8731c666d3107c6e70d980f9ac5288df6dfda1497a76f3aed261f4fe179,23,validation,multilingual
f169216ad50f1cb6586b6522,02ceee9518c940353444ea9de51e1925dbd57f29e492bb108e33d645d8a7531a,25,validation,multilingual
41ef766621b6a1f5054084a0,2bee523bbb976f3d71dce6a08c383fff70d2aeead9c81dc01533f7954070956e,7,train,multilingual
9fc66d0370658bb06309fe74,936d5cb6d6350e17b7d9c00512c0311bac53ccef10041168fb643a00e8c5a99d,10,train,multilingual
94146b884b81891cebb5d8f0,b51481ff0036eeab783591f55446b7226131c1694e8bf7a89f7a4de0d1923a0c,95,test,multilingual
0439048d3368201848c5dc0b,ae79de99530a088e0639d3935495d391afe20b3a188181869ae2ff6a70ef94b1,25,validation,multilingual
45f65d127c47ccfe527b6eff,803ad6e9f021385e1b422d9f6db2485ee581032ef5a185db392fb83e66115498,53,test,multilingual
a01c17d73c1ca7598110d735,107d501c1706accac247297c8113b4240171e6ac6d31f0b40086bec20165e8f7,64,test,multilingual
7809e32d1d0c30c65eef41f4,f8ecfe32075038896395839f83a7c8e6f6b12ee75a89cd99f9f9b849d324c4e9,38,validation,multilingual
0f1cd72f60003d94ee60c284,6a2dde614624cc3d0a1ad4486a5b19e3b46aa4d8d65d0fc4b252f7082a51a53d,45,test,multilingual
1b4e86f6f5e6358e5700381e,dc72103e514a7894602619d722f4a8473783285241e7f0f22f1b5acd033f6190,82,test,multilingual
f6819353dfe46939eb39b26e,ac18fcb523bbd72bb88052e3ddb1b6659409887dd77ee6ad600fec96932b2149,9,train,multilingual
eb79411afd51e508aad40ddd,bc3a045e0bf36228f39ec42e6c4d85236efeae8f9939fe5718775ad0883b6471,14,train,multilingual
aee54482ed1cdee30a27bd86,863f8c60d41a4fdb5cb7cf8ca6ba7296399a953be17419b0e6a1b656a5fe71c8,48,test,multilingual
8abbd26f93a7bb46d1678d44,a9872fbe6f347f9da9a729c0962c6dcf5531aea87432da70a3a9a065638bea11,86,test,multilingual
d01a9df86049db6fecf39e93,49adec3449a471f76f4d1778d8f10fe0a68a9b0110c61c3dac0099770b9f063b,64,test,multilingual
12a5e07204b53e87cd999600,17c83c944c57678878c43f4ccb7afe3585db6a5b0b12168037738dce67fe339b,76,test,multilingual
09136f2f3e20b623ffc48d16,f85df945ba943854a934be0dd3803412a5b31211a80886cf57780673746d9166,29,validation,multilingual
4cd5cb509fff8d613ef8528d,a0755d3a6729356bfaf3a568bce76aad881b48afb259e9ace9348498c8a2d4a2,38,validation,multilingual
1cbc4c1500db99bf451521b4,03d20264ecf35de4b045a99a7d7724bb2a27e9ce7d0f686bea0bbe63030b2070,20,validation,multilingual
a64c7234e9d2543f10909029,ea80cb7c41d1d3737139c7924db6f4bffe3ebf9793a6f910ee71c0156c7cda07,44,test,multilingual
fa0225d1d64b918d110a025a,a2e1439c0aebd04b8f75e27abb12fc5f78d3ffb458a8bec5160ea4e2683fb1f4,0,train,multilingual
962f1b5fd182201b8cd8fba0,3fa3287eb2d5b0c82f1e52b70aad6f4a4d85dabde7842d91607076b967259ed0,42,test,multilingual
0f6e979b313275222829e975,e1064368c8f3aa002860b003dce9e4e622e1f2f5d26e2e935f69754fec0945e0,72,test,multilingual
fd43a93facbfe515d931d252,08a478fac5e667f04fe11e2b3cbb8686ce8a9974d20c09f4bb8877ef9288c916,2,train,multilingual
ed11591da4636254e31c7f95,8c3384c5a9123c9b12f299900bb1a93a028866ceee86df3b2df419e1f6229a99,65,test,multilingual
14823c163c18653031b00e01,1e3d8c5a0b6380864be72ce4cfe9a782224f0b9b9b39106ba72ac2555e09b023,6,train,multilingual
0e02d0f8a25cbcf6eeb5ebde,8701b8f06d02acb6f67d56c0ff9cd5472aa42f5a07225a69f017821c59525643,40,test,multilingual
9effa124612525b4d853a104,68368e6d895c52e7ef7c56908fd64dc9f5dbeea251e8c6b80de4a58d085fb89d,69,test,multilingual
a5f34fd313224e1883b3b244,1f1c2693a3ddcadbc99e8f1d0def751d1a17410cfdae514cbf1dc9569538ac21,79,test,multilingual
3258620cb2fde249cccb4a27,35644e4f16635060c6c237601462477edf165cbb25b3e8b4a796b3375a01c081,95,test,multilingual
3c2381c8c3e9326dc8652a6c,c40d6c2127f7e312d8bfed170c9ca6b16a4775d00157ff9a5c18603c8654b890,85,test,multilingual
3a724a7cabff51995f105d04,81a6e1f967067304a2a5fadcde0c7922e77d08e5ac3dbfebef8802d85380cabc,89,test,multilingual
c131462df5323954e373e748,41782515b4e5016a7dcd5d27816e2c1c92d3f6dbae58f2cbe6bc091fa477526e,53,test,multilingual
159591ab85c179bb66657c62,94703dc7839eac5787ca7b4ffb7b6ac5b40e29741baa6362ec585daef412b0c2,15,train,multilingual
60ca48ee1c5178fcc274f224,53a00f418d511e14406934c57119f99729eeb0a6642c20a3ba2b1bb7b8da54a5,93,test,multilingual
542869c973531664a7a8c983,a14278d8a4bb704d736c42778b0bc66a4f180c707f7965c57a3eec44e6986e7f,88,test,multilingual
4f88ca12d355ad2ca223efd8,88c1dedaa35303986322578dcd6f9d71fab329df8f37cfdc7cf2bcc1b70e2b49,74,test,multilingual
f01555333b2df52c054f8a28,6413e6507995bde5ebdbb35fea3d38030330997ee9486ee521ba85f7e5ded868,44,test,multilingual
a007c690af4f34d926b60fed,1474eca6072a9456fb369966032d71801f6e00d06b0558c90352ccb9de43f7b6,78,test,multilingual
d67e88a12ffa823d876b8417,58ee74a7d66eae88dc9b18874f4a45badb2f751a8550ef97ccf01005b73b6622,39,validation,multilingual
cc2f2665a3838e2948bcf9be,318bbc72259cc745c58c964270106634f210dfe093e8a5ea533766de5dfa5ebf,30,validation,multilingual
a242dd2637c3d3fb572d1838,ca8c73ecb650e257f5d635654d8a18e98d1574c88cde2bb72b81cb46b044a317,48,test,multilingual
89f0c95878d3312b051cab47,180918cef23a3fd21c3ba6ae4295ed203be1d880563516312f5847ce287a0f08,58,test,multilingual
43dacfd8b67002009d8cdb9b,c9e380e33e6f7a9b084b0b2456ac22194ecbfc9c273aa7bcc1187333b0a7465a,83,test,multilingual
2c92b0b575c21cd2530bc894,59aa7d0625837e54bf772b0d89c82abc95ac7ca943c1462f1d77bcdd3a2c6b47,50,test,multilingual
93eac3294b68bd74e31bcac3,a1bd20a14f05369acb2919dcdd7c19da907709606ea49650ede3b83ec33567f4,33,validation,multilingual
b006a1a308ff8799093010a8,41b55ec9c64c369fa4c5b896c5b60a15f41c4d5b1cefeee883687eebb7d4975a,21,validation,multilingual
d29035c2e86438a90bda0a79,ed1991f1bd45f834f4f21cfe986d111e53355dba3c0c98efa4c227b4b9119e0b,53,test,multilingual
787a85c82f89202479d8a019,3d73fa7b94586a3c23069baeb1fd63448bbc1d7bf5c173c4a09b46fac566ab0d,39,validation,multilingual
75704fd08764108e911aa42f,da174238f297788e3e01683f18be33230b0dc6ff009a2ce6a6109cfd0267a34f,68,test,multilingual
fd822cbed50227e8abf3142d,87e9cebcf960c422fe672a74a442fa587ce642b93212edfb7c57247f15f99583,72,test,multilingual
502db1bdfad5c49ca94e559d,64cdea75df8e3e7ff5b6c69a0a7bc7f44eca9c1719488ea82abf91817f9e8cf5,1,train,multilingual
61d4cb8af096d65fee9c6452,3d847a693881254aa22dda20a6f865280e14df4dac8b0b83021a5c7b4f0a5cb1,65,test,multilingual
bb3bd97dc5a96a55425ca6b1,1a890aeb1766d8b70beeab9fa8815429095979587c57753add69d7380cf9cd47,43,test,multilingual
5143bed3b5de0b00bf24df0f,d045a085730a1827d69923664100c407351edef4ff4c41074b6a077949ed85b8,5,train,multilingual
e6e1f6fbeb2b7ad5037e25ba,bf652cde3b227cdc0eda239767fc08a006257bb014ef4320121b8c3da3ef55de,78,test,multilingual
b66c3f0963d5bbeb189d2d3b,dbce086856d82667af15f31eeb7847278649d4d91ce61e6d2efcb4797e62beeb,72,test,multilingual
8540849168136fcc2d910849,4a812b47994e3c2d9d1a18e5a384b1cbe10e29ada42f1bf4b3774810a9cfc04d,7,train,multilingual
4a9ecbf0c7747ca31da8566c,995dd69c98e8cacd202404ec7402063bd4afecedcfcc603fa01bce8c734e3405,36,validation,multilingual
78a81e5041e5fbf301819a9f,31dad0bdd2878170f5913488f7d6437babb5afd232d37a87bb1c2f7870cb8562,69,test,multilingual
6c0493d1f0908f0a9a1e32b7,dc6976d41b0edec01e52efd53614d7a61a1246e9cc9a14f18f1ff55f345671ab,20,validation,multilingual
57d8fa852713435052e2d286,34eeefa44d4283a11b291faa3d8fc8107d4f75a80064666d9739e25e0d683917,48,test,multilingual
343e6811e0bda38c4f31e506,d72ca4a6b7bd4d7ee12289bf5d22aefeffa071d402eef6fe6aec1bc968f85a28,74,test,multilingual
9953fa7a66777654ce986a1d,681e04d402dfe41a3f91fa7aa8ba2e8d51a5378ce8757d31b39a96c736609a0e,80,test,multilingual
019d2897d05b784a28aaf7dc,9db2df27fd6eb5318b4a17a8e91d2a364649c0129a3a0b60058c78bea1abda56,47,test,multilingual
c94e7528a4a67be08ce6ad5f,d6ecbd12f976abacbe1e99f4f9ef5ceb28feaa134f4167313019bfb74e89edb4,22,validation,multilingual
56286bd6e7a3ed71abfe0617,b9dab0e0c3290c8ef18deebf98391cb32bd820c2c78c7fef98466c332443c4f4,88,test,multilingual
f2f18a2272458f14064c96d1,7d56a55b67e35e9a915ec8c8c09736cc5589df7789892242ba00380d8b9ea1f6,27,validation,multilingual
63972619cded646275bf3546,ccaccc69f4fd067dcd2888b9ef3afdf62c993c937a64dfb84001f2885d68a1a7,85,test,multilingual
7cc128f135c7867b3d7156f0,81a4f4af0aecae71e32b1c89d39d7d0734bf4e00f47707c83880f9eed2ecdaf5,7,train,multilingual
8cb18cbe57cd7ba7e7902dca,14d6ba9eaae862c3d4914079d79e094b327f880527c1c5ff1bd8d7f6baa20177,98,test,multilingual
ca63ca2be71bab3cc68fca72,5b1e4d64ee035c9fd9465d4aca2f08e852002b92249edcdbe4346555b49c8335,48,test,multilingual
71af878d3d037f52ce1fc0fd,cdbcb198b3a49f421b670082f6515ce8db0b91570e89da603bdfd7cc6e9ed012,12,train,multilingual
683ccb2bced5fa6aa53f2c93,80c6da8a86775d5b31a777aaf4fb6c31b6ce138fabdf189761ec643dd78e3482,22,validation,multilingual
f4e0b726b6042c38a42e66b3,26a1100b45034c19dfc850548c1f65ca99ff20aeeb5a6994ca62aa753f23b7ab,11,train,multilingual
798797436ad782c350f503b3,8bffbb7552756a483d32a8e86cb4112ead0abf79c8b557750a3a50acf357f073,93,test,multilingual
1739269f20e8c4b38382a14f,2c3dd2d56612a522ecac1046856ce192bc1f42396eb618eb3e40da0b13d8b9ca,73,test,multilingual
0fc96e1b5544acb8866d0a23,da250c64c06a7b7fdccb42d96591680cd66ad69de05724dba2fd8f99ba961e3a,92,test,multilingual
f4db856e3b88b3a638106844,bd7462795ec9f43c003650b4f8d87c030438a3734ad31d3726a141bf45b0ea72,9,train,multilingual
3f01927eb4d67f18188c4503,f9104681b32fed30b8e1576e8eb6034bca96d64185e6a71ad3ead480e037bf25,9,train,multilingual
e29592b1ca9668e32f1c5710,647e1da7936b3dbbe1a9bf57d8e0430ffbcfc5a168ce82cde2210a377691fee2,27,validation,multilingual
428fdd967ca6adedd2c7e5f9,99603317c06b01086d49e8cfc7884db8f15c632dde32750746d0eae4d63883df,83,test,multilingual
b6bf4de3aae7eb5a3dc01bea,4aafa4e3a87ccdda8a44eeb7ee3a2024cfaf2085ded3b62d62251316c250239b,95,test,multilingual
74d380a13424b3f98ee19214,26220a63e093ccd81467c46e8b007f6abf8a9b90f1189030d542bcf33d07e9fc,91,test,multilingual
24f93dee0feef4e30ceabf8a,7106aa376e0ccba8bf3c54a87efbd3319965153159ed4bdb3cead358c42c6c94,99,test,multilingual
728832faf5b6f96a172ab7b5,930fe509c51a15bbb708e57a98c95265bdb134c95f4824abd276d21623f2c2a5,25,validation,multilingual
0b4b9133caaa330cc04eccb7,b1ca0623b23f2768f0dbe55dccad8ee54ee45fcb81d3c2a3ed174a104ba907f3,75,test,multilingual
c09db7144ccf3b244e77a0b6,576a95e5230fb70b90dbfa2114e3cd8d9d80808aac79a91a9c5c28c9c90d5931,81,test,multilingual
54dc6870910658a771c223fc,b5e66ad578c7a266b0f4297fe92aa4927ca4a5207cff1d1b3f896b8a43e0187a,25,validation,multilingual
760fe033d10477459c05f1eb,d9335ba66ed65a21d6ca3ce2c9398c5c070f4433f2ff2e5a5e4716c29521fb36,70,test,multilingual
86c00001bc823916975717fb,e545cb04402159f8ac2feefe77b8d35bb5ef6c24678653926be403241bc22677,20,validation,multilingual
ed4dbbffeb0516966b8792a7,7e9e798da5220743f96b8b4ff8bc793c5759255cdff7b070709698ec063b6780,21,validation,multilingual
cc2503fb5209fb110142de32,63534e2dd766ad8b55ea4123c9bf2b584192f98cf11534c84935029ca60dbd40,85,test,multilingual
17e90da00653d8916320c0c7,eac256481e1ef251c313bab387f2c3ff7a25637e6e7b54b4014730b06b40c316,16,train,multilingual
c8bc14a9b05cf245fc184375,94015751396b7d589ba50fe6fe6cf55b2a65a56ed71a336281a20e3c22db4fef,57,test,multilingual
32444d17ad169eabcd700b40,86cdc4e736424abd0e5b6479f46a6a8811e9cd3cb74e91024ecbe01dd74fd91d,31,validation,multilingual
50495f9d2834993822fd7397,bde7756964a55cfe06a779dbe982ae2db3b29fd090d6a0699250d4300354e752,97,test,multilingual
9d603732c074cbe8bb58530a,a518e4c0a929f75094186378f0382df7c3e3c34ccb0dbdfebafbd0d4e6cd1e4a,64,test,multilingual
ebdf70e829c03d591795cb1e,210816c394628d94e3ab65ca76dc1f56a52825d2f9cb9a861ef1caad6e8ff055,43,test,multilingual
f0473e5561d2660d461b8e5f,4cf8fda3f04bb71a399387e8984c31ffab6505dfc7e4c28728504f30cf05dc6d,75,test,multilingual
5a1c86150d45e55662d8f32a,8b9c9de078cb53979438679f3977935f0b578cb839e42700b533411b23ad8a54,56,test,multilingual
b598b51afea07a33f23277ea,2488852793920a246c146012aead462bfbfa9e0529886d92151cc86d5e0defa0,59,test,multilingual
6bd19285188ca2a614c36566,0a4b751312ab589880dd4ae784f9c502f8e87a8ebfad3f553448368b53aa21f4,31,validation,multilingual
895665a65105b56c05a36b2d,f0d079e410d8ac2c7da5064c47b42e756d99d59d66c38990d7f9a61521b6556a,32,validation,multilingual
d81b04dfac7ee0f5298ff0c9,41378c67a070a42e7518744e9c177a50a85c9395ec2ecc9fd7b0b73b32f7cf57,63,test,multilingual
2c6371732e021d5a2288c734,fdeb05d9c3f463495f1bf0a8d77b162d57a9fe2da979f8149c6030a0c62739a2,5,train,multilingual
2cdb253b5f58e57975e86964,e79d3fc0319bf51a28fd7c20b9125a8e513e8e8ad5eb582609dae03b9086b55c,68,test,multilingual
8689dff98879cec53cfcd032,8cfa96ee29c1a86eb9ab861c7bc5575f2ac6a20393f7aaf422425587a259fa53,78,test,multilingual
638109af559636b7f17676f6,a1a43a2e02b4b5294aa9a6509a53b9f75d9f58e59bb7b8c740b69b0bc901f9a5,74,test,multilingual
97ca3dd592f79bd37ec75687,3af214040764320edc8ecb71ad6552a15dd149d2862bb3985f3fcf924a15de4f,64,test,multilingual
4a5c133cc69f0a2389327393,61e09116c57d049ae1f1e63bd78df8016be10a45e90809b6520e7d81781f8177,58,test,multilingual
86645c8e915969423efd4a34,4f4dd89658a8eb08dfb3f6e08c681005b46a2e569c52efbcac1e1716b24ef52f,82,test,multilingual
151e8cff6e2976c21a825cde,be1796c5332be423eacc93121446206c897fb2f54ebbee435055f440e2472c01,65,test,multilingual
717d0060b18dbcdb260a9975,12a986352f18457b73d775c1a5af7073b4e0b29f4305ec9efa2a037525b3b5ec,29,validation,multilingual
ca14653031fbf5dec111dbfd,4ced68c1ac426bc236c9339348a4e905e20810e80f084f2fe5c99a4549a60ecb,65,test,multilingual
72846923f25130a33f335436,3a7d21c9590457b664739b56e5de9246e9cd8fdcf8a2dc58e9847202f2c5f9d5,77,test,multilingual
92ad61b99a8be55bba5113ec,a67b057d098c1738424518f0ccb44774a33a07c17710d969c32a769568482ac1,89,test,multilingual
f339039e84478b6df920e268,d9d9efb4803c646fe968db8d27b98c6e72a72c9e6c24fcb33182e35a84149fca,48,test,multilingual
60b087b6d53a1b443d13b4a0,6c094cce72b9f8bcb715da492e2bd4e8c7819337a5f038ab9b21d82dfe321b6b,14,train,multilingual
28baf1d5aada21030a810f42,b2b82a397ae78bed12b66eb69f81ff9053b26b5eab588f8530827ab7bdddf874,81,test,multilingual
df651abf909d8dd23e8cfbea,4c023dc7e3a9d373d335633c46ebfdbaec308522bd3f56cd861aee51e3c0a19d,3,train,multilingual
f3fbe1ee0d8f3d77e91f727e,7aef82b4bf21343e12abcf20b8cdd7f90e818b870baa60af18b3b4f5aba9223f,16,train,multilingual
7b5e9eaf0fe30e8fceaa07fa,c262a74e5cdb9ade397b2e4959638ca0de08994ca9d5064e7b2d7ae6a395ec86,62,test,multilingual
114335b8571ac6d780c9e060,82a7870d3978575e18a46f2561afa7645337e3427c8fe943db3bfaad4dddd486,65,test,multilingual
8ef4545827701f2ba7b4485c,7110e9bd04eb573012984fef0063559ca0ec16aada384f92d325aad575243d67,21,validation,multilingual
4797da38e67e6369720267cb,9ade68402ac3f4e61271866ce5282b529e8770e229176eea4c238aa33c3ebc17,44,test,multilingual
574effe50a9879d6b906e463,6c0ba915ee7d29f61c5e38d888717c9e938f799b590cb3ba88b0476466d32112,9,train,multilingual
dc427e9a405704ce4c6e6922,270ad40062635529743aeffbb8e1c7215117db976f987068eb7daf23cca6153e,56,test,multilingual
1b6638e2e6a3ab00baa31e09,07200d4dba12c0bf364b9b361f36d04b01a924c090d5477fe0238f725c37e311,69,test,multilingual
e617dd722e1d07eed1626f30,5678b17114f4fc0f61d64b291f592e473605bbae4ee9612adc407ff77f7b479e,21,validation,multilingual
0479293fb306969cb24f35c0,997362c45804327d3cf84e3f100e0f1c0ad9c919b2cfa5fa229409d219d34cce,72,test,multilingual
5bb393568155f2bd2294b4b6,8d175b4871ac42eb3a1c2cd042456eaa4620a219fd75efc07d4a380759e9f6ba,52,test,multilingual
92b70f5c96c5f858295915ad,585f379c6fb903c0bc652547641fd0d9edebbf7cee9b2fcc42ba5391be20f1ba,64,test,multilingual
fe7b50a662a5bca3f71a59d3,16be17fa4c775035465cc8480840dba8dd571647b554818a17bbbdc0d40df069,30,validation,multilingual
622351b718cc522413c77346,771d605f2fb7442803ffdf9b035a3d64bb011748d7bc659ec73ba0522b1b719e,19,train,multilingual
ff2f6113a553db759b932f57,05498d05b93bed5e41a797df21d4f72a5d904aabe4c25d4b8c2eb14b54a12203,9,train,multilingual
b166588b799ea64924804b81,7f09a6ccd4da36ebf748f29797ba2582d76962623b1ad23ba12b9d6187565aaa,56,test,multilingual
67f71a7888069858305925ff,af879ce6c3ab4476d5978e995da78efe275bca2059278628757ceef43aeebe5e,26,validation,multilingual
cd9725abc600e46fe55d4cb5,5f8c47ca088d8d516b07bd69aa99c1af28bbdf723e9b9c01022aa52e337b1a2c,38,validation,multilingual
3c3dd5075f40f5405b29a09d,66f2908afc29842fea2ca23b1db846a4c7d4fc3261be7e6e71ca8fd457da7488,46,test,multilingual
3666b5d08382d4a432d96b57,17f88bf69bd2fe22e7e0cc07bda5cd581eef7efa14b86373865e24518b3860a8,26,validation,multilingual
c9a42b56363adcceec4b5e52,63f862741a69ef5aa1a55988b195e24867f77f019d8c34b093921d9975b6cfe6,16,train,multilingual
5b5f71a6cbb4a057f4a12515,d582d0a04fb2e3b921039b375cd4c8fb062d59ba1d7564e90f8f5a0bea272a5f,96,test,multilingual
37e6e0fc1bcc8e09451271a7,b815a2ba4533cc2946a26c86fb9f5c185095eb2eaeb0b2f2472e37016b87f4a9,58,test,multilingual
827ced50da04c3c0c6c7e983,a70f5e733f68696cbe3fbc14a215d82a7bd96233f088996cccb6bd7e91107b44,91,test,multilingual
3e0bf76c1516bbef964b9226,435182c571565876586c8791655ec623c00ea1e58b7458e9b50432e713daaf8a,65,test,multilingual
107fe4d90cde60cce6d187b9,fedb18964738d109f08d496ff3648ebf0249bbc5a6a918ef94ab4826b5d6b12d,42,test,multilingual
986ee7c6474f945447f39fb9,9b81e7c747d51b21bcd49fb26cd221bb4b9df8e931e3d88b867987246c3697fc,59,test,multilingual
66a61bd1973f0278615b9e08,7db6c5b1cea231e399c1fd88815f74e473f17e0e6462b96d97103c5ed08de8f3,61,test,multilingual
779ed705eb6f751a71c90e8d,81c65edd35d2abaafe035ec01ba1c05097207f1303f4f29c26590ea593f828a4,77,test,multilingual
f673cedc223f7e058eb12e69,fa9e48be12407c2c8129340c6f67d3db1db0ec10b47fa8fa16c5e86763f4c866,10,train,multilingual
7a644a3dd5bd1d63106b53b3,6936faa9f6c5f8c754df3a1945994b323977e7c596d474775dd36fb4a97ef0a8,93,test,multilingual
c3f51197a91a8635c6f5ca87,cdd860701082f667942a1450b066e0d4be19080f1af2715a2b499a0acff5404f,44,test,multilingual
3d952c3927b70f08ffc9fc21,ad31dd37000a94cc82b3ff1a0e1cb6a1f5afe167f80efb04ae99d05444687281,63,test,multilingual
ccbaa96729447e32519b6b12,d2c4283d41c15dab96813cec0d8d4fb93f1165504dcda2abafd1daf939798254,17,train,multilingual
9c08602409dfb4cd4f21fddf,d95d482b17a49031364f314c7329e4709528a968aca6852aaca2078de18d4afd,95,test,multilingual
fd26a63eebd26f4d8b9183aa,3eafe746086d57abb3b7214186e3c4bd9dd80fe8ce983da3578c6c7bdbd3594d,98,test,multilingual
57e2040a82f32f4b148a47a5,0c3f1d975fce6a8c55a46fe5d89788bd1d7f66ec0abefad8b0ee56d7628d0fc6,35,validation,multilingual
bcc565439a1c5beb97faf48a,5c49badd0ab1ebf5391e74848cfdfb67f4bfc105025b6f319f47e719a943805d,37,validation,multilingual
e06e4a9ddc095f0fd48fe906,188010563112214ee42b7faa744592ef2d4468acd1fadbb2540774991512b0db,74,test,multilingual
7be2537862e76e32431db5d5,548af26d3303ab03f0caf4aec2f506c6e8e5e2cf458db4c574665d941f51bca2,73,test,multilingual
dcd39dd11a15453dd94a78a8,daeef052655c9891db4d243a471645e537bcd79c09512a4461d9e82af2e51165,78,test,multilingual
0843e940f2a511b33133d5f2,69d4896ff5920a7fd2970c54a56e3cdd535ca698c57f87b5f5e9fd1cb6df41c7,95,test,multilingual
3bd84d9a1c06ad8f498916d1,abed7931a325003a825397584e5add0bf5821a6dc8f3967614ace75f9164e3a6,93,test,multilingual
9a7137bb136bf065e48e2add,1fd4eae3c6f1258e02aee18740ff959738c4f54600dffed1820cab900c8bb26a,59,test,multilingual
bc1a37ea083063ad128fc181,0fc176253266d725b9dc374d4c3b88d22c382c800c963c6c633a4beaf38843bd,33,validation,multilingual
bc8273e1257f3b5faea514ac,bcfb02696b9b25beca4c836dc5258fd94efea4139b3395c329167a1c860a7f7e,61,test,multilingual
348fa28293d8c7e534af4dc7,fcdfb588a01aef5d17722eb4055a77dcd7a409e530cb7a5bb283f192affe5bea,32,validation,multilingual
64cfd08bd104dc3f7fc69f1a,1d32a41d3a4e8a7f32f3173d8c8b2c3a0da024008b5f925db53796db719cad59,77,test,multilingual
706d7da18ab54b459181c9a6,56e01c3c583ee3373bea0dd384dfc5b38a1f539215bdba81ba34df2faf3d95a2,68,test,multilingual
1dadcf15eee735e3a537ff2e,091e38a40568e9d23c086d220f89e074ab63429c4ef40232413768ae1729893a,24,validation,multilingual
bb60d1c245e462552b2eba8d,df28351dbd0ec319fa891ac59998308730bbc1a2788e558ddd97b7238404caa3,5,train,multilingual
ad7d1f30ae5fec5983ac4e59,d51830734364755da0cad85309ff7e56160cd2f06ef767ba5b42549cf5dac8a0,75,test,multilingual
261bfdd7710f3db175a66c4f,f5fce5507132537d5032653eaf10210d46696c7cc41a6f7be9756237c03f147c,96,test,multilingual
02b4fa320a4d35305ab607b5,151a66031d05c9d67cf78b9430ebeefc86564db658b428d5bc7f056fe5e3df00,87,test,multilingual
7c423ccae6c6f9d915638355,20d1eb2689a0f7d720766614027e35523a60e48e9fbd438c5f3ddea48b18f003,34,validation,multilingual
5ca9ef55107a60f527c8d591,d2446255be18e5c5c8fbf1a26aff049d0496d7a9c702fa13872aff90488be91a,81,test,multilingual
f02611a671aae8d975b09a20,11b731ada768e6055de704656c19af8782c6d81beb0742368773f582c6d8f462,77,test,multilingual
1c08233899f711298a0009e5,91e20cfec11fb546978fadfbbc4361858995cc91c52897a28979f6dc9eb08cfd,82,test,multilingual
5565ded0e0f6820d13d6d58e,e49463aa30c44d465a65c0427b35c84320741bbe890a33edbac321e57d4cdea1,90,test,multilingual
33e69185be1c4ce897d4db1e,a684b778b242c165630f8c85cf1e09ae2eec2fe70b36da9516594b4f7785e326,76,test,multilingual
644f2443558d77e113191371,97f2e008e4c4282ccfcb78b690f57c5b53fedb1d9c11802a8411f23a7c930085,80,test,multilingual
d8c1255d3febbd2532e7b622,8e5587a58eda33ff99aa21d8505b613e30673e5ee870f514dcd2d0c583cdfea0,57,test,multilingual
761cd170f6de9fdc876634b0,9dfcc3c8ce3c8dfdf0d94e9a107832fa4559b64cf487dc4f88d46275646845a1,4,train,multilingual
8129f794a18925ef0b9422b1,ee808f93f6ecb8e472d6824e0b97d8525235138187d28383c9a39ac9f48a2f66,71,test,multilingual
ffe2c7cef01142e4831c0c2c,88a4cfd6e31e76710a08ae56ebf38ae746c30eeb92126d1bdb9014cbb0753b6f,86,test,multilingual
e92abd303968fa12abe58571,0d3a14578d8688c7d843bc19265a3e6a6f85c370f48900985b898d7462fcac6a,3,train,multilingual
b312104d8d65d1d352503170,bb5cf6f5959ba21deaf82ecb7925876685b0efa0e4f11949137a64283db029ea,25,validation,multi-org
f3ca241aa80e961ecc0dc532,4a35dc30c867fb9f4e779740057356e80b566669373821fbeb4c310d4ca9065e,60,test,multi-org
9350c82c046bff4227986947,1368e2017cf39fe7f6649c3ef18716a7d7bf0edd5290bb3f570eab52bbf28129,5,train,multi-org
4f298e1180966455dceb9721,f0685ea2c810d51f1150bbc9fad2e1e887f10750ef044dea5a82812aadf3f4cb,10,train,multi-org
35b23b03e3cae3ef9a0fbb50,c690a4947a6a2d9674a405d08d3521516659a986c384a76864e293f080af3fd1,84,test,multi-org
5269140162ec14c96d52deb0,93045dff7e23614fdcb7577d4090240240986a118827954dabd16178086bf876,59,test,multi-org
33126ad435b70c35d1c9a152,f3871872be9cc4f412614a47eef3fa356158c12aa87ce5a2c34b456bb8d5c27a,6,train,multi-org
68a3e2ad07777ca95d429523,b46fa9b83857a4c9c50d39f2903b6b262e564184dacc2b8948c8d85379624d9e,24,validation,multi-org
7ac938d7ff89ef17d98711b9,b3106c9a2e1b445838b00b50a6a987e9afe7d78795144ec9b2da5d2f3f2be20c,42,test,multi-org
ca4d873885edc0a75d746a7c,8e89402458c5c7c1bbc2f5ec32719efd7b19e48bd66b1c0a92bd2a6df8b5e7a0,24,validation,multi-org
0a01c65907edf79ff40ed59b,422f6007111f36c2f6b1992d0689fa27a55d587722f580a4f60cd90c6fbd626b,31,validation,multi-org
cac26b8f3c1ec6173ef4f0fc,8bc3ac1c70259c415d172f44cef447c2960bb56f698befa37ce30acc21534dc1,4,train,multi-org
0c5204b9855968cb0d2c22dc,bba7209eed3d9fb698bd3fef0456476dd9f2574a08893e8c390d46cef3c90ae7,54,test,multi-org
be7b35cfdde0f2c0f1b72b23,adada6275748ef2f5114deb6750fe962c703ef0ece8987efd92439d4fc6b4e96,31,validation,multi-org
032fd010034137321385bd44,eba34e23e2a8f46d79b92412808efc14b065302f46687cd12431b491fd1a66ab,31,validation,multi-org
ccadbe3664ec1315c977e872,980435fb53696f6af5026b644b07aa4aa413721490284ebc7d04c469f4a46868,95,test,multi-org
c295ccbcc8748cefa8d63668,2540677b48ce56b469222451875aaa1f1736261816e7945e57a80fa4912bc32c,87,test,multi-org
7cd757fcb1388d9afa35be06,5cf2f91a1a4381357f5e52b8486ebed290de795dd2734af34fef7081e936b297,54,test,multi-org
0929d6f0d03af6d35760b008,7b82fd9e186f321858267ea585f270db72f090deea1e2c5174793609a5440f86,74,test,multi-org
ecc2760c061325de72dd0b38,843b2622b66d75bc7a5911ef272e95884b742a43786c6f9bfa798baa2f68da65,98,test,multi-org
695aae6ce9b7ea214c928e77,57e98536cf2b01f88ae813509f8c34d1c076827c907bc297c58590a164985e79,82,test,multi-org
efa33ac5eb226e95b56884c9,bb3a70582bbc89adff993eb44511d6b9bbb1a890590c819bfaa1066909e4ff80,40,test,multi-org
abe11eb015771967f19178c7,601e7318b41d2afceaef391dc6622e658c5f833f5ebba52a5110cefa9f9be52c,80,test,multi-org
b2a0c0b3b4f7c4cd642d49ea,4754fd189d09c5d53fb56e8361ecf1134d0c01d1a25bd2f22d0e2b91839a6807,52,test,multi-org
9bb88432e6b6c91455e49cfb,cd05b23b0b6c033748fd64ac236731da66ff99c1501019aa1d345d8c66773f90,87,test,multi-org
63a26d6bf3c4c5f32062e717,86c06e3af2ed72cf1dd624d951577b88dd7a735f6906ca1aaf26f7bcfcabb21f,74,test,multi-org
70c5edc5852e4fb3fd758cae,4a3a05eeb1bf13807f685263fe78826afc013ee8fb3d9b9544377e549b794306,90,test,multi-org
97d8df93741fd7a628b0e4b9,ab2e049ff469dd3941e03c2ae55022fbf39e9efa25b03d918358cb976d5a1daa,75,test,multi-org
e1d0218dcf6847cac61f4e0a,76c5d6cdf7258372be5f8edd2c2bfcb938f9b1e7e424fdf22869287c9025c5a4,69,test,multi-org
267d9e3bfb3435cfd44452d2,1be55e9580c971517e1d376502ff334661ac7e001e2c73ae0b928e5e878168ac,89,test,multi-org
63e095a17288b888837145ac,57473b122f53874a3e00f24292847090bd50e69a9b0d452a6d99304f919495c5,70,test,multi-org
db8cdb3843b4f59c5af0e87b,14ccc4513869ade4709155a74dfc3a8bc3fd7662fe8c33b1b2eb3692c44e3571,21,validation,multi-org
308512ca9a191808b95700d2,aa084ff25f94fd57d67552d3c072b276e31971be1268e3f080d39f7015ac3bf0,74,test,multi-org
b326739d05a334baecc4bff5,d559c7d0fcde54627c0e31c03b07fd349cb7ca530cd20fcbf5bd5250ae29cd7d,64,test,multi-org
5244ed5e7edfed9fef75e3f3,5291f9f5cd5c4324a95d6a2eb341868edae4c9c05aa699dd66325a98a5f1d9fd,21,validation,multi-org
8ed9586cae41119ae9236758,7d3f8ef27f2ab1a4d9e5d157e2dc10119fa4c3a9827bb9d6d94761c519b4d780,62,test,multi-org
4188945c36b9c6b031cb7f96,b29111a89052b86f22178fa49869d8d6058184bb46738f10ea69b77bafd03bd1,88,test,multi-org
098ecd5943b1e94ed82c57e5,877f7540dd46c74b255a4bc32887170ece0bb1945a3731bfe3704ef3a37a3ed5,48,test,multi-org
7b9d04f3b96436537ffa45e8,6d0c702c51dd0e5c7fcba018e2abe9a40f46704269e8f373a11683db0e8c1275,92,test,multi-org
15a473d2b61aa132aa9c9b9e,07242190bf75bf8d276c962aa512d92912b5af123190185678a6827b1189ec6c,0,train,multi-org
887fe9aefc5cba5b648e940e,30c561562b869d8e16ad7b9e8ddb097cc1c3b42ca6d434cd8adfc926ac6b17d6,78,test,multi-org
bc836e134c694c4715ae0b30,d10640d0f5f08f4f3e0ab74381713a6251325c8affa469ca990a6e393ed4022e,52,test,multi-org
d0df5ff8c4819de165f8f6e5,89d9e61e5223f9f6cd66c82db679a8c41680bbe9867a795cb990714900f2e29a,14,train,multi-org
263c6d7133594f24f1ff6dba,9dfd5803daede72babcfe13addd6fa032b954b571f2e3b1994d2ff71d3bdcba7,51,test,multi-org
312657741d67d36183069583,fae5b2d21752c3aa7680a3b294ea6ec2a414407f9cda6142946755b1517a31a9,22,validation,multi-org
3aa2e420be1eb9c24189fbc7,e66eda307fd1f43b53c7d7b7ef892f7bc29de33c7686e77f14c2f4594de462f0,96,test,multi-org
ba9355be8dbd369a05c4b80e,fa1fcccec7a9f1f7ba510e401b5ec79b6c0295753eaa42c1c77bd1ba95b88481,46,test,multi-org
f128a972629c711960fcbfcc,b52c93061f0ab389ebe19593b7cf0b10bcd8689611b84d535a35b2e25c667232,18,train,multi-org
6c83a59a58dc716ecca53d24,3b433a907963f75f339911c5761209e5e2dec5a225a295ecaf4f3d35c4d596bb,48,test,multi-org
d84614eebf0934f46eb6c72b,656f692f83a13dfbea70272df00a47e63186e374943cff339b246a27b1004449,39,validation,multi-org
08d7289bb2fec185b54e9f37,6c243b61d873bc7c2133168423cdf399c8ef82b4b5c32aa712d0a0b620d14d29,25,validation,multi-org
3f7fb594864679c2e5bd9419,d74d1aa7b03df7fa3128d64f7a646f6477819ad7116a4f6fd4a1473162267c02,35,validation,multi-org
631410cd67d8d0a7571dfae8,eff5636344849a35263bfae115f0199e2822eec1ffea2af2a3f9896f0bf7d155,87,test,multi-org
58723ea5d6fa1d107dd30765,ceb1d6f2978a2c7f488d9838c1020fdd9d50316d32c8cf0f704b7800e4967f87,94,test,multi-org
18a9ee7f4a661645ffce8cd7,1d34245416d8e01824e5f101d99da483aa93d7d322590fd1ee0bf1468c12ce5b,36,validation,multi-org
588173d102849c0321e85118,63365317041eee62639fe345bcd135bff6599b1d38a54c2be211e6028a1a1278,99,test,multi-org
a57b37c6d7e527bf7443ad13,731c2407ca9095b61ab1c491548b2f4eb2c726d8be3e853e48ab2199b58ee6cb,71,test,multi-org
e4597bf3ba438febec488501,20c746d1bf541d65bc078bf6ace2db6c6e1e972c6a721d7740b6b4fc82aace7d,5,train,multi-org
ab787a57bf51aae45382b3c8,a5012b87456301fd719a4edcb165e4b3c5a95a171bb4e911a1fc384bb143e5e4,19,train,multi-org
d30cd6abc87ec717abea3034,e904cb3a788cba0559ea2d44280020d8b389ffc2a91a2316d6eeebde01efe325,98,test,multi-org
fa98d5cbd2565d2893859ea5,3204cb012ba95180e9d7b4b6137f655bf61c4a8146a768dbe836eb214766340f,13,train,multi-org
e2ebade0906efd76c32e51f0,60d64458dbbacfbe144d3491b7a8e49b0a0fd195c9755122eaa7d0272cc33b9a,36,validation,multi-org
cef372528166f19edabe31d0,58dbf87e5544a8a5bcf5327ec334faf6f4abbae2b0e17d212dfa6c397400ec38,6,train,multi-org
5412bd7f0eb6fb8c66bec0b2,37b61f60d22d028f76cbbe84181c60eb4cc37739e0d3e7cba3e558725f82fca1,64,test,multi-org
5f69cfc78e868aae251ad88e,36ff15af9a585a5d6b38b2bbef0e2b77d4ef3f5940925029f73741607ca23d7a,95,test,multi-org
36356ca26a22d2cc0ec0598a,f8016e19f464b32312a041c7ace990e99aceb386bd12cbe44fcc80492924764a,89,test,multi-org
58f229450d69d88158177076,105111299fecc855497c8fee5ecd12b63a67eafd9947a6b7e8637d01bc0faa35,65,test,multi-org
da928c5c90c372d71c2fb01d,efff65d4b32ea79f96aa3310f842999d53d54f9e9df637bc1fe3baea5f88742b,72,test,multi-org
714d0f1fda257c2a9e6cf3b2,f260a6ce03ac8122f871f0ec83c93eb931ece02cb8e88e7f7adfdc016e54d1e4,30,validation,multi-org
aac8d66f56edaedf3cf95af9,ddc24ade1e7e4a2dee33acfcec5f5a627b905df23e7de2154196ff997f0f5a96,86,test,multi-org
fd656a3ea9a75129b23f5123,e415cf764e8e6b09219c1074628562d97fa1164a85d30620d26f1a0a97532d04,14,train,multi-org
fd7585114a29637ddf10cd3e,659fe129d0c858ba6f4f4b42f80feca80166b380d01391a80dbf537634767ee4,81,test,multi-org
00cb23893f7aaeec99e2e805,49e7aff4abc4ba1187c08829739a086f230deb01c7762bb2b9029a46d78ed381,28,validation,multi-org
27db702507273a917c494477,d20054ff6261bc6b12505bfef137b07a559884fb1ceb523d96d63b0ca549bdf4,19,train,multi-org
cb76a222e383d307396cdd31,11688f752fccee581512ef445b8147ee0472aad84df10715f10ccc4591134e3a,41,test,multi-org
a91980b1d8b74d01857b6eda,14693423e9d8b0d46581d40fe73c3a755e267f76f79c1e6a00137dffd337d2f4,47,test,multi-org
e6ac09ee0913e2248638dcaa,0b266909f0cfb78ad28e4ca17aa42fee79c4e6dfb8ac6f77cee3368cad5eae3f,33,validation,multi-org
41f4c0f96754f96c833c60a2,ae4278cf409173337260521191add6fa60f318a9d1b3fb53de4d304a58afe6bf,87,test,multi-org
1053777c5b916d892d473c95,3f3f5f8078625dbf1989bce0840f0a4364242d9d927e2126b1f8c283ee9c8966,24,validation,multi-org
3ec0420736baf8909b83ec08,780f5a4f28fb168e73e7535197dc15160ea3660f96e80dc971a8134c418a386c,79,test,multi-org
e9454c5a5f4d5a73065ba3b2,2520d9a8929e8021df85927b91c878d53120168600e5c37d77d4ba1e411ef974,64,test,multi-org
5f488385051f1fd02f2707cb,a0acc11b9e229c28e82e60396d23d872a8b2fdb732fe18940ec925669a1d048c,87,test,multi-org
7ee7d473dc92f35ccc388352,9011972bfa89e71b9cbace05e0a4393c2f78745a03635803b0a0a6b05f096cd8,15,train,multi-org
0330ae91ea53817b0a279f86,4c91d0cc0c1c1c6f4eaf9567fa9c58599fbff52e1004db346bf0cb71a5d76562,88,test,multi-org
cd231aca25687d83ad40be4a,aaf1287ba370510c5d25a81f6ff99411ddee96a8430ee2a7e06c27b02c55046c,59,test,multi-org
22b805c2c824490e30e7551e,fb289df309498132b503054b83729253959c11459fcebd8379344ba8daae4e9c,91,test,multi-org
60e356227decedb02b357c79,d24833e6a4a0693cd99a396c9456884feb2f29a7afdaf0a7cf222f00892c16da,38,validation,multi-org
b9c75d91ca9b7496b09f490d,b62df5bfddc999bd50516a8c7827717eda5117817ff7b0afb42cb6d07f12f37d,43,test,multi-org
e9e252df31fb992ad36527c9,d27db5306d98d2ba49d064d7f9b2ab1529cf654d9332a1086de239313114f261,44,test,multi-org
3e1d912e746d7e98421c08b7,2fa5365edb9373a37263522ef76e6aaed52199bc43589ac128f04e4f783166d1,10,train,multi-org
822a5096c59716ec6dd6b882,6453be2bd3621d894981c4ba6b58861b99cded85c96ff31a8c0547a6b5cd8672,71,test,multi-org
9f6bd558ab713d4003cc028b,f7133aa09da94bf5d328faae87d6dc400f605adbe880b844e4c3f379379cabc8,44,test,multi-org
72f274d5ad5c4cee93871de7,f0094dfcb94b06b05f4b5e0f0873cf91f33ea351d7b192614e955090861a90cd,28,validation,multi-org
e5f0e4246a00cfa23a4a9259,d5f28deaa04aa213df67d7dd66b3591ef40f248e66a394f88c8d5e4d0dacfcc3,50,test,multi-org
977f058d316087e729a42e80,46bcf717b032dd21e91f92342239dc8e57e858be780b4c4653e6b5ccb732123d,43,test,multi-org
d55ccba9323005ff9efb0d51,83b05d541dbd48454819554f62bc55564194a0283e57cb145f0001fbbeaeb1fd,24,validation,multi-org
9d59f872a90e8c5f45810dac,2fcba21e7a19f187d551575d30979e953897492fa155d1014b1ca0e34ebdf473,62,test,multi-org
024a787d54b430c705419d76,f84c48efbc7f115c13387e74a5d78926ec1e87c6f114234ef28cffacd7e31a3d,75,test,multi-org
b5f279c1504d3790c739bebc,3636f70553a461aeca43965b809c6120d3618d6e972ee770cd3a02700829ee16,45,test,multi-org
a47a96617659281331634dd2,00b25dfff7886292260f1a4ea7e7c4430633dfbd7b62fed64c8a5413fdbcb958,71,test,multi-org
44225854ebc56c179d324c99,e9048ed65a63faf1c9ccfdf8c8f884577ab4f39a8d619e31bbb361dee9b1dd6b,38,validation,multi-org
76b5efd3cc18b1a746605af0,d639aa7d6215804db7954c02e2c9b90ae62a518201ac9c3bbbd8cfdead59b61d,21,validation,multi-org
94fa03091f07231d2481b310,976033ac65764bbe8ea3f506f148310b2f5a859223121e48e23fc4fe5a7953be,0,train,multi-org
ea7b19b005be34e03fb2533c,35e93e9c802bdeecf456a1f8497ecf243bfa52ebe6938d875d70a264db2f2ee5,64,test,multi-org
6308cb05a6c45c62fe64d61f,b6ad2134b5aa1902290729418da332af54b462711b23adecf46d516db127228a,40,test,multi-org
099b51cc16c172ce4f5889b9,b241e0875290c2b45bb0809833d3a012dc788e7977151c182309a02b8c532c53,67,test,multi-org
d41d4dee0dcb721e79c14c62,4086d6b586ffeea3d5ea59c67d21c189d3d475b522a2e5a50b4684c3809aa07a,13,train,multi-org
9a3e56e912463cea42630241,cf8ef866d1242c21b7aaf1046106b0fb8fe97a122b75b9847b7aa8d1f4a1d35d,14,train,multi-org
72c986f24124fbbcc2cea087,2b26bda9b77cee72f00c45871051d4553336673d137b47f4a7e24f1623939c3f,9,train,multi-org
ac18a4583ed14a7d9f827984,48946015566ec2c5ae1e3cf95c9d1312d3398e69f45e8e341aad19fce8bebd84,77,test,multi-org
7813a1e14be8bfbffb036f90,ccf96324a0dd32d24f6390d02014077abe15deb41c00882b473f19d2c7eea912,8,train,multi-org
5d8d0bf50d8eae21cabdc4e6,576e93d8eb97e713a0228a8b9f9e5ad4ce0ca461c415001bdbf57d66eafc78f2,0,train,multi-org
e58da08f8efa3c5fa4acc65b,186457b6443991f6e8ac3741ae699274393544a6f6183fd44b5d10e525eadc7c,38,validation,multi-org
8f092186de8580e0efea29f5,da5936382a1f8d9262f12161018bff075c046d4c0152eabea003ef022c9b899e,72,test,multi-org
e738ed95145c47adcdb6df0c,d54959ca5480f83874031ca2a5849fd9abd1c5d5c65c0298da70ad7f9de72f22,22,validation,multi-org
31738fac1fa75fecf76882d9,d669030543c89baaf8c5de4fa022314a247cbd6d20b45454a3a34463c74406ee,77,test,multi-org
a842a991a5267db7acf90e2a,316b674b6150b7922e48de2c2bcae4a003a2b265c2266118a8abc17d5da399f1,79,test,multi-org
243ee9e8291a12844e038361,5a2143de1bf6ac773008fb38def3acb2fa181d04a4151a65b9403a9336f3c413,2,train,multi-org
9eda8b6406f9b4c962f1e623,bbef2ac2036b737626c94e7f6ae540aaa600c0dc8e5507ee569982ba54fe998b,42,test,multi-org
530de5f98ac405dfcaf1bfac,30fc2518174ab19d1024bf4510bda660a585c8ff7af7ce10d88966ce9c33a853,36,validation,multi-org
2e4b3426350fdaa5b467d565,e5a9b8958fd50b73712de037bc954b7a06eaf81fde0863ad2f389e57a157e2ec,1,train,multi-org
db59e714e1ed68361911f9bc,6f90c8ffaeb8d8754f9396fef63aa8baab43eeb9f0df5988f304ef53d97d056d,15,train,multi-org
daeaae27fc5d4a36ca66773d,3853c989bb9154c10a6c0edaab81b9494bba1d6cdb84e400ea89326c136f200d,77,test,multi-org
d1e54d3a98a5d463a67d6b43,410c707d229d32c677ae846b7c658169b64975104b14d9ab4771c9d10268dcdd,69,test,multi-org
51184dafd984162e956516c0,ddd8b0b57193d3ed4b20e3afd9eca88831878351ea04d4c74ba3a9b6d745fe2e,49,test,multi-org
4298e7833222f0131f3e04c4,d89ff8555667191d2d742a164761cf5d36eb7e9643278d8878252c9bfeb9ae66,53,test,multi-org
a64fee43f94128f9344acd4c,ace036d5d7751f16414f86f92f35f941829158bd9658c91a1297b8f40db05acc,53,test,multi-org
9b8f26ea1241998353680887,a2aae0764cd09549f3439baeb975a12fd97badda3b4382faefcb86e7f1e942f5,74,test,multi-org
d615510b3beffa30e882a044,717494024c10232fd3e3995b4df7bcee028be1b831f4dee8daf011ca60cdd820,74,test,multi-org
f4df3e92cc03ab81e647b6e7,41b66c47e6b581aa95a73500a9a973232193637cd320a2d75df12245192c9710,11,train,multi-org
d97659869e217213145b3783,88854c86e45cf566f607e63324978839c6533b5c1c53c8bc4bbc711c78607d93,54,test,multi-org
c9fa2f4c326030941cd4941b,0682a2daf14936e6d3d96e4841fbe7a8ad4c90e241579477ae5e7cef8c7c15e4,66,test,multi-org
5952c852e489407be722743b,9da96f0171d6b523fe63eef11ecb84ee4a17ab6bfea7348d7f361335e45a51c8,13,train,multi-org
906f49071f3a14f4fe8c9483,3aa26a65f325f3c334d73f1840fab7ef22f15874ab98eb63d6a6ddd69220fae4,97,test,multi-org
5bece37996a7923e3c6d225c,016df28dd835ec7ecb33eb1dd1953daa6edf9fcc8655b6d6e419410a18f08fd6,33,validation,multi-org
eb1b9ac6d24132d9798e1081,47e445bc94d1664af3dc40a071cf9f2bbc961e4c780c2d02f9ff3e3c21331c18,96,test,multi-org
2207b5979aa36d3e6756660b,1b859e39ae278d37c389711f38dc0996617e90609c066457afa94ab0032dc7e2,25,validation,multi-org
d515831439e8c269afd6d0ea,5eb827d83c70e8cdf7459da8b31ffcc7fc55c22cab796c5d67ab204ab8d6fb57,28,validation,multi-org
a574e38a6c06df8c04393849,fbd6cb4b352945abd7cf1fe6b35f1d8ca7b2af8f725e5021461e32d148227d1d,63,test,multi-org
704883f9f31b70e6dc3b4080,6313dc9751086c7b7f01b2e1894efe60f76893d431fcea81d940d5d9a5bf6ae4,39,validation,multi-org
f2e1ccf726fb00b02371d230,caebdf0f67b1330cd4a337235dc28dbe7b3dcf8155f641231fc50973abf635d6,95,test,multi-org
b3c30f91e49376678f4dde92,bdbc458106b63b00628f8c75cd241eb141dae96079cf587bbd8cec63fae2fc62,85,test,multi-org
42c69307b4f123edd2c1cc80,da4f1f3719f85197b4a8e0876c3b39b7ce8b9d04ec011c3f0fb6bceea58252ca,23,validation,multi-org
10906893e0b9676915479149,66cda59754a6b491f862e8f5e1027d95a6c3b84c5e7da514e14f73f7d323c522,3,train,multi-org
feb27f7adc09e2c3cd37fccc,410c1561651a2705ed4d082cdfd6e142bab97df2e6beb35ad0fe96b94aae86e0,45,test,multi-org
91f4bda36436c09c3d5e9af6,8ea00e8d1ae8264e04d1fb2062f94b291db8d63695927cc1965014696fae8e35,57,test,multi-org
c4ca9dbfb9dad70098a7064c,38bda32d6f35ece200ca58485926a4f7a9ad570530c975f7fbd95477af32982c,73,test,multi-org
d47c09f95aa28ed418b8dde3,029e111b0a68f34c3084650c4b94a2f431459c2f31d7f57149855cd09acbd304,99,test,multi-org
0c96e31fc020654c9668335a,c9acb487b1eb2855113f3c8b90c7c8702cc061eb84af129f69480cba82988bc2,23,validation,multi-org
841a8fa1e8327fd60aa00a36,1e28acef650e73e4bbdb044d025a89f19ce83876d1bcc4631b0e3e0eddbbf06b,91,test,multi-org
6651621799c1a52662f42b92,eb098b76dd51baa8cf9485da06d924935e6aad7fa5fb3506d65f4de671c059e9,86,test,multi-org
bb8ab19a41c13f4bb7763d3e,c136c38b824e27c7fadf0c4aa3b98265511d13cfbae548246a329760bc70852b,91,test,multi-org
7a0b7938838526aa85b67832,468116be892729a69533815aeb8db60899468a4240a5d558ba0e1c03acd325e5,86,test,multi-org
670c5fb6e067b13d0fce137f,2fe669675c3a84d80d062d31ac8364ca266d97d8f91ab7de00054099ec2c42a4,15,train,multi-org
6972061885e7193bbf77bae1,39167e98229cbb05a7bfb5435ad417451d22f3924c6d86fd3068719e0a529c09,12,train,multi-org
a03282d2baaa2ffa356ce490,8c99dc0563dc79cd15e8914e3c2eb1c662a6a7db8d34f05d1536bf8a001dc5a8,73,test,multi-org
b0babeb022c0aea9b3ab617e,0486607aec131679a9c27f38d24ee27d39d8ba6a8e85479d61e73f4be11a89e8,86,test,multi-org
ddb884b1411c927141166e4c,b9354adcf5a880dec950916ac301973b77c730b2a27e06ae93401ab1e6622236,32,validation,multi-org
13c51ec65da354c52f43aca0,48a5f158e985173f074fae35fbf1fd2bf9d98211112febdaac20377f4f2827bd,76,test,multi-org
aa71a3f0aa8f5931dc95fd06,75d05756a03c4d75baf0b9bbf64cda8f7d9ac63c742f65f76d13d6a767ab65a9,18,train,multi-org
18022e49a7c3de2dd9fbb4fc,db9867e5eab2261ff155fa41734a96c5f5d18f0fe3e14bcfcfaadc52b8c3670a,73,test,multi-org
0fbd7b6109d328c7f3b612b1,90596bae7857b2e3e8cae412650e4a4a424ce55188ee1f3e2366bca7c2302d61,74,test,multi-org
23c01f76df5d9c679d07aedb,63d00865b10ff1c2497f0a160d07a4e4339b75eb8a4cf84c437415920193bfd6,21,validation,multi-org
253fba8fe66e5e95bac00846,3adf7ef2150ea7646fbb14fa4d0bbcdfa0e0c366df67e6a88b3641b413d7898c,54,test,multi-org
71de6bbe357bba40534de96e,7454a4b771dfe4c70c0bfc84997465037c4d932fcfaf8ee0f43e3a1ede8f70e4,47,test,multi-org
89b8769066d66822acf56270,53206614d75e318e5873a096c9e6fcec90cf5e619b2ad8d2420b440d21c0ce86,12,train,multi-org
ebeea0444c6658cd42deef77,e74493b68fde93d32eda7c16233e4265ed925a09866c9787d4dd4b71086eded2,58,test,multi-org
325a9b9917feb77fb0bc2ccc,9ab7a3631417fa841fce990c767192e89f1dac32e2ff708174ecaba33148c7b4,79,test,multi-org
